Customer_ID,Full_Name,Email,Phone,Age,Country,City,Signup_Date,Lifetime_Value,Active
CUST-200000,???,user @mail.com,+49545184624,25,Canada,Calgary,15 Feb 2022,34243.05,FALSE
,Zain Khan,zain.khan1@example.com,+49331303476,62,Australia,Sydney NSW,25.01.2023,7350.67,Yes
CUST-200002,Mia Taylor,mia.taylor2@example.com,+49961039317,1O,U.K.,Calgary,10-14-2020,33823.62,No
CUST-200003,Noah Martin,noah.martin3@example.com,+49966253374,33,Pakistan,,07-31-2023,4501.9,Yes
CUST-200004,Mia Taylor,user @mail.com,+61821586887,35,United States,NYC,2019/03/17,10774.83,Yes
CUST-200005,Fatima Walker,,++612345678,18 years,United States,unknown,08 Aug 2024,21395.98,
CUST-200006,Aisha Smith,aisha.smith6@example.com,+92780105299,66,Canada,Calgary,04-14-2019,35002.0,Yes
CUST-200007,Mia White,mia.white7@example.com,+1577173420,61,United States,Chicago,2022-02-25,1496.89,Yes
CUST-200008,Hassan Khan,hassan.khan8@example.com,+1576445160,36,Australia,Sydney,01 Aug 2022,15497.46,Yes
CUST-200009,???,olivia.wilson9@example.com,+1999119367,33,Germany,unknown,13/05/2023,34820.23,No
CUST-200010,Olivia Young!!!,olivia.young10@example.com,+61923976242,46,United Kingdom,Leeds,2024-09-26,29274.24,Yes
CUST-200011,Ali Lee,ali.lee11@example.com,+49640582492,43,Germany,123,18 Jun 2020,free,Yes
CUST-200012,Muhammad Wilson,muhammad.wilson12@example.com,+61398439923,27,Pakstan,Melbourne,23.02.2023,18230.19,No
CUST-200013,Zain Martin,zain.martin13@example.com,+61662903263,41,United Kingdom,Manchester,05-17-2024,3963.17,N
???,Olivia Ali,olivia.ali14@example.com,+61613043947,68,USA,Sydney,26 Sep 2020,16556.11,No
CUST-200015,Fatima Lee,user @mail.com,+1840908511,42,United States,Chicago,08-31-2022,10278.49,Yes
CUST-200016,Olivia Smith,not-an-email,+61936168412,76,United States,unknown,31/02/2026,"2,500 AUD",Yes
CUST-200017,???,sophia.lee17@example.com,+49952962354,65,Pakistan,Karachi,2025/11/08,18454.14,Yes
CUST-200018,Mia Smith,not-an-email,+44721371044,1O,Germany,Sydney NSW,06-22-2020,free,Yes
CUST-200019,Zain Martin,zain.martin19@example.com,+44926877909,36,pakistan,NYC,30 Jun 2020,16540.06,Yes
CUST-200020,Sophia Martin!!!,sophia.martin20@example.com,+61549379201,64,Germany,Karachi?,09-21-2019,12781.67,Yes
CUST-200021,Ali Ali,ali.ali21@example.com,0300 1234567,48,United Kingdom,NYC,-,38899.49,Yes
CUST-200022,David Young,,+49864083748,25,Australia,Brisbane,not-a-date,free,No
CUST-200023,Sophia Lee,sophia.lee23@example.com,+92980635370,25,Germany,Berlin,20 Feb 2022,12427.06,No
CUST-200024,Sarah White,olivia.wilson9@example.com,+44967943040,0,Germany,Munich,13/13/26,-400,maybe
CUST-200025,12345,zain.khan25@example.com,+44948555510,145,,Sydney NSW,20 Mar 2023,USD 2500,TRUE
CUST-200026,Sophia King,sophia.king26@example.com,++612345678,,Australia,Brisbane, ,23968.79,TRUE
CUST-200027,Olivia Clark,olivia.clark27@example.com,+92564029465,80,US,Toronto,2022/02/20,,Yes
???,Sarah King,@domain.com,,25,United Kingdom,London,-,32938.93,Yes
CUST-200029,Ahmed Taylor,ahmed.taylor29@example.com,0300 1234567,66,Germany,Munich,2026/04/04,15558.33,Yes
CUST-200030,John King,john.king30@example.com,abc123,28,United States,123,2020/04/28,29545.74,Yes
CUST-200031,Emma Khan,emma.khan31@example.com,abc123,999,Germany,Berlin,2021/02/26,1428.45,Yes
CUST-200032,Mr. Emma Taylor,emma.taylor32@example.com,(02) 9999-8888,30,U.S.A,123,2025/07/08,37604.92,inactive
CUST-200033,???,sarah.white33@example.com,+44642022261,twenty,,New York,04-25-2019,24369.19,No
CUST-200034,Aisha King,aisha.king34@example.com,+92324059385,24,,Seattle,2021/03/27,30985.54,Y
CUST-200035,UNKNOWN,,+61718662538,52,Germany,,2020-01-10,,Yes
???,Sarah Walker,sarah.walker36@example.com,+92370121057,76,australia,Munich,2021/03/08,24813.4,No
,Mia Martin,,+92386783408,23,United States,Seattle,04/11/2020,30755.32,Yes
CUST-200038,Sophia Smith,sophia.smith38@example.com,123,65,USA,Islamabad,13/13/26,11303.18,No
CUST-200039,Mia Khan,mia.khan39@example.com,unknown,60,United Kingdom,London,2024-07-01,31294.63,No
CUST-200040,Emma King,emma.king40@@example.com,+61791016090,74,AUS,NYC,19/04/2024,28929.76,active
CUST-200041,Hassan Ahmed,hassan.ahmed41@example.com,+61995599667,49,Canada,Sydney NSW,29.10.2025,5960.25,No
CUST-200042,Sophia Wilson,user @mail.com,+49465607120,,PK,New York,28 Nov 2020,,inactive
CUST-200043,UNKNOWN,james.king43@example.com,+92568752208,56,Pakistan,Lahore,11 Feb 2024,,Yes
CUST-200044,James Lee,,+92392384414,31,United Kingdom,Leeds,,1109.27,No
CUST-200045,,aisha.brown45@example.com,+92-300-ABC-123,32,Germany,Berlin,24/07/2020,"12.500,50",Y
CUST 200046,Mary Lee,mary.lee46@example.com,+92726476122,61,UK,Leeds,2025-11-26,29674.64,active
CUST-200047,Sarah King,,+92839136291,55,United Kingdom,Manchester,23.11.2025,4097.12,Yes
CUST-200048,Olivia Hall,olivia.hall48@example.com,+44351634401,69,Canada,Toronto,2023/06/23,free,
CUST-200042,Mia White,not-an-email,+92348360980,,Germany,Berlin,02-13-2022,33927.73,0
CUST-200050,Mary Hall,mary.hall50@example.com,+49683684617,59,Germany,NYC,12/04/2021,,No
CUST-200051,James Taylor,james.taylor51@example.com,+1638034183,27,Australia,Sydney,25/01/2025,4107.89,1
CUST-200052,Zain Walker,,+61622482020,64,,Vancouver,2024/10/06,38357.81,No
CUST-200053,David Brown,david.brown53@example.com,+61415263919,58,Germany,Berlin,01.10.2023,1O000,Yes
CUST-200054,Mary White,,+92357238981,145,Germany,Berlin,04-13-2019,10297.99,No
CUST-200055,Ahmed Ali,test@test,+49861252105,50,Pakistan,Karachi,2023-06-03,25902.35,
CUST-200056,Mr. John Martin,john.martin56@example.com,0300 1234567,25.5,United States,Chicago,10 Oct 2021,24957.37,Yes
CUST-200057,Fatima Brown,fatima.brown57@example.com,+61808839553,59,United States,New York,31/02/2026,1165.22,0
CUST-200058,Ahmed Ali,ahmed.ali58@example.com,abc123,-4,Germany,Berlin,13/13/26,25574.34,active
CUST-200059,SophiaMartin,sophia.martin59@example.com,+92844146258,37,Germany,unknown,19/01/2019,34514.01,No
CUST-200060,Daniel Johnson,daniel.johnson60@example.com,+61647644109,999,Australia,brisbane,2022/06/14,999999999,No
CUST-200061,12345,daniel.smith61@example.com,+92581918639,41,Canada,Calgary,2023-09-19,,no 
CUST-200062,Muhammad Clark,muhammad.clark62@example.com,+92832066382,27,U.K.,Leeds,03-16-2019,,No
CUST-200063,???,david.king63@example.com,+1512033512,30,Pakistan,Karachi,31/02/2026,5088.6,Yes
CUST 200064,Sarah White,sarah.white64@example.com,+61621039529,71,UK,Berlin,2026-02-31,"2,500 AUD",Yes
CUST-200065,,john.white65@example.com,+61895504213,62,Germany,Berlin,07.05.2019,39982.22,Yes
CUST-200066,James Ahmed,,+1786382998,73,Pakistan,Karachi,05-09-2023,22687.23,No
CUST-200067,Ahmed Wilson,user @mail.com,+44655460721,30,United Kingdom,Leeds,,1O000,TRUE
CUST-200068,Ali Young!!!,user @mail.com,+92506804662,21,United States,Seattle,2024/09/21,32452.98,No
CUST-200069,Mary Walker,mary.walker69@example.com,+61546289503,,United States,Chicago,2026-02-31,13987.94,Y
cust-200070,Aisha Smith,aisha.smith70@example.com,abc123,68,Australia,Sydney,Feb 30 2025,,
CUST-200071,Mary Taylor,not-an-email,+49787601827,62,Pakistan,Islamabad,2020/02/26,31691.53,No
CUST-200072,Fatima Wilson,,abc123,0,Pakistan,Islamabad,2026-02-31,10698.03,No
,Emma Martin,emma.martin73@example.com,+1597507394,54,United Kingdom,Leeds,not-a-date,10751.5,Yes
CUST-200074,DAVID JOHNSON,abc.com,+1779750402,56,Germany,Hamburg,2025-07-01,"12.500,50",maybe
CUST-200075,Sophia Smith,sophia.smith75@example.com,unknown,25,United Kingdom,Leeds,Feb 30 2025,35769.33,No
 CUST-200076,Mary Hall,mary.hall76@example.com,+44593659563,34,United states of america,Munich,   ,16842.04,Yes
cust-200077,Ali Ali,muhammad.clark62@example.com,+92-300-ABC-123,1O,Canada,Toronto,2021/04/29,35353.99,Yes
,Daniel Brown,daniel.brown78@example.com,+1748904182,31,AUS,Karachi,32 Jan 2025,7230.21,No
CUST-200079,Mary Walker,mary.walker79@example.com,+1304344413,81,Australia,Toronto.,09-20-2025,,0
CUST-200080,UNKNOWN,zain.hall80@example.com,+44843075638,74,United States,Seattle,,4682.85,Yes
CUST-200081,John Wilson,abc.com,+92495002209,77,United States,  Chicago  ,25/02/2024,5934.23,No
CUST-200082,12345,olivia.khan82@example.com,abc123,30,Pakistan,Lahore,12-28-2019,26232.28,No
CUST-200083,Sarah Wilson,sarah.wilson83@example.com,+44468393714,-4,Can.,London,05.10.2023,22920.81,Yes
CUST-200084,,aisha.king34@example.com,+92-300-ABC-123,74,United Kingdom,Karachi?,30/05/2020,4061.23,No
CUST-200085,Emma Clark,,+1 (555) TEST,18 years,United States,Chicago,07 Dec 2024,854.91,
CUST-200086,David Ahmed,david.ahmed86@example.com,0300 1234567,21,Australia,Melbourne,03-20-2022,free,TRUE
CUST-200087,Noah Ahmed,noah.ahmed87@example.com,+49641687321,55,Germany,Munich,2019-08-13,32320.05,No
CUST-200088,Ahmed Wilson,ahmed.wilson88@example.com,+92713656697,145,Canada,  Toronto  ,2021-05-14,999999999,No
CUST-200089,Mary Johnson,mary.johnson89@example.com,+61658198065,49,United Kingdom,Manchester,-,38443.8,Yes
cust-200090,JamesBrown,james.brown90@example.com,+61614591856,24,Pakistan,Lahore,03.12.2025,33117.98,active
CUST 200091,,sarah.ahmed91@example.com,,22,Australia,Melbourne,13/13/26,36459.43,No
CUST-200092,Sophia Hall,,++612345678,74,Canada,Sydney NSW,2021-12-12,30313.46,No
CUST-200093,David Brown,david.brown93@example.com,+44743701781,0,Germany,Hamburg,2022/06/14,5088.98,No
,Mia Lee,mia.lee94@example.com,+49520260211,28,U.K.,Sydney,Feb 30 2025,36062.79,No
CUST-200095,Hassan Johnson,hassan.johnson95@example.com,+49308765164,26,United States,New York,2019-07-09,8312.23,
CUST-200096,Ali Young,abc.com,+44312809721,75,United Kingdom,London,29/05/2021,25092.79,maybe
200097,Sophia White,sophia.white97@example.com,+61376714690,0,United States,New York,2025/00/12,,No
CUST-200098,Mary Martin,MARY.MARTIN98@EXAMPLE.COM,+92547740181,68,United States,Chicago,09 Sep 2025,-400,Y
CUST-200099,,mary.clark99@example.com,+44692923076,31,Can.,New York,08.08.2021,30637.53,No
 CUST-200100,12345,mary.white100@example.com,+92648381746,,Canada,Karachi?,17 May 2025,10560.54,No
CUST-200101,Sophia Martin,SOPHIA.MARTIN101@EXAMPLE.COM,+1 (555) TEST,31,United Kingdom,Manchester,none,32864.82,No
CUST-200102,,james.brown90@example.com,+1851846979,-4,australia,Brisbane,06.08.2022,19608.1,Y
CUST-200103,James Khan,james.khan103@example.com,+49994469953,50,United States,Seattle,13 Feb 2026,-400,Yes
CUST-200104,Emma Walker,,+44688717708,68,Germany,Munich,11 Feb 2021,24317.81,No
CUST-200105,JamesJohnson,james.johnson105@example.com,+49833953814,81,US,Chicago,2019/07/16,22043.2,
CUST-200106,Noah Khan,noah.khan106@example.com,,999,Canada,Toronto,unknown,25625.04,active
CUST-200107,Mary Hall,mary.hall107@example.com,+92746680239,47,Pakistan,Lahore,01.04.2023,25990.96,1
CUST-200108,UNKNOWN,not-an-email,+1335718221,43,United Kingdom,London,14 Oct 2022,32685.17,No
CUST-200109,David Smith,david.smith109@example.com,+61903351081,43,USA,Leeds,2022/03/16,13196.56,Yes
CUST-200110,Daniel Young,daniel.young110@example.com,+61747160252,36,Pakistan,Karachi?,23.08.2019,26547.29,Y
CUST-200111,Mr. Olivia White,olivia.white111@example.com,+92-300-ABC-123,,Canada,Calgary,04-02-2024,13038.3,Yes
???,Emma Lee,emma.lee112@example.com,+1454818344,1O,Pakistan,Lahore,19 Jun 2021,USD 2500,No
CUST-200113,Hassan Brown,abc.com,++612345678,69,Pakistan,Karachi,   ,31068.7,No
CUST-200114,Sophia Ali,sophia.ali114@example.com,+92899628760,41,Germany,Munich,15 Mar 2026,19327.79,No
CUST-200115,Aisha Hall!!!,user @mail.com,unknown,68,Pakistan,Sydney NSW,17.04.2026,,No
CUST-200116,Daniel Ali,,+1 (555) TEST,-4,Germany,Berlin,09/10/2022,23243.41,No
CUST-200117,Zain Ali,not-an-email,+92508269257,23,United States,Chicago,10.03.2023,USD 2500,No
CUST-200118,Hassan Ali,hassan.ali118@example.com,,26,UK,Lahore,2021-04-25,,Yes
CUST-200119,Aisha Lee,aisha.lee119@example.com,0300 1234567,43,United States,Seattle, ,607.69,N
CUST-200120,12345,test@test,+61797183300,45,Canada,Calgary,2024-04-17,19088.97,Yes
CUST-200121,Muhammad Taylor,muhammad.taylor121@example.com,+92-300-ABC-123,1O,Canada,Toronto,13/13/26,,No
CUST-200122,NoahHall,noah.hall122@example.com,+49365117348,-4,Germany,Munich,06 Sep 2021,1O000,Yes
CUST-200124,Mr. Sarah Taylor,sarah.taylor124@example.com,,48,Pakistan,Lahore,29.05.2026,38925.48,Yes
CUST-200125,Olivia Brown,olivia.brown125@example.com,+61984732549,37,AUS,New York,26 Feb 2022,26070.22,
cust-200126,Mia White,mia.white126@@example.com,+1746895825,23,UK,NYC,28.08.2022,31290.39,Yes
CUST-200127,Aisha Wilson,aisha.wilson127@example.com,+49828580712,57,United Kingdom,Manchester,26.06.2023,17957.74,0
CUST-200128,Fatima Ahmed,fatima.ahmed128@example.com,+44964083047,34,Germany,Berlin,2021-10-28,25003.22,N
CUST-200130,,david.martin130@example.com,123,33,Canada,Calgary,05 Apr 2019,11910.39,FALSE
 CUST-200131,Olivia Walker,,unknown,18 years,USA,Calgary,not-a-date,35501.41,N
CUST-200132,David White!!!,david.white132@example.com,+1331782546,-4,United Kingdom,London,15.07.2021,,No
CUST-200133,Sophia Smith,test@test,+44693360607,42,US,Leeds,2021/04/28,,Yes
cust-200134,,david.lee134@example.com,0300 1234567,51,Australia,Brisbane,-,,No
CUST-200135,Muhammad Ahmed,test@test,+1926092239,36,US,Lahore,2023/12/03,12080.35,Yes
CUST-200136,AishaAli,test@test,+1785141955,twenty,United states of america,Manchester,2023/01/29,17118.43,N
CUST-200137,,aisha.clark137@example.com,000000000,25.5,pakistan,Chicago,,1O000,No
CUST-200138,Noah Martin,NOAH.MARTIN138@EXAMPLE.COM,+44403491646,,PK,Sydney,16.12.2023,1O000,No
CUST-200139,Noah Clark,noah.clark139@example.com,unknown,36,PAKISTAN ,Munich,26.10.2021,23769.58,No
CUST 200140,Daniel Wilson,daniel.wilson140@example.com,+44744559675,67,Can.,Leeds,,"2,500 AUD",N
CUST-200141,Muhammad Hall,muhammad.hall141@example.com,+92920287133,55,Germany,Berlin,31/05/2021,,Yes
CUST-200142,Ahmed Clark,ahmed.clark142@example.com,+92526944719,38,Pakistan,Islamabad,?,26559.3,
CUST-200143,Olivia White,olivia.white143@example.com,+44738775232,46,pakistan,Munich,?,23895.6,FALSE
CUST-200144,John Lee,not-an-email,+92-300-ABC-123,78,Canada,Toronto,11 May 2026,35210.09,FALSE
CUST-200145,Olivia Clark,olivia.clark145@example.com,++612345678,,United Kingdom,Leeds,02-07-2024,8775.99,
CUST-200146,David Martin,@domain.com,+61752692165,21,AUS,Lahore,2019/02/18,37961.92,No
CUST-200147,Sophia Hall,sophia.hall147@example.com,+61689314570,25.5,Germany,Berlin,-,183.58,
,,muhammad.ali148@example.com,+44741455685,62,United States,New York,2024/03/16,-400,No
CUST-200149,Mary Johnson,mary.johnson149@example.com,+92840170891,36,Canada,Karachi?,2019/02/26,"12.500,50",Yes
CUST-200150,12345,,,31,AUS,Munich,10-03-2020,free,active
CUST 200151,Ali White,user @mail.com,+92477853303,1O,Can.,Melb,2021-11-26,1928.72,Yes
CUST-200152,Ali Wilson!!!,ALI.WILSON152@EXAMPLE.COM,+49766466415,-4,,NYC,04-26-2019,35906.32,
CUST-200153,Fatima Smith,name@,123,53,Canada,Calgary,18.04.2026,15352.0,inactive
CUST-200154,Noah Ali!!!,noah.ali154@example.com,+61694992080,,Canada,Londn,02-07-2019,7375.6,No
CUST-200155,Hassan Ahmed,hassan.ahmed155@example.com,++612345678,69,pakistan,New York,16/11/2021,30593.7,Yes
CUST-200156,David White,david.white156@example.com,,-4,Canada,Melb,19/05/2024,27566.77,Yes
CUST-200157,Fatima Wilson,mia.khan39@example.com,+1805292451,31,Pakistan,Islamabad,03/12/2025,1825.66,N
CUST-200158,James Taylor,not-an-email,++612345678,50,PK,Melb,?,"$12,500.50",
CUST-200159,12345,foo.bar@domain,123,40,Canada,Calgary,10.05.2021,26946.39,Yes
,John Taylor,john.taylor160@example.com,+61755449667,21,United states of america,,11/08/2021,13029.67,Yes
CUST-200161,Mary Taylor,mary.taylor161@example.com,unknown,,United States,New York,2023-05-30,18437.48,Y
CUST-200162,Sarah Walker,sarah.walker162@example.com,+61575905010,1O,Germany,Toronto.,12-30-2024,1O000,Y
CUST-200163,Emma Young,emma.young163@example.com,+92947036115,65,U.K.,Munich,2022/08/12,32155.91,No
CUST-200164,12345,olivia.khan82@example.com,+44383978182,-4,Canada,Vancouver,2021-04-04,-400,Yes
CUST-200165,Olivia Wilson,olivia.wilson165@example.com,(02) 9999-8888,66,Canada,Vancouver,09-17-2023,,Yes
,James Walker,james.walker166@example.com,+44303302084,47,PAKISTAN ,Brisbane,2020/12/07,USD 2500,maybe
CUST-200167,Emma Ahmed,james.king43@example.com,+44995311838,-4,Australia,Melbourne,16/03/2019,9918.56,No
CUST-200168,,,+1555113499,80,Germany,Berlin,01/06/2020,free,No
CUST-200169,James King,james.king169@example.com,+44382064088,67,Pakistan,Islamabad,06/11/2024,6220.1,No
CUST-200170,,ali.khan170@example.com,+49428889441,32,AUS,NYC,22/12/2021,17753.26,N
CUST-200171,Noah Hall,test@test,+61584759661,33,Can.,New York,2019/01/12,20341.62,Yes
CUST-200172,Ahmed Young,@domain.com,+92817035758,57,Canada,Toronto,Feb 30 2025,32992.19,no 
CUST-200062,Hassan Johnson,hassan.johnson173@example.com,+61510479614,33,UK,Leeds,11 Feb 2019,877.69,Yes
CUST-200174,Sophia Hall,sophia.hall174@example.com,+44810826703,1O,Australia,Toronto.,11-05-2019,8125.16,Yes
CUST-200175,Ali Ahmed,,000000000,61,United States,Seattle,2021/01/25,20233.39,Yes
CUST-200176,John Ahmed,,+92-300-ABC-123,23,Pakstan,123,06.05.2024,21782.62,no 
CUST-200177,Mr. Ahmed Taylor,ahmed.taylor177@example.com,+92437399976,47,Germany,Hamburg,2021/04/10,9290.02,No
CUST-200178,David Smith,david.smith178@example.com,+61565867962,69,United States,New York,-,6973.12,Yes
CUST-200179,Noah White,NOAH.WHITE179@EXAMPLE.COM,+1820114282,20,Germany,Berlin,27/05/2023,"2,500 AUD",0
CUST-200180,Olivia Martin,olivia.martin180@example.com,+1479414737,145,Germany,Londn,none,"$12,500.50",Yes
CUST-200181,Fatima Martin,fatima.martin181@example.com,+1420011885,69,Australia,Sydney NSW,2026-02-31,26075.44,Yes
CUST-200182,David Wilson,david.wilson182@example.com,+49886459695,,Pakistan,Lahore,17 Jan 2023,28361.49,No
CUST-200183,John Hall,foo.bar@domain,+92916886065,46,United Kingdom,London,23/03/2023,14326.66,Yes
CUST-200184,UNKNOWN,noah.martin3@example.com,+61833641511,49,United Kingdom,London,29.09.2025,,
CUST-200185,Noah Wilson,noah.wilson185@example.com,,0,United Kingdom,Londn,16/10/2024,USD 2500,inactive
???,Mia Young,MIA.YOUNG186@EXAMPLE.COM,+92-300-ABC-123,30,United States,Seattle,2024/08/17,38328.16,No
CUST-200187,Emma Brown,,0300 1234567,999,U.S.A,Toronto,2019/04/26,10687.53,No
CUST-200188,Ali Walker,ali.walker188@example.com,+92795945774,51,Canada,Calgary,2023-05-24,22947.86,No
CUST 200189,Hassan Clark,hassan.clark189@example.com,+49791325068,74,United states of america,,2025-01-02,33883.36,Yes
,Noah Ahmed,noah.ahmed190@example.com,abc123,36,USA,London,23 Sep 2022,-400,No
CUST-200191,Ahmed Young,ahmed.young191@example.com,+49562022127,71,Germany,Berlin,01-18-2021,24702.64,no 
CUST-200192,Fatima Hall,fatima.hall192@example.com,+92575357351,37,United Kingdom,Manchester,12/11/2024,38789.09,FALSE
CUST-200193,Aisha Walker,aisha.walker193@example.com,123,,United States,New York,2024-07-13,"$12,500.50",Yes
CUST-200194,Mr. Mia Smith,mia.smith194@example.com,(02) 9999-8888,25,australia,Manchester,2021-11-10,27302.08,No
CUST-200195,UNKNOWN,sophia.ali195@example.com,000000000,82,Canada,Vancouver,2024/08/09,15469.46,inactive
???,Mia Walker,mia.walker196@example.com,+61757337535,38,Canada,Calgary,99-99-9999,13779.32,No
CUST-200197,HassanHall,,+1380262134,63,Canada,Vancouver,12/12/2025,30162.94,No
CUST-200198,UNKNOWN,sophia.walker198@example.com,+44402109325,66,UK,Londn,09-02-2021,"$12,500.50",Yes
CUST-200199,JohnJohnson,john.johnson199@example.com,+61892130996,35,United Kingdom,London,?,28486.61,No
 CUST-200200,Noah Hall,noah.hall200@example.com,+92386956843,,United States,Sydney NSW,30/10/2019,11306.89,Yes
CUST-200201,Noah Young,noah.young201@example.com,+61403392429,45,AUS,Londn,06.05.2020,15515.74,Y
CUST-200202,Mia Johnson,mia.johnson202@example.com,+1959950216,51,GER,Chicago,07 Nov 2021,5078.35,inactive
CUST-200203,UNKNOWN,mia.lee203@example.com,,36,United Kingdom,London,unknown,8050.02,No
,SophiaWhite,,+92958099686,68,Australia,Melbourne,05-11-2020,6699.93,
CUST-200205,Ali Taylor,foo.bar@domain,+44993080886,53,Pakistan,Londn,13.04.2019,22762.79,Yes
CUST-200206,Daniel Martin,daniel.martin206@example.com,+49362403954,1O,Germany,Londn,20.09.2020,28745.48,No
CUST-200207,,not-an-email,+61727120828,52,Australia,Brisbane,2023/11/26,11300.47,Yes
CUST-200208,Ali Walker ,ali.walker208@example.com,+44401263018,145,United Kingdom,Manchester,2021-04-21,97.76,Yes
CUST-200209,Daniel Ali,daniel.ali209@example.com,0300 1234567,,United States,New York,2021/05/18,13537.54,No
CUST-200210,Mary Wilson,not-an-email,+49789644977,145,Canada,Vancouver,05-06-2025,"12.500,50",Yes
CUST-200211,Hassan Khan,hassan.khan211@example.com,+92700558481,26,Germany,Hamburg,02-15-2021,,Y
CUST-200212,Mr. James Ahmed,james.ahmed212@example.com,+49609191970,63,Canada,Calgary,2025/04/08,17382.92,No
CUST-200213,Ahmed Ahmed,ahmed.ahmed213@example.com,+44375591295,34,United States,Seattle,03-17-2023,29144.69,1
,Emma Clark,test@test,+49936884747,21,Canada,Vancouver,10 Oct 2023,"2,500 AUD",Yes
CUST-200215,David Wilson,,+61464240631,82,Canada,Vancouver,2025-08-10,5772.09,inactive
CUST-200216,Mary Khan,mary.khan216@example.com,+92-300-ABC-123,32,UK,Melbourne,30.06.2026,12412.46,No
CUST-200217,Aisha Taylor!!!,aisha.taylor217@example.com,+44405260417,73,United States,Chicago,2023-03-31,16844.24,No
CUST-200218,Daniel White,,123,32,United States,Chicago,2022-09-20,8192.15,FALSE
cust-200219,Zain Taylor,zain.taylor219@example.com,,145,United Kingdom,Sydney NSW, ,2719.9,Yes
???,Mr. Ahmed Hall,ahmed.hall220@example.com,+49434498203,,UK,Toronto,04-22-2019,11122.07,No
CUST-200222,Emma Ahmed,foo.bar@domain,+61675253475,31,UK,Toronto.,2023-08-01,"2,500 AUD",TRUE
CUST-200223,Hassan White,hassan.white223@example.com,+49325948340,19,United Kingdom,unknown,09 Nov 2019,27832.29,Yes
CUST-200224,Sophia Walker,sophia.walker224@example.com,+61805259790,38,Australia,unknown,05/12/2025,-400,Yes
200225,Olivia Walker,olivia.walker225@example.com,abc123,75,United Kingdom,Toronto.,08-05-2025,20137.19,Yes
CUST-200226,John Wilson,john.wilson226@example.com,+49668367814,30,PAKISTAN ,Karachi,08-22-2019,33305.75,No
CUST-200227,Muhammad White,muhammad.white227@example.com,+61822956941,,Australia,Melbourne,13/13/26,12922.82,Yes
CUST-200086,David Walker,not-an-email,+61603274833,30,Pakistan,Lahore,not-a-date,7053.14,Yes
CUST-200188,Mary Khan,foo.bar@domain,+92858615222,81,U.K.,Berlin,20.01.2024,27062.98,No
CUST-200230,Mr. Aisha Walker,aisha.walker230@example.com,+92309902507,27,Canada,Vancouver,06.06.2024,25902.94,No
CUST-200231,Mia Taylor,mia.taylor231@example.com,+61942451989,63,Pakistan,,07.01.2021,15928.34,No
CUST-200232,Hassan Ahmed,hassan.ahmed232@example.com,+49554451966,twenty,Germany,Karachi?,31 Oct 2024,271.77,TRUE
CUST-200233,JamesSmith,james.smith233@example.com,+1695009522,,UK,Munich,,1O000,inactive
CUST-200234,james ali,james.ali234@example.com,++612345678,22,Canada,Vancouver,26/02/2020,,No
CUST-200235,Mr. Fatima Walker,fatima.walker235@example.com,+1594282761,1O,U.K.,unknown,2021/05/11,13299.06,no 
CUST-200236,Sarah Walker,sarah.walker236@example.com,+49924156037,145,pakistan,Karachi,2025/00/12,26570.66,No
CUST-200237,12345,user @mail.com,+92605432264,twenty,Pakistan,Islamabad,04.01.2024,8586.02,Yes
CUST-200238,Mary Lee,mary.lee238@example.com,+49887842219,145,Germany,Munich,?,24392.05,0
CUST-200239,Muhammad Young,abc.com,+44854221463,55,Pakstan,Sydney,,33245.64,N
CUST-200240,???,ali.wilson240@example.com,+44389488190,31,USA,Brisbane,,15176.77,No
CUST-200241,Ahmed Wilson,ahmed.wilson241@example.com,,66,Pakistan,Lahore,2022/03/08,5112.51,Yes
CUST-200242,Ahmed Young,,+1815099567,45,United Kingdom,London,24/01/2024,21234.56,maybe
CUST-200243,Ali Smith,ali.smith243@example.com,+1690655669,42,Germany,Melb,24/02/2023,5885.3,N
CUST-200244,Sarah King,sarah.king244@example.com,+92682721118,62,United States,Chicago,2023/09/05,18571.29,Yes
CUST-200245,Daniel Lee,DANIEL.LEE245@EXAMPLE.COM,+92348022715,57,,unknown,,free,No
CUST-200246,David Brown,david.brown246@example.com,abc123,57,United Kingdom,London,21 Apr 2026,15302.5,active
CUST-200247,UNKNOWN,abc.com,,25.5,australia,,none,25388.64,No
200248,Aisha Lee,aisha.lee248@example.com,+49931847227,29,Pakistan,Islamabad,2025-01-10,1113.72,TRUE
CUST-200249,Ahmed Martin,ahmed.martin249@example.com,+44392835175,50,United States,New York,2020-02-25,1690.24,maybe
,MUHAMMAD CLARK,muhammad.clark250@example.com,+49774926655,18 years,Australia, Sydney,15 Nov 2021,free,No
,Daniel Walker,daniel.walker251@example.com,+44894861543,53,Pakstan,Hamburg,29/04/2019,15543.24,No
200252,Mr. Olivia Ahmed,olivia.ahmed252@example.com,+1622899836,32,australia,123,01-20-2023,9237.44,Yes
CUST-200253,Muhammad Walker,muhammad.walker253@example.com,,,United States,NYC,15/12/2024,free,No
 CUST-200254,SarahJohnson,,+49583490600,48,Canada,Vancouver,24.03.2022,,No
CUST-200255,Mary Smith,not-an-email,+44903981561,63,Canada,NYC,19 Mar 2022,2915.25,No
CUST-200256,Ali Clark,ali.clark256@example.com,+92720413596,55,Australia,Sydney,not-a-date,10822.13,No
CUST-200257,UNKNOWN,john.white257@example.com,+92887146327,22,,Hamburg,2025/03/15,,No
200258,Sarah King,sarah.king258@example.com,+44449626120,43,,Toronto,2025-04-11,20829.82,no 
CUST-200259,David Lee,DAVID.LEE259@EXAMPLE.COM,+1 (555) TEST,70,United Kingdom,London,15.06.2024,,No
CUST-200260,???,sophia.ahmed260@example.com,+44521190062,999,United States,Seattle,2022-05-10,,No
CUST-200261,Sophia White,sophia.white261@example.com,+92334308682,145,,Munich,06/10/2021,318.6,No
CUST-200262,Ahmed Khan,,+49951258755,22,United Kingdom,Manchester,2020/04/26,27943.55,maybe
CUST-200263,MuhammadJohnson,muhammad.johnson263@example.com,+49669040133,47,Pakistan,Lahore,07 Oct 2020,39747.17,Yes
CUST-200264,Emma Clark,abc.com,,48,Pakistan,Islamabad,2026-13-44,"12.500,50",No
CUST-200265,Muhammad Hall,muhammad.hall265@example.com,+61834459566,twenty,U.K.,Vancouver,04-20-2019,16370.13,TRUE
CUST-200266,,john.young266@example.com,+61340048344,55,Australia,Melb,?,USD 2500,Yes
CUST-200267,  Zain Taylor  ,,+92519438642,58,Pakistan,Islamabad,2025/00/12,18884.94,No
CUST-200268,Olivia Taylor,olivia.taylor268@example.com,(02) 9999-8888,80,Germany,Karachi?,05-25-2020,20328.65,Yes
CUST-200269,HassanKing,ali.walker208@example.com,,68,AUS,  Toronto  ,2026/02/08,15461.77,No
CUST-200271,???,hassan.wilson271@example.com,++612345678,18 years,Canada,Vancouver,01 Nov 2021,7867.8,No
CUST-200272,Mary White,mary.white272@example.com,+61344361387,25.5,Germany,Toronto.,27 May 2021,25941.05,Y
CUST-200273,,aisha.ahmed273@example.com,+92425840973,34,United States,Seattle,27 Jun 2024,21712.65,Yes
CUST-200274,James Ahmed,james.ahmed274@example.com,+44364473274,75,USA,Brisbane,2022/07/08,7874.42,Yes
CUST-200275,Ali Johnson,ali.johnson275@example.com,+49486326794,25.5,U.K.,hamburg,28 Mar 2019,26709.63,No
CUST-200276,Sarah Ali,sarah.ali276@example.com,+61784751515,21,United States,Seattle,missing,35795.51,Y
CUST-200277,Ali Brown,ali.brown277@example.com,+61772305700,,,Seattle,2020/01/06,19708.15,No
CUST-200278,Aisha King,aisha.king278@example.com,+49726331935,33,Pakistan,Lahore,2020-05-21,,No
CUST-200279,Ahmed Khan,daniel.walker251@example.com,+92-300-ABC-123,52,Canada,NYC,19 Nov 2025,5191.87,No
CUST-200280,Zain Smith,zain.smith280@example.com,+92594283070,41,United States,New York,2022-01-09,1O000,No
CUST-200281,James  Walker,james.walker281@example.com,+44762457132,,Pakistan,unknown,14.01.2025,24693.44,inactive
CUST-200282,Aisha Khan,aisha.khan282@example.com,+49533013395,50,Pakistan,Lahore,2022/07/25,7909.28,
CUST-200283,Mr. Ahmed Brown,ahmed.brown283@example.com,+1641818379,28,Australia,Sydney NSW,28/01/2026,23407.84,No
CUST-200284,Hassan Young,hassan.young284@example.com,+61335611578,68,Germany,Hamburg,2026/02/06,USD 2500,Yes
CUST-200285,Emma Khan,emma.khan285@example.com,,42,PAKISTAN ,Munich,2023-08-01,8866.79,No
CUST-200286,John Ahmed,john.ahmed286@example.com,+92767672020,62,Australia,Melbourne,20 Sep 2020,18640.07,1
CUST-200287,Noah Hall,noah.hall287@example.com,,,United Kingdom,Melb,2019/01/23,20461.72,N
 CUST-200288,MiaJohnson,,+92546600170,55,United States,New York,01-10-2020,23278.6,N
CUST-200289,Aisha King,aisha.king289@example.com,+44621483621,31,Pakistan,Karachi?,2024-10-11,,No
CUST-200290,Emma Brown,emma.brown290@example.com,,70,Can.,Toronto,03-03-2026,30585.82,No
,Fatima Ali,fatima.ali291@@example.com,+61997548547,51,Can.,Chicago,2019/07/09,35122.08,N
CUST-200292,Sophia Young,user @mail.com,+44699751989,73,Can.,Chicago,2022/12/26,"12.500,50",No
CUST-200293,Ali Brown,ali.brown293@example.com,+44727945230,999,United Kingdom,London,2022-01-22,13875.39,0
CUST-200294,Noah Ahmed,noah.ahmed294@example.com,+44529938391,32,Germany,Berlin,01 Jan 2025,39262.67,No
CUST-200295,Olivia Martin,olivia.martin295@example.com,,43,,New York,2019/06/23,"2,500 AUD",Yes
CUST-200296,Hassan Wilson,hassan.wilson296@example.com,+92533723760,1O,United Kingdom,unknown,99-99-9999,,
CUST-200297,Hassan Taylor,hassan.taylor297@example.com,+1403870090,1O,GER,Sydney,26.07.2020,4990.53,FALSE
CUST-200298,Ali Young,sophia.walker198@example.com,+92515439964,74,Germany,Sydney NSW,11-30-2025,39163.29,Yes
CUST-200299,David King,,+49925719850,145,Canada,Vancouver,04.02.2020,4199.91,Y
CUST-200300,Mr. Mary Taylor,mary.taylor300@example.com,+49992878393,73,Canada,Sydney NSW,06 May 2024,7154.03,maybe
CUST-200301,Ali Johnson,,+1408872710,74,,Berlin,none,28061.32,No
???,Hassan Lee,@domain.com,abc123,64,Canada,Calgary,26 Apr 2025,4300.36,maybe
CUST 200303,Mary Young,not-an-email,000000000,32,,Sydney,05-12-2022,,No
CUST-200304,Olivia Hall,olivia.hall304@example.com,+1821170027,23,U.S.A,Londn,,,Yes
CUST-200305,Mr. Mary Walker,mary.walker305@example.com,+92856430878,37,USA,Brisbane,2025/01/13,28363.07,No
CUST-200306,Olivia Wilson,olivia.wilson306@example.com,+61516727468,25.5,Australia,Melbourne,2024-11-28,33585.94,0
CUST-200307,Sarah Martin,sarah.martin307@example.com,+44597804453,61,PK,Calgary,2019/04/06,4048.31,No
200308,Ahmed Young,ahmed.young308@example.com,+44937618283,72,Australia,Sydney,2024/05/12,25192.11,No
CUST-200309,Hassan Khan,hassan.khan309@example.com,,40,United States,Chicago,09/06/2025,14117.42,Yes
CUST-200310,Olivia Lee,olivia.lee310@example.com,+61750441272,72,U.S.A,Brisbane,27.08.2019,1537.26,No
CUST 200311,David Young,david.young311@example.com,+92-300-ABC-123,52,Canada,Vancouver,10-11-2025,,TRUE
,Mary Martin,foo.bar@domain,+1359837440,52,Canada,Calgary,2025/10/18,4829.04,No
CUST-200313,Ali Khan,ali.khan313@example.com,+61320062885,21,Pakistan,Karachi,,18555.45,No
CUST 200314,Ahmed Ali,ahmed.ali314@example.com,+61851224125,21,Australia,Brisbane,23/04/2022,5888.29,No
CUST-200315,Sophia Taylor,sophia.taylor315@example.com,+49863681367,77,Canada,Toronto,none,999999999,No
CUST-200316,Aisha Ahmed,test@test,123,,United States,Seattle,00/00/0000,37268.63,No
CUST-200318,Daniel Walker,daniel.walker318@example.com,+44810878442,38,Canada,Londn,2025-07-02,1214.6,active
200319,UNKNOWN,zain.clark319@example.com,+44437160242,48,Pakistan,Islamabad,00/00/0000,25875.01,No
CUST-200320,Sophia Ali,sophia.ali320@example.com,+92547254787,42,,Munich,none,free,Yes
CUST-200321,Mr. Ahmed Taylor,ahmed.taylor321@example.com,+49474753770,145,Pakistan,Karachi,06 Aug 2024,17529.33,maybe
CUST-200322,UNKNOWN,not-an-email,,42,australia,Lahore,03-22-2021,20297.38,Yes
CUST-200323,,fatima.khan323@example.com,+1365445738,51,Pakistan,Islamabad,2022-03-09,20919.03,No
CUST-200324,David White,david.white324@example.com,abc123,65,pakistan,Seattle,15 Sep 2021,,Yes
CUST-200325,ZainAhmed,zain.ahmed325@@example.com,+49707228935,,Pakistan,Lahore,13/13/26,999999999,1
CUST-200326,Zain Wilson,zain.wilson326@example.com,+44310649026,70,GER,Hamburg,30 Apr 2025,32366.22,No
CUST-200327,Daniel Khan,daniel.khan327@example.com,+1943321678,,Germany,Munich,26/06/2026,9050.06,yes 
CUST-200024,Sarah White,sarah.white24@example.com,+44967943040,0,Germany,Munich,13/13/26,-400,maybe
CUST-200329,Sophia Khan,sophia.khan329@example.com,+61327719556,,United Kingdom,,05-16-2019,21807.1,No
CUST-200330,Noah Hall,noah.hall330@@example.com,+61727735224,145,Australia,Sydney,2019/09/28,8485.29,No
 CUST-200331,JohnClark,john.clark331@example.com,+44837536280,54,Canada,Vancouver,02-21-2020,,No
CUST-200333,Ali Lee,ali.lee333@example.com,+1414537430,33,PAKISTAN ,Sydney NSW,11 Sep 2023,11850.53,No
CUST-200334,Sarah Johnson,abc.com,unknown,145,,Melbourne,11-28-2019,13924.78,
CUST-200335,James Young,james.young335@example.com,+92-300-ABC-123,36,australia,Karachi?,17.01.2020,,1
CUST-200336,OliviaWhite,,(02) 9999-8888,68,GER,Berlin,2024-12-01,1O000,Yes
CUST-200337,Noah Johnson,noah.johnson337@example.com,+1691494458,68,United Kingdom,London,,37945.58,No
CUST-200338,Fatima Young,not-an-email,+92742409853,75,United Kingdom,Melb,13/12/2024,free,Y
CUST 200339,Sarah Young,SARAH.YOUNG339@EXAMPLE.COM,+92-300-ABC-123,18 years,PK,Leeds,22.04.2025,6337.22,No
CUST-200340,John Lee,foo.bar@domain,+1392864231,68,Australia,unknown,19.03.2022,14021.36,N
CUST-200341,,sarah.johnson341@example.com,+44510178982,19,United States,New York,2025-11-11,25526.56,
CUST-200342,Sophia Hall,sophia.hall342@example.com,+61944094795,999,Canada,Toronto,25 Jan 2022,22020.11,active
200343,12345,not-an-email,,40,United States,Sydney NSW,09/03/2024,2760.38,Yes
CUST-200344,???,john.khan344@example.com,+44387577724,46,Canada,unknown,,30170.64,No
CUST-200345,Ahmed Martin,ahmed.martin345@example.com,123,23,PAKISTAN ,Lahore,05-04-2025,14351.81,Yes
CUST-200346,Zain Taylor,,+61346088860,68,United States,New York,not-a-date,"$12,500.50",Yes
CUST-200347,Muhammad Wilson,abc.com,+44674311867,twenty,Germany,Toronto.,2020/01/06,8623.4,active
CUST-200348,12345,not-an-email,+1 (555) TEST,37,Germany,Hamburg,06/03/2022,17673.18,inactive
CUST-200349,Ahmed Walker,,+61772021960,54,Australia,Melbourne,15/06/2019,13043.46,FALSE
CUST-200350,Emma Brown,not-an-email,+49374825925,,Pakistan,Lahore,12-02-2020,4553.28,Yes
CUST-200351,Hassan Wilson,hassan.wilson351@example.com,+92942098346,35,United States,New York,22.03.2022,999999999,Yes
CUST-200352,Noah White,noah.white352@example.com,+92-300-ABC-123,20,United Kingdom,London,2026/04/13,999999999,No
CUST-200353,Ahmed Khan,ahmed.khan353@example.com,+1327011924,75,United Kingdom,London,23 Mar 2021,"$12,500.50",No
CUST-200354,UNKNOWN,name@,+92907087968,,United Kingdom,Manchester,2021-04-01,5697.24,Yes
CUST-200356,Hassan Hall,hassan.hall356@example.com,,,Australia,Melbourne,20 Nov 2023,14979.39,Yes
CUST-200357,Fatima Ali,fatima.ali357@example.com,0300 1234567,27,Canada,123,01-25-2023,3884.63,Yes
CUST-200358,Mary White,mary.white358@example.com,+61967291303,twenty,United Kingdom,Manchester,2022-08-30,26511.48,N
CUST-200359,Ahmed Hall,@domain.com,+92901734152,81,australia,unknown,2026-02-25,39918.52,No
CUST-200361,David Martin,,++612345678,-4,Australia,Sydney,09.11.2024,26497.46,FALSE
CUST-200362,Sarah Martin,name@,+92-300-ABC-123,999,US,New York,12-12-2022,29402.5,No
CUST-200363,Daniel Wilson,daniel.wilson363@example.com,+49484524186,145,GER,unknown,09-13-2022,,Yes
CUST-200364,JohnAhmed,abc.com,+92-300-ABC-123,65,Pakistan,Sydney NSW,not-a-date,38667.71,FALSE
CUST-200365,James Wilson,james.wilson365@example.com,+44455581083,26,pakistan,Hamburg,2024/07/04,28381.44,Yes
CUST-200366,Olivia Walker,olivia.walker366@example.com,000000000,37,U.S.A,unknown,01 Feb 2020,4731.82,No
CUST-200367,Emma Smith,emma.smith367@example.com,+44742762739,62,Pakistan,Karachi, ,999999999,active
CUST-200368,Mr. Olivia Johnson,,+1781405036,57,United States,Seattle,07 Oct 2022,"12.500,50",0
,Sophia Brown,sophia.brown369@example.com,000000000,52,United States,Londn,10 Sep 2019,23912.43,No
CUST-200370,UNKNOWN,fatima.king370@example.com,+49779643285,18 years,Germany,,2026-04-15,-400,No
CUST-200371,Aisha Brown,,123,56,Canada,Toronto, ,25881.14,Yes
CUST-200372,Ahmed Clark,ahmed.clark372@example.com,+92635704536,70,United States,Chicago,23/03/2019,22241.29,
CUST-200373,,emma.wilson373@example.com,+44991250259,79,Pakistan,Islamabad,?,28995.6,No
CUST-200374,Sophia Brown,user @mail.com,+44721288796,25.5,United States,New York,24/07/2024,free,Yes
CUST-200375,Zain Lee,name@,+49711821395,51,United States,Londn,15 Jul 2023,15259.17,Yes
CUST-200376,Noah Khan,foo.bar@domain,+49833370643,28,Germany,Munich,,1438.39,yes 
CUST 200377,Sophia Khan,sophia.khan377@example.com,+92928316023,58,United States,Sydney NSW,01 Jan 2024,33189.34,1
CUST-200378,Fatima Lee,fatima.lee378@example.com,+92493245785,999,Germany,Hamburg,26 Jul 2023,3142.4,No
CUST-200379,Ali Khan,,unknown,43,pakistan,Toronto.,2025/10/14,39383.09,Yes
CUST-200380,Fatima Young,name@,+44556109949,30,,Leeds, ,7806.5,No
CUST-200381,Sophia Smith,abc.com,+61503545174,20,United Kingdom,Manchester,none,1043.27,Yes
CUST-200382,Fatima Martin,,000000000,18 years,United Kingdom,Sydney NSW,not-a-date,26835.8,TRUE
200383,Mary Smith,mary.smith383@example.com,+1983634430,32,United Kingdom, Manchester,2020-08-09,16071.06,No
CUST-200384,Zain Taylor,zain.taylor384@example.com,+92638819630,30,Pakistan,Karachi,2024/11/17,"12.500,50",maybe
CUST-200385,Zain Smith,zain.smith385@example.com,+44705854380,72,United Kingdom,Leeds,none,1332.31,No
200386,Mr. Noah Wilson,noah.wilson386@example.com,000000000,56,australia,NYC,2020/02/17,38396.48,Yes
CUST-200387,DavidLee,david.lee387@example.com,+1354195358,31,United States,123,08.01.2020,22629.32,FALSE
CUST-200388,Sophia Hall,sophia.hall388@example.com,+49312189894,38,GER,Karachi,Feb 30 2025,"12.500,50",No
CUST-200389,Ali Ahmed,ALI.AHMED389@EXAMPLE.COM,abc123,20,Australia,Brisbane,,,TRUE
CUST-200390,Daniel Martin,daniel.martin390@example.com,++612345678,57,Canada,Toronto,unknown,11151.09,No
CUST-200391,Mr. David Ali,david.ali391@example.com,++612345678,-4,United States,,2024-10-02,8938.48,Y
CUST-200392,John Ali,john.ali392@example.com,+61340285938,70,Germany,Berlin,,19037.78,FALSE
CUST 200393,Zain Wilson,zain.wilson393@example.com,+92935646608,35,Australia,Sydney,02-02-2023,35280.48,No
CUST-200394,Zain White,zain.white394@example.com,unknown,81,USA,Islamabad,31/01/2019,4163.47,Yes
CUST-200395,Sarah Wilson,sarah.wilson395@example.com,+1 (555) TEST,31,Pakstan,Hamburg,04.10.2019,35349.35,No
CUST-200396,Mr. Noah Brown,noah.brown396@example.com,+49589784644,59,Germany,Berlin,2023/05/17,2395.54,No
CUST-200397,John Smith,john.smith397@example.com,+44538614905,77,United States,New York,05/08/2023,17481.96,No
CUST-200398,Sarah Johnson,,0300 1234567,25.5,United Kingdom,London,2020-07-28,"$12,500.50",inactive
CUST-200399,David Young,david.young399@example.com,,18 years,australia,Lahore,2019/12/16,-400,No
CUST-200346,Mary Johnson,olivia.walker366@example.com,+1 (555) TEST,25.5,USA,unknown,2020-09-13,-400,Yes
CUST-200401,James Young,james.young401@example.com,+44369058982,30,UK,Leeds,2020-01-03,11768.31,No
cust-200070,Aisha Hall,aisha.hall402@example.com,+49741787136,,,Sydney,27/08/2022,9169.71,Yes
CUST-200403,,sarah.king258@example.com,+44559259948,999,Canada,Calgary,04-17-2020,17251.78,No
CUST-200404,Ali King,ali.king404@example.com,+92554664798,74,Pakstan,Vancouver,20/04/2023,23180.47,No
CUST-200405,12345,fatima.taylor405@example.com,+49720536619,47,Australia,Sydney,02-06-2019,1O000,TRUE
CUST-200406,Ahmed Brown,AHMED.BROWN406@EXAMPLE.COM,+61675534137,62,United Kingdom,London,2023-03-25,14162.36,Yes
CUST-200407,Mary King,mary.king407@example.com,+49911506998,25.5,Australia,NYC,09/02/2021,38360.05,Yes
CUST-200408,,noah.brown408@example.com,+1871656652,twenty,Germany,Munich,26.12.2025,1O000,No
CUST-200409,Ahmed Young,,unknown,64,Germany,Munich,2019/10/11,-400,maybe
CUST-200410,David Clark,david.clark410@example.com,+61440718745,40,,London,12/03/2021,13075.27,active
CUST-200411,Mary Wilson,mary.wilson411@example.com,+61411803180,79,Australia,Sydney,,14444.4,No
CUST-200412,Hassan Smith,hassan.smith412@example.com,+44577804836,26,Pakistan,Karachi,16 Jul 2021,19629.61,Yes
CUST-200413,Mr. Sarah White,sarah.white413@example.com,+1 (555) TEST,18 years,Australia,Melbourne,2021/01/31,,Yes
,JOHN AHMED,john.ahmed414@example.com,unknown,28,Germany,Berlin,2019/05/07,7941.71,Yes
CUST-200415,Daniel Khan,daniel.khan415@example.com,+92447679679,1O,Pakstan,Leeds,07.01.2026,12121.39,active
CUST-200416,John Wilson,test@test,+1714607271,81,Pakistan,Lahore,2019-09-09,free,No
cust-200417,???,,+49574808657,54,Pakistan,Islamabad ,11-13-2025,16911.44,maybe
CUST-200418,Sophia Ali,sophia.ali418@example.com,+61630850581,21,UK,Hamburg,12 Jul 2020,9147.52,Yes
200419,Mr. Zain Khan,test@test,000000000,58,Canada,Toronto,09-11-2024,30392.8,No
CUST-200420,Noah Ahmed,noah.ahmed420@example.com,123,27,Canada,Karachi?,10/03/2024,21869.02,Yes
CUST-200421,David King,test@test,+92816019514,twenty,United States,Chicago,2024-09-14,8642.9,Yes
CUST-200422,Daniel White,daniel.white422@example.com,000000000,69,Australia,Melbourne,2026-07-09,"2,500 AUD",Yes
???,Sophia Clark,sophia.clark423@example.com,0300 1234567,26,Australia,Sydney,02 Jul 2025,,Yes
CUST-200424,UNKNOWN,mary.taylor424@example.com,abc123,,PAKISTAN ,Chicago,2021/03/03,9989.61,Yes
cust-200425,12345,noah.lee425@example.com,++612345678,145,Australia,Melbourne,   ,,Yes
CUST-200426,Aisha Ahmed,aisha.ahmed426@example.com,+92502621574,67,GER,New York,2026-03-20,39310.46,No
CUST-200427,Ali White,ali.white427@example.com,(02) 9999-8888,145,U.S.A,Melbourne,99-99-9999,,No
200428,,mary.brown428@example.com,+92610954174,145,Germany,Berlin,04.03.2025,1407.46,Yes
CUST-200429,Mary Brown,abc.com,+61742150859,82,Germany,Hamburg,,"12.500,50",Yes
cust-200430,David Lee,david.lee430@example.com,+1505527362,34,Germany,Berlin,03/11/2022,12642.5,Yes
CUST-200431,Sophia Johnson,sophia.johnson431@example.com,+61957690483,56,Canada,Vancouver,32 Jan 2025,8159.1,No
CUST-200432,,sophia.johnson432@example.com,+1 (555) TEST,25.5,Germany,Munich,2025/07/20,30302.55,No
CUST-200433,12345,not-an-email,0300 1234567,23,Australia,Melbourne,18.10.2025,-400,Yes
CUST-200434,UNKNOWN,mia.ali434@example.com,unknown,66,United States,New York,23.02.2022,15512.31,No
cust-200435,Muhammad Lee,user @mail.com,,72,AUS,Berlin,08 May 2020,"$12,500.50",inactive
CUST-200436,Mr. Mia Hall,mia.hall436@example.com,+61461241323,34,Canada,Vancouver,not-a-date,12846.87,no 
200437,James Young,,+44561713857,44,United states of america,Londn,13/13/26,25635.55,Yes
CUST-200438,ZainBrown,test@test,+44450671994,69,Canada,Calgary,2024/02/27,31212.26,Yes
CUST-200439,Ali  Wilson,ali.wilson439@example.com,+1378776984,73,Australia,NYC,2025-07-03,35067.84,no 
CUST-200440,Muhammad King,david.brown93@example.com,+1 (555) TEST,74,Canada,Calgary,08 Jan 2020,7855.79,Yes
CUST-200441,Muhammad Johnson,muhammad.johnson441@example.com,0300 1234567,79,United States,New York,unknown,USD 2500,Yes
CUST-200442,Ahmed Khan,ahmed.khan442@example.com,+44770756137,58,Australia,Sydney,00/00/0000,-400,No
CUST-200443,Aisha King,,+44302605408,55,Germany,Munich,2019/09/30,31606.3,No
CUST-200444,Mr. Mary Smith,,+1644084747,57,Australia,Sydney,03 Sep 2021,34459.3,Yes
,???,sarah.brown445@example.com,0300 1234567,76,Germany,Berlin,unknown,22692.62,
CUST-200446,Zain Walker,zain.walker446@example.com,+1539809443,,United States,New York ,2022-10-25,39470.89,Yes
CUST-200447,Mary Johnson,test@test,+44916577559,26,Germany,Sydney NSW,,"12.500,50",Yes
CUST-200448,12345,hassan.clark448@example.com,,61,Pakistan,Islamabad,05/12/2024,15663.08,Yes
CUST-200449,Ali Smith,ali.smith449@example.com,+44721983683,0,pakistan,Manchester,2022/06/04,28158.88,Yes
???,Daniel Johnson,@domain.com,+1877844131,20,Canada,Vancouver,03.11.2023,1O000,
???,Mary Taylor,mary.taylor451@example.com,000000000,,Australia,Melbourne,13/05/2019,26079.78,Yes
CUST-200452,David Clark,david.clark452@example.com,+1724332692,60,Canada,Toronto,missing,25903.32,No
CUST-200454,John White,john.white454@example.com,+44498591824,46,Germany,Hamburg,2022-07-19,29900.57,0
CUST-200455,,muhammad.wilson455@example.com,+1637880293,-4,Canada,,29/08/2024,,No
CUST 200456,Noah Walker,user @mail.com,+1590725352,23,Germany,Berlin,17/12/2023,14235.97,1
CUST-200457,UNKNOWN,,,43,Can.,Chicago,32 Jan 2025,19433.35,No
CUST-200458,Daniel Taylor,daniel.taylor458@example.com,+44691215698,21,US,Islamabad,2022-03-29,-400,No
CUST-200459,Hassan Wilson,hassan.wilson459@example.com,+1 (555) TEST,43,Australia,unknown,13 Jul 2025,,No
CUST-200460,Ali Ahmed,@domain.com,,43,PAKISTAN ,,28/08/2024,"12.500,50",1
CUST-200461,Mary Clark,mary.clark461@example.com,+92806138871,74,Canada,Melb,28/11/2022,1640.28,Yes
CUST-200462,John Hall,john.hall462@example.com,+61634161675,19,Pakistan,Islamabad,none,999999999,N
CUST-200463,James Taylor,james.taylor463@example.com,+92935543709,-4,Australia,Karachi?,   ,34632.25,No
CUST-200464,Ali Clark,ali.clark464@example.com,0300 1234567,63,Germany,Hamburg,unknown,,Yes
CUST-200466,Muhammad Walker,muhammad.walker466@example.com,+44726889092,18 years,Canada,Toronto,,16303.2,No
CUST-200467,David Ahmed,abc.com,+92835512520,61,Australia,unknown,10-10-2019,11195.64,
CUST-200468,Aisha Smith!!!,aisha.smith468@example.com,+61791467456,80,Germany,Berlin,00/00/0000,1782.98,FALSE
CUST-200469,Mary Lee,mary.lee469@example.com,,40,Australia,Sydney NSW,12/05/2019,20909.33,0
???,Ali Clark,foo.bar@domain,+1342970599,,Canada,Toronto,15 Feb 2020,9827.52,No
CUST-200471,John Lee,john.lee471@example.com,,20,Australia,Brisbane,-,22313.31,maybe
CUST-200472,Zain King,ZAIN.KING472@EXAMPLE.COM,+44709490762,40,US,Seattle,26.12.2024,34942.32,Yes
CUST-200473,David Hall,david.hall473@example.com,+44639420243,,Australia,Brisbane,27.09.2019,,No
CUST-200474,John Khan,john.khan474@example.com,000000000,53,United Kingdom,Toronto.,2020-11-02,11589.09,TRUE
CUST-200475,Muhammad King,not-an-email,+44780887030,62,Germany,MUNICH,11.06.2026,USD 2500,No
CUST-200477,Ali Wilson,ALI.WILSON477@EXAMPLE.COM,+1876437249,0,,Calgary,13 May 2020,13330.95,No
CUST-200478,Olivia  Martin,,+44945855253,23,United Kingdom,Manchester,32 Jan 2025,8860.44,maybe
CUST-200479,???,emma.king479@example.com,000000000,,Australia,123,01.03.2021,19086.87,yes 
CUST-200480,Daniel Walker,daniel.walker480@example.com,+92453605693,38,United States,New York,   ,,No
???,Fatima Martin,fatima.martin481@example.com,+92500125292,,Australia,unknown,26 May 2020,20203.88,Yes
CUST 200482,Zain Hall,zain.hall482@example.com,+44308220971,18,Pakistan,NYC,14/08/2020,26833.52,No
CUST-200483,Hassan Hall,hassan.hall483@example.com,+44573798458,62,United States,Seattle,08-22-2023,31471.43,No
CUST-200484,John Brown,john.brown484@example.com,unknown,40,United Kingdom,London,,2430.37,Yes
CUST-200485,Noah Walker,noah.walker485@example.com,+1932745552,24,australia,Leeds,2019/03/04,1040.84,No
 CUST-200486,Noah Khan,not-an-email,unknown,56,Australia,Melbourne,22.12.2020,8749.33,No
CUST-200487,???,sarah.taylor487@example.com,+44853073976,27,United States,Chicago,02 Aug 2020,1O000,Yes
CUST-200488,???,zain.smith488@example.com,123,64,AUS,Chicago,Feb 30 2025,14130.21,Yes
CUST-200489,Sarah Clark,user @mail.com,(02) 9999-8888,,United Kingdom,Leeds,15 Aug 2021,23136.15,yes 
CUST-200490,???,,+49796597968,53,Germany,Hamburg,Feb 30 2025,,No
CUST-200491,Emma Ali,emma.ali491@example.com,+49809105133,,Canada,Vancouver,2025-10-29,"$12,500.50",Yes
CUST-200492,Fatima Hall,fatima.hall492@@example.com,+61843631237,145,Germany,Hamburg,2025/08/20,20068.58,No
,???,mary.ahmed493@@example.com,+44722062670,-4,,Karachi,13/13/26,16785.2,Yes
CUST-200494,Ali Lee,ali.lee494@example.com,+44546234999,twenty,PAKISTAN ,Calgary,-,37573.21,no 
CUST-200495,Muhammad Walker,muhammad.walker495@example.com,+61437847910,22,PK,Sydney NSW,2022/11/17,14528.87,No
CUST-200496,David Young,david.young496@example.com,+1905353170,44,pakistan,Calgary,2025-12-24,1634.09,Yes
CUST-200497,Mary Walker,mary.walker497@example.com,+49836254123,39,PK,Munich,,33699.07,Yes
CUST-200498,Aisha Khan,abc.com,+1699111121,74,Can.,Toronto,10/11/2019,,1
CUST-200499,Sophia Johnson,test@test,+1782093212,81,Germany,Munich,26.07.2019,37389.21,No
CUST-200500,Daniel White,user @mail.com,+61362422669,24,Australia,Karachi?,20 Dec 2021,31580.77,N
CUST-200501,Mr. Olivia Wilson,olivia.wilson501@example.com,+61966671965,66,Australia,Melb,13.05.2026,28822.86,Yes
200503,Hassan Ali,name@,+49992916966,75,Australia,,25.04.2026,32747.63,FALSE
CUST-200504,Noah King,noah.king504@example.com,123,69,Canada,Toronto,?,18763.98,No
CUST-200505,Olivia Wilson,olivia.wilson505@example.com,+92902239371,65,Germany,Berlin,12-21-2023,30203.96,Yes
CUST-200506,Sarah Martin,sarah.martin506@example.com,unknown,28,United Kingdom,Manchester,04/10/2019,17038.25,No
CUST-200507,Sarah Ahmed,,+44327642500,28,Pakistan,Karachi,17 Feb 2022,5708.23,maybe
CUST-200508,Aisha Young,aisha.young508@example.com,+1318880921,1O,Australia,Brisbane,?,999999999,No
CUST-200509,David King,david.king509@example.com,+92714723605,40,Canada,Toronto,01/01/2019,26673.98,Yes
CUST-200510,Daniel Wilson,daniel.wilson510@example.com,+92982437196,40,Germany,Karachi?, ,3374.53,Yes
CUST-200511,Zain Young,zain.young511@example.com,+49630130981,22,Australia,Sydney NSW,06/02/2024,34145.67,Yes
CUST-200512,Zain Wilson,zain.wilson512@example.com,(02) 9999-8888,25.5,Germany,Hamburg,2021/09/03,23902.94,No
CUST-200513,Mary Martin,,+49496092546,21,australia,Chicago,2025/05/11,38568.53,Yes
CUST-200514,Hassan Hall,hassan.hall514@example.com,+92671091862,82,Canada,Calgary,04-02-2024,15666.74,inactive
CUST-200516,Hassan Ahmed,hassan.ahmed516@example.com,+1 (555) TEST,72,Pakistan,Islamabad,2023-11-06,34295.8,Yes
???,Mr. Noah Khan,noah.khan517@example.com,0300 1234567,25,Australia,Sydney,   ,32139.13,No
CUST-200518,Emma Ali,emma.ali518@example.com,+61550430304,68,United Kingdom,Leeds,31/02/2026,24690.42,FALSE
CUST-200519,Sophia Clark,sophia.clark519@example.com,+92717804280,twenty,Germany,Hamburg,09-25-2025,,active
CUST-200520,Ali Lee,not-an-email,+61418491001,45,Canada,Calgary,24.11.2021,"12.500,50",Y
CUST-200521,Daniel Ali,@domain.com,+49689424343,,GER,Seattle,2020/07/05,8908.58,Yes
CUST-200522,James Taylor,,+61860234166,72,Canada,Melb,04 Feb 2022,13778.07,No
CUST-200523,Olivia Smith,@domain.com,0300 1234567,78,U.K.,Lahore,missing,5308.82,
,Ali Brown,not-an-email,++612345678,69,United States,Londn,   ,14071.71,No
CUST-200525,Mr. Daniel Young,,+92519024271,76,Canada,Calgary,06.09.2024,28512.91,
CUST-200526,???,aisha.walker526@example.com,+49406177595,42,United Kingdom,unknown,2024-05-22,24190.13,Yes
CUST-200527,Ahmed Khan,ahmed.khan527@example.com,+49539248084,,Australia,Sydney,06 Mar 2025,30487.83,Yes
CUST-200528,David Walker,david.walker528@example.com,+92643047312,63,Australia,Melbourne,10 Jun 2021,999999999,yes 
CUST-200529,Sophia Lee,test@test,+44660976119,55,Pakistan,Islamabad,2026-02-31,4568.8,No
CUST-200530,James Johnson,test@test,+1898632640,45,Australia,Sydney,12 Jun 2023,,No
CUST-200531,Mia Khan!!!,mia.khan531@example.com,+44344566571,59,Pakistan,Karachi,11-22-2022,10110.99,Yes
CUST-200532,Mary Johnson,mary.johnson532@example.com,+49350010173,31,Australia,Melb,12 Nov 2025,"12.500,50",no 
CUST-200533,Zain Martin,zain.martin533@example.com,+92-300-ABC-123,73,Canada,Calgary,2026-13-44,15944.55,Yes
CUST-200534,Sarah King,sarah.king534@example.com,+49513249021,31,Canada,Sydney NSW,07 Jul 2019,285.12,Yes
CUST-200535,John Walker,john.walker535@example.com,+1854597385,52,United States,Seattle,26 Sep 2024,7848.37,inactive
CUST-200536,Ali King,ali.king536@example.com,+49978236863,75,U.K.,unknown,21 Apr 2020,575.47,TRUE
CUST-200537,Hassan Hall,hassan.hall537@example.com,+1916792195,67,pakistan,NYC,03/02/2026,,No
CUST-200538,UNKNOWN,mia.lee538@example.com,+49461239569,73,Canada,Toronto,16 Feb 2019,1O000,No
CUST-200539,Sophia Martin,sophia.martin539@example.com,+1 (555) TEST,80,U.K.,Chicago,?,-400,No
CUST 200540,Sarah Brown,test@test,+92662870399,54,Australia,Melbourne,99-99-9999,36749.42,No
CUST-200541,Sarah White,sarah.white541@example.com,+49614806624,63,U.S.A,Calgary,02/01/2024,27989.4,Yes
???,Noah Taylor,noah.taylor542@example.com,+49577463491,25.5,GER,,2023-08-18,25672.06,No
CUST-200543,,fatima.martin543@example.com,+61598693564,,Australia,,2019/06/19,21857.22,Yes
???,Sophia Walker,name@,+92889882275,28,Germany,Hamburg,19/02/2026,29328.78,Yes
CUST-200545,  Mia Lee  ,mia.lee545@example.com,+61589482326,33,Pakistan,Karachi,2025-02-27,31066.0,Yes
CUST-200546,Emma Ahmed,,+1807354576,,Pakistan,Islamabad,10 Jun 2021,free,No
CUST-200547,Mary Ahmed,name@,+49443326277,52,Australia,Brisbane,17.08.2021,1O000,Yes
CUST-200548,Ali Lee,ali.lee548@example.com,(02) 9999-8888,40,Australia,Brisbane,,38695.62,Yes
CUST-200549,David Martin,david.martin549@example.com,+49687001753,-4,GER,Seattle,2020-04-18,2069.62,Yes
CUST-200550,12345,mary.clark550@example.com,+92645189452,65,Pakistan,Islamabad,07.06.2019,13076.8,N
,Hassan Taylor,@domain.com,0300 1234567,68,,Lahore,07-17-2024,4021.06,Yes
???,John Taylor,john.taylor552@example.com,+92652836694,46,U.S.A,Islamabad,12 Mar 2023,30843.2,No
CUST-200553,Daniel Clark,daniel.clark553@example.com,+92527310015,twenty,Germany,Berlin,2022-07-12,17383.68,Yes
CUST-200554,Sarah Khan,sarah.khan554@@example.com,+92335637893,61,Canada,Karachi?,Feb 30 2025,74.46,N
CUST-200556,John Taylor,test@test,+1844080990,35,Can.,Toronto,25 Jan 2022,27871.37,Yes
CUST-200557,Muhammad Clark,muhammad.clark557@example.com,000000000,,United states of america,Chicago,31/07/2019,free,Yes
CUST-200558,Muhammad Clark,,abc123,56,United states of america,Chicago,06-11-2024,11356.29,Yes
CUST-200559,James Taylor,,+49490487238,48,AUS,unknown,09-13-2021,31668.38,No
CUST-200560,David Khan,foo.bar@domain,+92302686674,37,Pakistan,Lahore,06-13-2024,1077.75,Yes
CUST-200561,???,noah.taylor561@example.com,+92762021331,23,United States,Chicago,2025/09/20,free,No
CUST-200562,12345,abc.com,+49613649472,69,Australia,Sydney,11-11-2025,999999999,Yes
CUST-200563,Mary King,mary.king563@example.com,+92-300-ABC-123,54,United Kingdom,unknown,24/04/2024,39863.0,1
CUST-200564,Daniel Taylor,daniel.taylor564@example.com,+44724575665,68,PAKISTAN ,Toronto,2024-04-20,3534.46,Yes
CUST-200565,Daniel Ali,daniel.ali565@example.com,+49558156408,57,PAKISTAN ,,04-28-2026,16283.56,
CUST-200566,Mary Smith,test@test,,80,Can.,Toronto.,15 Oct 2020,8126.46,No
CUST-200567,Ali Martin,ali.martin567@example.com,+44643491669,72,United states of america,Berlin,16.11.2020,"12.500,50",inactive
CUST-200568,Zain Khan,zain.khan568@example.com,000000000,-4,UK,London,03 Jan 2025,6348.01,Y
CUST-200569,Ahmed Ahmed,name@,+1869983221,34,Canada,Toronto,,15706.1,No
CUST-200570,Daniel Smith,daniel.smith570@example.com,+61454730089,41,Canada,Vancouver,31/02/2026,free,Yes
CUST-200571,  Emma Walker  ,@domain.com,+1669257523,-4,United Kingdom,London,31/02/2026,19618.49,Yes
CUST-200572,Sarah White,sarah.white572@example.com,++612345678,44,,Karachi,05.10.2023,18249.94,
CUST-200573,Noah Brown,noah.brown573@example.com,+49839035613,18 years,Pakistan,Lahore,2024/07/24,6764.34,No
CUST-200574,Mia Ahmed,mia.ahmed574@example.com,+92932615727,65,United States,New York,2026-13-44,35408.88,No
200575,Mary Taylor,mary.taylor575@example.com,+92758364158,77,Pakistan,Lahore,30 Mar 2025,,Yes
CUST-200576,David King,sophia.ali114@example.com,+1388434481,78,United States,New York,03-21-2022,9773.95,Yes
CUST-200578,Fatima Wilson,,+49906362642,0,Germany,Berlin,06-13-2020,27649.2,Y
CUST-200579,,not-an-email,+92-300-ABC-123,77,Canada,Vancouver,25 Mar 2022,34486.16,maybe
CUST-200580,Mary Hall,mary.hall580@@example.com,+1528422308,18 years,United Kingdom,London,2025/00/12,25665.97,No
CUST-200581,Emma Smith,emma.smith581@example.com,+1668954984,21,United Kingdom,Manchester,05-01-2025,,
CUST-200582,John White,john.white582@example.com,+92338456775,69,Pakistan,Islamabad,13 Feb 2019,886.69,Yes
CUST-200583,Sarah Johnson,sarah.johnson583@example.com,+92469145099,25,PK,Islamabad,12-01-2021,1O000,
CUST-200584,Emma Wilson,emma.wilson584@example.com,+92540181650,39,U.S.A,Munich,21 Oct 2021,,Yes
CUST-200585,Emma King,emma.king585@example.com,,30,Canada,Toronto,05 May 2019,1O000,Y
CUST-200586,Olivia King,olivia.king586@example.com,+92526400618,-4,Canada,123,05-29-2025,6620.46,No
CUST-200587,Fatima Young,user @mail.com,++612345678,,Germany,Munich,2025/05/03,10176.42,No
CUST-200588,Fatima Martin,fatima.martin588@example.com,+44856484827,,United States,Chicago,08-31-2020,24034.21,No
CUST-200589,Muhammad Ali,muhammad.ali589@example.com,+92541588856,28,Canada,,03-20-2022,2284.85,Yes
CUST-200590,Muhammad Johnson,muhammad.johnson590@example.com,+44767586061,51,U.K.,NYC,01-12-2025,2265.33,No
cust-200591,John Khan,name@,0300 1234567,,Can.,New York,19.03.2026,18523.45,Yes
CUST-200592,David Brown,user @mail.com,++612345678,24,Pakistan,Lahore,23 Jun 2020,"$12,500.50",Yes
CUST-200593,,foo.bar@domain,+49361009038,38,Australia,Sydney NSW,01.05.2019,1O000,No
 CUST-200594,Hassan Brown,@domain.com,+92439649715,58,Canada,Vancouver,25 Jan 2020,34336.27,No
200595,Mia Smith,@domain.com,+61996945039,76,PAKISTAN ,Toronto.,05-12-2024,"12.500,50",No
CUST-200596,Zain Lee,zain.lee596@example.com,+44907695083,79,United States,Seattle,2020-03-04,15569.6,Yes
CUST-200597,Ahmed Young,not-an-email,+1613110167,82,PK,Londn,07-21-2020,11844.44,No
CUST-200598,Muhammad Ahmed,muhammad.ahmed598@example.com,+44416698136,25,United Kingdom,Manchester,06-24-2023,23662.39,Yes
CUST-200599,???,olivia.lee599@example.com,+92914881886,145,Pakistan,  Islamabad  ,2020/06/12,17656.46,No
CUST-200600,Emma Wilson,,+1 (555) TEST,-4,Canada,Vancouver,?,,Yes
CUST-200601,,fatima.lee601@example.com,+1869774576,25,United States,New York,07 Jan 2022,"$12,500.50",Yes
CUST-200602,Muhammad White,foo.bar@domain,+61560103720,22,Germany,Hamburg,2020-01-17,,Y
CUST-200603,John Ali,john.ali603@example.com,+92357444172,68,United Kingdom,Leeds,19 Jan 2022,18820.08,No
CUST-200604,12345,user @mail.com,+44963734972,-4,Can.,unknown,2026-01-19,32174.02,No
CUST-200605,David Ahmed,david.ahmed605@example.com,+1424305077,43,Germany,NYC,2021-07-06,18725.8,No
CUST-200606,Mia Taylor,mia.taylor606@example.com,+44656181193,81,Pakistan,Islamabad,2026-02-31,USD 2500,Yes
CUST-200607,,mary.brown607@example.com,+44885709671,76,Germany,NYC,2026-02-12,11712.04,No
CUST-200608,Mary Wilson,mary.hall50@example.com,+92710635128,1O,Germany,Karachi?,none,1O000,Y
 CUST-200609,AishaBrown,,+49939345772,65,Pakistan,Sydney NSW,2019/04/23,16884.69,N
CUST-200610,Fatima Ahmed,fatima.ahmed610@example.com,+61307677812,31,United Kingdom,London,02.09.2024,24417.83,Yes
200611,Fatima Martin,fatima.martin611@example.com,+1374941094,-4,PK,Brisbane,Feb 30 2025,14210.12,No
CUST-200612,Hassan Hall,hassan.hall612@example.com,+44768162507,38,Canada,Toronto.,05-30-2020,112.75,Yes
CUST-200613,Emma Smith,@domain.com,123,-4,United states of america,Toronto,24.12.2021,,No
CUST-200614,Ali Khan,ali.khan614@example.com,+49995768643,55,United Kingdom,Leeds,2022-06-17,USD 2500,Yes
CUST-200615,Hassan Ahmed,hassan.ahmed615@example.com,+92801313469,79,U.S.A,Manchester,2021/08/19,6411.93,Yes
,Daniel Taylor,daniel.taylor616@example.com,+1769401439,64,United States,Chicago,2022-06-16,29153.18,Y
CUST-200617,Noah Hall,,+49479462438,46,Canada,Toronto,2022-08-28,8834.9,No
CUST-200618,Fatima Lee,fatima.lee618@example.com,+44421765123,34,Pakstan,Toronto,none,15749.08,No
cust-200619,James Walker,james.walker619@example.com,000000000,32,Can.,Vancouver,20/01/2023,10656.54,Yes
CUST-200620,Hassan Hall,hassan.hall620@example.com,+49608314206,145,Australia,Melbourne,2022-10-21,23815.07,Yes
CUST-200621,John Khan,john.khan621@example.com,+92744605007,27,PAKISTAN ,Calgary,,36931.26,1
CUST-200622,Muhammad Ahmed,MUHAMMAD.AHMED622@EXAMPLE.COM,+1770744777,18,USA,Calgary,29 Mar 2022,"$12,500.50",No
200623,Olivia Ahmed,OLIVIA.AHMED623@EXAMPLE.COM,+61718073167,76,Pakistan,Islamabad,03-31-2023,25447.2,No
CUST-200624,Mia Johnson,not-an-email,+49624249067,53,Pakistan,Lahore,31/02/2026,20285.53,yes 
CUST-200625,Aisha Brown,aisha.brown625@example.com,+92-300-ABC-123,73,United Kingdom,London,2019/12/16,20391.96,Yes
CUST-200626,JamesTaylor,james.taylor626@@example.com,+61472900530,,AUS,Seattle,2024/02/16,19.04,No
200627,Mary Martin,mary.martin627@example.com,+92845775108,35,United States,chicago,17 Jul 2021,33697.22,Yes
CUST-200628,Sarah Brown,sarah.brown628@example.com,+1579867672,72,USA,Leeds,2019-10-27,7437.12,No
CUST-200629,Mary Ali,abc.com,,18,Germany,Munich,09-03-2022,5450.31,Yes
,Hassan King,hassan.king630@example.com,+61527699522,,Pakistan,Londn,30/09/2024,31616.7,N
CUST-200631,???,john.taylor631@example.com,+92387879422,52,Pakistan,Lahore,23 Jul 2022,284.96,TRUE
200632,UNKNOWN,@domain.com,+92578613277,40,United States,Seattle,2021/02/28,-400,Yes
CUST-200633,Fatima Hall,fatima.hall633@example.com,+61452157540,twenty,pakistan,Lahore,2024-05-18,,Y
CUST-200634,Mary Ali,mary.ali634@example.com,+49717457495,,Canada,Toronto,04-14-2021,USD 2500,Yes
CUST-200635,Olivia Young,olivia.young635@example.com,+61648474617,77,United Kingdom,Manchester,27.01.2024,"$12,500.50",
CUST-200636,Aisha White,aisha.white636@example.com,+1680599877,68,Pakistan,Londn,05/12/2020,"2,500 AUD",maybe
CUST-200637,David White,david.white637@example.com,abc123,72,Canada,Calgary,14 May 2021,19231.96,Yes
CUST-200638,Daniel Brown,daniel.brown638@example.com,+44937320965,32,,Vancouver,2025/02/19,14471.31,No
CUST-200640,Noah White,not-an-email,,74,United States,New York,10.08.2021,37373.05,No
CUST-200641,Emma Walker,abc.com,+61427712396,46,Australia,unknown,09 Nov 2022,18126.81,Yes
CUST-200642,,muhammad.martin642@example.com,+44359076787,48,UK,Karachi?,12-13-2025,,Yes
CUST-200643,Mia Martin,mia.martin643@example.com,+92-300-ABC-123,79,Australia,Brisbane,18/05/2026,,No
CUST-200644,Emma Young,not-an-email,+92-300-ABC-123,37,Pakstan,Vancouver,18/06/2026,"$12,500.50",Yes
CUST 200645,Zain Martin,zain.martin645@example.com,unknown,145,Australia,Sydney,2020/11/07,18183.69,N
CUST-200646,Mia Ali,mia.ali646@example.com,+61791310424,24,Canada,Vancouver,07 Jul 2020,9056.06,Y
CUST-200647,James Johnson,james.johnson647@example.com,+44404594366,44,USA,Toronto,19.03.2019,19689.35,maybe
CUST-200649,Emma Smith,emma.smith649@example.com,+92949530589,62,,Lahore,19.07.2024,999999999,No
CUST-200651,Muhammad Lee,test@test,+61391562762,,Australia,,08-04-2019,-400,No
,Emma Ahmed,,,80,United Kingdom,unknown,18.01.2025,,No
CUST-200653,David Ahmed,david.ahmed653@example.com,+1 (555) TEST,0,United Kingdom,Leeds,2025/01/28,free,N
CUST-200360,Aisha Ahmed,aisha.ahmed360@example.com,+1537610979,,United States,Chicago,17/06/2025,7564.53,Yes
CUST 200655,David Lee,david.lee655@example.com,+44913090005,69,Australia,Londn,03/09/2023,11045.14,Yes
CUST-200656,Ahmed Lee,user @mail.com,++612345678,,United States,Seattle,,-400,No
cust-200658,Olivia Wilson,olivia.wilson658@example.com,,33,United Kingdom,London,2023/09/10,3971.09,Yes
cust-200659,Olivia Johnson,OLIVIA.JOHNSON659@EXAMPLE.COM,+61705121097,33,United States,New York,00/00/0000,9602.56,inactive
CUST-200660,Noah King,noah.king660@example.com,++612345678,60,United Kingdom,Londn,2020-09-02,563.25,No
CUST-200661,James Ali,james.ali661@example.com,+92774663964,38,AUS,London,2021-08-04,19350.5,Yes
CUST-200662,Aisha Walker,aisha.walker662@example.com,+49643444474,26,Australia,Brisbane,12.11.2022,USD 2500,No
CUST-200663,???,david.king663@example.com,0300 1234567,35,US,Hamburg,11.12.2023,-400,no 
CUST-200664,???,noah.clark664@example.com,+92383758009,60,Pakistan,Lahore,02 Nov 2025,free,Yes
CUST-200665,Sophia Martin,sophia.martin665@example.com,0300 1234567,68,United Kingdom,Leeds,13/13/26,7157.07,active
CUST-200666,Sophia Young,,+92780680744,59,,London,?,39165.81,No
CUST-200667,Sarah Clark,sarah.clark667@example.com,unknown,56,pakistan,Vancouver,2020/12/20,29506.83,N
CUST-200668,12345,ZAIN.JOHNSON668@EXAMPLE.COM,+1331550886,31,United Kingdom,manchester,01-17-2022,4084.35,Yes
CUST-200669,UNKNOWN,@domain.com,unknown,20,Can.,Leeds,14 Mar 2025,32993.18,Yes
CUST-200670,Sarah Young,name@,+92-300-ABC-123,37,Australia,Melbourne,02-14-2022,39393.33,Yes
CUST-200426,Aisha Ahmed,hassan.taylor84@example.com,+92502621574,67,GER,New York,2026-03-20,39310.46,No
CUST-200673,Sophia Khan,user @mail.com,123,1O,Germany,Munich,29.05.2021,25523.86,Yes
CUST-200674,Muhammad Hall,muhammad.hall674@example.com,abc123,33,Canada,Toronto,00/00/0000,30620.6,Yes
CUST-200675,???,james.walker675@example.com,+61824251207,77,Canada,Calgary,2025/00/12,942.15,Yes
CUST-200676,12345,fatima.king676@example.com,+92647892462,28,United States,New York,14.05.2021,,active
CUST-200677,James Johnson,user @mail.com,+49304275365,0,Canada,Toronto,09.10.2020,1O000,
CUST-200678,John Johnson ,,+49739721101,75,United States,New York,07 Feb 2026,20888.57,inactive
CUST-200679,Hassan Taylor,hassan.taylor679@example.com,+92532631572,25.5,Germany,Karachi?,04-17-2020,5600.2,Yes
CUST-200680,Ahmed Ahmed,name@,abc123,33,United Kingdom,123,22 Mar 2020,16081.51,0
CUST-200681,Mia Taylor,MIA.TAYLOR681@EXAMPLE.COM,,44,Pakstan,123,2026/02/16,3911.36,1
200682,Ahmed Taylor,@domain.com,abc123,72,Germany,Berlin,none,"2,500 AUD",maybe
CUST-200683,Aisha  Smith,aisha.smith683@example.com,+44905257415,55,Australia,Sydney,07-15-2021,38201.95,active
CUST-200684,Ali Johnson,ali.johnson684@example.com,+92-300-ABC-123,82,pakistan,Islamabad,07-26-2022,,No
CUST-200685,Sophia Ali,sophia.ali685@example.com,+1587926170,29,Pakistan,unknown,2020/11/19,"$12,500.50",active
CUST-200686,Daniel Taylor,daniel.taylor686@example.com,unknown,48,Australia,Melbourne,15 Sep 2019,999999999,No
CUST-200687,David Lee,abc.com,+44611022384,65,United States,unknown,11-19-2025,29349.76,No
CUST-200688,Zain Hall,zain.hall688@example.com,+49981453696,-4,Canada,Sydney NSW,23.04.2023,2020.82,Yes
CUST-200689,Muhammad Hall,muhammad.hall689@example.com,+61410746916,22,Pakistan,Sydney NSW,2023-03-19,11802.87,No
CUST-200690,,test@test,abc123,56,australia,Karachi?,27/01/2024,"12.500,50",0
CUST-200691,Sarah Martin,sarah.martin691@example.com,+92721784880,,United States,NYC,12-18-2023,free,Yes
CUST-200692,Aisha Hall,aisha.hall692@example.com,++612345678,18 years,Pakistan,Karachi,2025-03-28,22058.42,
CUST-200230,Ali Young!!!,user @mail.com,+92506804662,21,United States,Seattle,2024/09/21,32452.98,No
CUST-200694,Sarah King,sarah.king694@example.com,123,51,PAKISTAN ,London,2019-05-27,8041.92,No
CUST 200695,Mia Brown,mia.brown695@example.com,+44949498508,74,Can.,Toronto,-,30151.43,1
CUST-200696,Mary Wilson,foo.bar@domain,000000000,71,United Kingdom,London,05-08-2023,14577.99,No
CUST-200697,Ahmed Walker,ahmed.walker697@example.com,(02) 9999-8888,47,United Kingdom,unknown,13/13/26,202.61,Yes
CUST-200698,Ali Lee,ali.lee698@example.com,+44741748021,-4,AUS,Leeds,11 Sep 2025,,TRUE
CUST-200025,David Lee,david.lee699@@example.com,+49798900840,67,United States,New York,02-08-2025,999999999,No
CUST-200700,12345,test@test,(02) 9999-8888,81,U.K.,New York,31/03/2023,-400,Y
CUST-200701,Zain Smith,not-an-email,++612345678,39,Australia,Melbourne,2025/11/07,999999999,No
CUST-200702,Hassan Taylor,HASSAN.TAYLOR702@EXAMPLE.COM,++612345678,25,United States,Seattle,03-08-2019,9138.23,No
CUST-200703,Sarah Wilson,sarah.wilson703@example.com,+1777343706,59,Canada,Toronto,2026-13-44,16713.25,No
CUST-200704,Fatima Khan,test@test,+61472626202,52,australia,Manchester,04 Dec 2024,1O000,Yes
CUST-200705,Mr. David Young,name@,+1567715493,26,UK,Lahore,05.05.2019,,Yes
CUST-200706,Mr. Ali Taylor,,+44642147611,999,PAKISTAN ,Berlin,08 Feb 2024,13215.81,FALSE
CUST-200707,David Hall,david.hall707@example.com,+44986165721,145,US,Melbourne,04/04/2025,"$12,500.50",inactive
CUST-200708,Zain Smith,zain.smith708@example.com,000000000,33,australia,Chicago,06/07/2019,free,Yes
 CUST-200709,Mary Hall,mary.hall709@example.com,+92507279816,55,United states of america,Karachi,2023-08-12,20902.29,Yes
200710,Fatima Ahmed,fatima.ahmed710@example.com,+49868882459,55,United States,New York,03-08-2026,"$12,500.50",TRUE
CUST-200711,Fatima White,,(02) 9999-8888,18,Canada,Vancouver,2021/12/06,,maybe
CUST-200712,FATIMA TAYLOR,fatima.taylor712@example.com,+1 (555) TEST,999,United Kingdom,123,06 Apr 2024,"2,500 AUD",Yes
CUST-200714,Emma Walker,emma.walker714@example.com,+49385576403,34,U.K.,London,02-15-2022,24233.94,Yes
CUST-200715,???,@domain.com,+49584650672,81,Pakistan,Karachi,16 Oct 2019,999999999,Yes
CUST-200716,Aisha Ali,user @mail.com,,58,PAKISTAN ,Karachi,2021/06/12,24390.25,Yes
CUST-200717,Aisha Smith,aisha.smith717@example.com,+61880643616,twenty,U.S.A,Karachi,2020-05-06,34083.91,No
CUST-200718,Olivia Lee,olivia.lee718@example.com,+1960298687,50,Pakstan,Lahore,07 Jan 2026,25399.64,maybe
CUST-200719,Ali Hall,ali.hall719@example.com,+92795029170,25.5,United States,Seattle,01/05/2026,30666.28,No
CUST-200720,Noah Hall,,000000000,25.5,United Kingdom,London,00/00/0000,30442.78,Yes
CUST-200721,Olivia Young,olivia.young721@example.com,abc123,21,United Kingdom,Manchester,2022-03-13,3138.91,active
CUST-200722,Muhammad Clark,muhammad.clark722@example.com,+61795613079,60,Australia,Melbourne,19/12/2025,20940.19,No
CUST-200723,Aisha Lee,aisha.lee723@example.com,++612345678,54,United Kingdom,Leeds,,3095.92,active
CUST-200301,Olivia Smith,olivia.smith724@example.com,+1775022790,76,Germany,Berlin,none,28645.86,Yes
CUST 200725,David Khan,,+44675506986,43,Germany,Sydney NSW,31 Dec 2023,-400,yes 
CUST-200726,Noah Brown,noah.brown726@example.com,+92574544465,54,australia,Hamburg,22 May 2021,-400,No
CUST-200727,Mia Martin,sophia.smith75@example.com,+61803463825,76,Pakstan,Leeds,2024/11/24,35524.9,maybe
CUST-200728,Sophia Johnson,sophia.johnson728@example.com,+44658740352,30,GER,London,2021-10-30,-400,No
CUST-200729,Mr. Ali Young,user @mail.com,+92591773512,81,United Kingdom,London,2019/12/07,,Yes
CUST-200730,Ahmed Ali!!!,ahmed.ali730@example.com,++612345678,34,United Kingdom,London,03 Jun 2026,999999999,Yes
CUST-200732,,hassan.lee732@example.com,+1410494647,37,Pakistan,Islamabad,2024-09-18,35358.94,
CUST-200733,,,+44522870834,81,Pakistan,Karachi?,   ,20158.87,0
CUST-200734,David Martin,test@test,+61386537952,67,Germany,Munich,2020/10/26,"2,500 AUD",Yes
CUST-200735,Mr. Hassan Taylor,hassan.taylor735@example.com,123,twenty,United Kingdom,Manchester,14/04/2022,21305.55,Yes
CUST-200736,Ali Smith,ali.smith736@example.com,+44367211241,999,Australia,Brisbane,07-29-2019,33441.99,Yes
CUST-200737,UNKNOWN,ahmed.ali737@example.com,,48,Canada,Vancouver,2019-04-10,29296.21,1
CUST-200738,Daniel Clark,,+61487955176,0,Can.,Lahore,19 Jan 2026,,Yes
200739,,noah.hall287@example.com,+92371481195,25.5,australia,Karachi?,12-13-2019,9258.81,
CUST-200740,JohnAli,,+61436286398,24,Australia,Sydney,10-18-2021,1O000,inactive
CUST-200741,AishaJohnson,test@test,+1520753282,40,Canada,Calgary,02-01-2024,-400,Yes
CUST-200742,Noah Johnson,,+49581280669,59,australia,London,2023-03-13,17567.4,No
CUST-200743,Mia Ahmed,mia.ahmed743@example.com,000000000,50,Pakstan,Munich,31/02/2026,,Yes
CUST 200744,David Johnson,name@,+1 (555) TEST,66,Australia,Sydney NSW,2023-04-27,4381.68,Yes
CUST-200745,Ali White,@domain.com,+49641531224,,United States,New York,?,28860.98,No
CUST-200746,HassanJohnson,hassan.johnson746@@example.com,+44900735406,66,AUS,123,31/02/2026,31453.75,No
CUST-200747,Noah Clark,noah.clark747@example.com,+49325019730,22,US,Chicago,09/07/2019,"$12,500.50",maybe
CUST-200748,Olivia White,olivia.white748@example.com,+61556044255,0,Canada,NYC,2020-10-29,35500.42,Yes
CUST-200749,Mia Khan,mia.khan749@example.com,+92684742584,44,,Munich,21.04.2025,-400,0
CUST-200750,Noah Ali,not-an-email,+1 (555) TEST,38,Pakistan,unknown,12/03/2020,21179.43,Yes
CUST-200751,Muhammad Smith,muhammad.smith751@example.com,,70,United States,Chicago,05-27-2024,"12.500,50",No
CUST-200752,Daniel Brown,daniel.brown752@example.com,+1 (555) TEST,44,Germany,Munich,,4281.22,no 
CUST-200753,Mia Wilson,mia.wilson753@example.com,+49758016145,25.5,United States,Seattle,12-27-2020,21109.18,
CUST-200754,David  Young,test@test,+92635811397,76,United States,Chicago,missing,33110.54,No
CUST 200755,Daniel Walker,daniel.walker755@example.com,+44682619418,27,United Kingdom,Leeds,09-23-2025,16063.36,No
CUST-200751,Emma Hall,,+61620789972,45,Can.,Vancouver,17 Jun 2019,7628.48,Yes
CUST-200757,Zain Wilson,zain.wilson757@example.com,+49316491965,70,pakistan,Leeds,07-11-2025,1O000,
CUST-200758,Emma Smith,emma.smith758@example.com,+92-300-ABC-123,69,Pakistan,Lahore,04-20-2022,37966.65,No
CUST-200759,Sophia King,sophia.king759@example.com,+44668059328,42,Pakistan,Islamabad,24.06.2022,15714.1,Yes
CUST-200760,Noah Ali,user @mail.com,+44932804538,45,Pakistan,Islamabad,13/13/26,15969.36,yes 
CUST-200761,Olivia Khan,foo.bar@domain,+44837715626,66,Australia,Melb,-,15197.55,inactive
CUST-200762,Hassan Ahmed,@domain.com,+49771124752,25.5,US,Lahore,16 Jun 2021,,No
CUST-200763,Muhammad Martin,muhammad.martin763@example.com,+1414904996,57,Australia,Sydney,2025/02/17,"2,500 AUD",active
CUST-200764,Mr. Emma King,emma.king764@example.com,+92946494002,22,United States,Seattle,02-23-2025,37404.12,No
CUST-200765,Aisha Lee,aisha.lee765@example.com,+44843721397,25.5,AUS,Manchester,10-15-2020,39319.48,0
CUST-200766,Muhammad Khan,,+44921959255,47,United Kingdom,Manchester,2019/12/17,35328.47,No
CUST-200767,Daniel Taylor,daniel.taylor767@example.com,unknown,,Germany,Berlin,2026-13-44,15525.4,Yes
CUST-200768,12345,ali.khan768@example.com,+49781290446,30,USA,,04/11/2023,29191.53,Yes
CUST-200769,UNKNOWN,john.lee769@example.com,+49699717225,18,Canada,,2022-08-09,30689.76,No
CUST-200770,James Walker,foo.bar@domain,+44535374814,999,Canada,Vancouver,21.12.2022,20372.58,Yes
,Ali King,abc.com,++612345678,44,US,New York,12.11.2024,23114.63,Y
cust-200772,UNKNOWN,sophia.smith772@example.com,+92889251190,21,Germany,Berlin,11-03-2024,-400,No
CUST-200773,John Ali,not-an-email,+1713637376,24,Pakistan,Islamabad,2022-05-17,,Yes
 CUST-200774,James King,james.king774@example.com,+44678287209,49,Canada,Vancouver,32 Jan 2025,7583.07,Yes
CUST-200775,MiaBrown,user @mail.com,(02) 9999-8888,145,Canada,Vancouver,04/01/2023,13577.0,Yes
CUST-200167,Noah Walker,noah.walker776@example.com,+44645154479,65,US,Lahore,25/08/2022,3829.45,Yes
CUST-200777,,olivia.khan777@example.com,+92875583113,145,australia,Melb,09 Dec 2024,32778.19,Yes
CUST-200778,Mr. Aisha King,aisha.king778@example.com,+1 (555) TEST,62,Pakistan,Lahore,2022-07-27,20496.38,Yes
CUST-200779,,ali.johnson779@example.com,+61865345417,,United Kingdom,Manchester,19/11/2021,"2,500 AUD",No
CUST-200780,Mia Ali,mia.ali780@example.com,+61815758735,22,Pakistan,Lahore,11 Dec 2025,27539.25,No
200781,Sophia Ahmed,sophia.ahmed781@example.com,+92-300-ABC-123,59,australia,Calgary,28 Oct 2020,10791.45,Yes
CUST-200782,???,sarah.taylor782@example.com,000000000,63,Australia,Melbourne,2025-11-05,16469.01,Yes
CUST-200783,Mary Ali,mary.ali783@example.com,+49912145243,70,Australia,Brisbane,11/03/2025,1860.42,No
CUST-200784,Mia Ali,mia.ali784@example.com,123,40,Australia,Sydney,2026/05/14,29990.2,active
CUST-200785,John Smith,john.smith785@example.com,0300 1234567,32,United Kingdom,NYC,,1O000,No
CUST-200786,Hassan Lee,user @mail.com,,82,Germany,Munich,2021/08/15,,No
CUST 200787,David Taylor,name@,+1 (555) TEST,1O,United Kingdom,London,2026-13-44,6902.83,No
CUST-200788,Mary Hall,test@test,+92518547892,55,USA,Seattle,unknown,"2,500 AUD",Yes
CUST-200789,Mary Taylor,mary.taylor789@example.com,0300 1234567,66,United states of america,Hamburg,Feb 30 2025,23679.05,No
CUST-200790,Ali Lee,abc.com,+92514163215,45,Pakstan,Sydney NSW,-,35741.8,Yes
CUST-200791,,test@test,abc123,50,United Kingdom,London,00/00/0000,9997.56,Yes
,Olivia Martin ,olivia.martin792@example.com,+1512950601,56,,Londn,missing,25553.98,No
 CUST-200793,Ahmed Hall,ahmed.hall793@example.com,+61994592046,25.5,United Kingdom,Leeds,18.07.2020,free,No
CUST-200794,Olivia Taylor,olivia.taylor794@example.com,+61503483756,145,Australia,Brisbane,21 Oct 2022,7714.3,Yes
CUST-200795,Zain White!!!,name@,+61607337001,46,Can.,,2022-10-28,16370.35,Yes
CUST-200796,Olivia Smith,olivia.smith796@example.com,+61896986331,31,United Kingdom,Melb,,883.81,Yes
CUST-200797,David Ahmed,david.ahmed797@example.com,0300 1234567,18 years,Australia,Melb,12/06/2022,29369.23,Yes
CUST-200798,Mia White,mia.white798@example.com,+49703207303,79,Germany,Berlin,27.05.2022,18288.79,No
CUST-200799,,mia.brown799@example.com,+44671891195,145,Australia,Sydney,30 Sep 2019,,No
,Muhammad Clark,muhammad.clark800@example.com,+61349053455,22,Pakstan,New York,06-17-2021,30049.98,active
CUST-200801,Daniel Lee,daniel.lee801@example.com,+61631246794,45,Canada,Calgary,27.11.2020,-400,No
,Mary Taylor,mary.taylor802@example.com,+49732437622,25.5,PAKISTAN ,Karachi,02/05/2026,10701.01,1
CUST-200803,Muhammad Young,muhammad.young803@example.com,+44336293189,-4,Australia,Sydney,2019-04-09,22924.2,No
CUST-200804,Sophia Khan,sophia.khan804@example.com,+49887198200,43,Germany,Berlin,31 Jan 2025,1O000,Yes
CUST-200805,Ahmed Ali,ahmed.ali805@example.com,000000000,,Pakistan,Islamabad,2023/09/29,-400,No
,Emma Ali,emma.ali806@example.com,unknown,49,PK,Melb,not-a-date,,active
CUST-200807,Olivia Brown,olivia.brown807@example.com,+49510571695,31,GER,Calgary,2022-08-20,4722.53,Yes
CUST-200127,Olivia Hall,olivia.hall808@example.com,+44377913321,56,UK,Seattle,2026-07-09,9132.41,No
CUST-200809,Muhammad Hall,mary.johnson89@example.com,123,71,United States,unknown,,999999999,No
,Noah Khan,noah.khan810@example.com,+49432609440,76,PK,Karachi,12 Jan 2026,15940.51,No
CUST-200811,Hassan King,not-an-email,+44438122644,,United States,New York,21/04/2019,21421.76,No
CUST-200812,Sophia Martin,,+61302428086,,Pakistan,Islamabad,Feb 30 2025,,Yes
CUST-200813,John Ali,john.ali813@example.com,+61494695145,68,Pakistan,Karachi?,08-20-2024,28281.35,active
CUST 200814,Mary Taylor,test@test,+1453288471,21,UK,Toronto,19/04/2021,14862.23,Yes
CUST-200553,Muhammad Taylor,,abc123,44,AUS,Toronto,?,20432.98,Yes
CUST-200818,Ahmed White,ahmed.white818@example.com,+1966322426,1O,Canada,Vancouver,19.09.2019,38545.07,Yes
 CUST-200819,Fatima Young,fatima.young819@example.com,+44960958763,82,Can.,Toronto,20.01.2020,16824.94,Yes
CUST-200820,UNKNOWN,daniel.king820@example.com,+44597917499,49,Australia,Brisbane,2020-05-30,"$12,500.50",
CUST-200821,Hassan Ahmed,hassan.ahmed821@example.com,+1932517992,51,Pakistan,Islamabad,03-28-2019,30819.75,Yes
CUST-200822,Fatima White,name@,+44474318556,36,US,Berlin,2019/11/22,8570.66,Yes
CUST-200823,Muhammad Clark,muhammad.clark823@example.com,+44813891731,0,Pakistan,Toronto.,2026-13-44,"12.500,50",Y
CUST-200824,Daniel Walker,daniel.walker824@example.com,+49319134642,60,United States,Seattle,missing,15820.44,No
CUST-200825,Ahmed Wilson,ahmed.wilson825@example.com,+1440001866,0,United Kingdom,Leeds,02-18-2019,free,No
CUST-200827,David Martin,david.martin827@example.com,+49531458932,,Pakistan,Lahore,11-02-2024,15878.76,No
CUST 200828,Zain Brown,zain.brown828@example.com,+44463304170,,United Kingdom,unknown,27/05/2021,37432.08,No
CUST-200829,Daniel Martin,mia.brown695@example.com,+44780573357,66,Germany,Munich,none,21258.94,No
CUST-200830,Fatima Johnson,fatima.johnson830@example.com,+49995389176,50,Australia,Melbourne,08.02.2025,11554.8,FALSE
CUST-200831,James Hall,user @mail.com,+61704905340,66,USA,Toronto,2019/12/23,20465.53,No
CUST-200832,FATIMA BROWN,fatima.brown832@example.com,+49370174415,77,Pakistan,Lahore,,999999999,Yes
CUST-200833,Fatima Martin,fatima.martin833@example.com,+92311592878,28,Australia,Brisbane,Feb 30 2025,18865.61,Yes
CUST-200834,Daniel Ali,fatima.lee618@example.com,+92398174267,50,Pakistan,Islamabad,07/12/2025,-400,Yes
CUST-200835,Noah Wilson,noah.wilson835@example.com,+1864796034,79,Australia,Sydney,10.09.2025,3000.72,Yes
CUST-200836,David White,david.white836@example.com,+61925756430,31,Germany,Munich,2022-03-12,27222.31,No
CUST-200837,James Smith,abc.com,+49783901564,67,Australia,Sydney,15 Jul 2024,free,Yes
 CUST-200838,Fatima Ali,not-an-email,++612345678,22,Canada,Calgary,11 Aug 2022,1O000,Yes
CUST-200839,Muhammad Walker,muhammad.walker839@example.com,+61438248942,47,Australia,Sydney,19.03.2021,33158.95,Yes
CUST-200840,Daniel Lee,daniel.lee840@example.com,+1878706212,54,AUS,Toronto,28/09/2024,19242.53,Yes
CUST-200841,Ahmed Khan,abc.com,+44792959385,69,USA,Lahore,2026/03/04,,Yes
CUST 200843,Emma Brown,emma.brown843@example.com,+1910841543,75,Canada,Toronto.,13/13/26,-400,Yes
 CUST-200844,John Clark,john.clark844@example.com,+92776095650,32,Australia,Sydney,06 Jun 2025,,No
???,Fatima Martin,fatima.martin845@example.com,+61745177453,43,Australia,Brisbane,14.01.2019,USD 2500,yes 
CUST-200846,???,aisha.young846@example.com,+49527799030,46,Canada,Calgary,12-26-2019,3949.65,
CUST-200847,Aisha Taylor,aisha.taylor847@example.com,+1 (555) TEST,999,Pakistan,Karachi,03/11/2021,39059.7,FALSE
CUST-200848,Olivia Khan,,+92652612492,1O,australia,Leeds,05-14-2021,38572.24,0
CUST-200849,Noah Hall,noah.hall849@example.com,0300 1234567,19,Australia,Brisbane,?,"12.500,50",1
CUST-200850,Ahmed White,user @mail.com,+92-300-ABC-123,73,pakistan,Chicago,20 Mar 2026,27141.33,No
CUST-200851,Zain Khan,,+1474443268,56,United States,Seattle,28.07.2025,39862.71,Yes
CUST-200852,???,david.king509@example.com,+44712517698,18 years,Canada,Vancouver,10 Nov 2023,5180.93,Yes
,???,name@,000000000,69,United Kingdom,London,02/07/2024,30028.79,No
CUST-200854,David Wilson,david.wilson854@example.com,000000000,-4,United States,New York,2019-10-03,35382.51,Yes
CUST-200855,Fatima Khan,fatima.khan855@example.com,+1555032931,145,Australia,Melbourne,-,"2,500 AUD",Yes
CUST 200856,Hassan Brown,hassan.brown856@example.com,+61618486386,53,United States,Seattle,09 Mar 2019,9939.41,TRUE
CUST-200857,Sophia Clark,,+92615042068,,USA,London,,32457.96,Yes
???,EmmaKing,foo.bar@domain,+92309264601,23,,London,03.04.2024,"2,500 AUD",No
CUST-200859,UNKNOWN,david.ahmed859@example.com,+44491748472,,United Kingdom,London,15/09/2022,5673.51,1
CUST-200860,Hassan Ali,hassan.ali860@example.com,+92952955455,57,Australia,Brisbane,unknown,,active
CUST-200861,Mia King,mia.king861@@example.com,+61664254961,79,Australia,Sydney,01-29-2020,38540.28,No
cust-200862,12345,daniel.taylor862@example.com,++612345678,35,United States,Karachi?,25/04/2026,24008.26,No
CUST-200863,John Taylor,john.taylor863@example.com,+49618675225,18,Germany,Berlin,2021-06-24,34522.79,No
CUST-200864,Aisha Ali,aisha.ali864@example.com,+1728277261,,Pakistan,Karachi,2026-04-06,free,No
CUST-200865,Hassan Wilson,test@test,+1375327742,40,GER,New York,32 Jan 2025,9613.14,Yes
CUST-200866,Noah Taylor,noah.taylor866@example.com,+1401893132,71,Pakstan,Hamburg,10 Jan 2023,27017.24,Yes
CUST-200867,Daniel Young,not-an-email,+61734211253,,United States,Seattle,10.09.2023,30287.54,No
CUST-200043,James Johnson,james.johnson868@example.com,+44609650274,70,Canada,Vancouver,09 Sep 2024,15647.42,1
CUST-200869,Zain Ali,ZAIN.ALI869@EXAMPLE.COM,+44507589706,76,,  Berlin  ,32 Jan 2025,36420.06,No
CUST-200870,Zain Wilson,zain.wilson870@example.com,unknown,999,United Kingdom,London,2020/02/21,18341.89,No
CUST-200871,James Martin,james.martin871@example.com,+44407878695,0,AUS,Vancouver,06 Jul 2023,23977.02,0
CUST-200872,Emma Johnson,emma.johnson872@example.com,+61746909674,21,Canada,unknown, ,39455.57,
CUST 200873,Noah White,noah.white873@example.com,,58,United Kingdom,Leeds,09-28-2022,32032.44,No
CUST-200874,12345,john.taylor874@@example.com,(02) 9999-8888,18 years,U.S.A,Karachi,15/09/2021,,No
CUST-200875,,john.brown875@example.com,+92688746705,30,Germany,unknown,05/02/2023,,Yes
CUST-200876,Noah Brown,noah.brown876@example.com,+92415795208,20,Australia,Sydney NSW,08-01-2024,5007.72,Yes
CUST-200877,Mr. Zain Wilson,zain.wilson877@example.com,+92578024110,-4,U.K.,Calgary,10/07/2022,1O000,Yes
CUST-200878,Ahmed Ali,ahmed.ali878@example.com,+92-300-ABC-123,75,PK,Karachi,16 Jun 2021,,Yes
CUST-200879,Mia Lee,,+44866130217,36,Pakistan,Sydney NSW,03/05/2024,"2,500 AUD",No
CUST 200880,,fatima.taylor880@example.com,+49924819933,51,United Kingdom,unknown,2024/06/03,-400,TRUE
200882,Sophia White,sophia.white882@example.com,+49633493939,1O,Canada,Sydney NSW,03/03/2022,37814.95,yes 
CUST-200883,Aisha Johnson,aisha.johnson883@example.com,+49744537605,47,Germany,Hamburg,15.09.2022,26738.19,Yes
CUST-200884,UNKNOWN,james.hall884@example.com,+92367668658,75,U.K.,,03.03.2022,33282.44,Y
CUST-200885,Hassan Khan,hassan.khan885@example.com,000000000,44,Canada,Toronto,03-07-2022,23773.14,
CUST-200886,Ahmed Martin,ahmed.martin886@example.com,000000000,32,australia,Londn,06-20-2019,22639.64,Y
CUST-200758,Fatima Hall,fatima.hall492@@example.com,+61843631237,145,Germany,Hamburg,2025/08/20,20068.58,No
CUST-200888,John Khan,john.khan888@example.com,+44440456037,29,PAKISTAN ,Manchester,,14803.46,Yes
CUST-200889,MiaKing,mia.king889@example.com,+49802168215,57,Can.,Berlin,12/11/2021,674.25,N
???,Daniel Khan,daniel.khan890@example.com,123,36,United Kingdom,Karachi?,2024/08/07,free,No
CUST-200891,HassanWalker,user @mail.com,+1433752796,73,Canada,123,08 Mar 2019,30261.59,Yes
CUST-200892,Emma Brown,emma.brown892@example.com,+44427717916,33,Germany,Munich,,"2,500 AUD",Yes
 CUST-200893,Olivia Clark,olivia.clark893@example.com,abc123,50,Canada,Calgary,2024/04/29,1O000,No
CUST-200299,Aisha White,@domain.com,0300 1234567,36,Pakistan,Sydney NSW,23/12/2025,12521.98,inactive
CUST-200896,David Hall,abc.com,+61471127461,25.5,Pakistan,Islamabad,04.02.2026,"$12,500.50",No
CUST-200897,12345,,+44488213010,999,GER,Brisbane,28/11/2019,,No
CUST-200898,David Young,david.young898@example.com,+92953791689,44,Australia,Karachi?,Feb 30 2025,27774.97,No
CUST-200899,Ali Smith,john.ali392@example.com,+49658296136,-4,United States,New York,2019-10-05,USD 2500,No
CUST-200900,James Taylor,james.taylor900@example.com,(02) 9999-8888,57,Canada,Toronto,06-12-2024,23428.67,Yes
CUST-200901,James Wilson,james.wilson901@example.com,+1434320481,35,,Chicago,2019/09/06,"2,500 AUD",Yes
CUST-200902,Aisha Walker,test@test,000000000,43,Pakistan,Lahore,10.10.2024,7860.21,No
CUST-200903,Mary Brown!!!,mary.brown903@example.com,123,1O,Canada,Vancouver,2020-05-13,"2,500 AUD",active
CUST-200904,David Wilson,not-an-email,+44750524157,44,United Kingdom,London,02-17-2023,"$12,500.50",inactive
CUST-200905,Ali Smith,ali.smith905@example.com,+92333589895,-4,australia,Vancouver,21.07.2024,999999999,TRUE
CUST-200906,Emma Lee,emma.lee906@example.com,+61530901032,55,United States,Chicago,15/04/2026,35655.78,No
CUST-200907,???,olivia.white907@example.com,+92864813065,47,United states of america,Berlin,,4881.13,No
CUST-200908,John Smith,,+92890775589,42,Australia,Melbourne,12.02.2026,2636.08,Yes
CUST-200909,Daniel Johnson,abc.com,+49972767197,76,US,Munich,,917.35,N
CUST-200910,James Hall!!!,james.hall910@example.com,++612345678,19,Germany,Hamburg,2023/03/10,3149.88,Yes
CUST-200297,Mary Clark,mary.clark911@example.com,+61636658964,53,Can.,Melbourne,not-a-date,,maybe
CUST-200236,Muhammad Ahmed,muhammad.ahmed912@example.com,+44578219555,40,Australia,Sydney,05.05.2021,22718.28,No
cust-200913,Mary Ali ,mary.ali913@example.com,+49765308874,64,Germany,Munich,2021-05-31,33306.92,No
CUST-200914,Hassan Wilson,hassan.wilson914@example.com,+1346614636,49,Pakistan,Islamabad,2021-01-28,"12.500,50",Yes
CUST-200915,Aisha Hall,aisha.hall915@example.com,+61741725825,21,Pakistan,Lahore,12 Jun 2026,999999999,active
CUST-200916,Mr. Mia Brown,,unknown,44,USA,Calgary,?,free,Yes
CUST-200917,Ali King,ali.king917@example.com,++612345678,56,Germany,Munich,07.04.2025,"2,500 AUD",TRUE
CUST-200918,John Young,john.young918@example.com,+61909596405,18,Pakstan,Hamburg,28.11.2022,999999999,maybe
CUST-200919,David White,@domain.com,+61957922704,61,United states of america,Munich,05-13-2021,"12.500,50",Yes
CUST-200920,Daniel King,daniel.king920@example.com,+1 (555) TEST,,United States,Seattle,2024/01/24,14625.32,Yes
CUST-200921,David White,david.white921@example.com,000000000,68,AUS,Islamabad,2022/08/21,25977.53,Yes
CUST-200922,Sophia Hall!!!,,+1634318813,50,United Kingdom,Manchester,2021/06/11,20030.6,No
CUST-200923,Aisha Brown,aisha.brown923@example.com,+49915187023,77,Australia,Brisbane,18 Oct 2021,29814.08,Yes
CUST-200924,Muhammad White,muhammad.white924@example.com,123,82,United States,Chicago,01-19-2026,12125.01,No
CUST-200925,Ahmed Ahmed,ahmed.ahmed925@example.com,+44614129652,39,United Kingdom,London,13/13/26,free,Yes
,Mr. Noah Ali,noah.ali926@example.com,+61323186847,54,United States,Karachi?,31/02/2026,6195.24,Yes
,Sarah Johnson,sarah.johnson927@example.com,123,56,Australia,Brisbane,30.07.2020,26059.9,
CUST-200928,Fatima Taylor,fatima.taylor928@example.com,+44611513803,39,Australia,Melbourne,20/07/2023,11462.96,0
CUST-200929,Noah Taylor,noah.taylor929@example.com,+49724617622,999,,,25.06.2025,38950.44,Yes
CUST-200930,Daniel Johnson,daniel.johnson930@example.com,+44380752716,18,USA,Karachi,00/00/0000,16068.14,Yes
???,John White,@domain.com,+1654808032,43,Canada,Calgary,2022/12/21,18307.86,active
CUST-200932,Mr. Ali Young,abc.com,+92551539934,48,Australia,Sydney,,18464.23,Yes
CUST-200933,Mia Johnson,mia.johnson933@example.com,+49812413176,20,,Manchester,2026-05-21,,active
CUST-200934,Ahmed Brown,ahmed.brown934@example.com,(02) 9999-8888,57,pakistan,Sydney,27 Feb 2026,11535.17,TRUE
CUST-200935,Emma Brown,EMMA.BROWN935@EXAMPLE.COM,+92918967791,,Pakistan,Lahore,2023-09-03,21751.06,Yes
CUST-200936,UNKNOWN,,+1 (555) TEST,58,United States,NYC,29 Mar 2022,29652.68,No
CUST-200937,Muhammad Johnson!!!,abc.com,,57,Germany,Berlin,02 May 2022,30279.84,Y
CUST-200938,Aisha Johnson,aisha.johnson938@example.com,+92336977885,19,United Kingdom,Manchester,12.07.2025,34480.35,No
CUST-200939,Emma Taylor!!!,not-an-email,000000000,26,,Vancouver,13/09/2020,17628.73,active
CUST-200940,Daniel Ahmed,daniel.ahmed940@example.com,+44828342768,57,United States,Karachi?,2026-13-44,-400,No
???,  Fatima Lee  ,name@,+49692252098,25.5,United Kingdom,Manchester,02-25-2025,7136.07,active
CUST-200942,David Lee,not-an-email,+49870839891,68,australia,Sydney,unknown,23900.82,Yes
CUST-200943,Ali Taylor,foo.bar@domain,+92357589420,48,UK,Munich,2023/09/30,1O000,No
cust-200944,,test@test,+44952049737,23,Canada,Toronto,21 Jan 2024,19931.12,Yes
CUST-200945,Sarah Johnson,,+1358434871,68,Canada,Vancouver,2021/08/25,32471.53,Yes
CUST-200946,Mary Martin,abc.com,0300 1234567,59,Australia,NYC,28 Dec 2023,"$12,500.50",maybe
,Sophia Lee,name@,+49946906953,,Canada,Toronto,07-06-2023,11568.31,No
,,,+44981906956,145,United States,Chicago,07.03.2022,35893.58,No
CUST-200949,Fatima Ali,test@test,unknown,81,,London,2022-09-21,39302.48,
CUST-200950,Sarah Taylor,,+61839794901,32,PK,Hamburg,16 Jul 2025,2925.1,No
CUST-200951,Muhammad Taylor,muhammad.taylor951@example.com,+49454798382,999,United states of america,Sydney,,USD 2500,No
CUST-200952,Mary Smith,mary.smith952@example.com,unknown,22,United States,Chicago,2024-08-29,6588.61,0
CUST-200176,AishaMartin,aisha.martin953@example.com,+92487713956,37,UK,Sydney,99-99-9999,7553.29,Yes
CUST-200954,Ahmed Khan,ahmed.khan954@example.com,+61335500487,46,United Kingdom,London,not-a-date,1O000,Yes
CUST-200955,Mary Lee,mary.lee955@example.com,+92-300-ABC-123,44,Canada,Vancouver,19 Mar 2026,31287.71,1
CUST-200956,Sarah Khan,sarah.khan956@example.com,000000000,72,Pakistan,Karachi,09-07-2021,9206.21,No
CUST-200957,,test@test,(02) 9999-8888,0,Australia,Melbourne,26 May 2025,8139.81,Yes
CUST-200959,Mia Khan,mia.khan959@@example.com,+44747540617,0,USA,Hamburg,28/11/2019,18483.6,Yes
CUST-200960,,test@test,000000000,29,USA,Munich,15.09.2020,34228.54,No
CUST-200961,Ali Ahmed,test@test,,67,Pakistan,Islamabad,,USD 2500,Yes
CUST-200962,,olivia.white962@example.com,+49610169770,,United states of america,Toronto.,07/12/2024,7381.09,Yes
CUST-200963, James Hall,james.hall963@example.com,+49444308428,53,Germany,Karachi?,03-21-2024,,No
CUST 200964,12345,@domain.com,+44880577101,75,United States,Chicago,12-15-2022,32842.94,no 
CUST-200965,UNKNOWN,not-an-email,+44474007875,18 years,Canada,Toronto,2025/00/12,464.88,No
CUST-200966,,sophia.young966@example.com,+1428995670,,Pakstan,Sydney,12 Jan 2023,35744.58,Yes
CUST-200967,Mr. Noah Young,@domain.com,+1723382465,,Pakistan,Islamabad,12 Feb 2023,999999999,
CUST-200968,,olivia.smith968@example.com,+49499945652,60,Canada,,05 Nov 2019,30368.94,No
CUST-200969,Noah Ahmed,noah.ahmed969@example.com,000000000,25,Pakistan,Melb,09-25-2025,20605.89,Yes
CUST-200970,Muhammad Hall,not-an-email,abc123,0,Pakistan,Lahore,31/02/2026,31483.49,no 
CUST-200971,???,ahmed.smith971@example.com,+92-300-ABC-123,65,United States,New York,08-12-2023,1947.91,No
CUST-200972,Fatima Taylor,fatima.taylor972@example.com,,29,Canada,123,10.02.2020,10094.2,No
CUST-200973,Daniel Ali,daniel.ali973@example.com,,66,U.K.,Vancouver,2021-04-11,,Y
CUST-200974,,sophia.brown974@example.com,unknown,33,UK,Lahore,missing,3533.99,No
CUST-200975,Fatima Young,fatima.young975@example.com,+92488115520,,United States,Seattle,none,"2,500 AUD",FALSE
CUST-200977,Hassan Lee,hassan.lee977@example.com,+61784230347,74,Australia,Brisbane,13/13/26,,No
 CUST-200978,UNKNOWN,muhammad.ali978@example.com,+92564413156,-4,United Kingdom,London,01-27-2025,999999999,Yes
CUST-200979,Hassan King,hassan.king979@example.com,+1858664052,25,,Toronto.,none,35604.75,No
CUST-200980,Sophia Hall,sophia.hall980@example.com,+1300949359,-4,USA,unknown,30.07.2020,USD 2500,inactive
CUST-200981,UNKNOWN,john.taylor981@example.com,+44532733683,1O,Can.,Sydney NSW,10-30-2024,7033.91,Yes
CUST-200982,Aisha Young,,+49408646376,67,Canada,Toronto,Feb 30 2025,9702.31,No
CUST-200984,Mia White,,+44552818146,60,Australia,Melbourne,14/06/2024,7118.01,Yes
CUST-200985,Mary Lee,mary.lee985@example.com,000000000,26,pakistan,unknown,01 Oct 2020,33894.47,No
CUST-200986,Zain Clark,zain.clark986@example.com,++612345678,23,U.S.A,Lahore,17/03/2021,3443.27,Yes
CUST-200987,12345,sarah.lee987@example.com,+61857816049,73,United Kingdom,Leeds,30.08.2019,14338.67,yes 
CUST-200988,Ali Ali,ali.ali988@example.com,+1346326146,71,United Kingdom,London,02/03/2023,7487.96,No
CUST-200989,James Smith,james.smith989@example.com,+49777269395,67,Canada,Toronto,30 Jan 2026,19306.03,Yes
CUST-200990,,hassan.wilson271@example.com,+1704771283,30,USA,London,30 Jan 2022,4525.56,Yes
,12345,hassan.young991@example.com,+49318032730,82,Canada,Calgary,25.08.2024,,No
CUST-200992,Sophia Brown,sophia.brown992@example.com,+92-300-ABC-123,999,UK,New York,15.05.2019,3606.61,Yes
CUST-200993,John Walker,john.walker993@example.com,unknown,75,Australia,Brisbane,2025/06/08,600.8,Yes
CUST-200994,James Ali,james.ali994@example.com,++612345678,,US,Chicago,08-05-2020,31472.47,Yes
CUST-200995,UNKNOWN,abc.com,+92832443355,,,Brisbane,02-25-2026,26119.32,No
CUST-200996,Hassan Hall,hassan.hall996@example.com,+49761994016,47,Germany,Karachi?,not-a-date,,yes 
CUST-200997,12345,not-an-email,+92436975288,28,Germany,Munich,10.04.2020,17014.33,Yes
CUST-200998,Fatima Wilson,fatima.wilson998@example.com,000000000,,United Kingdom,unknown,26 Jan 2022,23076.97,1
CUST-200999,David Hall,foo.bar@domain,+92458779502,-4,United Kingdom,Manchester,2026-05-12,36416.35,No
CUST-201000,UNKNOWN,ahmed.smith1000@example.com,unknown,42,United States,Seattle,2019/10/24,1O000,No
???,Emma Ahmed,emma.ahmed1001@example.com,123,55,USA,Calgary,07/09/2022,37266.35,0
CUST-201002,Hassan Martin,,+44344276308,64,,Berlin,02.08.2019,"12.500,50",TRUE
CUST-201003,Zain Martin!!!,zain.martin1003@example.com,+44771974894,31,United Kingdom,London,2022-04-08,29691.02,Yes
CUST-201004,Noah Walker,noah.walker1004@example.com,+1585218767,63,Pakistan,Islamabad,2024-11-05,26314.3,no 
CUST-201005,Sarah Martin,sarah.martin1005@example.com,+92325233396,72,Canada,Vancouver,missing,29874.15,No
CUST-201006,Ali King,ali.king1006@example.com,,18 years,GER,Seattle,99-99-9999,35542.68,Yes
CUST-201008,Mary Ali,,+92336610784,twenty,Germany,Hamburg,,12575.06,No
CUST-201009,12345,,+49806137688,0,PAKISTAN ,123,29/10/2020,32190.44,Y
CUST-201010,Zain Clark,zain.clark1010@example.com,+44984364766,49,United States,Seattle,28.11.2019,USD 2500,No
CUST-200364,Ali King,ali.king1011@example.com,++612345678,30,Pakistan,Karachi,11-18-2024,35591.9,Yes
cust-201012,Emma Young,emma.young1012@example.com,+1689103649,64,Pakistan,Islamabad,31/03/2025,36239.69,Yes
CUST-201013,Zain Walker,zain.walker1013@example.com,+1859069068,63,PAKISTAN ,Chicago,2023/07/06,6883.82,Yes
,Olivia Khan,olivia.khan1014@example.com,abc123,74,Germany,Hamburg,missing,1983.77,No
CUST-201015,Mary Taylor,mary.taylor1015@example.com,+44546564517,40,United Kingdom,Manchester,2020-12-29,20434.7,No
CUST-201016,Daniel Brown,name@,+92618263196,0,Germany,Hamburg,23 Jun 2023,,yes 
CUST-201017,Olivia Wilson,olivia.wilson1017@example.com,+61374563709,28,Canada,Calgary,2023/10/12,34000.32,
CUST-201018,Ahmed Brown,ahmed.brown1018@example.com,,81,United States,New York,2025/03/21,15420.48,FALSE
CUST-201019,Sophia Young,aisha.king289@example.com,+92-300-ABC-123,,Australia,Toronto.,12/05/2024,187.99,Yes
???,Mr. Noah Khan,noah.khan1020@example.com,+49825478503,48,Germany,Berlin,2025/00/12,1O000,No
CUST-201021,Ali Ali,abc.com,+49517347022,145,Australia,Brisbane,14 Jan 2020,11173.92,active
201022,Mia Young,mia.young1022@example.com,++612345678,64,Pakistan,Lahore ,11 Mar 2025,38825.55,No
CUST-201023,Ahmed Martin,ahmed.martin1023@example.com,+1793407979,67,Pakistan,Lahore,11.02.2023,5449.27,Yes
,Ali Walker,test@test,+44853383540,56,United states of america,Calgary,10-04-2024,"2,500 AUD",Yes
 CUST-201025,Noah Clark,abc.com,+92-300-ABC-123,25.5,United States,Sydney NSW,?,,Yes
CUST-201026,Ali Taylor,ali.taylor1026@example.com,+49967977905,71,Germany,Munich,2022-01-10,32115.61,No
CUST-201027,Fatima Taylor,fatima.taylor1027@example.com,+49986013255,51,Canada,,2021/12/31,24312.46,
cust-201028,Mr. Ali Smith,ali.smith1028@@example.com,+92-300-ABC-123,70,Australia,Melbourne,04/11/2021,947.97,No
cust-201029,David Ali,user @mail.com,+44965953016,,Canada,Toronto,23/08/2023,26139.45,No
CUST-201030,Emma Young,emma.young1030@example.com,+92448128602,80,US,,08-06-2024,19236.96,inactive
CUST-201031,Sarah Smith,,+49521291037,74,United Kingdom,London,2024-12-10,22041.44,active
 CUST-200838,FatimaTaylor,fatima.taylor1032@example.com,+49728172519,30,Australia,Melbourne,2026-02-31,34488.08,No
CUST-201033,Ali Ahmed,abc.com,+49887547916,18 years,United States,New York,08 Jun 2023,23773.61,No
CUST 201034,Olivia Khan,,+1539989649,20,United States,Melb,05-28-2022,35384.57,No
CUST-201035,Mr. Fatima Clark,fatima.clark1035@example.com,unknown,72,U.K.,Vancouver,2023-04-07,27787.64,
CUST 201036,12345,foo.bar@domain,++612345678,69,Pakistan,Karachi,01-23-2024,"2,500 AUD",Yes
CUST-201037,Sarah White,sarah.white1037@example.com,+44420604855,27,Pakistan,Karachi,19/01/2023,17621.96,TRUE
CUST-201038,Fatima Young,fatima.young1038@example.com,+44955429598,,pakistan,Munich,2020-04-13,19476.09,No
CUST-201039,Ahmed Johnson,ahmed.johnson1039@example.com,+1884585014,46,Pakstan,Seattle,2023/01/13,999999999,Yes
CUST-201040,,noah.clark1040@example.com,+92-300-ABC-123,69,United Kingdom,Leeds,2023/12/10,5105.97,Yes
CUST-201041,12345,james.khan1041@example.com,+61502458588,31,UK,Vancouver,26.06.2019,27361.12,Yes
CUST-201042,David Taylor,david.taylor1042@example.com,+61574417348,25,Pakistan,Lahore,2023/02/11,USD 2500,No
CUST-201043,James Khan,james.khan1043@example.com,abc123,45,U.K.,123,2022/11/14,35524.33,
CUST-201044,James White,@domain.com,+92637567732,26,Australia,Sydney,2020-06-01,,active
CUST-201045,MiaKing,name@,+1895280760,64,Can.,Londn,2024-09-18,,Yes
CUST-201046,Sarah Brown,sarah.brown1046@example.com,,29,Pakistan,Islamabad,14/07/2022,32472.35,Yes
201047,,,+61888032448,70,GER,Lahore,28.01.2024,24841.97,Yes
CUST-201048,Ahmed Young,ahmed.young1048@example.com,+61956574301,73,United States,Seattle, ,4930.2,Yes
CUST-201049,Muhammad Ali,muhammad.ali1049@example.com,+61419798090,23,Canada,NYC,2023-08-24,21864.65,Yes
CUST-201050,Ahmed Lee,user @mail.com,+49897783658,,Pakistan,Lahore,11 Jul 2023,26600.66,No
CUST-201051,Sophia Brown,test@test,+44607900764,39,Australia,Londn,2026-07-05,38250.52,1
CUST-201052,Zain Brown,abc.com,+1720714893,62,Pakistan,Karachi, ,35377.61,Yes
CUST-201053,Sophia Ali,sophia.ali1053@example.com,++612345678,999,United States,unknown,20.02.2019,"2,500 AUD",No
CUST-201054,Ahmed Martin!!!,ahmed.martin1054@example.com,++612345678,145,Canada,Toronto,,9006.49,Yes
CUST-201055,Sarah Khan,sarah.khan1055@example.com,+61397066024,50,Pakistan,Karachi,10-13-2019,,
cust-201056,Emma Clark,emma.clark1056@example.com,+44526946214,75,UK,Berlin,26/05/2022,10928.79,No
CUST-201057,12345,james.smith1057@example.com,+92-300-ABC-123,,Canada,Toronto,15/09/2022,30693.86,No
CUST-201058,Sophia Johnson,sophia.johnson1058@example.com,+1705277863,27,UK,London,13/13/26,"2,500 AUD",No
CUST-201060,Daniel Smith,daniel.smith1060@example.com,+1313360020,1O,Canada,Toronto,01-17-2019,6704.59,1
CUST-201061,AishaYoung,aisha.young1061@example.com,+1536267097,47,Pakistan,,99-99-9999,26187.1,maybe
CUST-201062,Ali King,ali.king1062@example.com,(02) 9999-8888,18 years,Australia,Sydney,02.03.2025,22129.82,Yes
CUST-201063,David Lee,david.lee1063@example.com,,20,Canada,calgary,25.04.2025,,yes 
CUST-201064,John Lee,john.lee1064@example.com,unknown,70,United States,New York,2019-06-12,29021.91,No
CUST-201065,Zain Brown,,+44483403853,65,Canada,Vancouver,2024/07/15,7030.18,No
CUST-201066,,,(02) 9999-8888,28,AUS,Toronto.,17/08/2024,1309.55,No
CUST-201067,Ahmed Young,ahmed.young1067@example.com,+49588917816,48,Germany,Berlin,04-01-2022,,No
CUST-201068,Mia Martin,name@,(02) 9999-8888,50,GER,Islamabad,2023-02-01,"12.500,50",FALSE
CUST-201069,UNKNOWN,fatima.lee1069@example.com,+49384494675,48,U.K.,Seattle,2024/01/19,1O000,No
CUST-201070,Muhammad Clark,muhammad.clark1070@example.com,abc123,twenty,United Kingdom,London,,1842.13,No
CUST-201071,Muhammad Walker,muhammad.walker1071@@example.com,+44843662142,64,Can.,Lahore,2021-07-01,"2,500 AUD",No
CUST-201072,Zain Young,zain.young1072@example.com,+1809218963,1O,Pakistan,Karachi,2019/12/02,28240.46,No
CUST-201073,Mia Walker,@domain.com,,68,USA,Londn,2025-02-27,free,Yes
CUST-201074,Daniel Brown,daniel.brown1074@example.com,+44961910672,81,Canada,unknown,2025-04-14,416.64,Yes
CUST-201075,Ahmed King,,000000000,,australia,Toronto.,2024/01/21,1O000,
CUST-201076,Muhammad Ali,muhammad.ali1076@example.com,+44352429767,36,United States,Seattle,2026-02-31,31220.8,No
CUST-201077,Mary Walker,mary.walker1077@example.com,+61598640360,,Canada,Calgary,12 Feb 2022,"2,500 AUD",active
CUST-201078,John Smith,john.smith1078@example.com,+1 (555) TEST,26,Australia,Brisbane,2020-09-01,7009.45,Yes
CUST-201079,Mr. Mary Smith,mary.smith1079@example.com,+44797205741,72,Canada,Toronto,2021-10-03,,TRUE
CUST-201080,Mr. Ahmed Smith,ahmed.smith1080@example.com,,1O,United Kingdom,Leeds,01/09/2020,-400,active
CUST-201081,Muhammad Ahmed!!!,muhammad.ahmed1081@example.com,+61344056119,54,Australia,Toronto.,08-25-2019,1O000,No
CUST-201082,Fatima Clark,foo.bar@domain,+1480139564,78,Pakistan,Islamabad,2023-12-30,18022.9,No
CUST-201083,Aisha Clark,aisha.clark1083@example.com,123,68,United Kingdom,London,,,maybe
CUST-201084,David Brown,DAVID.BROWN1084@EXAMPLE.COM,+92930701680,-4,USA,Manchester,2022/03/19,21301.08,No
CUST-201085,Ali King,ALI.KING1085@EXAMPLE.COM,+44725917773,48,Australia,Brisbane,23 Aug 2019,16100.6,active
CUST-201086,Zain Ahmed,zain.ahmed1086@example.com,+44633911706,19,United States,Seattle,2019/03/03,33275.32,Yes
CUST-201087,Olivia Smith,OLIVIA.SMITH1087@EXAMPLE.COM,+49613435497,56,United states of america,Sydney NSW,31/02/2026,10041.76,No
CUST-201088,John Ahmed,john.ahmed1088@@example.com,+49761865691,40,U.S.A,Leeds,?,-400,No
CUST-201089,Fatima Khan!!!,test@test,+61783003009,71,United States,Seattle,2023/07/30,21479.29,No
CUST-201090,Fatima Ali,fatima.ali1090@example.com,+92829590661,44,Pakistan,Karachi,,"2,500 AUD",Yes
CUST-201091,???,sophia.clark1091@example.com,,71,Germany,Londn,07 Jun 2021,12813.82,No
CUST-201092,Fatima Brown,fatima.brown1092@example.com,+92568482482,76,,Karachi,03 Nov 2022,13023.39,Yes
CUST-201093,Ali Khan,ali.khan1093@example.com,+61828443907,82,United States,New York,   ,5603.39,no 
CUST-201094,Daniel King,name@,+61428038920,28,AUS,NYC,2026-13-44,7927.19,No
CUST-201095,Sophia Young,abc.com,unknown,51,Pakistan,unknown,2020-11-05,18144.86,Yes
CUST-201096,Muhammad Brown,muhammad.brown1096@example.com,+49405950036,49,Australia,Brisbane,10.10.2023,28583.65,No
,Mary Walker,mary.walker1097@@example.com,+44372842384,,Pakistan,Karachi,09-12-2023,"2,500 AUD",No
CUST-201098,Olivia Ahmed,test@test,+49935977149,52,GER,Brisbane,2022-06-10,1527.02,Yes
CUST-201099,Zain Walker,zain.walker1099@example.com,+92-300-ABC-123,999,Pakistan,Lahore,2022-01-03,12898.53,
CUST-201100,???,abc.com,+92718437989,82,Canada,Vancouver,06.08.2023,USD 2500,Yes
CUST-201101,Zain Hall,zain.hall1101@example.com,+1 (555) TEST,36,PK,Melbourne,32 Jan 2025,36457.05,No
201102,Fatima Walker,fatima.walker1102@example.com,+1860076442,31,,,16/12/2020,37438.64,No
CUST-201104,Sophia Smith,test@test,+1858904324,19,United States,NYC,10 Jun 2025,35878.95,maybe
CUST-201105,???,muhammad.hall1105@example.com,+49450913699,60,Canada,Vancouver,27.07.2020,22557.19,No
CUST-201106,Sarah Hall,sarah.hall1106@example.com,+92432906696,28,UK,NYC,99-99-9999,38926.7,
CUST-201107,Ali Young,ali.young1107@example.com,+49695610315,54,Pakistan,unknown,11/05/2024,10485.2,Yes
CUST-201108,Emma Khan,emma.khan1108@example.com,+1395905250,55,Australia,Sydney,unknown,21467.95,No
CUST-201109,Olivia Young,olivia.young1109@example.com,+92408780944,25.5,Australia,Sydney,28.04.2023,7022.7,No
201110,Mia Wilson,MIA.WILSON1110@EXAMPLE.COM,+61340391716,51,Canada,Vancouver,?,32307.84,no 
CUST-201111,Fatima Brown,fatima.brown1111@example.com,+1 (555) TEST,25.5,,Chicago,,39564.12,No
CUST-201112,James Ahmed,james.ahmed1112@example.com,0300 1234567,36,United States,Chicago,2022-05-31,11450.72,Yes
CUST-201113,Muhammad Young,muhammad.young1113@example.com,,37,Australia,Brisbane,,5748.12,No
CUST-201114,Mia Brown,mia.brown1114@example.com,+92982852633,33,United Kingdom,Manchester,28.04.2025,"2,500 AUD",No
,Mia Brown,test@test,,29,Canada,Toronto.,not-a-date,2806.25,Yes
CUST-201116,,test@test,+61963146484,69,Canada,Calgary,13/13/26,20153.84,Yes
CUST-201117,,ali.king1117@example.com,+1773426850,26,Pakistan,,-,23243.48,No
CUST-201118,MiaTaylor,mia.taylor1118@example.com,+49767462739,64,Canada,Vancouver,07.07.2025,22006.75,No
CUST-201119,Fatima King,fatima.king1119@example.com,+49670190327,27,USA,Hamburg,09-29-2025,28371.78,
CUST-201121,Mary Ali,mary.ali1121@example.com,+49916150968,35,U.K.,123,31.05.2024,,No
CUST-201122,Mia Martin,MIA.MARTIN1122@EXAMPLE.COM,,22,Germany,Berlin,04-24-2020,"2,500 AUD",Yes
CUST-201123,Mary Walker,mary.walker1123@example.com,+61333457614,76,United Kingdom,Manchester,11 May 2021,20245.31,maybe
CUST-201124,Olivia Khan,mary.taylor802@example.com,000000000,64,PK,Toronto,19 Mar 2024,-400,No
CUST-201125,Emma Brown,emma.brown1125@example.com,+49352464083,80,Canada,Vancouver,2025/00/12,free,No
CUST-201126,,sarah.walker1126@example.com,123,67,Pakistan,Karachi,28.08.2024,8760.18,
CUST-201127,Aisha Johnson,aisha.johnson1127@example.com,++612345678,77,,Melbourne,2025/07/27,39331.14,Yes
CUST-201128,,muhammad.ali1128@example.com,+61581480536,,Australia,Londn,unknown,32249.4,TRUE
CUST-201129,Mr. Olivia Hall,olivia.hall1129@example.com,+44429003912,57,,Munich,2022/11/02,27617.31,Yes
CUST-201130,Aisha Ahmed,aisha.ahmed1130@example.com,+44622271849,25.5,United Kingdom,Manchester,2024/04/15,1O000,active
CUST-201131,James Walker,abc.com,+92915564084,78,,NYC,16.05.2020,8430.31,No
CUST-201132,Fatima Johnson,fatima.johnson1132@example.com,(02) 9999-8888,72,Canada,NYC,05.03.2025,"2,500 AUD",inactive
CUST-201133,Mia Wilson,mia.wilson1133@example.com,+49444769996,32,Canada,Vancouver,,,No
CUST-201134,David Wilson,david.wilson1134@example.com,+61680653661,69,United Kingdom,Manchester,31 Oct 2022,10160.02,inactive
CUST-201135,Sarah Ahmed,sarah.ahmed1135@example.com,+49682003933,76,AUS,Seattle,10-18-2020,5886.29,No
CUST-201136,,name@,+49561392101,145,Pakistan,Toronto.,2022/09/10,16541.76,Yes
CUST-201137,Olivia King,olivia.king1137@example.com,+61750880405,23,Pakistan,Lahore,2022-03-28,39159.61,No
CUST-201138,,james.ali1138@example.com,+92468349862,18 years,Canada,Vancouver,09 Apr 2019,free,Yes
CUST 201139,JamesAli,,++612345678,36,United Kingdom,Manchester,25/09/2025,12089.06,No
CUST-201140,Hassan Taylor,hassan.taylor1140@example.com,+44776194917,62,Pakstan,Vancouver,2021-02-02,1O000,Yes
CUST-201141,Mary Walker,mary.walker1141@example.com,abc123,18 years,,Londn,2025/10/20,22967.46,Yes
CUST-201142,Mia Ali,@domain.com,+49822855171,74,Australia,Melbourne,01-25-2019,21241.06,
CUST-201144,Sarah Johnson,sarah.johnson1144@example.com,+49762329627,,Canada,  Vancouver  ,21/03/2024,23791.05,Yes
CUST-200579,Sophia King,sophia.king1145@example.com,+92751199735,77,Pakistan,Karachi,25/01/2024,20649.57,Yes
CUST-201146,David White,,+1552316632,82,pakistan,London,31/10/2022,26096.47,No
CUST-201147,John King,john.king1147@example.com,+49623840249,999,Australia,Toronto.,07-08-2024,25110.62,No
CUST-201149,Aisha White,aisha.white1149@example.com,+49583151691,61,United Kingdom,Leeds,2023/01/07,4838.51,maybe
CUST-201150,Noah Johnson,@domain.com,+44564356307,,Germany,Hamburg,04-27-2024,34863.27,Yes
CUST-201151,???,DAVID.WALKER1151@EXAMPLE.COM,+61301523023,64,UK,Hamburg,03 Jun 2026,1O000,0
CUST-201152,John Hall,john.hall1152@example.com,+1986931146,47,United Kingdom,London,10-20-2022,,No
CUST-201153,,ali.king1153@example.com,+92663186953,26,pakistan,New York,2024/05/23,USD 2500,Yes
CUST-201154,SarahWilson,sarah.wilson1154@example.com,,57,Australia,unknown,06-24-2020,27543.33,Yes
CUST-201155,Ali White,ali.white1155@example.com,+44991456776,-4,Australia,Melbourne,05/06/2024,4336.64,N
201156,Ali Taylor,ali.taylor1156@example.com,abc123,21,Canada,Calgary,,1O000,FALSE
CUST-201157,Ali Johnson,ali.johnson1157@example.com,+61725118624,69,GER,Islamabad,2021/10/03,3876.52,No
CUST-201158,Sophia Johnson!!!,sophia.johnson1158@example.com,+61894335522,-4,Pakistan,Toronto.,13.01.2024,1O000,N
CUST-201159,Noah Martin,noah.martin1159@example.com,0300 1234567,27,United States,New York,01-29-2021,-400,Yes
,David Wilson,not-an-email,+44603247742,,Pakistan,Lahore,2023/05/03,999999999,No
CUST-201161,Mr. Mary White,foo.bar@domain,+92960165832,32,AUS,Karachi,04/11/2024,17010.4,1
CUST-200286,Fatima Hall,fatima.hall1162@example.com,+1762578209,0,Canada,Toronto,99-99-9999,282.03,0
,Sarah Lee,sarah.lee1163@example.com,+44522635321,-4,AUS,Seattle,08/04/2024,10116.24,No
CUST-201164,,abc.com,+44973703728,42,Germany,Munich,2025-01-14,11034.89,Yes
CUST-201165,Olivia Ali,olivia.ali1165@example.com,+1661960056,39,United States,Seattle,99-99-9999,38425.0,
CUST-201166,Ahmed Martin,ahmed.martin1166@example.com,unknown,75,GER,Seattle,,USD 2500,No
CUST-201167,Sarah Martin!!!,@domain.com,+1983246954,46,Germany,Sydney NSW,10-26-2021,25381.97,No
CUST-201168,Daniel Clark,@domain.com,+92448065624,63,U.K.,Vancouver,28.12.2022,36955.36,no 
CUST-201169,Ali Khan,name@,+1469143243,69,Pakistan,Karachi,24/02/2020,13953.9,No
,Emma Khan,emma.khan1170@example.com,000000000,30,US,123,10-13-2024,21832.92,Yes
CUST-201171,Mary Ali,mary.ali1171@example.com,+44379343111,twenty,Australia,Brisbane,30 Nov 2020,12695.43,Yes
CUST-201172,Ahmed Walker,,+1854428775,999,Germany,Hamburg,31/02/2026,6475.15,No
CUST-201173,12345,HASSAN.TAYLOR702@EXAMPLE.COM,,999,Pakstan,Sydney,2022-04-06,20215.18,No
CUST-201174,Mary Johnson,mary.johnson1174@example.com,+61822480977,26,Canada,Vancouver,2022/08/03,6640.5,yes 
CUST-201175,Mary Clark,abc.com,+44883507534,145,United States,Seattle,30/01/2026,25383.25,No
 CUST-201176,Daniel King,,+1993085893,twenty,UK,Melb,10/04/2022,39496.15,Yes
CUST-201177,Mia White,mia.white1177@example.com,+49349292641,23,UK,New York,2022-01-16,6117.04,inactive
CUST-201178,,sarah.martin1178@example.com,+49616078201,29,Pakistan,Karachi,06-08-2023,"$12,500.50",No
CUST-201179,Mary Ahmed,mary.ahmed1179@@example.com,++612345678,45,Pakistan,Lahore,2021/04/28,14263.19,No
CUST-201180,AhmedTaylor,ahmed.taylor1180@example.com,,81,Pakistan,Karachi,missing,-400,No
201181,Mr. Emma White,emma.white1181@example.com,+1447465916,78,Australia,Sydney,04/06/2024,21015.24,Yes
CUST-201182,Muhammad King,muhammad.king1182@example.com,+1982164026,,United States,Sydney NSW,2025/00/12,-400,No
CUST-201183,Fatima Hall,fatima.hall1183@example.com,+44643939257,,Australia,Sydney,23/12/2021,7904.75,inactive
 CUST-201184,Noah White,noah.white1184@example.com,+1834577641,58,PAKISTAN ,Karachi?,,7910.52,
,James Martin,,+49942195816,52,Pakistan,Lahore,17 Jan 2022,33151.93,No
CUST-201186,  Mary Martin  ,mary.martin1186@example.com,+92515566354,145,Canada,toronto,18.01.2026,1O000,No
CUST-201031,Fatima Ali,test@test,+44461812754,53,GER,Karachi,01-14-2019,"12.500,50",active
CUST-201188,Sarah Hall,SARAH.HALL1188@EXAMPLE.COM,+49441807751,46,USA,Leeds,20 Dec 2020,,
CUST-201189,Ali Smith,ali.smith1189@example.com,123,79,Pakistan,Londn,08.08.2025,22757.88,active
 CUST-201190,Hassan Ali,hassan.ali1190@example.com,+61565129041,50,Germany,Berlin,05-23-2024,37330.3,No
CUST-201191,David Lee,david.lee1191@example.com,123,26,U.K.,unknown,99-99-9999,3304.12,Yes
cust-201192,Noah Ahmed,not-an-email,+92-300-ABC-123,,Australia,Sydney NSW,   ,20165.31,No
CUST-201193,Noah Brown,,+61695957011,24,,NYC,2026/05/15,"12.500,50",inactive
CUST-201194,Sarah Clark,sarah.clark1194@example.com,+92352708767,71,pakistan,Islamabad, ,999999999,N
CUST-201195,Ali Ali,ali.ali1195@example.com,000000000,68,United States,Chicago,?,9268.45,No
CUST-201196,Mia Young,mia.young1196@example.com,+1 (555) TEST,66,Germany,Berlin,28 Jul 2022,31530.11,No
CUST-201197,Mia Wilson,mia.wilson1197@@example.com,+92-300-ABC-123,33,Australia,Melbourne,23.02.2024,34341.11,No
CUST-201198,David Ali,,,-4,United States,Chicago,23/02/2024,3407.61,TRUE
CUST-201199,UNKNOWN,@domain.com,+92986150855,,australia,Karachi?,20.01.2022,29809.96,N
CUST-201200,Ahmed White,ahmed.white1200@example.com,+61307936172,38,UK,Munich,07-20-2020,16344.11,No
CUST-201201,UNKNOWN,fatima.king1119@example.com,+92829397627,1O,United Kingdom,Leeds,2025-01-03,3076.52,Yes
CUST-201202,,hassan.young1202@example.com,+1720902022,69,United States,New York,2021-06-19,16746.19,no 
CUST-201203,Sophia Wilson,test@test,+61421779759,61,Germany,Munich,2021/06/13,35951.91,Yes
CUST-201204,Sarah  Smith,@domain.com,+92413026530,82,U.S.A,Islamabad,2022/11/14,25459.96,
CUST-201205,Zain White,zain.white1205@example.com,+1623820015,35,AUS,Leeds,31/02/2026,,Yes
CUST-201206,Olivia Ali,olivia.ali1206@example.com,000000000,60,Pakistan,Melb,29/11/2023,23267.41,No
CUST-201207,Fatima Ahmed,fatima.ahmed1207@example.com,+1840180386,65,Canada,Toronto,2022/05/15,37395.41,Yes
CUST-201208,Noah Walker,not-an-email,unknown,,Pakistan,,2020/09/15,26835.59,Yes
CUST-201209,Sarah Wilson,@domain.com,+49693580554,50,Canada,Calgary,2026-13-44,4894.32,No
CUST-201210,Sophia Johnson,sophia.johnson1210@example.com,+44771856564,18,U.K.,,26/12/2021,28443.8,No
CUST-201211,Hassan Wilson,hassan.wilson1211@example.com,+61692996190,34,United States,123,2026/05/25,32128.64,Yes
CUST-201212,Daniel  Martin,user @mail.com,unknown,145,U.K.,Manchester,27.08.2023,-400,No
CUST-201213,Daniel Wilson,daniel.wilson1213@example.com,++612345678,,Canada,Toronto,2025-07-27,"2,500 AUD",No
CUST-201214,,noah.brown1214@example.com,+61898205439,25.5,Australia,Brisbane,?,4376.26,No
CUST-201215,???,daniel.brown1215@example.com,+61654928534,59,,NYC,29/09/2019,35674.79,No
CUST-201216,Mary Johnson,mary.johnson1216@example.com,++612345678,46,UK,Islamabad,32 Jan 2025,15552.72,
CUST-200803,Sarah Hall,sarah.hall1217@example.com,+92688011925,52,United Kingdom,Manchester,03-08-2024,27359.0,No
CUST-201218,AhmedSmith,ahmed.smith1218@example.com,+1351848932,77,Australia,Melb,31/02/2026,3075.8,maybe
CUST-201219,Daniel Young,daniel.young1219@example.com,+1487655352,23,Pakistan,Karachi,03.06.2026,18392.95,No
CUST-201220,Mary Smith,mary.smith1220@example.com,+92720275852,43,Canada,Toronto,28.06.2024,28964.04,active
,Aisha Walker,aisha.walker1221@example.com,+61333376011,81,Australia,Sydney,13/13/26,5252.13,active
CUST-201222,Mary Ali,,+44549268378,,PK,Toronto,2020/05/27,13831.34,Yes
CUST-201223,Fatima Ali,fatima.ali1223@example.com,+61570463941,82,Australia,Melbourne,24.02.2021,28035.91,Yes
CUST-201224,Emma Young,emma.young1224@example.com,+1308219532,21,US,Vancouver,2019-03-27,20257.39,No
CUST-201225,Muhammad Brown,@domain.com,+49739069166,63,GER,Toronto,   ,3445.85,Yes
CUST-201226,Mr. John White,john.white1226@example.com,+44837870001,57,UK,Toronto.,21.10.2019,19546.74,No
 CUST-201227,Muhammad Johnson,test@test,,1O,Canada,unknown,07 Jun 2021,19292.46,No
CUST-201228,Olivia King,olivia.king1228@example.com,+49566004759,25,Can.,Brisbane,2021/08/05,33026.74,Yes
,12345,john.white1229@example.com,+49634015338,33,Australia,Brisbane,2022/01/12,34621.44,FALSE
CUST-201230,Hassan Lee,hassan.lee1230@example.com,+44972996671,26,pakistan,Islamabad,17 Jul 2021,1O000,No
CUST-201231,Noah Johnson,test@test,++612345678,21,USA,Sydney,06.03.2022,USD 2500,Yes
CUST-201232,Noah White,noah.white1232@example.com,unknown,36,Germany,Sydney NSW,2026-02-31,38172.36,Yes
CUST-201233,,sophia.khan1233@example.com,,18 years,Can.,Melbourne,00/00/0000,1O000,No
CUST-201234,James Ali,,+61859756487,72,Germany,123,25/11/2025,1O000,FALSE
CUST-201235,Daniel Ali,daniel.ali1235@example.com,+61330695576,,U.K.,Islamabad,04 Sep 2021,24863.8,No
CUST-201236,Zain Hall,zain.hall1236@example.com,+92826668642,18 years,Australia,Melbourne,31/02/2026,7295.91,yes 
CUST-201237,Ali Lee,ali.lee1237@example.com,+44855831693,44,Australia,Melbourne,2021/10/05,32341.53,Yes
,Fatima Johnson,,+92561610528,145,United States,Chicago,03-19-2022,37977.85,active
,Sarah Brown,SARAH.BROWN1239@EXAMPLE.COM,+1896516272,55,Australia,Melbourne,17/01/2024,877.28,Yes
,,noah.smith1240@example.com,+61530916884,42,Can.,Toronto,2022/11/26,1O000,
CUST-201241,Ali Brown,ali.brown1241@example.com,(02) 9999-8888,,Germany,Berlin,   ,"$12,500.50",No
CUST-201242,,emma.ahmed1242@example.com,+49923773165,25.5,United Kingdom,Melb,24.12.2024,31200.08,Yes
CUST-201243,DavidSmith,david.smith1243@example.com,+61882672447,,United Kingdom,Leeds,,2480.74,No
201244,Muhammad Ali,muhammad.ali1244@example.com,+61510268771,18,PAKISTAN ,Brisbane,2025/00/12,17574.04,No
CUST-200620,Sophia Lee,test@test,+1834548617,53,Australia,Toronto.,-,16370.85,Yes
CUST-201246,John Walker,john.walker1246@example.com,+44568846403,25.5,UK,Chicago,2024-06-30,8088.58,0
CUST-201247,Muhammad Johnson,,+61693514909,78,Canada,,2021/01/07,3223.51,Yes
CUST-201248,John Clark,john.clark1248@example.com,+49893323028,41,PK,Melb,2023-03-07,14415.34,Yes
CUST-200823,Ali Lee,ali.lee1249@example.com,+1705671707,,AUS,London,99-99-9999,23326.9,TRUE
CUST-201250,Zain Hall,zain.hall1250@example.com,+1 (555) TEST,45,Australia,Brisbane,,USD 2500,No
CUST-201251,Zain Smith,zain.smith1251@example.com,0300 1234567,71,United States,unknown,07 Feb 2023,37565.82,No
cust-201252,Ahmed Taylor,ahmed.taylor1252@example.com,+44617241677,44,Pakistan,Karachi,07 Mar 2023,25250.0,No
CUST-201253,???,name@,unknown,75,United States,Chicago,,999999999,1
CUST-201254,???,aisha.johnson1254@example.com,+1681359125,71,Australia,Brisbane,16.05.2019,free,No
CUST-201255,Noah Ali,noah.ali1255@example.com,+92-300-ABC-123,1O,GER,Toronto.,31/02/2026,25942.48,No
CUST-200830,Sophia Martin!!!,abc.com,+1655947796,1O,Pakistan,unknown,12 Apr 2022,37290.01,0
CUST-201257,Fatima Smith!!!,fatima.smith1257@example.com,000000000,71,PK,Toronto,25.01.2024,"$12,500.50",Y
CUST-201258,Zain Wilson,zain.wilson1258@example.com,(02) 9999-8888,51,Germany,Berlin,not-a-date,15732.21,Yes
CUST-201259,Sophia Ahmed,test@test,unknown,,Pakstan,Karachi,   ,"2,500 AUD",Yes
CUST-201260,SarahMartin,sarah.martin1260@example.com,+44508002199,50,UK,Melb,2022-10-28,38611.04,Yes
,Mr. David White,david.white1262@example.com,+92499141420,18 years,Australia,Melbourne,,26643.59,Yes
CUST-201263,Sophia Brown,sophia.brown1263@example.com,000000000,-4,United Kingdom,London,?,"$12,500.50",Yes
CUST-201264,Mary Brown,mary.brown1264@example.com,+61339518648,75,pakistan,Karachi?,31/02/2026,,No
CUST-201265,Fatima Johnson,fatima.johnson1265@example.com,+49886750370,24,Germany,Hamburg,missing,13369.1,Yes
CUST-201266,Ali Hall,,+61674478220,46,United States,Chicago,01-10-2024,21043.32,yes 
CUST-201267,Noah Khan,noah.khan1267@example.com,000000000,24,United Kingdom,London,19 Aug 2023,31079.68,No
201268,12345,emma.taylor1268@example.com,+92342426641,24,United States,Chicago,2024-04-14,8351.56,Yes
CUST-201269,Sophia Clark,sophia.clark1269@example.com,,76,United States,Karachi?,06/03/2021,34989.04,No
CUST-201270,,mia.walker1270@example.com,abc123,71,Pakistan,Lahore,03/04/2021,30325.12,Yes
CUST-201271,John Wilson,foo.bar@domain,123,74,United States,Toronto.,05-04-2025,29810.64,maybe
201272,Fatima Johnson,fatima.johnson1272@example.com,+61574933194,57,United States,unknown,2024/12/20,-400,active
CUST-201273,,john.white1273@example.com,+44395915124,75,Pakistan,Karachi,03-19-2022,28110.34,Yes
 CUST-201274,Daniel Ahmed,daniel.ahmed1274@example.com,+44739993504,45,United Kingdom,Leeds,19 Sep 2025,"2,500 AUD",FALSE
CUST-201275,Hassan Taylor,hassan.taylor1275@example.com,0300 1234567,42,Germany,NYC,22/06/2023,39129.27,Yes
CUST-201276,???,test@test,+1383357414,52,GER,Lahore,06/06/2020,10517.6,Yes
CUST-201277,James Clark,abc.com,,55,Pakstan,Islamabad,24 Aug 2023,28049.49,maybe
CUST-201279,Fatima Lee,fatima.lee1279@example.com,,,Pakstan,Chicago,03 Nov 2022,USD 2500,Yes
,12345,james.white1280@@example.com,+49818260610,44,Australia,NYC,30/10/2022,free,active
,Mary Martin,mary.martin1281@example.com,0300 1234567,56,Germany,Toronto.,04-29-2024,22257.21,
CUST-200195,SophiaAli,sophia.ali1282@example.com,+92-300-ABC-123,,UK,Berlin,2019/04/22,,Yes
CUST-201283,Olivia Wilson,olivia.wilson1283@example.com,000000000,66,United Kingdom,Manchester,none,19204.17,No
CUST-201284,Muhammad Hall,muhammad.hall1284@example.com,+44490876854,145,United Kingdom,NYC,08-19-2025,19622.71,Yes
CUST-201285,Aisha White,,123,36,,Lahore,,12343.91,1
CUST-201286,David Clark,david.clark1286@example.com,+1 (555) TEST,70,australia,Sydney NSW,not-a-date,21179.14,
CUST-201287,Hassan Clark,hassan.clark1287@example.com,(02) 9999-8888,66,PAKISTAN ,Manchester,2021/10/04,,FALSE
201288,Sophia Smith,sophia.smith1288@example.com,+49660540944,78,Canada,Calgary,11 Jun 2023,8415.94,No
CUST-201289,Olivia Taylor,olivia.taylor1289@example.com,unknown,19,Germany,Berlin,99-99-9999,14347.8,Yes
CUST-201290,Muhammad Khan,muhammad.khan1290@example.com,+44527679124,30,Australia,Sydney,10-18-2024,837.42,Yes
CUST-201291,Noah Taylor,noah.taylor1291@example.com,+49478348516,26,Pakstan,Hamburg,05-22-2020,39804.57,yes 
cust-201292,Aisha Smith,aisha.smith1292@example.com,+1953966646,25,Germany,Munich,99-99-9999,10839.58,Yes
CUST-201295,Daniel Brown,daniel.brown1295@example.com,+44397205097,66,Canada,Toronto.,15 Aug 2024,,Yes
CUST-201296,Muhammad Hall,,+44521664505,33,Australia,Brisbane,,9248.91,No
CUST-201297,Sarah Ali,sarah.ali1297@example.com,000000000,145,Pakistan,Islamabad,2020-12-18,USD 2500,no 
CUST-201298,Sarah Smith,sarah.smith1298@example.com,,53,Germany,Hamburg,27/11/2025,21990.55,inactive
CUST-201299,Ali Ahmed,,+61340464947,,U.S.A,Leeds,2026/04/27,13075.15,No
CUST-201300,Noah Taylor,noah.taylor1300@example.com,+1498207934,145,PAKISTAN ,Chicago,23 Nov 2019,,No
CUST-201074,Sophia Brown,sophia.brown1301@example.com,+1695345179,49,pakistan,Brisbane,2020-12-09,37856.33,FALSE
CUST-201303,Daniel Johnson,daniel.johnson1303@example.com,+92866858888,18,Germany,Hamburg,?,14228.34,Yes
CUST-201304,Muhammad Ahmed,muhammad.ahmed1304@example.com,+1702375565,27,Canada,Calgary,09-24-2020,,No
CUST-201305,John Wilson!!!,john.wilson1305@example.com,+1994425867,41,Pakistan,Karachi,,5949.41,Yes
CUST-201306,Daniel Clark,daniel.clark1306@example.com,+1385871299,33,United States,Chicago,18/06/2025,4272.13,yes 
CUST-201307,Zain Clark,zain.clark1307@example.com,+61493158653,70,United states of america,Sydney,04-02-2022,19959.46,Yes
CUST-201308,Daniel Khan!!!,foo.bar@domain,unknown,47,Canada,Calgary,04.01.2025,7135.63,No
CUST-201309,Noah Wilson,noah.wilson1309@example.com,+61590492790,21,United Kingdom,Manchester,21/02/2025,39609.35,
CUST-201310,,aisha.johnson1310@example.com,+92885128663,51,Pakistan,,2024-10-15,1867.42,Yes
CUST-200878,,fatima.taylor1027@example.com,(02) 9999-8888,33,United States,Seattle,09/04/2024,"2,500 AUD",Yes
CUST-201312,Muhammad Brown,muhammad.brown1312@example.com,+92674242479,64,United Kingdom,Manchester,08-10-2025,999999999,
CUST 201313,muhammad ahmed,muhammad.ahmed1313@example.com,+61342237597,72,United States,Chicago,2026/01/30,888.43,inactive
???,Muhammad Hall,muhammad.hall1314@example.com,+92442449002,46,U.S.A,123,19/04/2023,,No
CUST-201315,Fatima Ahmed,abc.com,+1 (555) TEST,,U.S.A,Sydney,18 Nov 2021,22397.43,No
CUST-201316,,james.young1316@example.com,+1841843683,48,Australia,Brisbane,18/09/2024,7944.44,No
CUST-201317,Ali Johnson,ali.johnson1317@example.com,+44899023423,twenty,United Kingdom,London,   ,free,Yes
CUST-201318,Aisha Young,aisha.young1318@example.com,+61816395827,53,Pakstan,Londn,none,8269.03,No
CUST-201319,Aisha Young,not-an-email,+1 (555) TEST,,Pakistan,Melb,12.12.2019,23721.99,No
CUST-200986,Hassan Taylor,hassan.taylor1320@example.com,,20,Pakistan,Islamabad,07-08-2022,11147.72,Yes
CUST-201321,Mr. James Ahmed,james.ahmed1321@example.com,+1888620271,47,United Kingdom,unknown,,"12.500,50",No
CUST-201322,Noah Clark,noah.clark1322@example.com,+49500559204,79,Canada,,2019-12-12,15818.67,No
CUST-201323,Zain Lee,zain.lee1323@example.com,+44431883543,28,Australia,Sydney,11-23-2024,2349.28,
CUST-201324,Zain Walker,zain.walker1324@example.com,+1770020896,81,Canada,Toronto,missing,33340.14,No
CUST-201325,James Young,james.young1325@example.com,+92997364959,59,United States,Karachi?,09.06.2026,699.05,No
CUST-201326,Muhammad White,muhammad.white1326@example.com,+1404819372,25.5,Pakistan,Sydney NSW,28.06.2026,14128.73,0
CUST-201327,Ahmed White,,(02) 9999-8888,1O,PAKISTAN ,London,12-28-2025,31158.7,no 
CUST-201328,Noah  Smith,@domain.com,+61860500815,-4,U.K.,Brisbane,11 Nov 2023,20828.09,no 
CUST-201329,Fatima Hall,fatima.hall1329@example.com,+1850893479,47,United States,Seattle,27/10/2019,35838.92,Yes
CUST-201330,John Johnson,john.johnson1330@example.com,+1 (555) TEST,25.5,pakistan,Calgary,23/09/2019,33646.46,N
CUST-201331,James Hall,james.hall1331@example.com,+61682101706,,United states of america,Hamburg,15 Jul 2024,32279.29,inactive
???,Daniel Hall,daniel.hall1332@example.com,+44872546431,0,United Kingdom,Manchester,31/02/2026,21118.2,Yes
CUST-201333,Noah Clark,noah.clark1333@example.com,+1739397120,49,PAKISTAN ,Lahore,2022-03-07,5584.65,
CUST-201336,UNKNOWN,@domain.com,+44548493746,42,U.K.,Melb,,4462.66,Yes
CUST-201337,Zain White,ZAIN.WHITE1337@EXAMPLE.COM,+61973583429,49,U.S.A,Sydney NSW,32 Jan 2025,USD 2500,Yes
 CUST-201338,12345,test@test,,68,Germany,Hamburg,28.09.2021,15012.03,Yes
CUST-201339,Ahmed Ahmed,ahmed.ahmed1339@example.com,+49520987525,64,PAKISTAN ,Sydney,,28340.78,Yes
CUST-201340,Mia Walker,mia.walker1340@example.com,+44426931725,33,AUS,Berlin,2021/03/09,20512.03,Yes
CUST-201341,Mia Wilson,mia.wilson1341@example.com,+92556156297,82,United States,Melb,05 Nov 2025,6596.29,N
CUST-201342,James Johnson,not-an-email,+92578359116,32,Pakistan,Melb,not-a-date,8269.35,TRUE
???,Aisha King,aisha.king1343@example.com,,50,Germany,123,2020/01/19,31148.1,Yes
CUST-201345,John Khan,abc.com,+49483256033,twenty,Canada,Toronto,17.09.2019,24339.53,No
CUST-201346,ahmed lee,ahmed.lee1346@example.com,+61745815041,-4,Pakistan,Islamabad,01.05.2024,32852.41,N
CUST-201347,Hassan White,test@test,+92977624185,32,U.S.A,Karachi,06-02-2021,25116.73,Yes
CUST-201348,,sarah.johnson1348@example.com,+92997323115,81,USA,Toronto,2021-03-03,21125.77,No
CUST-201349,Mia Wilson,mia.wilson1349@example.com,+49727224869,60,United States,,2019/12/18,23534.05,No
???,???,olivia.martin1350@example.com,,32,Germany,munich,09-06-2022,38228.27,
CUST-201351,Noah Wilson,test@test,+61916849782,37,UK,unknown,10-14-2024,27240.48,No
 CUST-201352,James Ali,james.ali1352@example.com,+92995990519,,Germany,,31/02/2026,35500.07,Yes
CUST-201353,Hassan Khan,hassan.khan1353@example.com,+1900862371,82,Germany,Hamburg,2024/07/12,15002.15,active
CUST-201354,Fatima Walker,fatima.walker1354@@example.com,+49428973128,40,Pakistan,Islamabad,14.10.2020,,No
CUST-201355,12345,fatima.clark1355@example.com,+49687715180,18 years,Pakistan,Melb,2025/00/12,13050.23,No
CUST-201356,Muhammad Johnson,not-an-email,+92715302405,79,Australia,Brisbane,20.05.2023,31761.19,No
,UNKNOWN,john.ali1357@example.com,+49942863813,145,Pakistan,Karachi?,missing,7652.24,FALSE
CUST-201358,Fatima Martin,test@test,+1314853648,70,United States,Chicago,2019/08/22,21850.45,Yes
CUST-201359,Hassan Martin,not-an-email,+92572957124,,Canada,Vancouver,05.08.2019,1130.52,Yes
CUST-201360,Mr. David Taylor,test@test,+61858545268,79,Pakistan,Karachi,20/05/2022,8643.67,No
CUST-201361,Mia King,mia.king1361@example.com,(02) 9999-8888,65,Australia,Sydney,?,11467.42,TRUE
CUST-201362,Fatima Clark,fatima.clark1362@example.com,+61623287250,66,Australia,,13/13/26,,TRUE
CUST-201363,Emma King,emma.king1363@example.com,+92545874076,54,Pakistan,Karachi,not-a-date,29238.35,Yes
CUST-201364,???,sophia.clark1364@example.com,+1825648214,57,U.S.A,Karachi,2026-02-31,2191.69,No
CUST-201365,Mia Ali,mia.ali1365@example.com,+44422008536,59,pakistan,Calgary,2020-04-15,13124.39,Yes
CUST-201366,Sarah Johnson,@domain.com,unknown,34,United Kingdom,London,30/04/2024,6392.77,Yes
CUST-201367,Sarah Brown,sarah.brown1367@example.com,+92697962570,62,Canada,Melb,08-04-2023,38211.31,No
CUST-201368,Mia Young,mia.young1368@example.com,+44483960957,52,Pakistan,Islamabad,2021/01/17,33022.58,No
CUST-201369,UNKNOWN,olivia.johnson1369@example.com,000000000,46,Canada,vancouver,20/08/2020,-400,No
CUST-201370,UNKNOWN,david.clark1370@@example.com,+44892943303,23,United States,Chicago,10.11.2024,999999999,No
CUST-201371,???,aisha.johnson883@example.com,+1338050148,50,U.K.,Sydney NSW,01-11-2021,,No
CUST-201372,Emma Ali,test@test,+1 (555) TEST,145,Can.,Melbourne,09-28-2020,6798.83,FALSE
CUST-201373,12345,fatima.white1373@example.com,+1804838845,44,Pakistan,Sydney NSW,27.04.2025,28542.51,Yes
CUST-201374,Daniel Martin,user @mail.com,+49515155942,55,Canada,Toronto,11-15-2019,20574.63,Yes
,Sarah Hall,abc.com,unknown,48,AUS,Melb,2020-03-11,12374.43,No
CUST-201376,David Ahmed,david.ahmed1376@example.com,+1963440502,18 years,Pakistan,Islamabad,18 Oct 2020,21200.96,Y
CUST-201377,Aisha Brown,aisha.brown1377@example.com,+61500805758,29,United States,New York,2020/01/30,4556.13,Yes
CUST-201378,Fatima Martin,fatima.martin1378@example.com,+92932332372,twenty,Germany,Berlin,08-16-2024,21518.03,Yes
CUST-201379,,mia.khan1379@@example.com,+49982303466,80,United Kingdom,London,2022-04-21,5699.87,yes 
CUST-201380,MaryClark,,+92444307877,70,U.S.A,123,missing,USD 2500,Yes
???,Mary King,mary.king1381@example.com,,,United Kingdom,London,02/08/2024,31390.39,yes 
CUST-201382,Sarah Brown,sarah.brown1382@example.com,+44867898086,-4,Pakistan,Islamabad,01 Feb 2022,25194.36,No
CUST-201384,,@domain.com,unknown,66,U.K.,Toronto,22 Apr 2026,20576.08,Yes
CUST-201385,Sarah Walker,sarah.walker1385@example.com,+1998238433,18,Can.,Vancouver,27/02/2022,34542.02,Yes
CUST-201386,Fatima Ali,fatima.ali1386@example.com,+61523636150,145,PK,Hamburg,29/01/2024,28007.03,Yes
CUST 201387,Olivia Johnson,olivia.johnson1387@example.com,+92367789184,32,United States,Seattle,01-02-2021,26089.57,TRUE
 CUST-201388,David Lee,david.lee1388@example.com,123,45,U.S.A,,13/13/26,15484.87,No
CUST-201389,MiaKhan,@domain.com,+92-300-ABC-123,39,Canada,Sydney NSW,2023-08-28,29267.84,No
,Mia King,mia.king1390@example.com,000000000,34,United Kingdom,Manchester,21/05/2025,12587.19,No
201391,James Taylor,james.taylor1391@example.com,0300 1234567,66,Pakistan,Toronto.,,33523.89,No
CUST-201392,MaryBrown,mary.brown1392@example.com,+61301527056,20,Can.,Hamburg,05/02/2022,USD 2500,0
CUST-201393,Sophia King,sophia.king1393@example.com,+1424242375,31,Pakistan,Sydney NSW,02/09/2021,37488.14,No
CUST-201394,Fatima Taylor,fatima.taylor1394@example.com,+61356980509,1O,United Kingdom,London,-,999999999,1
CUST-200891,James Young,james.young1395@example.com,123,20,Pakistan,Islamabad,2023/06/03,30057.66,0
CUST-201396,David Taylor,david.taylor1396@example.com,abc123,69,United States,,2024/09/07,"12.500,50",No
CUST-201397,Emma Lee,test@test,+92517964795,,United States,New York,23 Mar 2025,1303.22,Yes
CUST-201398,Emma Martin,emma.martin1398@example.com,abc123,24,Pakistan,Lahore,03/12/2025,1O000,Yes
CUST-201399,Mary Hall,mary.hall1399@example.com,+49912461367,23,United Kingdom,London,27/02/2024,,Yes
CUST-201400,Sarah Johnson,sarah.johnson1400@example.com,+44304761826,145,Australia,Melbourne,?,"$12,500.50",Yes
CUST-201401,James Ahmed,daniel.brown1074@example.com,+49652155228,,Germany,Berlin,02.06.2021,37238.63,No
CUST-201402,Mia Taylor!!!,,123,55,Germany,Munich,15 May 2022,28883.33,active
CUST-201403,Sarah Smith,@domain.com,+92418629527,76,United Kingdom,Leeds,02.06.2023,999999999,No
CUST-201404,David King,david.king1404@example.com,+92656644812,82,United Kingdom,Sydney NSW,06-29-2025,5835.89,No
CUST-201405,Daniel Taylor,daniel.taylor1405@example.com,+92620248786,76,Canada,Toronto,27 Dec 2021,22539.38,No
CUST-201406,Mr. Emma Ahmed,emma.ahmed1406@example.com,+61727631662,18,United Kingdom,London,,12082.5,Y
CUST-201407,James Smith,james.smith1407@example.com,+44478208155,45,Pakistan,Islamabad,2024/11/12,27397.9,Yes
CUST-201408,Muhammad Lee,muhammad.lee1408@example.com,+61793670899,77,Pakistan,Lahore,11-24-2023,-400,Yes
CUST-201409,Zain Ahmed,zain.ahmed1409@example.com,,0,United States,,2021/08/24,19649.68,0
CUST-201410,Muhammad Taylor,muhammad.taylor1410@example.com,123,twenty,australia,Toronto,-,18020.33,maybe
CUST-201411,Ahmed Young,,,49,,Sydney,2022-09-01,3693.36,Yes
CUST-201412,Sophia Johnson,sophia.johnson1412@example.com,+44390749021,1O,United States,New York,2026-13-44,10659.2,N
,Zain Lee,zain.lee1413@example.com,+1937750590,72,Canada,unknown,19 Dec 2020,12068.91,N
CUST-201414,UNKNOWN,user @mail.com,unknown,82,United States,,2019/10/24,15556.24,Y
CUST-201415,,sophia.taylor1415@example.com,+61956129316,64,PAKISTAN ,Calgary,19.02.2026,29355.18,No
CUST-201416,Ali Brown!!!,ali.brown1416@example.com,+44419876380,39,Pakstan,Melb,02-19-2020,USD 2500,No
CUST-201417,  Zain Young  ,zain.young1417@example.com,+44721431669,60,Pakstan,Hamburg,2023-06-20,13308.68,yes 
CUST-201418,Olivia Clark,test@test,+1303504163,75,United Kingdom,Karachi?,26/12/2024,-400,Yes
CUST 201419,Mary Wilson,mary.wilson1419@example.com,+1 (555) TEST,26,Can.,Calgary,03.05.2025,"$12,500.50",No
CUST-201420,Sophia Smith,sophia.smith1420@example.com,+61403474872,79,,Berlin,12.07.2022,21738.48,maybe
CUST-201421,Muhammad Brown,muhammad.brown1421@example.com,+49592113038,26,Australia,Toronto.,24.11.2020,2504.61,No
CUST-201422,Zain Khan,zain.khan1422@example.com,+44484540523,47,United Kingdom,London,06/07/2019,"2,500 AUD",No
???,UNKNOWN,abc.com,++612345678,65,United States,123,2019-06-22,21353.24,active
CUST-201424,Ahmed Lee,AHMED.LEE1424@EXAMPLE.COM,123,32,Canada,Vancouver,12-14-2024,3775.56,No
CUST-201425,Mr. Sophia Brown,sophia.brown1425@example.com,+92741475810,54,United Kingdom,Leeds,03-27-2020,11063.03,1
,John Ali,john.ali1426@example.com,+61317528437,63,Canada,Melb,Feb 30 2025,"$12,500.50",yes 
,Zain Taylor,@domain.com,+92638264914,18 years,Germany,unknown,25.11.2021,3431.55,No
CUST-201428,Ali Young,,+49540498177,-4,Germany,Hamburg,03/12/2025,-400,TRUE
CUST-201429,Muhammad Hall,muhammad.hall1429@example.com,+49406299336,-4,Pakistan,Lahore, ,free,Yes
CUST-201430,Mia Smith,,+1434532272,38,Pakistan,Sydney NSW,2023/01/16,"2,500 AUD",Yes
 CUST-201431,Mr. David Brown,david.brown1431@example.com,+49641032933,65,AUS,Karachi,,999999999,No
CUST 201432,Mr. Aisha Ahmed,,0300 1234567,1O,United Kingdom,Manchester,missing,35980.07,No
CUST-201434,???,name@,+1572964568,999,Germany,Munich,2021/12/31,1O000,Y
CUST-201435,Mia Wilson,mia.wilson1435@example.com,+49904363849,79,United States,Sydney NSW,,"12.500,50",Yes
CUST-201219,Noah Brown,noah.brown726@example.com,+92574544465,54,australia,Hamburg,22 May 2021,-400,No
CUST-201437,  Sophia Walker  ,sophia.walker1437@example.com,+1846410407,25.5,Germany,Munich,20 Jun 2019,USD 2500,Yes
CUST-201438,Sarah Johnson,sarah.johnson1438@example.com,+1325763083,,United States,New York,12 May 2019,20596.4,maybe
,12345,james.ahmed1439@example.com,+92883225928,18,Pakistan,123,2025-08-29,981.83,
CUST-201440,James Ali,james.ali1440@example.com,+1599370195,38,Germany,Hamburg,2026-13-44,"12.500,50",Yes
???,12345,mia.martin1441@example.com,+1 (555) TEST,41,Australia,Brisbane,,4810.51,TRUE
CUST-201442,Sophia Clark,sophia.clark1442@example.com,+49694149300,70,US,Seattle,01.01.2024,19991.26,No
CUST-201443,Sophia King,sophia.king1443@example.com,+1 (555) TEST,52,United Kingdom,Leeds,13/13/26,3092.84,No
CUST-201444,Mary Johnson,mary.johnson1444@example.com,+92921399454,18 years,United States,New York,12-01-2024,7847.54,No
CUST-201445,David White,name@,+92601672497,82,Canada,Calgary,16 Sep 2022,38930.86,No
CUST-201446,Zain White,zain.white1446@example.com,+49719182560,twenty,Canada,Calgary,05.04.2024,"12.500,50",No
CUST-201447,Muhammad Martin,mia.wilson1133@example.com,+1991512463,20,,Calgary,04/05/2025,999999999,No
CUST-201448,noah brown,noah.brown1448@example.com,+44446778160,,United states of america,Melbourne,01.04.2019,27713.81,yes 
CUST-201449,Ahmed Smith,ahmed.smith1449@example.com,unknown,26,Pakistan,Islamabad,2022/04/22,33568.85,Yes
CUST-201450,???,james.king1450@example.com,,43,Australia,Brisbane,2019/04/06,23884.44,no 
CUST-201451,Mr. Daniel Hall,daniel.hall1451@example.com,+1996389827,-4,UK,Leeds,2020/05/14,695.42,No
CUST-201452,Noah Khan,foo.bar@domain,+44328441221,twenty,Germany,Karachi?,,791.55,No
CUST-201453,Muhammad Hall,muhammad.hall1453@example.com,+49695462876,54,U.S.A,New York,10-21-2022,34800.02,Yes
CUST-201454,David Martin,david.martin1454@example.com,0300 1234567,44,Australia,Melbourne,10-25-2019,8938.8,No
CUST-201455,Fatima White,fatima.white1455@example.com,+44890643849,20,australia,Vancouver,01/06/2022,32605.45,No
???,12345,daniel.clark1456@example.com,000000000,30,U.K.,Toronto,2019-07-19,8304.07,active
,Mary White,name@,+1439565929,1O,Pakistan,Islamabad,21/11/2020,37713.06,Yes
CUST-201458,Olivia Ali,olivia.ali1458@example.com,+61452304778,35,, Sydney,2026-13-44,20616.84,No
CUST-201459,Zain Taylor,zain.taylor1459@example.com,+49759659302,23,United Kingdom,Manchester,   ,13493.28,maybe
CUST-201460,Zain Martin,zain.martin1460@example.com,+49772077615,,Canada,Sydney NSW,11 Aug 2021,16993.19,Yes
CUST-201461,Ali King,name@,+61839737699,,Canada,Calgary,09.08.2022,"2,500 AUD",yes 
CUST-201462,Ahmed Clark,ahmed.clark1462@example.com,++612345678,71,Canada,Calgary,00/00/0000,25018.53,yes 
201463,Ahmed Clark,ahmed.clark1463@example.com,+44506940804,47,Australia,Brisbane,22/12/2019,free,Yes
201464,Mr. Sarah Taylor,name@,+49521844953,79,Canada,Vancouver,missing,USD 2500,Yes
CUST-201465,Ahmed Clark,ahmed.clark1465@example.com,,32,Germany,Berlin,10 Aug 2019,USD 2500,No
CUST-201467,Mr. Daniel Ahmed,abc.com,abc123,25.5,Pakistan,Toronto.,11-04-2019,13480.0,Yes
CUST-201468,John Khan,emma.smith367@example.com,+1651561222,23,Australia,Melbourne,27 Jul 2024,22407.85,Yes
CUST-201469,David White,foo.bar@domain,+92848455956,43,Pakstan,Vancouver,30/01/2023,36463.62,Y
CUST-201470,Sophia Khan,sophia.khan1470@example.com,+1413911075,,US,Lahore,17.10.2024,23980.62,maybe
CUST-201471,SarahJohnson,sarah.johnson1471@example.com,,,United States,Seattle, ,"12.500,50",maybe
,Fatima Brown,fatima.brown1472@example.com,+61332562520,42,United States,New York,25/07/2022,19468.27,Yes
CUST-201473,John Martin,john.martin1473@example.com,+92655349300,18 years,UK,Islamabad,23/02/2023,25131.35,Yes
CUST-201474,Sophia Hall,sophia.hall1474@example.com,+1 (555) TEST,41,United Kingdom,Manchester,15/07/2023,24673.93,No
CUST-201475,John Young,john.young1475@example.com,+1546671499,66,Canada,Toronto,2022/11/20,9844.4,Y
CUST-201476,Mary White,mary.white1476@example.com,+92-300-ABC-123,22,Australia,Toronto.,31/02/2026,USD 2500,Yes
201477,Mr. Mia Martin,MIA.MARTIN1477@EXAMPLE.COM,,78,Canada,Vancouver,17/09/2020,999999999,Yes
CUST-201478,Muhammad King,muhammad.king1478@example.com,+44350275999,52,UK,123,2022/08/03,"$12,500.50",Yes
CUST-201479,SarahWhite,sarah.white1479@example.com,+92835800301,twenty,United Kingdom,London,27 Oct 2025,31131.31,maybe
CUST-201480,DavidJohnson,david.johnson1480@example.com,unknown,70,Canada,Vancouver,01/02/2019,19644.49,No
CUST 201481,AliLee,ali.lee1481@example.com,+44387664786,68,Australia,123,2024/11/23,4359.23,Yes
CUST-201482,Muhammad Martin,muhammad.martin1482@example.com,unknown,33,Australia,Melbourne,-,126.36,Yes
CUST-201483,Muhammad King,muhammad.king1483@example.com,+1577556945,20,Germany,,24.05.2025,"12.500,50",Yes
CUST-201484,AliLee,ali.lee1484@example.com,+44314662175,64,Canada,Vancouver,18.01.2023,6152.93,Yes
CUST-201485,Olivia King,,+61767871913,76,Germany,Berlin,2022-02-24,24422.68,No
CUST-201486,Zain King,zain.king1486@example.com,+49394520571,18 years,pakistan,Sydney,11/11/2024,39547.06,Yes
???,Emma Martin,daniel.taylor564@example.com,+92493345497,82,Pakistan,Islamabad,26/05/2021,"$12,500.50",
CUST-201488,Hassan Lee,not-an-email,+44683794985,80,United States,Karachi?,05.06.2020,34932.45,Yes
,John Smith,,+92-300-ABC-123,49,,Chicago,2021/12/09,38028.52,yes 
CUST-201490,Ahmed Walker,ahmed.walker1490@example.com,+44865990083,18 years,United States,Chicago,20 May 2020,12087.59,No
CUST-201491,Sophia Hall,abc.com,+1 (555) TEST,38,AUS,Manchester,,"2,500 AUD",No
CUST-201492,Daniel Walker,daniel.walker1492@example.com,+92885638329,,,Melb,10 Dec 2022,7518.46,No
CUST-201493,,sophia.brown1493@example.com,(02) 9999-8888,,United Kingdom,Leeds,2021-12-12,5207.74,Yes
CUST-201494,David Brown,david.brown1494@example.com,+1517376978,18,United Kingdom,Leeds,03-26-2025,20309.89,Yes
CUST-201495,Mia Walker,mia.walker1495@example.com,+61770199447,37,Canada,Vancouver,2020/07/17,38820.4,Yes
CUST-201496,Emma Wilson,emma.wilson1496@example.com,+92300685965,35,U.S.A,Karachi,2026/03/17,36333.46,Yes
CUST-201497,  Daniel Johnson  ,daniel.johnson1497@example.com,,50,Canada,Sydney NSW,2022/10/19,22664.43,
CUST-201498,Sarah Wilson,sarah.wilson1498@example.com,+92690181875,61,United states of america,Melb,19.10.2022,1O000,No
CUST-201500,Ahmed Wilson,ahmed.wilson1500@@example.com,+92964728853,36,Australia,Brisbane,2025-04-14,30235.84,Yes
CUST-201501,Muhammad Martin,muhammad.martin1501@example.com,+1 (555) TEST,,Pakistan,Karachi,2024-03-16,-400,
CUST-201502,Aisha Johnson,aisha.johnson1502@@example.com,+1681421648,26,Pakistan,Lahore,05 Sep 2024,5329.63,No
201503,Mia Clark,mia.clark1503@example.com,+44920299066,19,Australia,Londn,,6339.2,N
CUST-201504,???,test@test,+1819248885,74,United States,Seattle,2022-03-23,17247.12,No
CUST-201505,Ahmed White!!!,ahmed.white1505@example.com,+61975405199,36,USA,Leeds,11.11.2025,USD 2500,No
CUST-201506,Mary Young,user @mail.com,+1837252557,67,Germany,Munich,2022-02-08,,No
CUST-201507,Mary Ahmed,mary.ahmed1507@example.com,+1 (555) TEST,45,United Kingdom,Leeds,2026-13-44,"2,500 AUD",0
CUST-201508,Mary White,mary.white1508@example.com,+1909396186,59,Germany,Berlin,   ,34616.95,No
cust-201509,Noah Young,@domain.com,+1715973896,81,Germany,Londn,2025-03-22,21834.52,No
CUST-201510,Aisha White,aisha.white1510@example.com,+49480245037,46,Pakistan,Karachi,29.07.2023,17858.2,No
CUST-201511,JohnJohnson,user @mail.com,+61433811510,64,Pakistan,Islamabad,05-03-2026,999999999,No
CUST 201512,Ahmed Wilson,ahmed.wilson1512@example.com,+49828722517,28,Australia,Karachi?,15/06/2021,,1
CUST-201513,Zain Wilson,zain.wilson1513@example.com,+44465446982,42,United Kingdom,,31/02/2026,,
cust-201514,Fatima Hall,fatima.hall1514@example.com,000000000,47,UK,Lahore,missing,,Yes
,Daniel Johnson,DANIEL.JOHNSON1515@EXAMPLE.COM,+49458346932,82,UK,Lahore,12-08-2025,38728.31,No
CUST-201516,Mia Hall,MIA.HALL1516@EXAMPLE.COM,+49365396555,72,Australia,Brisbane,2020-02-22,1O000,Yes
CUST-201517,Sarah Brown,foo.bar@domain,,43,,Lahore,   ,32309.25,Yes
CUST-201518,Olivia King,olivia.king1518@example.com,,63,Germany,Munich,15/11/2022,37354.4,No
CUST-201519,,aisha.white1519@example.com,+44714853201,56,Australia,Brisbane,24/01/2020,31927.85,
CUST-201520,Ahmed Hall,ahmed.hall1520@example.com,+92829077230,59,Pakistan,Lahore,,,
CUST-201521,Sophia Martin,sophia.martin1521@example.com,+61859150537,0,Canada,Toronto,02.09.2021,,No
CUST-201522,Sarah Ahmed,sarah.ahmed1522@example.com,++612345678,43,United Kingdom,London,10-26-2020,20610.26,No
CUST-201523,James Hall,test@test,000000000,,Canada,Calgary,05/07/2022,35987.31,Y
CUST-201524,James Wilson,james.wilson1524@@example.com,+44567877266,51,United Kingdom,London,2022/08/12,38905.06,No
CUST-201525,,user @mail.com,+92-300-ABC-123,57,AUS,Melbourne,20/09/2021,37358.39,No
CUST-201526,Olivia King,olivia.king1526@example.com,+44877174398,69,,Melb,2019-06-09,,No
CUST-201527,David Young,david.young1527@example.com,+92463594717,19,United States,New York,24 Jul 2021,,No
CUST-201528,John Johnson,test@test,+49854707198,48,U.K.,Leeds,06-27-2022,591.9,Yes
CUST-201529,Mia Walker,mia.walker1529@example.com,+92-300-ABC-123,45,Pakistan,Islamabad,12.04.2021,,FALSE
CUST-201530,John Young,john.young1530@example.com,++612345678,60,Pakistan,Islamabad,13.12.2020,1O000,No
CUST 201531,sarah hall,not-an-email,+61650868917,,United States,unknown,2022/12/05,35320.11,No
CUST-201532,Emma Clark,EMMA.CLARK1532@EXAMPLE.COM,+44859439726,0,United Kingdom,Leeds,2023/05/05,1938.25,No
CUST-201533,James Lee,not-an-email,+92428206853,,Pakistan,Karachi,2021/04/27,free,Yes
CUST-201534,Daniel Smith,foo.bar@domain,+44904487858,32,Australia,Melbourne,06 Oct 2025,-400,Yes
CUST-201535,James Lee,name@,,77,Australia,Sydney,2025-04-13,18993.95,active
CUST-201536,12345,zain.walker1536@example.com,unknown,57,Australia,Brisbane,2026-07-06,10359.49,No
CUST 201537,Hassan Lee,hassan.lee1537@example.com,+1557482165,74,Can.,Calgary,2023/05/25,1O000,active
CUST-201538,Fatima Clark!!!,fatima.clark1538@example.com,+92308797453,50,U.S.A,Seattle,23/01/2020,12145.24,No
CUST-201539,Daniel Young,daniel.young1539@example.com,+61403345331,79,United states of america,Lahore,2025/07/29,free,no 
201540,Mary Young,mary.young1540@example.com,+44884138687,52,United Kingdom,Manchester, ,8300.67,No
CUST-201541,Noah Taylor,noah.taylor1541@example.com,,66,United Kingdom,Leeds,10-07-2019,22048.04,No
CUST-201542,James Khan,test@test,+61953833512,79,Germany,Berlin,,-400,N
CUST-201543,Daniel Young,daniel.young1543@example.com,++612345678,30,Pakistan,Toronto.,2022-12-28,29774.97,1
CUST-201544,Zain Taylor,james.ahmed1439@example.com,+92-300-ABC-123,78,australia,123,2026-13-44,-400,inactive
CUST-201545,Mary Young,mary.young1545@example.com,+44800440985,25.5,Australia,Sydney,2020-06-14,"$12,500.50",Yes
CUST-201546,Ahmed Martin,ahmed.martin1546@example.com,+44965479792,42,Pakistan,Karachi,05-08-2021,-400,No
CUST-201547,Fatima Martin,name@,+61983902619,67,United States,New York,Feb 30 2025,-400,No
,Hassan Clark,hassan.clark1548@example.com,abc123,145,Canada,Calgary, ,,inactive
CUST-201549,12345,daniel.walker1549@example.com,++612345678,69,United Kingdom,Leeds,2023-04-25,14190.19,no 
CUST-201551,Fatima Clark,fatima.clark1551@example.com,000000000,28,Canada,123,06.05.2020,33485.96,no 
CUST-201552,Daniel Ali!!!,daniel.ali1552@example.com,+44836040044,73,United States,Chicago,2026-05-31,13290.12,
CUST-201553,Mr. Ali White,ali.white1553@example.com,+61486755390,58,Pakistan,Islamabad,09-25-2023,,Yes
CUST-201520,Noah Khan!!!,noah.khan1554@example.com,+1549487301,40,pakistan,Karachi?,13 Feb 2023,29972.92,No
,Ali Lee,ali.lee1555@example.com,+1315906720,53,Canada,Toronto,09-19-2021,15488.02,N
CUST-201556,Muhammad Hall,muhammad.hall1556@example.com,+1768836856,47,Pakistan,,28.02.2025,1O000,Yes
CUST 201557,Mary Brown,user @mail.com,+92728426632,77,Australia,123,12-03-2024,,Yes
???,John Hall,,+92-300-ABC-123,33,Germany,Berlin,2019-11-12,33185.85,FALSE
CUST-201559,Sarah Walker,sarah.walker1559@example.com,123,46,Germany,Munich,26 Sep 2021,,No
CUST 201560,Emma White,test@test,unknown,25.5,Germany,Hamburg,28.11.2023,26187.87,Yes
CUST-201561,Fatima Clark,fatima.clark1561@example.com,+92829119044,19,Australia,Brisbane,2023/10/07,19795.16,Yes
CUST-201562,Emma Martin,emma.martin1562@example.com,+92953900799,26,Canada,Toronto,2024-03-24,32170.06,1
CUST-201563,Fatima Khan,fatima.khan1563@example.com,+92874960944,71,United States,Chicago,13.04.2024,2429.54,Yes
CUST-201564,Hassan Lee,hassan.lee1564@example.com,+61324470754,77,Australia,Brisbane,01-07-2021,14473.06,Yes
CUST-201565,Mia Khan,mia.khan1565@example.com,+49607367161,-4,Canada,Toronto,29 Dec 2025,39303.0,No
CUST-201566,David King,david.king1566@example.com,0300 1234567,61,United States,New York,Feb 30 2025,28848.11,Yes
CUST-201567,Daniel Lee,daniel.lee1567@example.com,abc123,68,Canada,Toronto,18 Jun 2025,34975.69,1
???,Ali Hall,ali.hall1568@example.com,+44877731413,58,Australia,Brisbane,13/03/2021,15564.58,Y
CUST-201569,Emma White,emma.white1569@example.com,+92640761613,twenty,United States,New York,19.10.2024,-400,No
CUST-201317,John Hall,john.hall1570@example.com,+44362021010,,Pakistan,Islamabad,17.11.2025,390.16,No
CUST-201571,John King,john.king1571@example.com,unknown,65,United States,New York,,39932.21,No
,Ahmed Johnson,test@test,+1729131259,73,Australia,Toronto.,14/01/2020,23774.53,Yes
CUST-201573,James Martin,james.martin1573@example.com,,67,pakistan,New York,14/06/2020,1O000,FALSE
CUST-201574,???,james.khan1574@example.com,+44747108158,24,Can.,Melbourne,2025/05/18,30591.77,No
cust-201576,Muhammad Khan,muhammad.khan1576@example.com,+44509167225,74,GER,Islamabad,30 Dec 2019,22037.74,Yes
CUST-201577,Ali White,ali.white1577@example.com,+1692518174,33,United Kingdom,Manchester,28/10/2024,37262.69,Yes
CUST 201578,Noah Hall,,+44418991044,1O,United Kingdom,Manchester,25/06/2022,5839.98,No
CUST-201579,Mary Wilson,mary.wilson1579@example.com,,37,PK,Lahore,23.02.2019,13401.91,Yes
CUST-201580,Hassan Martin,hassan.martin1580@example.com,+61930785735,44,U.K.,Leeds,2023/07/01,999999999,No
CUST-201581,Mary Taylor,not-an-email,++612345678,18,Can.,London,99-99-9999,"$12,500.50",
CUST-201582,John Lee,sophia.king1443@example.com,++612345678,77,Pakistan,Sydney NSW,   ,25043.33,maybe
,Mr. Fatima Martin,fatima.martin1583@example.com,abc123,26,Australia,Brisbane,2023-03-19,,Yes
CUST-201584,Noah White,noah.white1584@example.com,+44524834448,36,Australia,Sydney,2022/02/09,1O000,No
CUST-201585,Mary Young,mary.young1585@example.com,++612345678,80,Germany,Berlin,12 Jun 2026,26451.47,active
CUST-201586,Aisha Clark,foo.bar@domain,+44874747288,73,United states of america,Islamabad,04.06.2025,31815.1,No
CUST-201587,Daniel Young!!!,daniel.young1587@example.com,+1731782831,65,United Kingdom,London,Feb 30 2025,36906.89,1
???,Hassan Brown,hassan.brown1588@example.com,(02) 9999-8888,63,Pakistan,Londn,17.05.2022,17154.39,Yes
CUST-201590,John Hall,john.hall1590@example.com,000000000,0,Germany,Berlin,18 May 2020,5126.07,No
CUST-201591,Mia Ahmed,mia.ahmed1591@example.com,+92-300-ABC-123,1O,Canada,Calgary,2021/07/02,6001.92,Yes
CUST 201592,David Ahmed,test@test,+92706073992,1O,Germany,Hamburg,26 Nov 2022,33680.68,No
CUST-201593,Muhammad Hall,muhammad.hall1593@example.com,+92673416437,44,Germany,Berlin,25 Jul 2019,28003.62,active
CUST-201594,Mary Wilson,user @mail.com,+44887403169,18 years,United Kingdom, Manchester,19 Feb 2022,4831.96,Yes
CUST-201595,12345,hassan.taylor1595@example.com,+92868158725,75,Germany,Hamburg,2025/12/03,13449.23,No
CUST-201596,,,+1 (555) TEST,81,Germany,Berlin,28.01.2020,"$12,500.50",Yes
CUST-201597,Noah Hall,noah.hall1597@example.com,abc123,50,United Kingdom,Leeds,30.08.2024,1O000,No
CUST-201598,Fatima Taylor!!!,fatima.taylor1598@example.com,+49757016522,36,australia,NYC,17 Feb 2020,USD 2500,No
CUST-201599,John Ahmed,john.ahmed1599@example.com,++612345678,22,Germany,Hamburg,2026-13-44,15898.91,Yes
cust-201600,Olivia King!!!,olivia.king1600@example.com,+61927906779,51,GER,Melb,23.06.2025,20627.48,No
CUST-201601,Fatima Clark,fatima.clark1601@example.com,+92733868015,22,U.K.,Melb,99-99-9999,9234.45,Y
CUST-201602,???,fatima.johnson830@example.com,+92462684502,59,Australia,Melbourne,08/08/2021,1O000,no 
CUST-201603,Ahmed Ali,ahmed.ali1603@example.com,+44991181326,23,Can.,Seattle,2020-03-28,6469.27,Yes
CUST-201604,Daniel Johnson,daniel.johnson1604@example.com,+1317066931,64,GER,Berlin,2024-03-24,"2,500 AUD",No
CUST-201605,Sophia Wilson,sophia.wilson1605@example.com,,,Can.,Munich,2025/01/06,27476.65,No
CUST-201606,Muhammad Hall,MUHAMMAD.HALL1606@EXAMPLE.COM,+1 (555) TEST,1O,,NYC,2022-10-15,,Yes
CUST-201607,Ali Ahmed,ALI.AHMED1607@EXAMPLE.COM,+61923009605,62,Germany,Hamburg,2025/08/10,29853.02,Yes
CUST-201608,Hassan Taylor,hassan.taylor1608@example.com,0300 1234567,71,Pakistan,Lahore,-,22776.21,No
CUST-201609,James Clark,james.clark1609@example.com,+1965671957,81,Australia,Melbourne,2023-12-10,18052.12,No
,???,ali.ahmed1610@example.com,+1353648838,32,pakistan,Karachi,2023/04/17,13359.12,No
CUST-201611,Aisha Walker,aisha.walker1611@example.com,+49326148292,25.5,Can.,Sydney,10-23-2023,7023.29,Yes
CUST-201613,John White,john.white1613@example.com,+44563926766,33,Germany,Munich,2021-05-17,"12.500,50",Yes
CUST-201614,Aisha Smith,,+61707518544,43,Germany,Munich,12-16-2022,free,N
CUST-201615,???,DANIEL.WILSON1615@EXAMPLE.COM,+92401010375,38,Canada,Vancouver,03-02-2021,14362.01,No
CUST-201616,Hassan Clark,,+1 (555) TEST,64,United States,Chicago,2024/06/04,free,Yes
CUST-201617,Mia Ahmed,mia.ahmed1617@example.com,unknown,78,U.K.,NYC,30.10.2022,999999999,
CUST-201618,John Young,john.young1618@example.com,+44405199824,81,Canada,Sydney NSW,27/02/2020,38240.58,Yes
CUST-201619,,sarah.lee1619@example.com,+49986756671,999,United States,New York,2024-06-24,17803.2,No
cust-201620,Sarah Lee,sarah.lee1620@example.com,++612345678,42,Germany,Karachi?,2026-05-15,14021.17,0
CUST 201621,Muhammad White,,++612345678,1O,U.S.A,Vancouver,06 Feb 2023,17628.94,Yes
CUST-201622,UNKNOWN,muhammad.smith1622@example.com,+61353004172,59,Canada,,21.12.2023,30599.11,maybe
CUST-201623,David Walker,david.walker1623@example.com,+49411200227,52,AUS,Hamburg,03.06.2021,430.66,No
CUST-201626,Muhammad Taylor,muhammad.taylor1626@example.com,+49873736108,,Pakstan,Lahore,13.01.2021,7357.46,Yes
CUST-201627,Ahmed White,ahmed.white1627@example.com,0300 1234567,61,GER,Karachi,02.03.2026,14564.02,Yes
CUST-201629,John Smith,john.smith1629@example.com,+49352263471,63,United Kingdom,Manchester,26.11.2021,3607.72,0
CUST-201630,12345,foo.bar@domain,+61642997651,44,United Kingdom,London,31.01.2025,39013.5,No
CUST-201631,Ahmed Khan,ahmed.khan1631@example.com,+92479281902,60,Canada,Calgary,17/02/2020,17157.72,No
CUST-201632,Olivia Young,test@test,+44421245003,twenty,United Kingdom,Leeds,,36027.99,inactive
cust-201633,Fatima Brown,fatima.brown1633@example.com,+49510311647,,Pakistan,Lahore,05/03/2019,,No
CUST-201634,Hassan Brown,hassan.brown1634@example.com,+44352689095,0,australia,Berlin,07-03-2026,374.17,Yes
CUST-201635,James Walker,abc.com,,37,Canada,Calgary,2022/09/13,,Yes
CUST-201636,Mr. Ahmed Hall,name@,+1516729537,18,Pakistan,,07-27-2020,,
CUST-201637,Olivia Young,,+61621135861,55,Germany,Berlin,none,9776.89,No
CUST-201638,David Johnson,david.johnson1638@example.com,+49300320487,1O,PAKISTAN ,Vancouver,05 Feb 2022,,No
CUST-201639,Ali Lee,ali.lee1639@example.com,+49794728831,55,Pakistan,Lahore,2020/04/06,26333.8,No
CUST-201640,Emma Young,EMMA.YOUNG1640@EXAMPLE.COM,+49999812232,61,United Kingdom,,27/07/2019,15381.85,No
,Mia Smith,mia.smith1641@example.com,+61623912642,,United Kingdom,Leeds,2022-12-12,"$12,500.50",Yes
CUST-201642,Aisha Clark,aisha.clark1642@example.com,+44669732270,74,australia,unknown,2023-11-08,12452.38,Yes
CUST-201643,David Young,david.young1643@example.com,000000000,31,United States,123,30.11.2025,6484.97,Yes
CUST-201644,Ahmed Wilson,user @mail.com,+61422081912,twenty,Canada,Calgary,20 Jan 2023,10533.31,Yes
CUST-201645,Fatima Young,fatima.young1645@example.com,,54,Germany,Melb,,7570.78,Yes
CUST-201646,AliAhmed,ali.ahmed1646@example.com,,54,Germany,Hamburg,12/12/2024,11748.19,No
CUST-201647,David Ahmed!!!,david.ahmed1647@example.com,+1 (555) TEST,36,United States,Seattle,2025-03-15,1546.73,
CUST-201648,James Khan,james.khan1648@example.com,,0,Pakistan,Karachi,11-11-2025,"2,500 AUD",No
CUST-201649,Sarah King,sarah.king1649@example.com,,25.5,,New York,27.04.2020,31806.09,Yes
CUST-201650,Daniel Young,daniel.young1650@example.com,123,22,PK,Munich,missing,186.57,active
CUST-201651,Mia Johnson,fatima.hall492@@example.com,+61487371057,54,Canada,VANCOUVER,22/02/2019,22627.82,Yes
CUST-201652,David White,daniel.brown78@example.com,+1646890858,25.5,U.S.A,Toronto.,04-18-2025,33078.66,FALSE
CUST-201653,David Hall,david.hall1653@example.com,+49565744734,1O,Pakistan,Lahore,,18190.88,Yes
CUST-201654,Olivia Hall,olivia.hall1654@example.com,+1951283448,30,Canada,Toronto,31/02/2026,,No
,David Khan,david.khan1655@example.com,abc123,145,United States,Seattle,2025/00/12,16643.22,inactive
 CUST-201656,Daniel Taylor,daniel.taylor1656@example.com,+44570701099,999,United States,unknown,13/10/2022,18055.31,Yes
CUST-201658,Daniel Brown,daniel.brown1658@example.com,+1 (555) TEST,76,Canada,Toronto,not-a-date,1O000,No
CUST-201659,Fatima Ali,fatima.ali1659@example.com,+1598509787,41,U.K.,Vancouver,31/02/2026,9000.52,1
CUST-201660,Zain Walker!!!,not-an-email,+61891400293,79,Australia,Sydney,17.04.2019,,Yes
cust-201661,Ali Khan,ali.khan1661@example.com,+44800093090,21,Pakistan,,missing,9228.79,
CUST-201662,12345,abc.com,+49529773707,18,Canada,Toronto,31.12.2020,27213.24,Yes
 CUST-201663,Ahmed Taylor,,+44442165866,71,Australia,Sydney,11 Aug 2024,,Yes
CUST-201664,,not-an-email,abc123,145,PK,Lahore,not-a-date,"$12,500.50",no 
CUST-201665,Zain Walker,zain.walker1665@example.com,+49915684009,31,Germany,Hamburg,2025-06-21,"2,500 AUD",No
CUST 201666,ZainKhan,zain.khan1666@example.com,+61512110866,34,United Kingdom,Karachi?,2025/00/12,12153.43,active
CUST-201667,Mia Clark,test@test,+44319951505,67,Germany,Berlin,2023/08/18,999999999,active
CUST-201668,Daniel Ali,not-an-email,+44303619149,25.5,Canada,Calgary,13/05/2021,1O000,Yes
 CUST-201669,UNKNOWN,@domain.com,abc123,32,Germany,Munich,not-a-date,23111.6,No
CUST-201670,Mary Smith,,+49566763325,66,United States,Melb,06-29-2023,21239.12,Yes
CUST-201671,Mary Young,mary.young1671@example.com,+44686240120,79,Canada,Toronto,18 May 2019,12377.46,Yes
CUST-201672,Olivia Smith,olivia.smith1672@example.com,+61570487936,twenty,PK,New York,01-15-2021,4939.9,No
CUST-201673,Mia Taylor!!!,mia.taylor1673@example.com,+92562431027,twenty,Pakistan,Karachi,17 Jun 2024,5652.65,No
CUST-201674,Sophia Martin,sophia.martin1674@example.com,+44655928492,20,Canada,Calgary,23/02/2024,-400,
CUST-201675,Noah Ahmed,noah.ahmed1675@example.com,+92-300-ABC-123,47,Pakistan,Melb,07 Aug 2021,30791.59,Yes
,,,+1331391919,49,PAKISTAN ,Munich,25.03.2020,15457.1,No
CUST-201677,Aisha Hall,aisha.hall1677@example.com,000000000,22,Canada,Vancouver,not-a-date,13028.53,Yes
CUST-201678,Daniel King,,+92602897860,,Pakistan,Karachi,30.09.2025,10162.92,Yes
CUST-201679,Ali King,ali.king1679@example.com,+1426448018,22,Canada,Vancouver,,11675.52,Yes
CUST-201680,Ali King,ali.king1680@example.com,+1925729909,-4,Pakistan,Karachi,08 Feb 2025,USD 2500,No
CUST-201681,Emma Clark,emma.clark1681@example.com,++612345678,145,United States,Chicago,03.06.2022,28367.04,
CUST-201683,UNKNOWN,daniel.clark1683@example.com,+61783924846,26,Germany,Melb,10.05.2019,,No
cust-201684,Daniel King,daniel.king1684@@example.com,+61716762564,39,USA,Hamburg,?,"12.500,50",Yes
CUST-201685,Aisha Johnson,aisha.johnson1685@example.com,unknown,18 years,Germany,Munich,-,11575.28,Yes
???,Olivia Lee,name@,(02) 9999-8888,23,Can.,Melbourne,01 Sep 2022,21243.18,No
CUST-201687,???,david.king63@example.com,+61813992046,46,Pakistan,Lahore,99-99-9999,31581.01,No
CUST-201688,Zain King,zain.king1688@example.com,+92769949754,0,Germany,Karachi?,2026-02-31,"2,500 AUD",inactive
CUST-201689,Daniel Wilson,test@test,+61387092328,22,Australia,Melbourne,2024-11-02,25031.75,Yes
CUST-201690,Hassan White,test@test,+1421842976,,US,Lahore,15 Mar 2023,2056.0,Yes
cust-201691,Ahmed Martin,not-an-email,+44636708646,36,Canada,Vancouver,14/02/2024,,No
CUST-201692,SophiaTaylor,sophia.taylor1692@example.com,+49880146244,,Canada,Vancouver,03.03.2019,USD 2500,No
201693,John White,john.white1693@example.com,+44332990122,41,UK,Islamabad,15 Jan 2019,27693.03,No
CUST-201694,12345,john.clark1694@example.com,+49378200588,0,United States,Chicago,2026-02-31,32548.97,No
CUST-201695,12345,sarah.wilson1695@example.com,+1900786007,76,Canada,Vancouver,2022-08-07,2077.36,TRUE
CUST-201696,,aisha.lee1696@example.com,+92649118426,67,Canada,Toronto,25 Jul 2025,,Yes
CUST-201697,Ahmed Wilson,ahmed.wilson1697@example.com,+1453428909,23,australia,Londn,02-22-2021,27659.56,No
CUST-201698,Mia Ahmed,test@test,abc123,54,Germany,Karachi?,?,-400,maybe
CUST-201699,Muhammad Martin,muhammad.martin1699@example.com,+49712133641,18,UK,Londn,24 Sep 2022,15494.94,Yes
CUST-201700,Emma Martin,EMMA.MARTIN1700@EXAMPLE.COM,+61477506151,29,Pakistan,Karachi,2022/09/30,999999999,
CUST-201701,HassanWhite,abc.com,+61636821409,78,United States,Seattle,26/02/2023,2143.04,Yes
CUST-201702,Sophia Ahmed,sophia.ahmed1702@example.com,+1618783544,48,Can.,Calgary,20 Dec 2021,31685.96,no 
CUST-201703,Mia Smith,mia.smith1703@example.com,+1394390262,47,Australia,Brisbane,23.12.2025,"$12,500.50",N
???,Mary Ali,mary.ali1704@example.com,000000000,,Germany,Sydney NSW,-,23197.04,Yes
CUST-201705,John Lee,john.lee1705@example.com,+44970879666,50,United States,Toronto.,2026/03/27,999999999,No
CUST-201706,Mia Young,mia.young1706@example.com,+49799875795,999,,Toronto,30 Sep 2019,35613.78,yes 
CUST-201707,UNKNOWN,david.ali1707@example.com,+49867454153,61,Germany,Munich,04-15-2019,11498.36,
,Daniel Martin,daniel.martin1708@example.com,+61739123850,999,Germany,Hamburg,07-26-2025,38020.66,Yes
CUST-201709,Sarah Ahmed,sarah.ahmed1709@example.com,,37,Australia,Sydney,2026/03/24,7934.68,No
CUST-201710,Muhammad Martin,muhammad.martin1710@example.com,123,0,United States,New York,19 Feb 2023,22789.41,No
CUST-201711,Ali Young,ali.young1711@example.com,+49774400612,145,Pakistan,Lahore,2026-02-31,"2,500 AUD",
CUST-201712,12345,hassan.taylor1712@example.com,++612345678,19,United States,unknown,13/03/2025,38859.05,No
cust-201713,  Emma Ali  ,emma.ali1713@example.com,+1779017300,74,United Kingdom,Manchester,07/11/2021,14478.75,No
CUST-201714,Fatima Johnson!!!,fatima.johnson1714@example.com,+92750778087,999,GER,New York,03 Nov 2022,26008.58,Yes
CUST-200550,James Martin,,+1511839941,145,Canada,Calgary,04.03.2021,7167.09,Yes
CUST-201716,Aisha Young,test@test,+92598816820,,Canada,Vancouver,2023-01-02,15548.73,0
CUST-201717,Mia Lee,mia.lee1717@example.com,+44775658703,74,Australia,Melbourne,14/04/2025,14201.79,Yes
CUST-201718,,fatima.walker1718@example.com,,47,United States,Chicago,2022/12/07,1375.06,N
CUST-201719,Hassan Ahmed,hassan.ahmed1719@example.com,123,,,Munich,Feb 30 2025,1234.3,No
CUST-201720,Sophia Young,sophia.young1720@example.com,,47,Germany,Hamburg,24/01/2025,1793.15,Yes
CUST-201722,Mr. Olivia Ali,olivia.ali1722@example.com,123,30,United States,New York,04.07.2022,33369.28,No
 CUST-201723,Fatima King,not-an-email,+61677424454,69,GER,Seattle,2023/11/07,1O000,Yes
CUST-201724,Muhammad Taylor,muhammad.taylor1724@example.com,+92-300-ABC-123,-4,Germany,Hamburg,31/02/2026,36002.7,Yes
CUST-201725,Emma Ahmed,emma.ahmed1725@example.com,+44502240746,18,Canada,Vancouver,2023/11/11,999999999,Yes
CUST-201726,Aisha White,noah.brown573@example.com,+61748417958,65,United States,Chicago,2020/12/02,,No
CUST-201727,Sophia Brown,sophia.brown1727@@example.com,+44762689748,29,Germany,Hamburg,24.10.2022,USD 2500,Yes
CUST-201728,Aisha Martin,aisha.martin1728@example.com,+49925952046,26,United States,NYC,09-02-2022,,Y
CUST-201729,Sophia Walker,sophia.walker1729@example.com,000000000,-4,United States,Chicago,?,27778.29,
CUST-201730,John Clark,abc.com,(02) 9999-8888,53,U.K.,Seattle,12-18-2023,4415.71,active
CUST-201731,David Khan,david.khan1731@example.com,+92-300-ABC-123,48,Pakistan,unknown,21/12/2024,21118.99,No
CUST-201732,Mia Hall,mia.hall1732@example.com,+1 (555) TEST,73,USA,123,2019-04-25,2708.24,Yes
CUST-201733,Sophia Khan,sophia.khan1733@example.com,+92889456461,75,GER,Chicago,not-a-date,free,0
CUST-201734,David Smith,david.smith1734@example.com,+49398344969,69,Germany,Munich,2025/08/12,31325.6,Yes
CUST-201735,Daniel Brown,daniel.brown1735@example.com,+1497353218,19,United Kingdom,London,2022/02/28,35756.7,Yes
,Daniel Taylor,abc.com,+61672071556,55,Pakistan,Karachi?,01.11.2024,39776.42,Yes
CUST-201737,Hassan Ali,hassan.ali1737@example.com,+49654187321,145,pakistan,123,06 Nov 2024,USD 2500,No
CUST-201739,,zain.lee1413@example.com,+44521622913,80,Canada,Calgary,,,Yes
CUST-201740,12345,emma.taylor1740@example.com,+49996031929,61,United States,Seattle,2025/00/12,27764.72,Yes
CUST-201741,,user @mail.com,+44375550599,,United Kingdom,London,02-07-2023,33135.8,N
CUST-201742,,emma.ahmed1742@example.com,+92409647647,37,Germany,Munich,12-28-2022,7.0,Y
CUST-201743,Sarah Walker,sarah.walker1743@example.com,+92536164697,19,U.K.,Toronto,2026/06/25,28454.8,No
CUST-201744,Ahmed Young,ahmed.young1744@example.com,+44895537830,50,United Kingdom,Leeds,20/10/2024,,
,John King,john.king1745@example.com,+49582701901,20,USA,Manchester,,-400,No
201747,Zain Young,user @mail.com,+61326027855,145,,Manchester,2020-10-22,,No
CUST-201749,Fatima Hall,@domain.com,+61966625808,18 years,Pakistan,Sydney NSW,2024-12-11,,inactive
,David Hall,david.hall1750@example.com,+1624162631,54,Pakistan,Karachi,20/01/2021,,No
CUST-201751,Ahmed Wilson,ahmed.wilson1751@example.com,++612345678,999,United States,Chicago ,2023-08-30,"$12,500.50",FALSE
???,Mr. Sophia White,sophia.white1752@example.com,+92-300-ABC-123,49,United States,New York,03/03/2022,27550.52,inactive
CUST-201753,Fatima Johnson,fatima.johnson1753@example.com,,39,Germany,123,2019/12/24,20650.8,0
CUST-201754,Sarah Young!!!,sarah.young1754@example.com,unknown,75,Can.,Manchester,05.02.2020,13.21,No
cust-201755,Fatima White,test@test,+61636010339,24,Australia,Sydney,23.02.2022,16235.0,
CUST-201756,Muhammad Clark,muhammad.clark1756@example.com,+49514311524,70,Pakistan,Islamabad,02 Oct 2022,30642.79,Yes
CUST-201757,Ahmed Ali,ahmed.ali1757@example.com,+1339990232,1O,Canada,Toronto,13 Oct 2021,USD 2500,Yes
CUST-201758,Zain Martin,test@test,+1 (555) TEST,64,Germany,Hamburg,06.10.2025,39851.29,Yes
,Sophia Walker,not-an-email,+44362890843,1O,GER,Brisbane,32 Jan 2025,38345.96,No
CUST-201760,,zain.young1760@example.com,,73,United Kingdom,Manchester,,,Yes
,Zain Wilson,zain.wilson1761@example.com,+92-300-ABC-123,-4,United Kingdom,123,12-17-2022,,No
CUST-201762,Hassan Khan,hassan.khan1762@example.com,123,,Australia,Melbourne,2025-08-12,USD 2500,No
 CUST-201763,Mary Lee,mary.lee1763@example.com,+44709316171,75,United Kingdom,London,23 Feb 2024,31406.14,Yes
CUST-200049,Mia White,mia.white49@example.com,+92348360980,,Germany,Berlin,02-13-2022,33927.73,0
CUST-201765,Noah Wilson,noah.wilson1765@example.com,+44648587133,37,Pakistan,Karachi,31.05.2024,30084.68,No
CUST 201766,12345,@domain.com,+1 (555) TEST,28,US,Chicago,17.04.2023,18586.46,Yes
CUST 201768,Mia Brown,mia.brown1768@example.com,+1944895413,25,U.K.,Sydney,08-17-2024,"2,500 AUD",Yes
 CUST-201769,Mr. Zain Khan,zain.khan1769@example.com,+92692306005,23,Australia,Sydney,31/02/2026,999999999,N
CUST-201770,Zain White,zain.white1770@example.com,123,19,Pakstan,Londn,2025-01-27,29725.98,No
CUST-201771,12345,test@test,+92389546936,23,Germany,Londn,11.05.2020,23356.76,active
???,Ali Ahmed,ali.ahmed1772@example.com,+1519404076,25.5,,Islamabad,2019-08-13,30724.09,Yes
CUST-201773,???,,+61958347195,58,United Kingdom,Manchester,17.03.2023,6480.29,No
CUST-201774,Ali Johnson,ali.johnson1774@example.com,123,28,United states of america,Melb,25.08.2020,22117.45,FALSE
CUST-201775,Aisha Hall,abc.com,+44647834168,25,United Kingdom,NYC,31/05/2023,28644.36,0
CUST-201776,Ahmed King,test@test,+49344053103,31,United Kingdom,Toronto.,07/08/2021,34128.0,active
CUST-201777,,ali.taylor1777@example.com,+44591588111,40,United Kingdom,Leeds,16/12/2025,13365.5,1
CUST-201778,Hassan Ahmed,hassan.ahmed1778@example.com,+61565707528,58,United Kingdom,London,   ,32975.14,yes 
CUST-201779,Mia Taylor,mia.taylor1779@example.com,+61365506570,145,Australia,Sydney,2025-06-18,,Yes
CUST-201780,Sophia Walker,,+1993876760,twenty,United States,Seattle,04-13-2023,19227.18,No
CUST-201781,Aisha Johnson,aisha.johnson1781@example.com,+1 (555) TEST,0,Germany,Hamburg,01-22-2021,9772.12,TRUE
CUST-201782,John Brown,john.brown1782@example.com,++612345678,63,Can.,Islamabad,   ,801.99,No
CUST-201783,12345,sophia.ali1783@example.com,+92753247846,,Australia,Melbourne,2025-05-28,"12.500,50",Yes
CUST-201784,James Ahmed,james.ahmed1784@example.com,+61412178604,48,United Kingdom,London,28 Jul 2025,27958.73,Yes
CUST-201785,Aisha Walker,aisha.walker1785@example.com,unknown,51,Germany,NYC,27 Feb 2026,2261.61,0
CUST-200756,Emma Hall,,+61620789972,45,Can.,Vancouver,17 Jun 2019,7628.48,Yes
CUST-201787,Fatima King!!!,fatima.king1787@example.com,123,,United states of america,Seattle,10/10/2023,-400,No
CUST-201788,Olivia Young,olivia.young1788@example.com,+44938496620,,United Kingdom,Manchester,04-07-2026,28618.56,yes 
CUST-201789,Emma Brown,emma.brown1789@example.com,123,51,U.K.,Londn,06-06-2021,20309.42,No
CUST-201104,Zain Khan,zain.khan1790@example.com,+61954118064,48,U.S.A,Chicago,Feb 30 2025,35878.01,No
CUST-201791,MuhammadKing,muhammad.king1791@example.com,+92930521331,59,GER,Munich,12 Feb 2024,,No
CUST-201792,Hassan Brown,hassan.brown1792@example.com,+61995007812,22,Pakistan,Karachi,none,22943.65,Yes
201793,Ahmed Hall,ahmed.hall1793@example.com,+49710955754,46,United states of america,Seattle,none,28662.05,Yes
CUST-201794,Noah Smith,noah.smith1794@example.com,+49366537392,42,United Kingdom,Londn,2023-12-18,1772.3,active
CUST-201796,Sarah White,foo.bar@domain,+49356821528,25.5,United States,Chicago,28.10.2023,15463.05,Yes
CUST-201797,Mr. Mia Johnson,abc.com,+61487952624,,pakistan,Melb,03-31-2021,26176.3,No
CUST-201798,,john.khan1798@example.com,+92932682931,40,Germany,Munich,17 Dec 2023,"$12,500.50",No
CUST-201799,UNKNOWN,noah.wilson1799@example.com,+1620209427,0,United States,Seattle,02 Feb 2021,7016.71,inactive
201800,James Young,james.young1800@example.com,+49998310209,61,United Kingdom,Leeds,22 Jun 2019,17433.41,no 
CUST-201801,Mary Khan,mary.khan1801@example.com,+61670847031,64,Australia,NYC,07/05/2025,"$12,500.50",
201802,Mia Johnson,MIA.JOHNSON1802@EXAMPLE.COM,+44987878499,145,Australia,Londn,19 Oct 2019,16302.86,Yes
CUST-201803,UNKNOWN,,+49901025452,18 years,United Kingdom,London,20 Sep 2022,16863.65,No
CUST-201804,Ahmed Johnson,ahmed.johnson1804@example.com,+49953321411,45,PAKISTAN ,Karachi?,12.07.2026,,Yes
CUST-201805,Noah Clark,abc.com,+44666193735,,pakistan,Calgary,25.07.2023,21579.97,
CUST-201806,Daniel Hall,name@,123,47,United Kingdom,Leeds,2025-03-16,38062.3,Yes
CUST-201807,John Khan,john.khan1807@example.com,+1962866682,0,Canada,Vancouver,   ,9507.73,No
,12345,fatima.taylor1808@example.com,+61719338926,24,AUS,Islamabad,09-14-2020,11005.37,No
 CUST-201810,Noah Young,abc.com,+1817200592,,Pakistan,NYC,,16355.27,Yes
CUST-201811,Sophia Smith,sophia.smith1811@@example.com,+1 (555) TEST,69,United States,Seattle,27.01.2019,24399.79,Yes
CUST-201812,,ahmed.lee1812@example.com,(02) 9999-8888,twenty,Germany,Munich,28 Jan 2019,33275.17,1
CUST-201814,Emma Wilson,emma.wilson1814@example.com,+49942373094,24,Canada,Calgary,2019-07-27,999999999,Yes
CUST-201815,John Hall,john.hall1815@example.com,123,56,United States,Chicago,10.07.2020,9961.2,no 
,Daniel Smith,daniel.smith1816@example.com,+44542298787,18 years,pakistan,Brisbane,2020/11/14,27066.59,No
CUST-201817,Zain Johnson,zain.johnson1817@example.com,+92665359877,57,United States,Seattle,   ,22180.09,Yes
CUST-201818,Zain Lee,zain.lee1818@example.com,+44807061368,18,U.K.,Manchester,05 Dec 2022,"2,500 AUD",Y
CUST-201819,Mary Walker,mary.walker1819@example.com,+1988904640,30,United States,New York,2021/03/05,18854.89,No
CUST-200381,UNKNOWN,fatima.ahmed1820@example.com,123,32,,unknown,2025-04-27,USD 2500,1
CUST-201821,Muhammad Brown,muhammad.brown1821@example.com,+49376758670,,Australia,Melbourne,,21978.57,Yes
CUST-201822,John Khan,john.khan1822@example.com,+61508129089,60,Pakistan,Lahore,2020/04/10,1O000,Y
CUST-201823,Hassan Wilson!!!,hassan.wilson1823@example.com,+92780506502,50,United states of america,Vancouver,,"2,500 AUD",No
CUST-201824,John Ahmed,john.ahmed1824@example.com,+61931421457,25.5,Australia,Melbourne,2025/03/11,25907.64,No
CUST 201825,UNKNOWN,zain.johnson1825@example.com,+61856721416,33,Pakstan,New York,01/07/2023,4376.25,Yes
CUST-201826,Emma Smith,emma.smith1826@example.com,+92630963877,53,Pakistan,Karachi,99-99-9999,USD 2500,No
CUST-201827,Mia Ali!!!,mia.ali1827@example.com,+1974085087,21,Germany,Berlin,,9399.2,Yes
CUST-201828,Muhammad Smith,muhammad.smith1828@example.com,+44482989308,53,United States,New York,00/00/0000,9587.35,No
,Muhammad White,muhammad.white1829@example.com,+1644945896,0,US,123,17.09.2022,"$12,500.50",active
CUST-201830,Emma Walker,emma.walker1830@example.com,+61889798529,38,Germany,Londn,23/05/2024,9600.9,No
CUST-201831,ZainWalker,abc.com,+44933446306,,Australia,,31/02/2026,15454.01,Yes
CUST-201832,UNKNOWN,ali.smith1832@example.com,+92683689021,999,Australia,Melbourne,18 Dec 2023,36370.0,Yes
CUST-201833,Noah Taylor,noah.taylor1833@example.com,+1570899772,47,Canada,Vancouver,28/11/2019,5639.63,Yes
CUST-201834,Noah Khan,noah.khan1834@example.com,+61922824990,72,United Kingdom,,20 Feb 2019,,No
CUST-201835,,user @mail.com,+61370042958,48,Pakistan,Islamabad,18 Oct 2022,27356.0,inactive
CUST-201836,David White,@domain.com,+1436540073,,Germany,Berlin,2024/04/12,15235.09,TRUE
CUST-201837,Ahmed Clark,foo.bar@domain,+44570501569,145,Germany,Hamburg,2026/06/26,29599.14,0
,Mary White,mary.white1838@example.com,+61714360842,1O,Australia,Londn,00/00/0000,1O000,FALSE
CUST-201839,,daniel.smith1839@example.com,+92450124435,34,United Kingdom,Manchester,31/02/2026,837.26,Yes
cust-201840,Mary Young,mary.young1840@example.com,+61650168111,34,United states of america,Munich,2019-03-07,12881.1,No
CUST-201841,James Johnson!!!,james.johnson1841@example.com,+1 (555) TEST,25.5,Australia,Sydney,18 Aug 2023,"12.500,50",No
CUST-201842,  Hassan Ahmed  ,hassan.ahmed1842@example.com,,45,United States,Sydney NSW, ,26829.51,Yes
CUST-201843,Aisha Walker,aisha.walker1843@example.com,+49587338640,18 years,United States,Seattle,17 Jun 2023,20981.61,Y
CUST-201844,Aisha Wilson,aisha.wilson1844@example.com,,59,United states of america,Brisbane,2021-03-31,31732.4,No
CUST-201845,David King,david.king1845@example.com,+1455150333,18 years,UK,Berlin,29.10.2020,18325.65,No
CUST-201846,Aisha Young,abc.com,+92378839533,25.5,Pakistan,Islamabad,2025/10/15,34117.92,maybe
CUST-201847,UNKNOWN,olivia.hall1847@example.com,+44451559863,66,United States,Chicago,03.06.2024,13012.96,Yes
CUST-201848,Sophia Taylor,sophia.taylor1848@example.com,+44691350725,25,Pakistan,123,08-03-2023,7934.36,No
CUST-201849,,mia.martin1849@example.com,000000000,41,United Kingdom,London,,2979.49,No
CUST-201850,Sarah White,sarah.white1850@example.com,unknown,65,United States,New York,31/02/2026,33792.47,Yes
???,12345,ahmed.ali1851@example.com,+92374165562,25,Pakistan,Islamabad,12-30-2023,USD 2500,Yes
CUST-201852,David Martin,david.martin1852@example.com,abc123,,Pakistan,Toronto.,2025-03-15,9593.37,No
CUST-201853,,user @mail.com,+44485597941,60,Pakistan,Lahore,00/00/0000,23111.56,Yes
CUST-201854,Muhammad Johnson,muhammad.johnson1854@example.com,+1544957458,57,Pakstan,Seattle,29.05.2020,15254.24,Yes
CUST-201855,John Khan,john.khan1855@@example.com,+92831416904,18 years,australia,Sydney,05 Jun 2022,1O000,No
CUST-201856,12345,not-an-email,+44441823970,999,UK,London,2019-01-06,33381.31,Yes
CUST-201857,Muhammad Taylor,muhammad.taylor1857@example.com,+1987618046,77,Pakistan,Karachi,25.08.2023,15727.23,Yes
CUST-201858,Emma Martin,emma.martin1858@example.com,+49760203184,82,Australia,Melb,32 Jan 2025,,Yes
CUST-201859,Ali Clark,foo.bar@domain,++612345678,41,Canada,Toronto,-,35790.03,No
CUST-201860,Fatima Taylor,fatima.taylor1860@example.com,+92323618570,31,Australia,NYC,05-17-2020,,Yes
CUST-201861,James Ahmed!!!,james.ahmed1861@example.com,+44705359441,29,Germany,Hamburg,30 Jul 2022,37772.77,No
CUST-201862,Sophia Hall,sophia.hall1862@example.com,+61546329976,23,United States,Sydney NSW,unknown,"2,500 AUD",yes 
201793,Hassan Clark,hassan.clark1863@example.com,+1487273728,50,Pakistan,Lahore,30.06.2022,103.99,No
CUST-201864,,david.wilson1864@example.com,+44809904938,twenty,PK,Melb,2021/03/15,19652.66,Yes
CUST-201865,,mia.white1865@example.com,+61373638104,57,PAKISTAN ,Islamabad,10.02.2023,,No
 CUST-201866,Aisha Ali,user @mail.com,+92979416244,71,Pakistan,Islamabad,10 Mar 2025,37748.9,Yes
CUST-201867,12345,daniel.young1867@example.com,+92560694052,22,United Kingdom,Leeds,14.01.2024,35140.36,No
CUST-201868,Sophia Ali,,+49621786348,76,Pakistan,Lahore,16.06.2025,3144.47,Yes
CUST-201869,Muhammad Martin,muhammad.martin1869@example.com,abc123,38,Germany,123,2021-01-07,11200.91,No
CUST-201870,Mia Ali,mia.ali1870@example.com,+61702654319,38,United States,Chicago,01-14-2023,14581.65,Yes
CUST-201871,Ahmed Ali,ahmed.ali1871@example.com,+44749141900,64,Canada,Vancouver,07 Oct 2022,38765.07,Yes
CUST-201872,Olivia Khan,olivia.khan1872@example.com,+49884794659,25.5,Pakistan,Lahore,16.01.2026,17937.7,No
CUST-201873,David Wilson,david.wilson1873@example.com,+61325092991,74,United States,Chicago,2026-03-06,27259.57,Yes
 CUST-201874,Hassan Hall,not-an-email,+49981739229,68,Germany,Hamburg,unknown,9545.53,No
CUST-201877,JamesTaylor,james.taylor1877@example.com,+1881757584,52,Germany,NYC,20.08.2023,9968.38,No
CUST-201878,,mary.ahmed1878@example.com,+1616341529,twenty,AUS,Chicago,04-25-2021,1O000,Yes
CUST-201879,UNKNOWN,mia.lee1879@example.com,+44342658240,41,Canada,Vancouver,08-03-2022,,0
CUST-201880,Daniel King!!!,emma.ahmed1406@example.com,+44685527492,23,United States,Seattle,,39157.65,Y
CUST-201881,Sophia Clark,user @mail.com,abc123,45,,Karachi,22 Dec 2024,17324.72,Yes
CUST-201882,Noah Johnson,noah.johnson1882@example.com,0300 1234567,73,United States,Chicago,05-24-2023,25097.97,Yes
 CUST-201883, Mia Smith,mia.smith1883@example.com,abc123,1O,Pakistan,Karachi,08.09.2025,30670.49,Yes
CUST 201884,Fatima Ali,fatima.ali1884@example.com,+49406289666,35,Germany,Munich,2026-02-03,1429.34,N
CUST-201885,Daniel Johnson,daniel.johnson1885@example.com,+61909422557,47,Canada,NYC,09/08/2020,12313.88,No
CUST-201886,Mary Clark,mary.clark1886@@example.com,+44436012707,76,Pakistan,,03/04/2025,-400,no 
,Olivia Smith,olivia.smith1887@example.com,+44639351545,20,Canada,Toronto.,2020-12-14,"2,500 AUD",Yes
CUST-201888,Zain Ahmed,zain.ahmed1888@example.com,+92515924370,62,USA,Vancouver,unknown,18908.99,No
CUST-201889,ali taylor,ali.taylor1889@example.com,+44824209822,18,Canada,Vancouver,07 Mar 2025,11411.14,TRUE
CUST-201890,Sophia White,sophia.white1890@example.com,+92-300-ABC-123,26,AUS,Toronto.,08 Jun 2020,5389.33,maybe
CUST-201891,12345,olivia.smith1891@example.com,+49358386011,47,United Kingdom,London,06-19-2021,10665.76,FALSE
CUST-201892,Aisha Taylor,,+61394088599,999,Australia,Melbourne,21.03.2026,8141.38,N
 CUST-201893,Ali Ahmed!!!,ali.ahmed1893@example.com,+61564271556,25,Canada,Vancouver,16 Jan 2021,23340.69,Yes
CUST-201894,James Khan,JAMES.KHAN1894@EXAMPLE.COM,000000000,20,Australia,Brisbane,10 Apr 2022,30702.49,No
CUST-201895,UNKNOWN,,0300 1234567,,GER,New York,02-12-2021,35646.14,Yes
CUST-201896,James Ali,james.ali1896@@example.com,+44734708349,21,Germany,Hamburg,03-22-2024,26993.4,Yes
CUST-201897,Ahmed Wilson,ahmed.wilson1897@example.com,+92345221359,66,United States,Seattle,,"12.500,50",0
 CUST-201898,,OLIVIA.HALL1898@EXAMPLE.COM,+49753476142,68,Pakstan,Toronto,2025/00/12,21699.98,No
???,David Wilson,foo.bar@domain,+1796196859,,Canada,Toronto,2023/03/15,27592.38,Yes
CUST-200256,John Martin,john.martin1900@example.com,unknown,44,Canada,Calgary,16 Jun 2020,30159.96,TRUE
CUST-201901,Aisha Taylor,aisha.taylor1901@example.com,+61853222357,19,Germany,Hamburg,10-31-2025,12106.99,Yes
CUST-201902,Olivia Young,olivia.young1902@example.com,,24,Australia,Brisbane,05/08/2023,17018.33,inactive
,James Ahmed,james.ahmed1903@example.com,+92414241753,58,Canada,NYC,,31876.65,Yes
CUST-201904,ahmed taylor,ahmed.taylor1904@example.com,+44726500726,47,Germany,Hamburg,31 Mar 2022,35.33,1
CUST-201905,Ali Ahmed,ali.ahmed1905@example.com,+61901361911,49,United States,New York,20 Dec 2024,8838.28,Yes
CUST-201906,Olivia Clark,olivia.clark1906@example.com,,78,,Londn,05/02/2021,21743.3,No
CUST-201907,Daniel Ali,daniel.ali1907@example.com,+92470463994,23,United Kingdom,London ,08/08/2024,11960.73,No
???,Zain White,zain.white1908@example.com,+61541252700,30,AUS,Manchester,18 Jan 2023,9919.46,No
CUST-201909,Aisha Johnson,aisha.johnson1909@example.com,+92-300-ABC-123,18 years,Canada,Toronto,,18078.94,No
CUST-201910,Daniel Wilson,daniel.wilson1910@example.com,+1384020231,24,Pakstan,Karachi,25.09.2019,10732.58,No
CUST-201911,,daniel.johnson1911@example.com,+44595789480,46,GER,Berlin,?,28778.92,No
,  Sophia Taylor  ,sophia.taylor1913@example.com,+61372242563,26,U.K.,Calgary,00/00/0000,15366.55,Yes
CUST-201914,James White,james.white1914@example.com,+1791449698,,Pakistan,Toronto.,06-22-2026,31976.52,Y
CUST-201915,Ahmed Smith,ahmed.smith1915@@example.com,+44312820690,44,PK,Manchester,28.07.2025,13163.4,Yes
CUST-201916,Hassan Martin,@domain.com,(02) 9999-8888,68,Canada,NYC,26 Apr 2019,14816.69,0
CUST-201917,Emma Smith,emma.smith1917@example.com,abc123,33,United Kingdom,,16/08/2023,34671.56,No
CUST-201918,Fatima Ali,@domain.com,+49594602549,72,GER,Leeds,2020-09-01,17746.45,N
,Ali Hall,ali.hall1919@example.com,+61600247114,66,Germany,Berlin,2021-07-16,999999999,Yes
CUST-201920,UNKNOWN,ali.walker1920@example.com,+49767386187,58,Australia,Melbourne,30 May 2023,23509.75,Yes
CUST-201921,AliHall,,123,67,Germany,Berlin,2021-06-29,-400,Yes
CUST-201922,Olivia Lee ,olivia.lee1922@@example.com,+49808528984,22,Australia,Brisbane,2024/02/05,15276.41,active
CUST-201923,Fatima Ahmed,fatima.ahmed1923@example.com,++612345678,76,Australia,Toronto.,26.08.2020,287.21,Yes
CUST-201924,Mary Martin,mary.martin1924@example.com,++612345678,18 years,U.S.A,Chicago,30/04/2020,19329.3,N
,Daniel Clark,daniel.clark1925@example.com,+61778832993,19,United States,Chicago,02-18-2026,18924.79,No
,,mia.johnson1926@example.com,+1642195991,,PK,Melbourne,,,No
CUST-201927,MiaAhmed,mia.ahmed1927@example.com,+49382743161,29,United Kingdom,Manchester,2022-09-07,29936.8,Yes
CUST-201928,Olivia Hall,olivia.hall1928@example.com,123,71,U.K.,Vancouver,2019-05-02,36977.55,active
cust-201929,Hassan Khan,hassan.khan1929@example.com,+61560530255,57,Canada,Toronto,2020-12-02,"2,500 AUD",Yes
CUST-201930,UNKNOWN,sophia.khan1930@example.com,123,23,United Kingdom,London,2019/02/19,39079.73,Yes
CUST 201931,Aisha  Lee,aisha.lee1931@example.com,+92412956392,20,United States,Chicago,2020-02-20,19746.75,Yes
CUST-201932,David Taylor,david.taylor1932@example.com,+49975123853,145,Germany,Hamburg,13/13/26,1715.46,active
CUST-201933,Zain Taylor,zain.taylor1933@example.com,+61590468240,19,pakistan,Karachi,22 Nov 2025,7334.84,No
CUST-201934,Emma Ali,emma.ali1934@example.com,,,U.S.A,123,30.01.2023,7782.34,Yes
cust-201935,Daniel Lee,name@,+44950707386,52,UK,London,24/01/2025,27275.95,inactive
cust-201936,John Johnson,john.johnson1936@example.com,+44338652181,52,Canada,Vancouver,24/11/2023,15620.42,No
 CUST-201937,Daniel Khan,daniel.khan1937@example.com,0300 1234567,73,Australia,Melbourne,2026-13-44,25321.79,Yes
CUST-201938,Mia White,mia.white1938@example.com,+92951422853,57,Pakistan,Lahore,13/13/26,"12.500,50",No
CUST-201939,Sarah Clark,sarah.clark1939@example.com,+92668069163,54,PK,Melb,07-13-2020,free,Yes
,Olivia Wilson,olivia.wilson1940@example.com,+92573065400,145,Germany,Hamburg,2022/05/25,6570.68,No
CUST-201941,Sophia Smith,foo.bar@domain,unknown,,pakistan,,19 Mar 2021,3224.66,No
CUST-201942,Zain Martin,not-an-email,+61811030801,66,Australia,Sydney,30/05/2019,9178.79,Yes
CUST-201943,Sophia Lee,,+61513967553,52,AUS,Brisbane,28 Dec 2025,29142.26,Yes
CUST-201944,Mia White,,+61992261405,40,United States,Chicago,2023-12-22,3320.33,Yes
CUST-201945,UNKNOWN,james.clark1945@example.com,+49793853605,71,United Kingdom,Manchester,30 Jun 2025,USD 2500,No
CUST-201946,12345,name@,+1 (555) TEST,,Canada,Vancouver,12/07/2019,1663.62,No
CUST-201947,Fatima Martin,abc.com,+1660412718,46,Canada,Vancouver,2021-08-30,8847.87,Yes
CUST-201948,Sarah Wilson,,+44438541766,77,GER,Londn,not-a-date,,No
CUST-201949,12345,,+49652315209,55,U.K.,Toronto,07 Aug 2021,999999999,No
CUST-201950,Emma Clark,abc.com,+92967266406,20,United States,Chicago,06-14-2026,36812.62,Yes
CUST-201043,James Young,,+44563890773,43,pakistan,Seattle,,15129.35,TRUE
CUST-201953,Muhammad White,,+49416351616,145,United Kingdom,123,14 Sep 2023,3183.67,Yes
CUST-201954,Daniel Wilson,user @mail.com,+92765624618,63,Australia,Brisbane,11-15-2024,free,0
CUST-201955,Muhammad Ahmed!!!,muhammad.ahmed1955@example.com,+92502605185,1O,Canada,Calgary,2019/04/16,9134.02,N
CUST-201956,Mary Smith,mary.smith1956@example.com,,76,Australia,Brisbane,2023-08-07,5150.16,Yes
CUST-201957,Ahmed Ali,ahmed.ali1957@example.com,(02) 9999-8888,-4,Pakistan,Lahore,-,35590.58,Yes
,Sophia Brown,sophia.brown1958@example.com,+61853563090,40,PAKISTAN ,Sydney,missing,,No
CUST-201959,Olivia Ahmed,olivia.ahmed1959@example.com,+92411909744,,United Kingdom,Leeds,06-27-2024,1O000,Yes
CUST-201960,Fatima White,fatima.white1960@example.com,+1 (555) TEST,22,Canada,Toronto,29.12.2025,36325.22,Yes
 CUST-201961,Noah Ahmed,noah.ahmed1961@example.com,+1352571757,26,Pakistan,Islamabad,?,,Yes
CUST-201962,FatimaKhan,fatima.khan1962@example.com,+1420719480,0,United Kingdom,London,22 Dec 2024,10070.43,No
CUST-201963,Muhammad Ahmed,muhammad.ahmed1963@example.com,+1778456304,37,United States,Sydney NSW,Feb 30 2025,22180.59,No
CUST-201964,Hassan Lee,hassan.lee1964@example.com,+44310614445,twenty,,Hamburg,2020-09-23,7630.42,
201965,Mia King,mia.king1965@example.com,+61313679564,31,Canada,Toronto,05-14-2023,7695.03,yes 
CUST 201966,Fatima Khan,fatima.khan1966@example.com,+49982350168,69,GER,Calgary, ,25389.74,Yes
CUST-201967,Emma King,emma.king1967@example.com,+92518191658,69,Pakistan,Karachi,09.05.2021,,Yes
CUST-201968,James Ali,james.ali1968@example.com,+1418145041,76,Australia,Melbourne,01.12.2023,30101.43,Yes
CUST-201969,Ali Brown,ali.brown1969@example.com,+44530959167,0,Canada,Toronto.,2026-05-15,4368.27,No
CUST-201970,Mary King,mary.king1970@example.com,+1516432329,1O,United States,New York,unknown,34307.87,Yes
,Olivia Khan,olivia.khan1972@example.com,+61534115444,38,United Kingdom,Leeds,07 Mar 2022,8400.35,No
CUST-200283,Noah Smith,noah.smith1973@example.com,+44765501634,81,Australia,Sydney,31 May 2019,16836.66,No
CUST-201974,David Brown,,+1336098219,38,United Kingdom,Leeds,,USD 2500,Yes
CUST-201975,Emma White,emma.white1975@example.com,+61809837551,72,United Kingdom,Toronto.,06-05-2024,19529.67,inactive
,Fatima King,fatima.king1976@example.com,+49746859120,55,United States,Chicago,2026-02-21,16362.92,No
CUST-201977,Mia Young,,+1461250083,69,United Kingdom,Toronto.,unknown,12653.43,No
CUST-201978,Fatima Taylor,fatima.taylor1978@example.com,123,41,pakistan,Toronto,2023/11/04,14923.47,No
CUST-201979,Zain Clark,ZAIN.CLARK1979@EXAMPLE.COM,+1445028919,41,United Kingdom,123,04-17-2025,"$12,500.50",No
CUST-201980,Zain Clark,user @mail.com,+44892363773,57,Australia,Melbourne,not-a-date,10120.19,No
CUST-201981,,muhammad.young1981@example.com,+92866523534,33,Canada,Calgary,2020/02/26,6384.0,Yes
CUST-201982,Zain Clark,name@,+1967834217,25,pakistan,Sydney,2020-05-30,6531.86,No
CUST-201983,Mr. John White,john.white1983@example.com,+44972928003,46,Pakistan,123,06.08.2024,999999999,Yes
CUST-201984,12345,,+61842978860,25,UK,unknown,10-01-2025,16957.33,0
CUST-201985,Mr. John King,john.king1985@example.com,+92589985241,37,Australia,Brisbane,26/06/2023,14713.32,Y
CUST-201986,Mia White,mia.white1986@example.com,+92363212289,27,United Kingdom,Toronto.,31/02/2026,,TRUE
CUST-201987,Ali Ali,abc.com,+49568276932,36,Germany,Berlin,29.06.2019,27060.42,No
CUST-201988,Mary Hall,mary.hall1988@example.com,+49624817601,27,Canada,Melb,08-12-2025,-400,No
 CUST-201989,Ahmed Young,ahmed.young1989@example.com,+92492759783,25,AUS,Vancouver,01 May 2025,USD 2500,No
CUST-201990,Mary Johnson,mary.johnson1990@example.com,+1 (555) TEST,18,,London,2023-05-14,9179.19,Yes
???,Sophia Brown,sophia.brown1991@example.com,+44359756163,77,Australia,NYC,2025/02/17,27535.89,inactive
CUST-201992,Muhammad Hall,muhammad.hall1992@example.com,+92856647245,59,USA,Melb,2019/11/08,1O000,Yes
???,Hassan Wilson,hassan.wilson1993@example.com,+92851954245,62,AUS,NYC,23/05/2021,"12.500,50",No
CUST-201994,Daniel Young,test@test,+1933564064,21,United Kingdom,Manchester,2026-13-44,1O000,No
CUST-201995,EmmaWhite,user @mail.com,+92394251710,21,AUS,Karachi,?,14838.32,Yes
CUST-201996,,user @mail.com,+49352031136,-4,United States,Seattle,02 Apr 2020,16306.04,Yes
CUST-201997,Sarah Young,abc.com,unknown,-4,Pakistan,Lahore,2023/07/27,26957.26,Yes
cust-201998,Olivia White,olivia.white1998@example.com,+44629728169,38,Germany,Berlin,unknown,35488.76,N
CUST-201999,Aisha King,aisha.king1999@example.com,+61849359644,62,Pakistan,Karachi,2022/02/28,19949.41,No
CUST-202000,Mary Martin,@domain.com,+1644451853,66,United Kingdom,Toronto.,21 Mar 2025,38672.78,No
CUST-202001,John King,john.king2001@example.com,+44588410796,31,Australia,Karachi?,30/04/2024,6734.13,Yes
CUST-202002,Aisha Clark,aisha.clark2002@example.com,unknown,,U.K.,Leeds,00/00/0000,34227.18,No
CUST-202003,John White,john.white2003@example.com,+92327048297,,United Kingdom,Leeds,14 Apr 2023,26134.21,
CUST-202004,Noah Ahmed,noah.ahmed2004@example.com,+1 (555) TEST,63,pakistan,Islamabad,11-28-2021,3541.62,Yes
CUST-202005,David Wilson ,david.wilson2005@example.com,+92453840934,,US,Melbourne,,33952.19,No
CUST-202006,UNKNOWN,john.martin1900@example.com,+44347937807,75,US,Calgary,32 Jan 2025,2517.89,Yes
CUST 202007,Ahmed Young,ahmed.young2007@example.com,+61761003621,0,Pakistan,Karachi,2025-02-15,21034.24,FALSE
CUST-202008,Olivia Brown,olivia.brown2008@example.com,+61936431944,19,United Kingdom,Manchester,17/04/2026,25677.28,Yes
CUST-202009,Ahmed Brown,ahmed.brown2009@example.com,+61922963447,60,United States,Seattle,00/00/0000,17248.05,Yes
CUST-202010,,name@,+92898184918,76,Canada,Toronto,08-20-2024,13485.76,Yes
CUST-202011,???,john.king2011@example.com,+1536616253,0,United States,New York, ,"2,500 AUD",1
???,???,mary.ali2012@example.com,+44346451105,0,AUS,Karachi,2026-02-28,-400,0
 CUST-202013,Hassan Brown,hassan.brown2013@example.com,+49635803730,33,US,Manchester,19/08/2019,USD 2500,no 
CUST-202014,Daniel Wilson,daniel.wilson2014@example.com,+61389818581,75,UK,Chicago,24 Mar 2024,34255.55,TRUE
CUST-202015,Emma Johnson,,+92400923826,76,Germany,Berlin,2022-06-15,free,No
CUST-202016,Daniel White,daniel.white2016@example.com,unknown,80,Germany,Berlin,2023-09-07,10105.31,inactive
CUST-202017,Noah Khan,,+49968496233,,Pakstan,Karachi?,,39341.91,maybe
,John Martin,john.martin2018@example.com,+49787670690,,Canada,calgary,2019/01/28,26048.06,Yes
CUST-202019,Noah White,foo.bar@domain,(02) 9999-8888,69,United States,Londn,20/10/2020,,No
,John Martin,john.martin2020@example.com,000000000,35,australia,Munich,2026-02-31,33902.57,No
CUST-202021,UNKNOWN,foo.bar@domain,+1 (555) TEST,18,Australia,Londn,11-08-2021,"12.500,50",No
CUST-202023,12345,ahmed.smith2023@example.com,+61411887058,26,Australia,Sydney,2024/01/30,32972.24,1
CUST-202024,Ali Khan,ali.khan2024@example.com,+49543629178,32,AUS,Karachi,31/02/2026,999999999,No
CUST-202025,Sarah Ali,,+92325543800,145,Pakistan,Londn,27.04.2022,13802.59,No
CUST-202026,Sarah Johnson,sarah.johnson2026@example.com,+44838194725,38,United Kingdom,NYC,2022/03/16,14557.7,Yes
CUST-202027,Noah Johnson,noah.johnson2027@example.com,,31,United Kingdom,Manchester,09.06.2026,917.45,Yes
CUST-202028,Ahmed Clark,ahmed.clark2028@example.com,123,69,Pakistan,,11-03-2019,1O000,maybe
CUST-202029,12345,fatima.lee2029@example.com,+44825703594,36,Canada, Calgary,2025/02/26,17152.94,No
CUST 202030,Zain Wilson,zain.wilson2030@example.com,,41,United States,Melb,not-a-date,free,No
CUST-202031,John White,john.white2031@example.com,+44802164442,59,Germany,Hamburg,19/06/2026,1O000,1
CUST-202032,Hassan Brown!!!,not-an-email,++612345678,18 years,,Karachi,-,"12.500,50",No
,Hassan Wilson,hassan.wilson2033@example.com,+49594589359,1O,,Seattle,2025/03/24,7139.36,N
CUST-202034,Mary Brown,mary.brown2034@example.com,+61328941079,30,Pakstan,Melbourne,2023-11-17,34475.47,No
CUST-202035,???,test@test,+49930147691,64,Canada,Sydney NSW,07-09-2023,"2,500 AUD",Yes
CUST-202036,Ali Smith,ali.smith2036@example.com,+44878450602,69,Pakistan,Lahore,2025-06-05,10856.74,Yes
CUST-202037,Aisha Taylor,aisha.taylor2037@example.com,+92459629879,55,Australia,Brisbane,21.09.2020,10544.7,
CUST-202038,???,daniel.walker2038@@example.com,+49836826477,77,Germany,123,-,5027.18,No
CUST-202039,David Khan,david.khan2039@example.com,+49645730153,52,Canada,Calgary,01.01.2019,"2,500 AUD",No
CUST-202040,JamesWhite,james.white2040@example.com,++612345678,twenty,Canada,Vancouver,19/12/2020,21352.04,No
CUST-202041,Mia Hall,mia.hall2041@example.com,+1466011009,50,pakistan,Melb,01/09/2024,35020.2,Yes
CUST-202042,John Hall,john.hall2042@example.com,+49959592121,0,Australia,Karachi?,2021/04/27,22446.44,No
CUST-202043,Daniel Clark,daniel.clark2043@example.com,+49632140643,73,United Kingdom,Melb,13/13/26,34897.85,Yes
???,Sarah Clark,sarah.clark2044@example.com,+92782981439,58,U.S.A,Leeds,05/10/2025,,Yes
???,Fatima Ahmed,fatima.ahmed2045@example.com,+92429899146,,Canada,Vancouver,01.07.2022,24042.12,No
CUST-202046,Mary Ali,MARY.ALI2046@EXAMPLE.COM,,46,United States,Chicago,2024/12/31,999999999,No
CUST-202047,Aisha Taylor,aisha.taylor2047@example.com,0300 1234567,39,United States,New York,13/13/26,21341.54,Y
,Noah King,test@test,+1425250284,0,Pakistan,Melb,,,maybe
CUST-202049,Daniel Khan!!!,daniel.khan2049@example.com,+49638688013,28,United States,Seattle,,19390.84,No
CUST-200171,Ahmed White,ahmed.white2050@example.com,+61996968653,twenty,United States,Chicago,12.10.2020,11355.32,No
CUST-202051,Ali White,ali.white2051@example.com,+92631369315,43,Pakistan,Lahore,09-06-2023,1O000,1
CUST-202052,Noah Johnson,abc.com,+44943107647,70,United States,New York,04-10-2023,10163.54,maybe
CUST-202053,Mary Martin,mary.martin2053@example.com,,82,Germany,Munich,missing,7389.62,0
202054,James Walker,james.walker2054@example.com,(02) 9999-8888,31,Pakistan,Karachi,,17117.02,Yes
CUST-202055,12345,hassan.walker2055@@example.com,+92300683263,0,United Kingdom,Manchester,31/02/2026,25593.92,Yes
CUST-202056,Daniel Brown,daniel.brown2056@example.com,,59,United Kingdom,Leeds,12/10/2023,7126.58,No
202057,Mr. Hassan Brown,hassan.brown2057@example.com,+1940922518,50,Pakistan,Melb,2025/12/19,6545.83,Yes
CUST-202058,Mr. Sarah Clark,sarah.clark2058@example.com,+1950179014,80,Pakistan,,2021-04-07,1O000,Yes
CUST-202059,12345,sophia.smith2059@example.com,+1705506764,twenty,Pakistan,Lahore,08.11.2025,25102.34,Yes
CUST-202060,Fatima Walker,fatima.walker2060@example.com,abc123,81,Australia,MELBOURNE,14/02/2026,999999999,No
CUST-202061,,@domain.com,+61815861942,66,PK,Manchester,2020/09/04,15762.08,Yes
CUST-202062,OliviaKhan,olivia.khan2062@example.com,+61777152812,,Canada,Vancouver,,5553.3,No
CUST-202063,Mr. Mia Hall,mia.hall2063@example.com,000000000,999,UK,Brisbane,02-14-2022,4439.89,Yes
,Zain Walker,zain.walker2064@example.com,+61330310814,82,AUS,Toronto,06.06.2025,6591.93,0
,Fatima Young,fatima.young2065@example.com,+92967547465,67,Germany,Berlin,2021/09/18,"$12,500.50",No
CUST-202066,James Johnson,james.johnson2066@example.com,+44406223969,75,US,Vancouver,2019/07/24,29741.28,No
CUST-202067,Sarah Hall,sarah.hall2067@@example.com,+49444760123,28,US,New York,,10115.09,
CUST-202068,Noah Clark,noah.clark2068@example.com,+44634105999,,Australia,NYC,04/10/2023,306.83,Yes
CUST-202069,Mary Taylor,mary.taylor2069@example.com,+92378887310,28,United States,Seattle,23 Nov 2021,18139.53,Yes
CUST-202070,Sarah Brown,not-an-email,+1 (555) TEST,34,United States,Londn,10.09.2023,13552.12,0
CUST-202071,Olivia Brown,olivia.brown2071@example.com,000000000,-4,Germany,Hamburg,10-22-2025,999999999,No
CUST-202072,James Martin,foo.bar@domain,abc123,37,Pakstan,Londn,2023/05/17,16070.68,Yes
CUST 202073,Ali Taylor,ali.taylor2073@example.com,+1472954961,145,Australia,Sydney,01 Mar 2024,,Yes
CUST-202074,Olivia Johnson,mary.johnson89@example.com,+44926853584,33,australia,New York,07.02.2025,24863.76,No
 CUST-202075,Noah Johnson,noah.johnson2075@example.com,+49760099378,46,United states of america,Karachi,01 Aug 2020,709.21,Yes
???,Ali White,abc.com,+44726407286,57,United Kingdom,Manchester,06.10.2022,5736.18,Yes
CUST-202077,Sarah Hall,SARAH.HALL2077@EXAMPLE.COM,123,-4,Pakistan,Karachi,2022-02-22,4955.21,Yes
CUST-202078,Zain Taylor,zain.taylor2078@example.com,123,22,Canada,Toronto,18/06/2025,26815.41,Yes
CUST-202079,Aisha Hall,aisha.hall2079@example.com,+1830153308,,Germany,unknown,10-06-2024,22173.29,No
CUST-202080,David Lee,david.lee2080@example.com,0300 1234567,73,Canada,Vancouver,2026/03/18,35917.37,Yes
CUST-202081,James Khan,james.khan2081@example.com,+92635778362,77,UK,Manchester,10 Jul 2026,,yes 
CUST-202082,Ali Young,ali.young2082@example.com,+44312099778,76,,Toronto,28/07/2025,16226.68,Yes
CUST-202083,Fatima Brown,fatima.brown2083@example.com,,50,Pakistan,Melb,11-06-2019,9285.51,Yes
CUST-202084,Sophia Lee,sophia.lee2084@example.com,,82,United states of america,New York,2021/10/03,3864.48,Yes
CUST-202086,Emma Lee,emma.lee2086@example.com,+61978457220,42,PAKISTAN ,Lahore,08.07.2023,8169.87,No
 CUST-202087,Sarah King,sarah.king2087@example.com,+44416905052,-4,Australia,Sydney,   ,20636.06,Yes
CUST-202088,Noah Young,sarah.white64@example.com,+1440477573,71,Canada,Calgary,12-14-2023,25197.52,No
CUST-202089,Olivia Smith,olivia.smith2089@example.com,+92934840241,32,GER,unknown,2020/05/25,,No
 CUST-202090,AhmedHall,ahmed.hall2090@example.com,+44972187881,36,United Kingdom,NYC, ,35211.72,Yes
,Ahmed Lee,ahmed.lee2091@example.com,+44618467507,39,AUS,Toronto.,26.12.2024,17099.85,No
CUST-202092,James Brown,james.brown2092@example.com,+44363612231,57,United Kingdom,London,2025-03-12,,1
CUST-202093,UNKNOWN,muhammad.king2093@example.com,+49926168668,18 years,Canada,Calgary,03-28-2022,17600.67,No
,Ahmed Walker,abc.com,+49664954835,65,United Kingdom,Manchester,02/04/2025,11834.63,No
CUST-202095,Zain Brown,zain.brown2095@example.com,+1605594916,74,Canada,Toronto,not-a-date,16604.28,Yes
CUST-202096,John Johnson,john.johnson2096@example.com,+1 (555) TEST,1O,pakistan,Munich,01.03.2020,28606.74,Yes
CUST-202097,Daniel White,user @mail.com,(02) 9999-8888,18 years,United States,Sydney NSW,   ,7459.34,Yes
CUST-202098,Olivia Johnson,olivia.johnson2098@example.com,+44840197910,34,Australia,Sydney,unknown,27047.61,yes 
202099,Mr. Ahmed White,ahmed.white2099@example.com,+92809121642,twenty,U.S.A,Munich,2019/06/15,999999999,Yes
,Hassan Ali,hassan.ali2100@example.com,+92583291966,999,,Calgary,23 Feb 2020,23955.74,Yes
CUST 202101,Mia Khan,mia.khan2101@example.com,+92616810494,24,United Kingdom,Manchester,2020/08/06,8017.39,Yes
CUST-202102,Mia Walker,mia.walker2102@example.com,000000000,43,United States,Seattle,2022/09/08,33206.99,No
CUST-202103,Fatima Smith,test@test,+92721212299,25.5,Canada,Sydney NSW,17/05/2025,33332.46,Yes
CUST-202104,David Young,david.young2104@example.com,+49442498932,,Germany,Hamburg,03.12.2022,34940.8,TRUE
CUST-202105,Emma Lee,emma.lee2105@example.com,+92933968463,30,United Kingdom,123,2024/10/14,,Yes
CUST-202106,Sophia Martin,@domain.com,unknown,80,Can.,Melb,?,32708.43,No
CUST-202108,James Taylor,james.taylor2108@example.com,+49744712146,21,Pakistan,123,07/04/2025,38227.23,No
CUST-202109,Ahmed Clark,ahmed.clark2109@example.com,+44460226806,79,Canada,Vancouver,2023/06/01,18433.98,Yes
CUST-202110,James Ali,james.ali2110@example.com,+1 (555) TEST,999,,Chicago,07.05.2019,30535.91,No
CUST-202111,???,foo.bar@domain,+1637483769,73,Australia,Sydney,,6036.39,No
CUST-202112,Ali Lee,user @mail.com,+1778572522,145,Australia,Brisbane,2024-03-23,23617.33,No
CUST-202114,Noah Johnson,test@test,+92-300-ABC-123,67,United Kingdom,Leeds,31 Jan 2023,36760.04,N
,Hassan Smith,hassan.smith2115@example.com,+44682145052,62,Canada,Calgary,2021/05/18,28486.44,Y
CUST-202116,Noah White,foo.bar@domain,+92928402912,50,United Kingdom,Londn,25 Oct 2023,39234.06,Yes
CUST-202117,Mr. Mia Johnson,mia.johnson2117@example.com,+1630698330,68,Pakistan,Toronto.,11/11/2024,7280.9,No
,Noah Brown,noah.brown2118@example.com,+92641322459,43,United Kingdom,,21/12/2022,19138.43,No
CUST-202119,Daniel Taylor,daniel.taylor2119@example.com,+61963628962,31,PAKISTAN ,Manchester,2025-03-30,6250.91,Yes
CUST-202120,John Smith,john.smith2120@example.com,+1805731247,,United States,Chicago,2024/10/13,12338.75,No
CUST-202121,Mia Ali,mia.ali2121@example.com,0300 1234567,81,United Kingdom,London,21/10/2020,"12.500,50",N
CUST-202122,Olivia Taylor,olivia.taylor2122@example.com,+92-300-ABC-123,145,Germany,Berlin,2025/02/03,19440.84,Yes
CUST-202123,Daniel Walker,daniel.walker2123@example.com,+92399468873,75,Pakistan,NYC,2025/09/05,"$12,500.50",0
CUST-202124,Daniel Ahmed,foo.bar@domain,+61826182096,71,Australia,Brisbane,04-23-2022,1221.34,Yes
CUST-202125,SarahSmith,sarah.smith2125@example.com,abc123,79,Canada,Toronto.,12-19-2019,-400,Yes
CUST-202126,Emma Wilson,emma.wilson2126@@example.com,+1478927333,26,Pakistan,Lahore,2022/10/13,38193.64,inactive
CUST-200988,Sophia Hall,sophia.hall2127@example.com,+61398308341,27,United States,123,2021-04-25,25619.25,No
CUST-200683,UNKNOWN,hassan.wilson2128@example.com,+61557680484,19,United Kingdom,London,07.01.2022,free,No
CUST-202129,UNKNOWN,,+49977822664,20,Australia,Karachi?,25/12/2025,37885.02,No
CUST-202130,Aisha Khan,abc.com,123,33,Canada,Karachi?,-,"2,500 AUD",Yes
CUST-202131,Emma Taylor,emma.taylor2131@example.com,,twenty,Canada,123,05-07-2023,34196.68,Yes
???,12345,,+1423313485,30,United States,New York,02-20-2019,29626.44,inactive
CUST-202133,Mr. Ahmed Walker,test@test,+44618306378,40,Australia,Melbourne,02 Jan 2021,30448.64,
CUST-202134,  Sophia Taylor  ,sophia.taylor2134@example.com,+92744544252,26,United states of america,Toronto,17.01.2026,19063.64,Yes
CUST-202135,Hassan Lee!!!,,+1903679678,41,Can.,New York,2020-01-28,-400,maybe
CUST-202136,David Ali,foo.bar@domain,+92982010321,27,Germany,Berlin,99-99-9999,,No
CUST-202137,Mary Taylor,mary.taylor2137@example.com,+1456627801,,United Kingdom,Manchester,2019-03-27,36079.73,
CUST-202138,Ali White,ali.white2138@example.com,+92576742725,,,Brisbane,12-07-2021,28183.86,TRUE
CUST-202139,John Johnson,john.johnson2139@example.com,+61654367006,74,United Kingdom,London,2021-02-17,999999999,Yes
CUST-202140,Olivia Khan,name@,+92713950170,,United States,Melb,09/04/2019,6057.74,Yes
CUST 202141,Muhammad Smith,muhammad.smith2141@example.com,+44523400411,,United Kingdom,London,13/13/26,20476.6,yes 
CUST-202143,Mia Smith,@domain.com,+92875493488,22,United Kingdom,London,26 Jul 2019,25040.12,N
CUST-202144,Zain Ahmed,zain.ahmed2144@example.com,+61599742499,26,Australia,Londn,2020/03/06,10168.01,0
CUST-202145,Olivia Johnson,olivia.johnson2145@example.com,+92778920944,81,Germany,Munich,99-99-9999,"2,500 AUD",No
???,Sarah Young,sarah.young2146@example.com,+92621945332,33,Pakistan,Lahore,,USD 2500,Yes
CUST-202147,Ali Young,ali.young2147@example.com,unknown,54,,Toronto.,2026-13-44,,Yes
CUST-202148,Ahmed Ali,ahmed.ali2148@example.com,+44315857340,47,Canada,Toronto,31/02/2026,18658.98,Yes
CUST-202149,Olivia Young,olivia.young2149@example.com,+1515151701,,Germany,Munich,30 Jul 2021,25628.77,Yes
CUST-202150,John Lee,john.lee2150@example.com,++612345678,25.5,Germany,Hamburg,2026-04-14,19542.09,Yes
CUST-202151,Fatima Taylor,abc.com,+44719689088,-4,United States,unknown,24/11/2020,931.39,No
CUST-202152,James Wilson,james.wilson2152@example.com,+1 (555) TEST,18,Pakistan,Islamabad,01-21-2019,14732.01,
CUST 202153,AliKing,ali.king2153@example.com,123,48,United States,Chicago,29 Jul 2020,8141.29,Yes
CUST-202154,Muhammad Hall,muhammad.hall2154@example.com,+92367019605,76,Germany,Melb,07 Feb 2019,3690.67,Yes
 CUST-202155,Mary Brown,name@,000000000,23,PK,Sydney,12 Sep 2021,"2,500 AUD",0
CUST-202156,12345,john.martin2156@example.com,unknown,36,United states of america,Berlin,2026-13-44,31344.11,No
CUST-202157,John Brown,john.brown2157@example.com,+1598219922,55,United Kingdom,Manchester,2022/10/27,25812.92,FALSE
CUST-202158,John Walker,,+92802094388,43,Germany,,08-05-2024,29325.44,Yes
CUST-202159,,,unknown,69,Australia,Melbourne,02 Nov 2025,,Yes
CUST-202160,Ali Khan,user @mail.com,++612345678,twenty,Germany,Londn,30.06.2025,30922.24,Yes
CUST-202161,Ahmed Khan,ahmed.khan2161@example.com,+1715284736,20,United Kingdom,Manchester,,-400,yes 
CUST-202162,John Brown,john.brown2162@example.com,(02) 9999-8888,54,Australia,Brisbane,14 Jan 2024,27235.99,No
CUST-202163,,user @mail.com,unknown,75,Australia,Brisbane,29 Jun 2020,37820.79,No
CUST-202164,Mary Young,mary.young2164@example.com,+49749992117,25,Australia,Toronto.,11/06/2022,9795.98,Yes
CUST-202165,Aisha Martin,aisha.martin2165@example.com,+92772152499,38,GER,Karachi,,838.2,No
CUST 202166,John Ali,john.ali2166@example.com,+92846718284,67,Australia,Brisbane,22 Apr 2019,19358.27,Yes
CUST-202167,Aisha Brown,@domain.com,+61924789708,80,United States,Chicago,2025/00/12,16825.71,No
CUST-202168,Daniel Hall,daniel.hall2168@example.com,+92533425327,32,Australia,Melbourne,14.06.2026,35422.06,1
CUST-202169,  Mia Martin  ,mia.martin2169@example.com,+61706852394,20,Canada,Calgary,31/02/2026,999999999,No
CUST-202170,James Martin,james.martin2170@example.com,+49828449013,999,Pakistan,Karachi,08-15-2019,999999999,No
CUST-202171,Mr. Sophia White,sophia.white2171@example.com,abc123,18,Australia,Sydney,2025/06/07,17654.76,
CUST-202172,???,john.white2172@example.com,+92495673608,30,PAKISTAN ,Calgary,09 Aug 2021,10570.15,No
CUST-202173,Sarah Johnson,test@test,+44655667504,29,United states of america,Hamburg,99-99-9999,USD 2500,Yes
CUST-202174,Mr. Ali Smith,ali.smith2174@example.com,0300 1234567,59,GER,Londn,2025/00/12,13340.89,active
CUST-202175,Muhammad King,,+44904652126,39,Pakistan,Islamabad,2024/01/24,8376.12,Yes
CUST-202176,Sophia Young,foo.bar@domain,+92759696710,18 years,US,Karachi,2024-08-27,7801.74,No
CUST-202177,Muhammad Brown,muhammad.brown2177@example.com,+61963306591,25,Canada,Sydney NSW,04.09.2025,"2,500 AUD",No
CUST-200289,Hassan White,name@,+1689502504,27,Canada,Vancouver,25.10.2019,10579.44,No
CUST-202179,Noah Khan,noah.khan2179@example.com,+92698193888,46,Canada,Melb,04.05.2021,free,No
CUST-202180,Sarah Clark,sarah.clark2180@example.com,+61870987934,30,Canada,Calgary,21 Feb 2019,7028.68,Yes
CUST-202181,Fatima Wilson,fatima.wilson2181@example.com,+92519317625,27,Pakistan,Islamabad,08-24-2024,26845.22,No
CUST-202182,,noah.walker2182@example.com,+49594258152,21,United states of america,Islamabad,2019-01-27,9507.45,N
202183,Olivia Khan,aisha.hall1775@example.com,+92-300-ABC-123,43,,Toronto,14 Feb 2025,28674.1,Yes
CUST-202184,???,mary.smith2184@example.com,+1795255974,59,United Kingdom,London,23 Feb 2019,25899.42,No
CUST-202185,Sophia Johnson,@domain.com,+1965588812,27,Canada,Londn,2025/08/18,20008.74,no 
CUST-202186,Hassan Lee,,+61615995033,39,Pakistan,Karachi?,20.08.2023,11486.28,No
CUST-202187,Muhammad Lee,muhammad.lee2187@example.com,unknown,999,Australia,Brisbane,05-06-2020,36053.75,TRUE
CUST-202188,Sophia Young!!!,sophia.young2188@example.com,(02) 9999-8888,59,Australia,Sydney NSW,23.01.2024,17684.08,maybe
CUST-202189,,@domain.com,+1890221797,999,Australia,Sydney,30 Dec 2021,35954.42,No
CUST 202190,Fatima Clark,fatima.clark2190@example.com,+61880566831,39,United Kingdom,Leeds,   ,11351.05,yes 
CUST-202191,Muhammad Young,muhammad.young2191@example.com,+49410796739,63,Pakistan,Islamabad,?,21921.47,No
CUST-202192,,muhammad.johnson2192@example.com,+92965766093,1O,Australia,Melbourne,?,32912.9,No
CUST-202193,Zain White,zain.white2193@example.com,+92-300-ABC-123,23,Canada,,21 Apr 2024,5762.18,Yes
CUST-202194,Daniel Walker,daniel.walker2194@example.com,unknown,75,Pakistan,Lahore,22 Dec 2020,26492.01,No
CUST-202195,UNKNOWN,,0300 1234567,73,Australia,Londn,00/00/0000,"$12,500.50",Yes
CUST-202196,Olivia King,olivia.young2149@example.com,+44898917792,40,Can.,Brisbane,2019/03/10,37455.97,Yes
cust-202197,Mr. Fatima White,fatima.white2197@example.com,(02) 9999-8888,,Pakistan,Karachi,00/00/0000,14214.43,yes 
CUST-202198,Hassan Martin,hassan.martin2198@example.com,unknown,63,Canada,Calgary,04/03/2019,9031.73,No
CUST-202199,Aisha Young,@domain.com,+44626562495,twenty,United States,Seattle, ,15463.81,No
CUST-202200,???,test@test,+49485034109,999,Germany,Berlin,07/06/2019,26593.61,No
CUST-202201,Sophia Walker,SOPHIA.WALKER2201@EXAMPLE.COM,+1981679555,25.5,Canada,Vancouver,04/07/2020,8397.61,Yes
cust-202202,Ali Khan,ali.khan2202@example.com,+1361648832,0,US,Manchester,2025/10/14,17105.98,No
CUST-202203,,john.ali2203@example.com,++612345678,145,Germany,Munich,99-99-9999,20223.29,inactive
CUST-202204,Aisha Wilson,aisha.wilson2204@example.com,++612345678,55,PAKISTAN ,Manchester,24 Feb 2025,free,Yes
CUST-202205,Sophia Young,sophia.young2205@example.com,+49752369833,80,Australia,Brisbane,2020/12/16,23845.77,active
CUST-202206,John Ahmed,abc.com,+61717998897,65,Germany,Hamburg,06-13-2022,23231.84,Y
CUST-202207,Zain Lee,zain.lee2207@example.com,+61853880272,999,US,Manchester,99-99-9999,37287.73,No
CUST-202208,Mr. Muhammad Taylor,foo.bar@domain,+92913403397,29,Pakistan,unknown,,32386.42,No
CUST-202209,UNKNOWN,,+49360874630,79,Australia,Sydney,01-12-2020,8285.96,Yes
CUST-202210,Fatima King,fatima.king2210@example.com,+61325202995,52,Australia,Sydney,2024-12-19,,
CUST-202211,Olivia Ahmed,olivia.ahmed2211@example.com,+61677403765,57,Germany,Munich,08-31-2020,22392.0,yes 
CUST-202212,Emma Taylor,emma.taylor2212@example.com,+61649627382,73,PK,Chicago,24 Apr 2025,37751.78,No
CUST-202214,John Khan,john.khan2214@example.com,,80,Pakistan,Islamabad,,1O000,No
,David Brown,user @mail.com,+49885970654,,Pakistan,Islamabad,12-27-2025,39666.41,No
CUST-202216,UNKNOWN,david.young311@example.com,+44682441442,,Germany,Munich,-,31290.81,FALSE
CUST-202217,Emma Johnson!!!,emma.johnson2217@example.com,+49728667872,-4,Pakistan,Karachi?,2022-05-12,129.11,FALSE
CUST-202218,Noah Khan,noah.khan2218@example.com,+1669407440,26,Germany,Londn,,999999999,yes 
,John Wilson,john.wilson2219@example.com,+92596084455,27,United Kingdom,123,24/12/2022,"12.500,50",Yes
CUST-202220,Emma Young,emma.young2220@example.com,+92601842372,60,Australia,Toronto.,11.12.2024,21908.53,No
CUST-202221,Emma Walker,abc.com,+61348312393,76,Australia,Melbourne ,2025/00/12,1O000,Yes
 CUST-202222,Olivia Young,,+49961465915,999,Pakistan,Karachi,unknown,-400,Yes
CUST-202223,Aisha White,test@test,+61941773424,20,US,Leeds,2025-09-06,10242.07,No
???,Sarah Clark,sarah.clark2224@example.com,0300 1234567,27,Germany,Munich,2019/01/08,15353.88,No
CUST-202225,Daniel Young,daniel.young2225@example.com,+44480425116,-4,pakistan,Islamabad,27/09/2023,529.6,Yes
CUST-202226,Mr. David Hall,david.hall2226@example.com,+49881190199,,Australia,Londn,?,37324.32,No
CUST-202227,Sophia Clark,user @mail.com,+61620162480,0,United Kingdom,London,18/08/2022,34049.62,FALSE
CUST-202228,Emma King,emma.king2228@example.com,+1360157985,,GER,Berlin,none,36107.95,maybe
CUST-202229,Aisha Martin,aisha.martin2229@example.com,+44367426686,,Australia,NYC,04-23-2024,7172.92,No
CUST-202230,Ali Young,ali.young2230@example.com,+92685808092,42,Pakistan,Karachi,2023-04-27,31141.67,
CUST-202231,Mary Brown,name@,,55,AUS,unknown,none,12873.64,
???,Ali Martin,ali.martin2232@example.com,,twenty,Australia,Brisbane,10-10-2025,free,0
CUST-202234,Mr. Daniel Ali,daniel.ali2234@example.com,+92-300-ABC-123,39,United Kingdom,London,04/07/2024,,active
CUST-202235,Noah Lee,noah.lee2235@example.com,+61807224171,69,,Leeds,99-99-9999,22535.48,Yes
CUST-202236,Aisha Smith,aisha.smith2236@example.com,+44763207624,61,PK,Brisbane,2024/01/10,30926.82,No
CUST-202237,,sophia.young2237@example.com,+92656966155,55,United Kingdom,London,,20185.34,No
???,John Lee,john.lee2238@example.com,,145,Australia,Brisbane ,2020/09/25,16774.86,No
CUST-202239,Sarah Clark,not-an-email,+1813998780,46,U.S.A,Calgary,2024/01/15,23465.0,inactive
CUST-202240,UNKNOWN,user @mail.com,+1 (555) TEST,,Germany,Munich,2022/01/29,7666.8,Yes
???,Ahmed Clark,ahmed.clark2241@example.com,abc123,76,Australia,Melbourne,08-05-2023,1O000,Yes
CUST-202242,Mr. Muhammad Khan,muhammad.khan2242@example.com,+61974575312,47,United States,New York,25/12/2025,19907.53,No
CUST-202243,Mary Smith,mary.smith2243@@example.com,+92423260530,20,United Kingdom,Toronto.,30.04.2019,22492.39,FALSE
CUST-202245,DavidHall,david.hall2245@example.com,+61828400751,61,Pakistan,Karachi,13/10/2020,17424.81,Yes
???,,sarah.clark2246@example.com,+1481616723,1O,United States,New York,16/07/2023,11305.9,0
CUST-202247,12345,abc.com,+49991700312,67,Germany,Berlin,26.07.2024,27849.68,Yes
CUST-202248,Emma Hall,emma.hall2248@example.com,+44814895830,25.5,Can.,,04/10/2023,"2,500 AUD",Yes
CUST-202249,James King,,+44995672240,61,United States,New York,02-04-2022,19793.28,Yes
CUST-202250,Ahmed  Khan,name@,+49535636490,1O,Australia,Brisbane,29/03/2026,12976.67,No
,Zain Johnson,zain.johnson2251@example.com,,75,Pakistan,Toronto.,2020-08-31,17432.18,Yes
CUST-202252,12345,zain.smith2252@example.com,+44388058229,70,australia,123,17.12.2022,USD 2500,No
CUST-202253,AishaAhmed,,,56,United States,New York,not-a-date,5905.43,0
CUST-202254,Mia Walker,not-an-email,+44961262213,32,Australia,Brisbane,2022/12/27,999999999,No
???,John White,john.white2255@example.com,+61582629023,,Pakistan,Islamabad,2021/03/19,25602.17,
CUST-201359,Sophia Ahmed,sophia.ahmed2256@example.com,+44329760306,30,United States,Seattle,07 May 2020,17810.68,maybe
CUST-202257,Mia Taylor,mia.taylor2257@example.com,0300 1234567,34,PK,Brisbane,2025/00/12,999999999,N
CUST 202258,12345,sophia.martin2258@example.com,0300 1234567,42,Germany,unknown,11-22-2025,-400,active
,Emma Ahmed,emma.ahmed2259@example.com,unknown,65,United Kingdom,London,unknown,33858.15,Yes
CUST-202260,Ali Martin,ali.martin2260@example.com,000000000,40,Germany,Hamburg,2020/07/29,,Yes
CUST-202261,Muhammad King,muhammad.king2261@example.com,+92960915266,145,Pakistan,Karachi,12 May 2020,14961.85,TRUE
CUST-202262,,,+61472433090,-4,United Kingdom,London,not-a-date,1O000,inactive
CUST-202263,Noah Wilson,noah.wilson2263@example.com,+92549018317,61,Pakistan,Islamabad,29/10/2023,8189.88,maybe
CUST-202264,Noah Johnson,noah.johnson2264@example.com,+61516729333,42,U.K.,Hamburg,11 May 2021,"12.500,50",
CUST-202265,,emma.lee2265@example.com,+92513259619,25.5,Canada,,16.04.2024,15712.98,No
,David Martin,name@,+1607211868,80,Pakistan,NYC,,-400,Yes
CUST-202267,Fatima Taylor,fatima.taylor2267@example.com,000000000,77,Pakistan,Lahore,23/12/2023,"12.500,50",yes 
CUST-202268,James Taylor,james.taylor2268@example.com,,72,Pakstan,unknown,23 Oct 2021,free,Yes
CUST-202269,Zain Ali,not-an-email,+44530749555,30,United Kingdom,Manchester,08/01/2023,18071.51,
CUST-202270,Ahmed Wilson,ahmed.wilson2270@example.com,,24,United Kingdom,Manchester,10-08-2023,3798.6,yes 
CUST-202271,Zain King,zain.king2271@example.com,+49517875273,75,Canada,Vancouver,2021-01-19,39314.67,No
CUST-202272,Sophia Clark,user @mail.com,+44582556625,twenty,Canada,Calgary,04-05-2019,36471.61,No
CUST-202273,EmmaLee,emma.lee2273@example.com,+49897578820,145,Pakistan,Islamabad,01-18-2026,24518.72,Y
CUST-202274,,hassan.martin2274@example.com,+1453321415,69,Pakistan,Karachi,2026-02-31,11207.04,
CUST-202275,Olivia Ahmed!!!,olivia.ahmed2275@example.com,+61946405507,,Can.,Hamburg,23.04.2022,424.29,No
CUST-202276,Daniel Wilson,daniel.wilson2276@example.com,+44406466351,28,Australia,Brisbane,03-20-2025,33750.25,Yes
CUST-202277,Ali Lee,ali.lee2277@example.com,+1956634647,,,Melbourne,19 Apr 2026,17502.57,Yes
CUST-202278,Sarah Lee,sarah.lee2278@example.com,0300 1234567,74,Australia,,2023/06/14,28550.18,
CUST-202279,Mr. Fatima King,hassan.ali118@example.com,+1861907823,42,United States,New York,23.05.2019,10629.4,yes 
 CUST-202280,David Khan,abc.com,+61466897005,52,Australia,Sydney,2023/12/10,34013.51,No
CUST 202281,DavidSmith,not-an-email,+92696744797,24,Canada,Vancouver,2026-13-44,33495.02,Yes
CUST-202282,Zain White,zain.white2282@example.com,abc123,25.5,pakistan,London,15/03/2022,131.31,Y
CUST-202283,Mr. Daniel Brown,daniel.brown2283@@example.com,+1 (555) TEST,65,Australia,Sydney,21 Feb 2023,free,
CUST-202284,Sophia Smith,sophia.smith2284@example.com,+92862035734,twenty,pakistan,Brisbane, ,33001.39,No
CUST-202285,Muhammad Ahmed,,+61588102477,32,United States,New York,2024-01-22,22283.21,Yes
CUST-202286,Sophia King,user @mail.com,+1924304219,56,Pakistan,Islamabad,15 May 2023,14380.87,active
CUST-202287,Sarah Khan,sarah.khan2287@example.com,+61598833050,56,United Kingdom,Leeds,13.09.2024,"2,500 AUD",Yes
CUST-202288,Olivia King,olivia.king2288@example.com,+92847251918,18 years,Canada,,08.12.2025,8922.66,No
CUST-202289,Sarah Johnson,sarah.johnson2289@example.com,+61567706679,56,United States,Seattle,2022-11-13,31130.59,Yes
CUST-202290,Olivia Johnson,olivia.johnson2290@example.com,+61844771420,37,United Kingdom,Londn,06/07/2022,USD 2500,No
CUST-202291,12345,JAMES.WILSON2291@EXAMPLE.COM,+1396056795,26,Canada,Calgary,2025/08/26,10173.63,N
CUST-202292,Olivia Khan,olivia.khan2292@example.com,++612345678,,United States,Seattle,05-30-2024,8096.49,Yes
CUST-202293,Mary Khan,mary.khan2293@example.com,(02) 9999-8888,21,Pakistan,Karachi,2024/06/02,-400,No
CUST-202294,Ali Lee,ali.lee2294@example.com,123,78,United States,Chicago,01-29-2025,10988.46,No
 CUST-202295,Hassan Smith,,abc123,,Australia,Melbourne,2025/00/12,29604.04,Y
CUST 202296,Mary Walker,mary.walker2296@example.com,+92820176984,79,GER,London,2022-08-15,29488.64,No
CUST-202297,Noah Lee,noah.lee2297@example.com,+49654119235,18 years,Australia,Toronto.,,39987.58,Yes
CUST-202298,James Martin,,++612345678,1O,Australia,Melbourne,Feb 30 2025,36972.36,Yes
???,???,test@test,,46,United Kingdom,london,,13272.0,Yes
 CUST-202300,12345,name@,+92449120436,46,Germany,Hamburg,02/01/2024,21340.13,No
???,Ali Lee,ali.lee2301@example.com,+61390184005,63,Pakistan,,not-a-date,,
CUST-202302,John Brown,@domain.com,+1 (555) TEST,,Pakstan,Brisbane,17 Nov 2019,24995.83,No
CUST-202303,John Hall ,john.hall2303@example.com,000000000,22,Germany,Hamburg,2025-08-22,8054.48,No
202304,Fatima Brown,fatima.brown2304@example.com,+92356397088,23,,Vancouver,,4304.93,Yes
CUST-202305,UNKNOWN,aisha.walker2305@example.com,123,999,Pakistan,Lahore,2024/06/23,22112.78,No
CUST-202306,Ahmed Wilson,ahmed.wilson2306@example.com,+92826845990,49,United Kingdom,Sydney NSW,20/02/2022,,active
CUST-202307,John Smith,john.smith2307@example.com,+92878587847,53,Pakistan,Karachi,2019-03-12,"$12,500.50",inactive
CUST-202308,Emma Lee,emma.lee2308@example.com,+1 (555) TEST,32,USA,islamabad,21.02.2020,7970.23,N
CUST-202309,UNKNOWN,fatima.wilson2309@example.com,+92818762796,38,Pakistan,Lahore,2022/09/26,18395.97,Yes
CUST-202310,Noah Khan,abc.com,+1938282299,,pakistan,Islamabad,,38810.68,
CUST-202311,Zain Wilson,zain.wilson2311@example.com,+44582780348,51,Australia,Melbourne,2019/06/17,8790.74,inactive
CUST-202312,Zain Martin,zain.martin2312@example.com,+44891793686,28,Canada,Calgary,14 Apr 2024,39473.28,Yes
CUST-202313,Mary Wilson,mary.wilson2313@example.com,+49583179901,23,pakistan,Vancouver,2024/04/18,999999999,Yes
CUST 202314,,aisha.khan2314@example.com,+44696108943,57,US,,28.08.2022,6583.58,No
CUST-202315,Muhammad Hall,mary.taylor575@example.com,+92-300-ABC-123,23,United Kingdom,Toronto.,04 Sep 2024,18567.79,N
CUST-202316,12345,john.ali2316@example.com,+49967055855,18 years,United States,123,06-12-2021,10158.16,No
CUST-202317,Muhammad Taylor,muhammad.taylor2317@example.com,+61864125906,79,Australia,Brisbane, ,812.29,TRUE
CUST-202318,Emma Lee,test@test,+1 (555) TEST,20,PK,Berlin,22.03.2025,,Yes
CUST 202319,Emma Khan,emma.khan2319@example.com,+49539354483,48,Canada,Calgary,01 Jan 2021,39230.98,Yes
CUST-202320,David Walker,david.walker2320@example.com,+92303085903,twenty,United Kingdom,Manchester,09 Jul 2025,999999999,No
CUST-202321,Muhammad Johnson,muhammad.johnson2321@example.com,+44770894375,-4,Germany,Hamburg,19/04/2025,1O000,No
CUST-202322,???,zain.smith2322@example.com,+61981529129,43,Germany,Londn,21 Nov 2022,6435.02,Yes
CUST-202323,James Lee,james.lee2323@example.com,,69,Canada,Melb,2025/10/07,11621.95,Yes
CUST-202324,Sarah Taylor,sarah.taylor2324@example.com,abc123,0,Canada,  Toronto  ,04 May 2025,999999999,Yes
CUST-202326,David Ali,david.ali2326@example.com,unknown,145,United States,New York,00/00/0000,192.06,0
CUST-202327,UNKNOWN,fatima.king2327@example.com,+61720013560,25,pakistan,Islamabad,29/04/2026,,No
CUST-202328,Olivia Ahmed,olivia.ahmed2328@example.com,+61724634034,59,United states of america,Londn,04-24-2020,15266.91,Yes
CUST-202329,Sophia King!!!,sophia.king2329@example.com,+1345353279,55,U.K.,Seattle,2023-11-19,23574.61,Yes
CUST-202331,Olivia Walker,user @mail.com,+1 (555) TEST,44,australia,Manchester,2025/00/12,35314.43,No
202332,Emma Brown,name@,++612345678,61,United States,New York,2025/00/12,9368.93,maybe
CUST-202333,Olivia Taylor,user @mail.com,(02) 9999-8888,0,Pakistan,Islamabad,11/05/2023,"$12,500.50",No
CUST-202334,Hassan Ahmed,hassan.ahmed2334@example.com,+49440433561,18 years,Germany,Berlin,Feb 30 2025,,Yes
CUST-202335,Mr. Fatima Lee,fatima.lee2335@example.com,+92366265469,80,Australia,Sydney,2026-02-31,17917.26,0
202336,Fatima Khan,fatima.khan2336@example.com,+61556095974,22,United Kingdom,Leeds,12 Dec 2023,"2,500 AUD",No
CUST-202337,Mia Ahmed,mia.ahmed2337@example.com,+92474222589,77,PAKISTAN ,Chicago,08/06/2026,9738.46,No
CUST-202338,Fatima Walker,fatima.walker2338@example.com,+92514204398,77,,Calgary,31/08/2025,,yes 
CUST-202339,,,+61638459759,,Australia,Karachi?,31 Aug 2025,16729.15,No
CUST-202340,Ahmed Brown,,+44551155767,47,AUS,Manchester,28.11.2019,35042.3,FALSE
CUST-202341,Hassan King,fatima.johnson830@example.com,,44,PAKISTAN ,Karachi?,11-01-2025,999999999,1
cust-202342,David Walker,david.walker2342@example.com,123,25.5,Pakstan,Melbourne,13.02.2023,9066.7,Yes
CUST-202343,Mary Brown,mary.brown2343@example.com,+44459811158,65,United Kingdom,123,20 Aug 2024,34616.25,Yes
CUST-202345,12345,test@test,+49481325796,48,United states of america,Karachi,14 Jan 2021,30986.77,
CUST-202346,Ali Clark,ali.clark2346@example.com,+44712101971,72,Pakistan,123,20 May 2025,4074.41,No
CUST-202347,???,,+1672734903,50,AUS,Hamburg,2025/08/31,-400,No
CUST-202348,UNKNOWN,@domain.com,+92581763192,,United States,New York,12 Jul 2025,2705.99,Yes
CUST-202349,Zain King,zain.king2349@example.com,(02) 9999-8888,38,Australia,Sydney,11-25-2019,26946.45,No
CUST-202350,Mia Johnson,mia.johnson2350@example.com,123,22,United Kingdom,London,11.09.2020,37125.35,Yes
CUST-202351,Ali White,user @mail.com,+92642800584,49,Germany,Hamburg,2022-09-28,26187.6,Yes
cust-202353,Emma Brown,emma.brown2353@example.com,+49370494462,25.5,United States,Seattle,05-29-2019,999999999,
CUST-202354,Zain Ali,zain.ali2354@example.com,+92604454230,60,,Melbourne,2022-11-12,12336.75,No
CUST-202355,Hassan Ahmed,hassan.ahmed2355@example.com,+61464313496,80,PK,Toronto.,2025-02-26,16153.91,Yes
CUST-202356,Ahmed Martin,ahmed.martin2356@example.com,+49534921617,34,Australia,Melbourne,2021/10/26,24548.86,No
CUST-202357,David Smith,david.smith2357@example.com,++612345678,72,Australia,Brisbane,11/10/2019,28569.96,No
CUST-202358,Hassan Ahmed,foo.bar@domain,+92304967930,44,U.K.,Karachi,-,24671.23,No
CUST-202359,John Lee,john.lee2359@example.com,abc123,,Can.,Chicago,01/01/2026,31709.62,No
CUST-202360,David Wilson,david.wilson2360@example.com,+61780978558,51,australia,Seattle,2025/01/09,,No
CUST 202361,Daniel Ahmed,daniel.ahmed2361@example.com,000000000,52,Canada,Londn,2024-05-28,19297.11,Yes
CUST-202362,12345,not-an-email,+92824630417,,USA,Munich,12-18-2023,USD 2500,No
CUST-202363,John White,john.white2363@example.com,+49422257871,twenty,,London,12-19-2021,1842.82,N
CUST-202364,Olivia Walker,olivia.walker2364@example.com,+1640741383,,Australia,Brisbane,2024/06/07,168.72,maybe
CUST-202365,Sophia Young,,+92321094738,0,,Toronto,08-30-2023,4349.57,Yes
CUST-202366,Ahmed Martin,ahmed.martin2366@example.com,+92-300-ABC-123,58,PAKISTAN ,Lahore,10/02/2024,31394.22,Y
CUST-202367,Mia Khan,not-an-email,(02) 9999-8888,18 years,USA,London,07 Oct 2025,,Yes
CUST-202368,HassanTaylor,,+49380978896,,Pakistan,Melb,01 Sep 2024,7898.17,Yes
CUST-202369, Noah Ahmed,,+44412980835,22,Australia,Londn,2020-12-27,20846.82,Y
CUST-202370,Sarah Walker,test@test,+61605457419,81,United States,Seattle,not-a-date,,No
CUST-202371,???,zain.lee2371@example.com,unknown,25.5,Germany,Hamburg,,USD 2500,No
,David Smith,DAVID.SMITH2372@EXAMPLE.COM,unknown,80,Canada,Calgary,2022-04-21,11235.55,Yes
cust-202373,,sophia.martin2373@example.com,+61682397924,twenty,Germany,Berlin,26/10/2021,14487.69,No
CUST-202374,Mia Johnson,user @mail.com,+92325317388,,Pakistan,Lahore,03 Dec 2020,36135.91,No
CUST-202375,Zain Brown,zain.brown2375@example.com,,56,Canada,Toronto,2021/12/23,22732.16,Yes
CUST-202376,Mary Ahmed,mary.ahmed2376@example.com,+44547097626,31,Canada,Toronto,none,"12.500,50",Yes
,Hassan Lee,hassan.lee2377@example.com,+49658184911,64,AUS,Vancouver,2020/08/26,"2,500 AUD",Y
,Olivia Ali,OLIVIA.ALI2378@EXAMPLE.COM,+61334513563,74,Pakistan,123,2020/11/11,,No
CUST-202380,Sarah Walker,sarah.walker2380@example.com,+92335424066,69,Australia,unknown,2020-04-20,"2,500 AUD",Yes
CUST-202381,Sophia Ali,sophia.ali2381@example.com,000000000,59,,123,21/12/2024,"12.500,50",No
202382,Ali Ali,ali.ali2382@@example.com,+61905328826,,PK,Vancouver,09 Jan 2020,39392.87,N
,Emma Clark,emma.clark2383@example.com,+1524655354,29,United Kingdom,Leeds,08/05/2026,15840.65,Yes
CUST-202384,Ali Khan,ali.khan2384@example.com,+61656637687,22,Germany,Munich,2024/05/02,37853.17,No
CUST-202385,,aisha.ahmed2385@example.com,+92425503560,44,Germany,NYC,00/00/0000,31660.59,No
CUST-202386,Fatima Lee,fatima.lee2386@example.com,+61775235248,57,U.K.,,none,31905.6,Yes
CUST-202387,John Taylor,mia.walker1270@example.com,+1470837744,66,Canada,Sydney NSW,2023-08-18,3590.23,No
CUST-202388,Ahmed Khan,ahmed.khan2388@example.com,,54,Canada,Vancouver,2019/08/24,10932.46,N
CUST-202389,Ahmed Walker,ahmed.walker2389@example.com,+61731339676,999,Can.,Karachi,11 Feb 2020,13853.93,No
CUST-202390,John Clark,john.clark2390@example.com,,37,US,Brisbane,12.03.2024,,Yes
CUST-202391,Sophia White,sophia.white2391@@example.com,123,80,australia,Karachi?,24 Nov 2024,2914.64,Yes
202392,Mary Ahmed,mary.ahmed2392@example.com,+92384763322,63,USA,Toronto,missing,15320.47,No
CUST-202393,Fatima Wilson,,123,67,US,Sydney NSW,2022-02-17,23215.04,active
CUST-202394,John Smith,john.smith2394@example.com,+44951792138,46,,Seattle,05/08/2023,32451.62,no 
CUST-202395,Mary Brown,mary.brown2395@example.com,+61482803410,999,australia,NYC,06 Oct 2020,-400,Yes
CUST-202396,Ahmed Hall,ahmed.hall2396@example.com,123,,Pakistan,Karachi,15.02.2025,10565.41,Yes
CUST-202397,Fatima Young,@domain.com,+61323645617,28,U.K.,Karachi,11.06.2026,2823.45,No
CUST 202398,12345,sophia.hall2398@example.com,123,22,Can.,Vancouver,24.09.2019,7106.21,No
CUST-202399,Daniel Hall,daniel.hall2399@example.com,+92311221611,63,Canada,unknown,30.08.2025,1621.65,Yes
CUST-202400,Ali Clark,ali.clark2400@example.com,0300 1234567,65,Canada,Calgary,2025-12-29,15497.13,Yes
CUST-202401,Aisha Smith,aisha.smith2401@example.com,+1 (555) TEST,23,Australia,Brisbane,2020-01-15,29935.16,Yes
CUST-202402,AhmedClark,ahmed.clark2402@example.com,+92449373780,23,United States,Seattle,2026-02-31,"12.500,50",
CUST-202403,,foo.bar@domain,,45,Canada,Calgary,2026-04-05,26663.55,No
CUST-202404,UNKNOWN,user @mail.com,,40,Australia,Sydney,27.09.2021,27224.75,Y
CUST-202405,,hassan.lee2405@example.com,+44815712232,21,United States,,none,-400,No
CUST-202406,Daniel Walker,daniel.walker2406@example.com,+61409055864,34,United States,Seattle,14 Jul 2024,33733.99,Yes
202183,Olivia Khan,,+92-300-ABC-123,43,,Toronto,14 Feb 2025,28674.1,Yes
CUST-202408,,abc.com,+61334107620,45,Germany,Munich,,14361.52,No
CUST-202409,Zain Lee,zain.lee2409@example.com,+1882738881,61,Canada,Toronto,11-07-2025,"$12,500.50",No
CUST-202410,Aisha Lee,not-an-email,+44449073339,55,Pakistan,Islamabad,07 Oct 2025,,No
CUST-202411,12345,noah.white2411@example.com,+49505976452,twenty,PAKISTAN ,New York,26.12.2025,36548.66,No
CUST-202412,Daniel Khan,daniel.khan2412@example.com,123,19,Pakistan,Islamabad,missing,7883.93,TRUE
CUST-202413,Sarah Wilson,sarah.wilson2413@example.com,+1495815594,37,pakistan,Sydney,2025/08/15,20299.28,Yes
CUST-202414,,not-an-email,+49376375146,65,Pakistan,Karachi,2019/03/01,20755.3,No
CUST-202415,Hassan Wilson,foo.bar@domain,,22,United Kingdom,Leeds,15/06/2026,35358.06,inactive
CUST-202416,  Noah Ali  ,noah.ali2416@example.com,+1623881656,80,UK,Melbourne,,9129.04,maybe
???,Zain Khan,zain.khan2417@example.com,123,63,United Kingdom,London,2026-13-44,"12.500,50",inactive
CUST-202418,,,123,twenty,United states of america,Sydney NSW,missing,USD 2500,0
CUST-202419,Noah Clark,noah.clark2419@example.com,+44713964075,76,United States,New York,2025-11-07,19769.16,No
CUST-202420,David Ali,DAVID.ALI2420@EXAMPLE.COM,+1356005085,18 years,GER,Seattle,08-13-2023,999999999,No
CUST 202421,Mary White,mary.white2421@example.com,+1780043072,29,Australia,Sydney,06-01-2022,34700.26,No
CUST-202422,12345,sarah.clark2422@example.com,+49933232067,25.5,Pakistan,Islamabad,,999999999,No
CUST-202423,Daniel White,user @mail.com,unknown,25.5,PK,New York,12-10-2020,22884.9,Yes
CUST-202424,Ahmed Hall,ahmed.hall2424@example.com,+92861580060,25,UK,Melbourne,2019-03-03,34343.13,Yes
 CUST-202425,Ahmed Ahmed,ahmed.ahmed2425@example.com,+92842463374,25,Pakistan,Lahore,2025/08/08,14000.87,Yes
CUST-202426,,james.young2426@@example.com,,1O,United States,unknown,01-09-2022,29300.41,Yes
CUST-202428,Sarah Young,sarah.young2428@example.com,+49902033014,73,United States,Melb,24/04/2019,22494.24,No
CUST-202429,UNKNOWN,sarah.smith2429@example.com,+1805507252,39,United States,New York,26/06/2020,19303.23,No
CUST-202430,James Young,foo.bar@domain,,18 years,,Manchester,2024-05-01,24056.94,Yes
CUST-202431,James Wilson,,+49479818931,25.5,Germany,Berlin,2024-11-16,29241.55,No
CUST 202432,???,john.lee2432@example.com,+92719770323,,US, Lahore,unknown,271.24,Yes
CUST-202433,Sophia Brown,sophia.brown2433@example.com,+1973652352,64,Pakistan,Sydney NSW,29.08.2023,36260.8,No
cust-202434,Mia King,mia.king2434@example.com,+1875788635,1O,US,Manchester,11/07/2026,"12.500,50",Yes
CUST-202435,???,hassan.khan2435@example.com,+1526022307,18 years,Germany,Berlin,28.11.2025,29754.1,
CUST-202436,Mary Martin,mary.martin2436@example.com,+1487827567,76,Pakistan,Karachi,01 Mar 2022,15748.05,maybe
CUST-202437,Daniel Ali,daniel.ali2437@example.com,+92577202476,71,Australia,Brisbane,2024-03-14,19989.85,
???,Fatima King,fatima.king2438@example.com,+61770438623,22,Canada,Calgary,13/13/26,28995.56,No
 CUST-202439,OLIVIA KHAN,olivia.khan2439@example.com,+92650728720,59,Australia,Londn,27 Jun 2025,,No
CUST-202440,Emma Lee,emma.lee2440@example.com,++612345678,54,Australia,Londn,03-10-2021,21147.88,Yes
CUST-202441,,noah.wilson2441@example.com,+92600418580,39,Pakistan,  Islamabad  ,Feb 30 2025,15132.4,0
CUST-202442,Muhammad King,muhammad.king2442@example.com,+44320261778,18,Canada,Vancouver,,10869.09,No
CUST-202443,Aisha Lee,aisha.lee2443@example.com,unknown,64,Germany,Hamburg,05-17-2020,1O000,1
CUST-202444,Muhammad Khan,muhammad.khan2444@example.com,,999,Germany,Berlin,,31519.75,0
CUST-202445,Olivia Smith,olivia.smith2445@example.com,+44988120305,40,United states of america,Melb,30.09.2023,774.68,No
CUST-202446,Noah Johnson,noah.johnson2446@example.com,+49545246272,20,,Islamabad,2022-01-06,14692.06,No
CUST-202447,???,muhammad.smith2447@example.com,++612345678,22,United States,New York,2022/06/02,32913.54,No
CUST-202448,Noah Johnson,noah.johnson2448@example.com,+1551560184,77,United Kingdom,Leeds,,34380.81,Yes
CUST-202449,???,david.lee2449@example.com,+61667065973,60,GER,Toronto,29 Aug 2023,22825.39,Y
CUST-202450,Zain Young,zain.young2450@example.com,+61306786787,47,Canada,123,07.06.2023,30583.26,No
CUST-202451,Fatima Ahmed,fatima.ahmed2451@example.com,+92437860427,57,Canada,Vancouver,30.05.2023,38644.49,No
CUST-202452,Muhammad Ahmed,not-an-email,+49758770229,19,PK,New York,2023-01-20,21487.79,No
CUST-202454,???,aisha.lee2454@example.com,+1637967886,1O,Pakistan,lahore,24 Dec 2022,27555.91,No
CUST-202455,Mr. Daniel Brown,name@,+92862131662,twenty,Australia,Sydney,17.02.2022,4232.34,Yes
CUST-202456,Mr. Sarah Martin,sarah.martin2456@example.com,+49590274097,-4,Australia,Sydney,2026-02-31,19124.71,Yes
CUST-202457,Olivia Lee,olivia.lee2457@@example.com,+1 (555) TEST,20,Germany,Munich,2020/10/21,17224.99,Yes
CUST-201145,Sophia Young,sophia.johnson728@example.com,+92412909528,70,Germany,Munich,02.07.2022,37516.54,Yes
CUST-202459,UNKNOWN,abc.com,+1303226124,69,United states of america,Sydney,02-19-2022,11729.49,No
CUST-202460,Ahmed Walker,ahmed.walker2460@example.com,+92944026717,40,Germany,unknown,23.05.2019,14749.79,No
CUST-202461,Aisha Young,AISHA.YOUNG2461@EXAMPLE.COM,+61757342587,145,United States,Chicago,04 Jan 2022,18921.61,No
 CUST-202462,John Johnson,john.johnson2462@example.com,+92-300-ABC-123,50,U.K.,Hamburg,31/02/2026,29088.79,No
CUST-202463,,fatima.taylor2463@@example.com,+61375237518,21,Germany,Munich,2025/00/12,16878.13,
CUST-202464,12345,fatima.clark2464@example.com,+49552625893,18 years,PAKISTAN ,,16 Jan 2021,3066.42,No
CUST-202465,Mia Ali,mia.ali2465@example.com,+1543867859,82,PAKISTAN ,London,-,11059.16,Yes
CUST-202466,Mia Ahmed,mia.ahmed2466@example.com,+61436908484,58,GER,Melbourne,31/10/2024,33107.9,No
CUST-202467,Mary King,mary.king2467@example.com,+1818589611,65,Pakistan,Londn,04 Jan 2026,1O000,yes 
???,Ahmed Brown,ahmed.brown2468@example.com,+44464676534,41,United Kingdom,Karachi?,2025-11-09,23898.82,No
 CUST-202469,Mr. James Clark,james.clark2469@example.com,+92424717738,999,Pakistan,Islamabad,2021/03/21,20197.53,No
CUST-202470,???,ahmed.ahmed2470@example.com,+61872551806,,United Kingdom,London,not-a-date,999999999,No
CUST-202471,Aisha Johnson,aisha.johnson2471@example.com,+61846172552,74,Pakstan,Lahore,2026/06/09,-400,Yes
CUST-202472,12345,abc.com,+1495134770,25,United Kingdom,Leeds,03-14-2026,21661.29,No
CUST-202473,Mia Clark,,000000000,145,United states of america,Toronto,2026-02-31,27720.41,0
 CUST-202474,Noah Clark,abc.com,+49634952251,23,United states of america,calgary,2023-12-20,18482.73,Yes
 CUST-202475,Zain Brown,zain.brown2475@example.com,+61932747474,57,United States,New York,2022/03/05,"$12,500.50",Yes
CUST-202476,Mia Wilson,mia.wilson2476@example.com,+92-300-ABC-123,24,Can.,Leeds,03/08/2023,22153.87,Yes
CUST 202477,Daniel Smith,daniel.smith2477@example.com,+44450311768,47,U.S.A,Sydney NSW,2025/11/27,35116.93,inactive
CUST-202478,Daniel King,daniel.king2478@example.com,+44563340504,24,USA,Berlin,2024/06/16,39677.29,No
CUST-202479,Mr. Fatima Young,,+44934375223,75,Germany,Munich,missing,26057.1,Yes
CUST-202480,Hassan Khan,hassan.khan2480@example.com,+1523974988,39,AUS,Calgary,2024-01-07,18914.93,No
CUST-202481,Zain Taylor,zain.taylor2481@example.com,+1 (555) TEST,145,United Kingdom,London,2019/07/07,6595.54,FALSE
CUST-202482,Sophia Martin,name@,+49915355798,32,Australia,Karachi?,02/05/2025,23669.68,No
CUST-202483,???,,+61462724982,68,Pakistan,Islamabad,08.12.2022,999999999,No
CUST-202484,Mia Walker,mia.walker2484@example.com,+44675708731,-4,Australia,Melbourne,06-08-2025,33889.67,Yes
CUST-202485,  Mary Brown  ,mary.brown2485@example.com,+1846814824,35,Canada,Toronto,24/08/2024,31484.63,No
CUST-202486,Sarah Ali,sarah.ali2486@example.com,,77,Australia,Melbourne,03/09/2025,791.2,active
CUST-202487,Muhammad Lee,muhammad.lee2487@example.com,+44787095636,25.5,United Kingdom,Manchester,2023-01-12,13929.63,No
CUST-202488,Zain Martin,,+49704560070,26,United Kingdom,Manchester, ,5536.45,Yes
CUST-202489,John Clark,john.clark2489@example.com,123,18,Australia,Sydney,32 Jan 2025,20695.4,
CUST-202490,Fatima Walker,daniel.brown752@example.com,+1884495432,72,Germany,Munich,2024-05-15,2311.73,Yes
CUST-202491,Aisha Lee,aisha.lee2491@example.com,+92517350080,28,Pakistan,Karachi,2020-05-04,34793.36,No
???,Fatima Young,,,0,PAKISTAN ,Vancouver,02 Nov 2019,35718.09,Yes
CUST-202493,Ahmed Ali,ahmed.ali2493@example.com,,62,Germany,Munich,2019-10-14,22839.85,
CUST-200953,AishaMartin,aisha.martin953@example.com,+92487713956,37,UK,Sydney,99-99-9999,7553.29,Yes
CUST-202495,Muhammad Smith,muhammad.smith2495@example.com,(02) 9999-8888,64,Australia,Sydney,2019/09/12,9125.05,No
CUST-202496,???,olivia.clark2496@example.com,+49981501890,25,Germany,Munich,,7332.72,No
CUST-202497,Olivia Johnson,test@test,(02) 9999-8888,0,Germany,Berlin,unknown,6680.01,Yes
???,Emma Johnson,ahmed.wilson2306@example.com,+49360133805,145,Germany,Sydney NSW,,"2,500 AUD",No
,Sarah Taylor,sarah.taylor2499@example.com,+44889276174,28,Canada,Calgary,31 Aug 2025,15263.56,Yes
CUST-202500,Ali Brown,ali.brown2500@example.com,+49364558619,19,Canada,Toronto,01/08/2024,24319.18,N
CUST-202501,12345,olivia.hall2501@@example.com,+44518953672,33,GER,Chicago,07-13-2020,5441.33,Y
CUST 202502,Sarah Walker,sarah.walker2502@example.com,+61832724169,69,pakistan,unknown,2020-04-21,8431.52,Y
CUST-202503,Ahmed Khan,ahmed.khan2503@example.com,+1934833216,65,Australia,Sydney,06-02-2021,32802.24,inactive
,,sarah.ali2504@example.com,123,-4,Pakistan,unknown,25 Apr 2020,8189.88,Yes
CUST-202505,Fatima Johnson,foo.bar@domain,+92-300-ABC-123,25.5,Germany,Toronto.,01.04.2022,26639.43,Yes
CUST-202506,  Mary Johnson  ,mary.johnson2506@example.com,+1632186584,19,Can.,London,-,3842.25,maybe
CUST 202507,John Hall,john.hall2507@example.com,+44352825107,63,Pakistan,unknown,19 Sep 2022,29582.43,Yes
 CUST-202508,Muhammad Martin,muhammad.martin2508@example.com,+61331774749,70,United Kingdom,NYC,12.08.2019,28653.42,1
202509,Noah Taylor,noah.taylor2509@example.com,+49939775514,60,U.S.A,Londn,2021/02/05,32993.19,Yes
 CUST-202510,Zain Lee,zain.lee2510@example.com,+44544593280,59,US,Leeds,07-06-2022,11569.01,Y
CUST-202511,Ahmed Wilson,ahmed.wilson2511@example.com,(02) 9999-8888,,PK,Sydney,2026-02-31,29140.94,Y
CUST-202512,Sarah Young,,+92-300-ABC-123,79,Australia,Sydney,03/01/2026,14048.55,TRUE
CUST-202513,UNKNOWN,sophia.king2513@example.com,(02) 9999-8888,999,Canada,Toronto.,20 May 2024,39660.99,No
CUST-202514,Olivia Smith,,+92407853636,-4,United Kingdom,Manchester,2024-12-06,33917.22,maybe
CUST-202515,Noah Ali,noah.ali2515@example.com,+1631302923,0,United Kingdom,Melb,2023/07/07,12265.49,No
CUST-202516,David White,david.white2516@example.com,+92-300-ABC-123,42,United States,New York,2021-06-14,30961.33,No
CUST-202517,Muhammad Walker,muhammad.walker2517@example.com,+49975810195,1O,United States,New York,29/05/2023,14899.11,Yes
CUST-202519,Muhammad Taylor,,+1511134834,52,United Kingdom,Manchester,none,14483.69,Yes
 CUST-202520,Mr. Mary King,mary.king2520@example.com,+61438500506,67,PAKISTAN ,,2026-02-31,12601.15,Yes
CUST-202521,Mr. John Lee,john.lee2521@example.com,+92948609771,twenty,United States,Chicago,14.11.2025,21621.82,Yes
CUST-202523,Aisha Lee,aisha.lee2523@example.com,+92430868760,999,United states of america,Islamabad,02-11-2020,7345.73,Y
CUST 202524,Daniel Ali,name@,+61472918001,18 years,Canada,Calgary,12/02/2019,8502.85,no 
,Aisha King,aisha.king2525@example.com,+92676779811,37,United states of america,Toronto,,35568.27,Yes
cust-202526,Ali Wilson,name@,,-4,Pakistan,Sydney NSW,22.12.2025,6412.05,Yes
CUST-202527,Hassan Khan,hassan.khan2527@example.com,,22,Germany,Munich, ,free,No
CUST-202528,Aisha Hall,aisha.hall2528@example.com,+49594159787,,Australia,Melbourne,2019/01/10,32680.52,Yes
CUST-202529,Fatima Young,fatima.young2529@example.com,+44441278019,,United States,Seattle,,22033.52,Yes
CUST-202530,12345,foo.bar@domain,+49360969612,twenty,pakistan,Brisbane ,not-a-date,11402.77,No
CUST-202531,Fatima Smith,fatima.smith2531@example.com,+61877266404,twenty,Germany,Berlin,,19360.09,Yes
CUST-202532,Ahmed Brown,ahmed.brown2532@example.com,(02) 9999-8888,999,United Kingdom,Karachi?,2020/03/04,1917.64,active
CUST-202533,Fatima Young!!!,fatima.young2533@example.com,+1926626560,67,United Kingdom,Leeds,2019/12/28,,Yes
,Muhammad Wilson,muhammad.wilson2534@example.com,,30,United Kingdom,London,99-99-9999,,yes 
CUST-202535,Muhammad Martin,muhammad.martin2535@example.com,+92885424308,53,Germany,123,2024/10/04,-400,No
CUST-202536,Muhammad King,muhammad.king2536@example.com,+44499505491,25.5,,Melbourne,13.10.2024,31251.98,
cust-202537,UNKNOWN,mia.lee2537@example.com,+92494267499,80,Australia,Melbourne,18.05.2025,30233.94,No
CUST-202538,NoahBrown,noah.brown2538@example.com,abc123,145,United Kingdom,Leeds,32 Jan 2025,13339.7,Yes
CUST-202539,,@domain.com,+44326981446,41,Pakistan,Lahore,11 Nov 2024,10200.28,inactive
CUST-202540,Mr. Sarah Johnson,,+92671490491,18 years,US,London,07/05/2021,14022.05,Yes
CUST-202541,Aisha Johnson,aisha.johnson2541@example.com,+1533596856,1O,Pakistan,Karachi,10.02.2021,21290.97,Y
???,Daniel Johnson,daniel.johnson2542@example.com,+49830378572,82,US,,2022/09/27,8445.35,
CUST-202543,,john.taylor2543@@example.com,+1864639956,31,Germany,Berlin,2026/02/17,1O000,Yes
CUST-202544,Emma King,emma.king2544@example.com,(02) 9999-8888,54,UK,Toronto., ,,No
CUST-202545,Muhammad Walker,muhammad.walker2545@example.com,+92418102460,21,Australia,NYC,00/00/0000,11958.42,yes 
CUST-202546,Emma Wilson,emma.wilson2546@example.com,+44648580536,21,United States,New York,2022/05/03,3287.55,No
CUST 202547,Fatima Hall,david.smith1243@example.com,+61324007710,47,U.S.A,Karachi,2019-07-15,21026.9,No
cust-202548,UNKNOWN,ahmed.clark2548@example.com,+49512343453,43,US,Lahore,2025/12/01,17425.34,TRUE
CUST-202549,Mr. Ali Taylor,not-an-email,+92871881377,78,Pakistan,Islamabad,2025-05-22,35860.37,No
CUST-202550,Muhammad King,muhammad.king2550@example.com,+92957043549,24,Germany,MUNICH,15 Jul 2020,12368.47,inactive
CUST-202551,Fatima Walker,fatima.walker2551@example.com,123,72,Germany,Toronto.,30 Apr 2023,27863.77,Y
CUST-202552,Emma Taylor,emma.taylor2552@example.com,+1 (555) TEST,999,Germany,Hamburg,2024-05-15,,no 
CUST-202553,Fatima Young,fatima.young2553@example.com,(02) 9999-8888,twenty,United States,New York,2023-09-11,19129.64,No
CUST-202554,Emma Johnson,emma.johnson2554@example.com,+61957551448,34,United Kingdom,Londn,2023-08-11,9865.4,No
CUST-202555,Daniel White,,+49520715843,19,Germany,unknown,03 Oct 2023,12872.83,
CUST-202556,Zain Johnson,zain.johnson2556@example.com,+44958201778,79,UK,,06/05/2025,7984.05,No
CUST-202557,Ahmed Khan,ahmed.khan2557@example.com,++612345678,35,Canada,Toronto,24 Apr 2019,22954.02,No
 CUST-202558,Zain Wilson,zain.wilson2558@example.com,,twenty,Canada,NYC,07.07.2019,15931.6,no 
CUST-202559,Fatima Young,fatima.young2559@example.com,+44556275432,37,Germany,Berlin,08 Jan 2024,7995.06,No
CUST-202560,Aisha King,aisha.king2560@example.com,+44488846299,70,PK,Chicago,03-22-2024,44.59,Yes
CUST-202561,Zain Ahmed,zain.ahmed2561@example.com,+61641631415,72,United Kingdom,Leeds,2023/03/07,18148.67,Yes
CUST-202562,Emma Brown,emma.brown2562@example.com,+1458051891,32,Pakistan,Lahore,32 Jan 2025,5288.74,active
CUST-202563,David Brown,david.brown2563@@example.com,+44361239212,63,Canada,Vancouver,22 Sep 2020,24145.8,0
CUST-202564,UNKNOWN,david.clark2564@example.com,+61762781176,25.5,Canada,123,26/12/2020,999999999,Yes
202565,Olivia Ahmed,olivia.ahmed2565@example.com,+1635708036,70,Pakistan,Karachi,2022/07/19,31441.16,yes 
cust-202566,???,not-an-email,+1753127703,,Germany,Hamburg,14/11/2023,"$12,500.50",No
CUST-202567,James Walker,foo.bar@domain,+92618944562,54,Pakistan,Lahore,2022/04/03,3518.56,no 
CUST-202568,Olivia White,olivia.white2568@example.com,,twenty,US,Manchester,2025/00/12,2671.09,Yes
CUST-202569,12345,fatima.wilson2569@example.com,(02) 9999-8888,80,Pakistan,Karachi,2022-02-15,"2,500 AUD",Yes
CUST 202570,Noah Walker,,abc123,38,GER,unknown,2021/07/31,24264.76,No
CUST-202571,Aisha Brown!!!,aisha.brown2571@example.com,+1448972092,71,Pakistan,Karachi,10/08/2021,15530.81,No
,Zain Clark,zain.clark2572@example.com,+44991906796,23,Pakistan,Karachi,10-05-2019,free,Yes
CUST-202573,Noah Wilson,noah.wilson2573@example.com,unknown,37,pakistan,Lahore,Feb 30 2025,24354.62,Yes
CUST-202574,John Khan,john.khan2574@example.com,+92357808923,49,australia,Chicago,04-07-2019,2556.52,no 
CUST-202575,Zain Johnson,zain.johnson2575@example.com,abc123,82,United States,Seattle,07 Aug 2019,2076.23,Yes
 CUST-202576,Fatima Smith,fatima.smith2576@example.com,+92867984033,80,United States,New York,32 Jan 2025,32178.39,Yes
CUST-202577,Ahmed Walker,ahmed.walker2577@@example.com,+49768043990,22,U.K.,Sydney,07/08/2021,533.4,0
CUST-202578,James Martin,james.martin2578@@example.com,+1409234990,999,Australia,Sydney,02-10-2025,8185.12,Yes
CUST-202579,Olivia Young,olivia.young2579@example.com,,0,Pakstan,London,2022-09-04,13380.55,No
,Mia Taylor,test@test,+92444158575,18 years,United States,,03-11-2026,18457.2,Y
???,Muhammad Hall,@domain.com,+44565722587,18,Canada,Londn,21.10.2025,15356.64,No
CUST-202582,Muhammad Wilson,not-an-email,,37,Canada,Vancouver,2025/01/20,21606.3,No
???,,olivia.wilson2583@example.com,0300 1234567,23,United Kingdom,NYC,15.01.2026,27764.09,No
CUST-202584,Noah Smith,noah.smith2584@example.com,+49573002696,57,Germany,Munich,,"2,500 AUD",Yes
CUST-202585,Olivia Ahmed,olivia.ahmed2585@example.com,+1825912397,-4,Germany,Berlin,03 Jan 2024,"2,500 AUD",N
CUST-202586,Emma Ahmed,,000000000,,Canada,unknown,2019-06-15,33036.53,No
CUST-202587,Ali White,@domain.com,+44390887795,65,Canada,Vancouver,19.08.2023,10243.57,Yes
CUST-202588,Hassan Young,hassan.young2588@example.com,+44867311750,26,United Kingdom,London,,free,No
CUST-202591,James Smith,,0300 1234567,28,Pakistan,NYC,2025/08/05,,Yes
CUST-202593,John Ali,john.ali2593@example.com,+44734426330,,Canada,Calgary,25.08.2022,9674.52,No
CUST-202594,Mia Ali,mia.ali2594@example.com,,31,Pakistan,Islamabad,2021/09/10,13282.25,No
CUST-202595,Mia Martin,mia.martin2595@example.com,+49302206059,74,Can.,Hamburg,13/03/2026,15980.49,FALSE
CUST-202596,Noah Clark,noah.clark2596@example.com,+92455497554,42,Canada,Calgary,2026-13-44,"2,500 AUD",
CUST-202597,Daniel Ahmed,user @mail.com,+92-300-ABC-123,56,Germany,Munich,2019/07/12,"12.500,50",No
CUST-202598,Olivia Lee,,+61768048850,63,PAKISTAN ,Chicago,07 Apr 2020,,No
CUST-202599,David King,david.king2599@example.com,+49566449373,41,Germany,Melb,11/11/2025,free,Yes
CUST-202600,DanielHall,daniel.hall2600@example.com,+61879502351,25,United States,Seattle,17.03.2022,7150.16,N
CUST-202601,Hassan Clark,hassan.clark2601@example.com,+49951063904,46,Australia,NYC,23/08/2021,26333.34,No
 CUST-202602,Zain King,zain.king2602@example.com,+61930561873,36,Canada,Calgary,2024/02/25,21507.62,
 CUST-202603,DavidClark,abc.com,,60,Pakistan,123,2023/12/12,14388.08,TRUE
CUST-202605,,sophia.taylor2605@example.com,+1898068675,29,Germany,Hamburg,2021/02/13,7737.87,Yes
CUST-202606,Fatima Taylor,fatima.taylor2606@example.com,+44441187424,25,Pakistan,Sydney NSW,missing,7017.63,Yes
cust-202607,Muhammad Brown!!!,not-an-email,+49735344548,23,Canada,Vancouver,05 Dec 2022,32877.06,
CUST-202608,Sarah Taylor!!!,sarah.taylor2608@example.com,+49503226923,23,Canada,Vancouver,,free,Y
CUST-202609,Olivia King,olivia.king2609@example.com,+92463705842,63,Germany,Berlin,2024-11-19,5794.27,1
CUST-202610,Mary Johnson,,+1763410247,35,Australia,Melbourne,27.07.2020,20111.6,No
CUST-202611,Olivia Ali,,000000000,18,US,Lahore,11.03.2026,21942.11,No
CUST-202612,Emma Khan,emma.khan2612@example.com,+49679875918,74,Canada,Vancouver,27 Jan 2024,"2,500 AUD",No
CUST-202613,Emma Taylor,emma.taylor2613@@example.com,abc123,57,Pakistan,Londn,05.02.2024,17373.38,0
CUST-202615,Ahmed White,ahmed.white2615@@example.com,+61862577402,70,Pakistan,Karachi ,07/06/2026,34331.8,No
,Mia Johnson,mia.johnson2616@@example.com,+1907059985,50,Germany,unknown,09-24-2023,"$12,500.50",Yes
CUST-202617,UNKNOWN,muhammad.ali2617@example.com,+44637423629,76,Pakstan,Manchester,Feb 30 2025,17025.76,Yes
CUST-202618,Muhammad King,abc.com,+44490545085,,United states of america,Berlin, ,22605.41,Y
CUST-202619,Olivia Ali,olivia.ali2619@example.com,+49544756685,999,United States,,2024-08-09,14058.73,No
CUST-202620,Ali Brown,ali.brown2620@example.com,+49419209540,999,United Kingdom,NYC,2025-04-05,4137.96,No
CUST-202621,12345,noah.white2621@example.com,+61860992686,66,United States,Seattle,11 Sep 2019,"2,500 AUD",No
CUST-202622,,name@,+92456086426,1O,Germany,Munich,03 Mar 2026,23040.85,
CUST-202623,,sarah.brown2623@example.com,+1492630022,20,Pakistan,Karachi,03/11/2021,6537.09,N
CUST-202624,Emma Wilson,emma.wilson2624@example.com,+49627037158,65,GER,Chicago,15 Mar 2024,999999999,No
CUST-202625,David Ahmed,david.ahmed2625@example.com,(02) 9999-8888,45,Canada,Vancouver,2024/12/21,,No
CUST-202626,Daniel Clark,abc.com,+44763193299,36,United States,123,01.11.2022,31321.77,TRUE
CUST-202627,sarah king,sarah.king2627@example.com,+1981577326,58,United States,Chicago,21 Jun 2021,14371.67,0
CUST-202628,Aisha Taylor,aisha.taylor2628@example.com,+1612106519,25.5,Canada,Calgary,02-02-2020,6495.82,No
CUST-202629,EmmaBrown,user @mail.com,+49378733465,82,United Kingdom,Leeds,2025/00/12,8428.49,Yes
cust-202630,Emma Walker,mary.taylor451@example.com,+44455139999,25,Canada,unknown,2019/12/21,"12.500,50",Yes
CUST-202631,DavidKhan,david.khan2631@example.com,+61993553265,64,United Kingdom,Manchester,06/12/2024,,Yes
CUST-202632,Mary King!!!,mary.king2632@example.com,+61432589323,62,Canada,Toronto,26/08/2022,31253.69,No
CUST-202633,Daniel Khan,DANIEL.KHAN2633@EXAMPLE.COM,000000000,46,Can.,Chicago,22.02.2024,37194.51,Yes
CUST-202635,Olivia Clark!!!,olivia.clark2635@@example.com,+49436413360,78,PAKISTAN ,unknown,31/02/2026,34662.24,Yes
CUST-202636,James Johnson,james.johnson2636@example.com,+44397217261,1O,Germany,Berlin,02.02.2019,2568.85,No
cust-202637,Hassan Wilson,hassan.wilson2637@example.com,++612345678,,US,Manchester,19 May 2019,3751.92,Yes
CUST-202638,Ali Khan,test@test,+61786202338,52,Canada,Vancouver,2026-13-44,29226.8,No
???,Olivia Walker,name@,+49498638989,1O,Pakistan,Melb,03-20-2024,,0
CUST-202640,Fatima King,fatima.king2640@@example.com,+49301191510,1O,United Kingdom,London,04/05/2023,5226.31,Yes
CUST-202641,Sophia Johnson,sophia.johnson2641@example.com,+49618780714,-4,Australia,Melbourne,23.09.2025,26826.46,No
???,Noah King,noah.king2642@example.com,+92553602363,43,Germany,Berlin ,2020-02-02,35207.91,Yes
CUST-202643,Mary Martin,mary.martin2643@example.com,+49747417833,19,Australia,Karachi?,26.01.2025,26569.83,Yes
CUST-200023,AishaAli,test@test,+1785141955,twenty,United states of america,Manchester,2023/01/29,17118.43,N
CUST-202645,John Khan,john.khan2645@example.com,+92464135606,145,U.K.,NYC,18 Jan 2022,1807.26,TRUE
CUST-202647,David Brown,,+49597641788,40,,Karachi,18/11/2022,35317.51,No
CUST-202648,UNKNOWN,test@test,+1610602131,76,Germany,Munich,11-25-2020,USD 2500,No
CUST-202649,Ali White,ali.white2649@example.com,+92717350656,twenty,US,Lahore,2024/11/23,37146.55,maybe
CUST-200754,Hassan Johnson,hassan.johnson2650@example.com,abc123,0,United states of america,Islamabad,2025/00/12,free,Yes
CUST-202652,Ahmed Ahmed,ahmed.ahmed2652@example.com,+61899803092,46,Germany,Munich,2026-02-31,14071.37,No
CUST-202653,Daniel Martin,DANIEL.MARTIN2653@EXAMPLE.COM,(02) 9999-8888,53,United Kingdom,Manchester,2020-01-23,"$12,500.50",No
CUST-202654,James Clark,james.clark2654@example.com,+1720684292,0,Germany,Munich,2025-01-10,34137.31,Yes
,Noah  Young,,,69,,Brisbane,19.04.2023,12267.84,Yes
 CUST-202656,Ahmed White,ahmed.white2656@example.com,+44990977111,50,Australia,Toronto.,,36678.4,Yes
CUST-202657,Daniel King,daniel.king2657@example.com,,145,Germany,Berlin,18/02/2026,9346.44,Yes
CUST-202114,Ali Hall,name@,+92303127034,35,Canada,Calgary,missing,1O000,Yes
CUST-202659,Mary King,@domain.com,+1779600691,23,pakistan,Toronto.,01/10/2025,17156.0,N
CUST-202660,,hassan.brown2660@example.com,+49537530549,76,Germany,Munich,09-06-2025,-400,Yes
???,Olivia Smith,olivia.smith2661@example.com,+1748826072,twenty,AUS,Hamburg,10.08.2024,999999999,Yes
CUST-202662,DanielAli,foo.bar@domain,+44876536182,32,Germany,Munich,   ,"$12,500.50",No
,AhmedWalker,test@test,+49739816880,39,United Kingdom,London,,27386.35,No
 CUST-202664,John Hall,john.hall2664@example.com,000000000,63,United Kingdom,Karachi?,01-15-2019,21262.51,Yes
CUST-202665,Zain Hall,zain.hall2665@example.com,+44305289428,0,Pakistan,Lahore,23/02/2022,28206.74,Yes
202666,Daniel Smith,daniel.smith2666@example.com,123,24,UK,123,26.08.2019,22701.0,Yes
,UNKNOWN,sophia.king2667@example.com,+44377332549,47,Pakistan,Karachi,24 Jan 2023,32070.58,Yes
CUST-202668,Ahmed Hall,ahmed.hall2668@example.com,0300 1234567,30,USA,New York,12-20-2023,18603.89,Yes
,,emma.khan2669@example.com,+49635829448,63,United States,New York,2025-07-01,"2,500 AUD",active
CUST-202670,,ali.ahmed2670@example.com,+1415177035,33,,Sydney,,USD 2500,0
CUST-202671,Mr. James Walker,user @mail.com,+44481844803,81,United Kingdom,Leeds,31/02/2026,16374.38,Yes
CUST-202672,Aisha Martin,,123,18 years,Pakistan,Karachi,,,FALSE
???,Emma Smith,emma.smith2673@example.com,+61781432509,1O,Germany,Hamburg,17 Feb 2022,28271.42,Yes
202674,UNKNOWN,james.smith2674@example.com,+61818383152,32,Pakstan,Leeds,2020/10/22,,No
CUST-202675,Daniel Ahmed,,+92422417017,1O,Germany,Berlin,13.06.2021,31304.68,Yes
CUST-202676,James Martin,@domain.com,,49,United States,New York,2023/10/19,USD 2500,inactive
CUST-202677,James Smith,james.smith2677@example.com,+49874178359,77,,Hamburg,2021-10-03,19304.52,maybe
CUST-202678,Mia Khan,mia.khan2678@example.com,+61501575236,45,Pakistan,NYC,,26067.91,Yes
CUST-202679,Olivia Ahmed,OLIVIA.AHMED2679@EXAMPLE.COM,+49784423417,60,United Kingdom,Leeds,2025/11/22,2172.14,No
,Sarah Lee,sarah.lee2680@example.com,+61824644522,42,Pakistan,Islamabad,03-04-2020,10361.22,Yes
CUST-202681,James Clark,,+49540673008,1O,United States,123,2022-11-20,931.42,
???,Ali Martin,ali.martin2682@example.com,+61324159499,44,United States,Chicago,03 Jul 2023,11575.4,Yes
CUST-202683,Mary Walker,mary.young1545@example.com,+49729481782,,GER,Calgary,2022-08-31,14913.92,Yes
CUST-202684,Zain Martin,zain.martin2684@example.com,+49908896449,25.5,Germany,123,18/04/2023,8959.87,no 
CUST-202685,???,,+92419055542,27,UK,Karachi,2025-12-22,26090.98,No
,Mary Taylor,mary.taylor2686@example.com,+49780982904,38,United states of america,London,12.03.2026,12601.77,no 
CUST-202688,UNKNOWN,sophia.smith2688@example.com,+61535250014,40,Germany,Berlin,28 Apr 2020,23420.53,Yes
CUST-202689,James Clark,not-an-email,+92566953264,,AUS,Toronto.,unknown,10506.25,No
,JamesSmith,james.smith2690@example.com,+92961765876,999,United States,Seattle,06-20-2019,26970.42,No
CUST-202691,Aisha King!!!,AISHA.KING2691@EXAMPLE.COM,+49721733867,,,Leeds,02-28-2022,32800.47,no 
CUST-202692,John Martin,john.martin2692@example.com,+92-300-ABC-123,65,Pakistan,Lahore,23.10.2023,34303.46,No
CUST-202693,David Young,david.young2693@example.com,0300 1234567,70,Germany,Munich,26 Jun 2026,1O000,No
CUST-201041,Sarah Wilson,sarah.wilson2694@example.com,000000000,56,United States,New York,2024/08/21,free,No
CUST-202695,Mr. Ali King,ali.king2695@example.com,abc123,999,Germany,Munich,01-20-2020,22982.04,Yes
CUST-202696,David Clark,david.clark2696@example.com,+61465614665,145,United States,Chicago,03-27-2025,USD 2500,No
CUST-202697,,james.walker2697@example.com,+49963862531,70,U.S.A,Karachi?,11-12-2020,30666.06,yes 
 CUST-202698,Sophia Wilson,sophia.wilson2698@example.com,+49646022759,81,United States,Seattle,unknown,36038.72,No
CUST-202699,Mia Wilson,test@test,+1 (555) TEST,60,pakistan,Toronto,29 Sep 2025,32257.36,No
CUST-202700,Ahmed Walker,test@test,+49359992245,75,Germany,Hamburg,,USD 2500,No
CUST-202701,Ahmed Ahmed,ahmed.ahmed2701@example.com,+49558889643,66,UK,Vancouver,2024-11-30,18998.22,Yes
CUST-202702,Emma King,emma.king2702@example.com,abc123,23,United states of america,Chicago,2020/02/22,34230.48,No
CUST-202703,Zain Lee,zain.lee2703@example.com,unknown,18,Germany,Berlin,2024-07-25,28817.61,maybe
,???,,+92795770340,twenty,United States,New York,15 Mar 2019,8548.22,Y
CUST-202705,David White,david.white2705@example.com,+44421172838,74,United States,Seattle,2025/09/30,15616.51,No
,12345,fatima.hall2706@example.com,+92-300-ABC-123,39,U.K.,Brisbane,17.03.2025,7630.79,No
CUST-202707,Aisha Clark,aisha.clark2707@example.com,+61417398637,56,AUS,Calgary,11/02/2024,25760.32,No
CUST-202708,Hassan Brown,hassan.brown2708@example.com,++612345678,74,Pakistan,Karachi,2026-13-44,32748.48,yes 
CUST-202709,Olivia Brown,olivia.brown2709@example.com,+44301970553,26,United States,Seattle, ,34733.26,TRUE
CUST-202710,Mr. James Brown,not-an-email,,68,United States,New York,25 Jul 2019,14322.6,No
CUST-202711,,name@,123,80,Australia,Sydney,03 Apr 2023,1389.61,No
CUST-202712,Noah Taylor,user @mail.com,+92724993595,,United Kingdom,Leeds,31 Jan 2021,22051.56,No
CUST-202713,Mr. Zain Khan,zain.khan2713@example.com,+1503566163,41,United States,Sydney NSW,02/08/2019,"12.500,50",inactive
CUST-202714,UNKNOWN,olivia.white2714@example.com,+61864199421,21,Australia,Melbourne,20.05.2019,"12.500,50",
CUST-202715,Daniel Martin!!!,daniel.martin2715@example.com,+61560847403,18,Pakistan,Lahore ,16.08.2025,36304.96,TRUE
CUST-202716,Mary Smith,ali.lee1555@example.com,+61805968717,49,Canada,Vancouver,06/12/2019,1157.56,active
,Mia Smith,mia.smith2719@example.com,+49477516104,18,Canada,Vancouver,05-30-2022,7838.96,No
,Sarah Hall,sarah.hall2720@example.com,+44857297468,51,Germany,Hamburg,01/10/2023,26887.09,Yes
CUST-202721,Noah White,,0300 1234567,45,USA,Hamburg,2019/09/03,36972.31,maybe
CUST-202722,Fatima Wilson,FATIMA.WILSON2722@EXAMPLE.COM,+1701586771,twenty,AUS,Sydney,10-09-2022,27555.51,no 
CUST-202723,Mr. Fatima Ali,@domain.com,+61839251375,70,United Kingdom,Manchester ,2023/03/01,37318.71,No
CUST-202724,ZainWhite,zain.white2724@example.com,++612345678,74,USA,unknown,24/03/2022,13040.36,N
CUST-202725,???,SARAH.SMITH2725@EXAMPLE.COM,+92444341618,76,United Kingdom,Leeds,02-06-2023,31884.7,inactive
CUST-202726,,aisha.ali2726@example.com,+1 (555) TEST,twenty,United states of america,Sydney NSW,20 Nov 2020,14947.52,Yes
CUST-202727,Emma Johnson,emma.johnson2727@example.com,+92321096379,32,AUS,Seattle,01.03.2020,1O000,Yes
???,muhammad walker,muhammad.walker2729@example.com,+44993567581,,,Toronto.,27/03/2023,35526.54,
CUST-202730,UNKNOWN,user @mail.com,+44337387736,28,Germany,Londn,15 Sep 2023,12062.77,No
CUST-202731,sarah khan,sarah.khan2731@example.com,+92313704498,59,US,Berlin,2025-02-21,20044.47,yes 
CUST-202732,Daniel Ali,daniel.ali2732@example.com,+49432228382,74,Australia,Brisbane,missing,32007.83,Yes
CUST-202733,12345,sophia.smith2733@example.com,+44974234966,48,Canada,Toronto,,562.93,No
CUST-202734,Mary Johnson,MARY.JOHNSON2734@EXAMPLE.COM,+92397278824,44,Canada,Vancouver, ,38103.91,no 
CUST-202735,Hassan Clark,hassan.clark2735@example.com,+92789211830,37,U.K.,,,19763.82,No
202736,John King,JOHN.KING2736@EXAMPLE.COM,unknown,63,US,,2022/09/19,"2,500 AUD",Yes
cust-202737,Mary Ahmed,mary.ahmed2737@example.com,+44673093247,82,AUS,Munich,11.08.2019,"12.500,50",FALSE
CUST-202738,James Hall,james.hall2738@example.com,+61992396626,,U.S.A,Toronto.,27/11/2020,31025.34,maybe
CUST-202739,Muhammad Smith,foo.bar@domain,+44479445428,30,pakistan,Vancouver,08 Oct 2024,18664.41,Yes
CUST-202740,James Hall,james.hall2740@example.com,+61878587375,,Pakistan,Islamabad,11.10.2020,10456.81,No
CUST-202741,???,test@test,+92804973237,57,United States,Chicago,2019-05-11,-400,
CUST-202742,Sarah King,sarah.king2742@example.com,+44716265606,60,PAKISTAN ,Chicago,04 Apr 2019,13757.18,Yes
CUST-202743,Mary Walker,abc.com,+44501222821,55,Germany,Hamburg,2025/03/30,19898.53,Yes
CUST-202744,Sophia Ali,sophia.ali2744@example.com,+92551205311,59,Germany,Berlin,29 Jun 2026,12187.89,no 
CUST-202745,John Martin,name@,+44861087068,0,Pakistan,Karachi,01-18-2024,20656.19,No
CUST-202746,Hassan White,hassan.white2746@example.com,+44798135111,-4,AUS,Calgary,2023-02-09,26505.83,No
CUST-202747,,john.johnson2747@@example.com,+1997292255,145,Can.,,24.05.2021,23947.41,Yes
CUST-202748,Noah Taylor,noah.taylor2748@example.com,+44740959647,73,Pakistan,Karachi,10-22-2024,9924.77,inactive
CUST-202749,Aisha Hall,aisha.hall2749@example.com,+1784887599,47,United Kingdom,Leeds,13 Mar 2024,20512.79,No
CUST-202750,Ahmed Young,ahmed.young2750@example.com,+92475254538,22,Pakistan,Islamabad,08 Mar 2026,19191.76,1
,Mia Wilson,mia.wilson2751@example.com,+61934430611,62,Pakistan,Lahore,01 Mar 2020,,Yes
CUST-202752,Ahmed Khan,user @mail.com,+44640536638,25.5,PK,Karachi,2019-09-18,32899.77,No
,Mary Lee,MARY.LEE2753@EXAMPLE.COM,++612345678,68,United States,Seattle,24/12/2022,,No
CUST-202754,Ali Wilson,ali.wilson2754@example.com,+49866512859,60,United Kingdom,Leeds,12/07/2024,"2,500 AUD",Yes
cust-202755,Muhammad Smith,@domain.com,+44500698774,60,Pakistan,Islamabad,30/06/2026,,No
CUST-202756,John Ali,john.ali2756@example.com,+44501566756,77,Canada,Calgary,11-21-2020,6278.73,No
202757,12345,ahmed.hall2757@example.com,+44537130066,18 years,Germany,Munich,2024/11/07,13011.39,Yes
CUST-202758,Muhammad Johnson,muhammad.johnson2758@example.com,+61618295317,46,Germany,Hamburg,not-a-date,32457.85,No
CUST-202759,Noah Young,noah.young2759@example.com,+1438323760,twenty,United Kingdom,Leeds,2019/09/13,1O000,No
CUST-202760,Ali King,abc.com,+44839440178,60,United States,Seattle,11-23-2025,"2,500 AUD",Yes
CUST-202761,Aisha Lee,aisha.lee2761@@example.com,(02) 9999-8888,,UK,Seattle,01-23-2021,35872.14,No
CUST-202727,Zain Khan,not-an-email,+49335839592,51,Pakistan,Karachi,29.08.2019,USD 2500,Yes
202763,Olivia Lee,not-an-email,+61388917891,,Canada,Vancouver,,20891.13,No
CUST-202764,,test@test,+1590362667,53,Pakstan,Karachi,06.07.2026,32996.1,No
CUST-202765,,test@test,+49794245607,66,Pakistan,Karachi,none,23253.06,Yes
CUST-202766,James Khan,james.khan2766@example.com,+1923400806,41,Canada,,10.04.2022,5516.72,Yes
,Aisha King,name@,+92558329365,68,Pakstan,Melb,02-09-2023,,No
CUST-202768,JohnWilson,john.wilson2768@example.com,+61702910658,65,USA,Hamburg,25.03.2019,"$12,500.50",TRUE
CUST-202769,,zain.brown2769@example.com,+44380661161,,Canada,Vancouver,22.04.2026,39290.58,No
CUST-202770,Emma Hall,name@,+61925155072,34,United Kingdom,Leeds,2020-07-17,23365.77,No
CUST-202771,,mary.martin2771@@example.com,(02) 9999-8888,63,United states of america,Londn,18 Feb 2020,12905.31,Yes
CUST-202772,Fatima Ahmed,foo.bar@domain,+1779813627,0,,Sydney,2019-07-16,9151.03,No
CUST-202773,Mary Khan,mary.khan2773@example.com,++612345678,49,Australia,Brisbane,28 Aug 2019,25645.42,Yes
CUST-202774,Daniel Ahmed,daniel.ahmed2774@example.com,abc123,73,pakistan,Karachi,12 Jun 2021,618.5,Yes
CUST-202775,Emma Khan,emma.khan2775@example.com,0300 1234567,twenty,United Kingdom,London,01.05.2024,23610.82,
cust-202776,UNKNOWN,ali.johnson2776@example.com,123,79,U.S.A,Karachi,2023-02-07,"$12,500.50",Yes
CUST-202777,Mary Taylor,mary.taylor2777@example.com,+49333662264,-4,Canada,Calgary,02 May 2026,"$12,500.50",Yes
CUST-202778,Sophia Taylor,sophia.taylor2778@example.com,+92-300-ABC-123,71,,New York,2022/08/19,USD 2500,Yes
CUST-202779,Zain Taylor,not-an-email,+61986427140,78,United Kingdom,Leeds,21/05/2026,"$12,500.50",No
CUST-202780,James Khan,not-an-email,+1872169770,74,Canada,Vancouver,2025-06-21,15439.53,No
CUST-202781,Mary Taylor,,,999,,Islamabad,05-27-2026,20510.94,Yes
CUST-202782,,fatima.taylor2782@example.com,+61545151925,28,Germany,Berlin,2021/11/24,free,No
,Aisha Smith,aisha.smith2783@example.com,0300 1234567,70,Pakstan,unknown,13.08.2025,2375.64,Yes
CUST-202784,Hassan Clark,hassan.clark2784@example.com,0300 1234567,51,Australia,Sydney,08/01/2025,29527.91,
CUST-202785,Noah White,@domain.com,+92936668115,-4,United Kingdom,Leeds,2026/05/08,USD 2500,FALSE
CUST 202786,Emma White,emma.white2786@example.com,+44708636457,38,Canada,Toronto,,6728.62,No
,james martin,james.martin2787@@example.com,+1898312591,79,Canada,Vancouver,12 Sep 2024,,No
CUST-202788,Mary King,mary.king2788@@example.com,+92506849253,76,United Kingdom,London,02-21-2022,23670.89,no 
CUST-202789,ZAIN YOUNG,test@test,+1543816647,58,,Calgary,2019-05-03,"2,500 AUD",No
CUST-202790,David Ahmed,david.ahmed2790@example.com,+61501064658,32,Germany,Hamburg,09 Jul 2026,1O000,Yes
CUST-202791,James Martin,name@,+44899316790,25.5,U.K.,Sydney NSW,2022-11-08,-400,No
CUST-202792,Olivia Taylor,olivia.taylor2792@example.com,+1485528529,72,australia,123,17 Jul 2020,28141.77,no 
CUST-202793,David Johnson!!!,david.johnson2793@example.com,+61681330488,65,Pakistan,Islamabad,12-22-2019,38283.01,No
CUST-202794,Aisha Wilson,aisha.wilson2794@example.com,000000000,49,Canada,Melb,,17487.59,Yes
CUST-202795,Mary Wilson,mary.wilson2795@example.com,+61706819140,145,pakistan,Toronto,10-24-2020,2176.06,FALSE
CUST-202796,Emma Martin,emma.martin2796@example.com,+44659308646,twenty,United Kingdom,London,2021-06-01,32604.82,Yes
CUST-202797,UNKNOWN,daniel.martin2797@example.com,+44827298247,24,US,London,2021-01-03,28625.54,No
CUST 202798,Emma Hall,emma.hall2798@example.com,+49927436896,,Germany,Hamburg,17 Jul 2022,3298.8,Yes
CUST-202799,Noah White,noah.white2799@example.com,+49883679997,1O,Pakistan,Karachi,12-24-2025,30188.47,No
CUST-202800,12345,,0300 1234567,66,United States,Chicago,06-03-2026,21699.78,Yes
???,Sophia Martin,sophia.martin2801@example.com,000000000,59,United Kingdom,Londn,none,32803.63,No
CUST-202802,Fatima Walker,not-an-email,0300 1234567,50,Pakistan,,not-a-date,19457.92,No
cust-202803,Emma Smith,test@test,+1562676412,30,USA,Karachi,2020-04-12,USD 2500,No
CUST-202804,Olivia Young,@domain.com,+1678273928,60,United States,Chicago,2019-03-19,,Y
,Zain Clark,zain.clark2805@example.com,+1 (555) TEST,39,United Kingdom,,2023-02-02,402.66,No
CUST-202806,,ali.khan2806@example.com,(02) 9999-8888,74,United Kingdom,Leeds,13/04/2019,28723.11,Yes
CUST-202807,Daniel Johnson,daniel.johnson2807@example.com,+44832571713,56,United Kingdom,London,,9832.36,Yes
CUST-202808,Fatima Martin,foo.bar@domain,+44688843501,50,,Chicago,,15362.65,Yes
CUST-202809,Mary Ahmed,mary.ahmed2809@example.com,+1579950674,39,Australia,Brisbane,2020-06-08,18224.14,
,Zain Walker,zain.walker2810@example.com,+49410671072,50,AUS,Berlin,missing,21550.1,No
CUST-202811,Zain Wilson,zain.wilson2811@@example.com,+44788434743,74,,London,07 Nov 2022,1788.62,No
,Noah Taylor,noah.taylor2812@example.com,unknown,24,GER,Islamabad,,11622.57,Yes
CUST-202813,Daniel Smith,not-an-email,abc123,32,United Kingdom,London,,,No
CUST-202814,Sophia Young,,+44768324236,81,Canada,Calgary,2021/03/17,,No
CUST-202815,Sophia Brown,sophia.brown2815@example.com,+92-300-ABC-123,145,Canada,Vancouver,2022/11/16,4981.18,Yes
CUST-202816,,fatima.ali2816@example.com,,25.5,,Londn,05-12-2020,26319.01,No
CUST-202817,Olivia Brown,,+49823937543,32,,Hamburg,05-31-2021,32507.03,No
CUST-202818,Aisha Young,foo.bar@domain,+44451662963,45,Pakistan,123,22.03.2023,37636.57,No
CUST-202819,Aisha Lee,aisha.lee2819@example.com,unknown,69,Canada,Vancouver ,03/06/2023,29101.33,No
CUST-202820,Daniel Brown,daniel.brown2820@example.com,+49515622153,999,Australia,Melbourne,22 Feb 2026,19230.23,Yes
CUST-202821,David Ahmed,david.ahmed2821@example.com,+61587417997,51,Germany,Toronto.,2019-03-29,19159.33,Yes
CUST-202823,Aisha Clark,@domain.com,+49608389609,43,United States,New York,23.01.2022,"$12,500.50",Yes
CUST-202824,Mia Ahmed,mia.ahmed2824@example.com,+92838671227,18 years,Pakistan,123,19/12/2023,1O000,No
CUST-202825,Mia Clark,,+61469473326,53,Germany,Munich,18 Nov 2020,9070.4,No
CUST-202826,Noah Brown,noah.brown2826@example.com,+49694531464,51,AUS,Melbourne,2020-01-18,17798.55,
CUST-202827,Sophia Ahmed!!!,sophia.ahmed2827@example.com,+92361229717,145,United states of america,Karachi,01-26-2022,"12.500,50",No
CUST-202828,,hassan.smith2828@example.com,+49914323710,75,United Kingdom,Sydney NSW,2020-04-14,37857.02,maybe
,Sophia Ali,sophia.ali2829@example.com,+92-300-ABC-123,56,Can.,  London  ,,-400,Y
CUST-202830,Noah Smith,noah.smith2830@@example.com,unknown,145,United Kingdom,Leeds,11-30-2024,21887.25,no 
CUST-202831,John  Young,name@,+61554668598,36,Pakistan,Lahore,05 Jun 2022,1O000,Yes
202832,Olivia Brown,olivia.brown2832@example.com,+49975464668,,United States,New York,2019/12/20,1454.38,No
CUST-202833,Fatima Walker,fatima.walker2833@example.com,123,twenty,United States,Seattle,13/13/26,1O000,0
CUST-202834,Noah Walker,noah.walker2834@example.com,0300 1234567,145,Pakistan,Lahore,14/06/2019,free,1
CUST-202835,Mr. Ahmed Taylor,ahmed.taylor2835@example.com,+44468317759,18,United States,Chicago,13/06/2026,34156.32,No
CUST-202836,,,+61534753952,44,PAKISTAN ,Sydney NSW,,9741.62,No
CUST-202837,Muhammad King,muhammad.king2837@example.com,000000000,79,Germany,Hamburg,2019/10/05,25188.51,Yes
,Aisha Ali,foo.bar@domain,+44992358585,-4,Canada,Toronto,22.01.2025,28943.98,No
CUST-202839,Fatima White,fatima.white2839@@example.com,++612345678,51,United Kingdom,London,13/13/26,,No
CUST-202840,Sarah Lee,sarah.lee2840@example.com,+49910173505,67,US,London,2019-05-03,21296.99,Yes
,,emma.ali2841@example.com,++612345678,49,Pakistan,Lahore ,05-05-2024,10358.71,Yes
CUST-202842,Fatima Young,fatima.young2842@example.com,+49930079562,40,Canada,123,2023/03/16,13614.2,Y
,,aisha.walker2843@example.com,+92431687869,25,United Kingdom,Manchester,04-10-2021,29703.01,No
CUST-202844,12345,olivia.martin2844@@example.com,,25.5,australia,Londn, ,38024.7,Yes
CUST-202845,Noah Ali!!!,test@test,+92418714605,67,U.S.A,Manchester,18 Apr 2020,1364.97,N
CUST-202846,Zain King,zain.king2846@example.com,+1 (555) TEST,-4,United States,Chicago,11-12-2020,,No
???,,john.walker2847@example.com,+92679374466,,US,Toronto,17.02.2025,1379.13,Yes
CUST-202848,Ali Hall,ali.hall2848@example.com,+92-300-ABC-123,63,Germany,Londn,04.06.2023,16511.69,TRUE
CUST-202849,Ahmed Young,,000000000,35,GER,Hamburg,11/08/2019,5856.98,Yes
CUST-202850,,john.young2850@example.com,+61627163059,61,United Kingdom,LONDON,2026/04/17,8033.08,No
CUST-202851,Zain Martin,zain.martin2851@example.com,+44539642908,67,PAKISTAN ,Sydney,31/05/2021,1O000,Yes
CUST-202852,Mary Walker,mary.walker2852@example.com,+49883669232,77,U.K.,New York,08-03-2021,12055.38,1
,Mia Martin,,000000000,,Pakistan,Lahore,2022-05-22,3631.24,
???,Olivia Young,olivia.young2854@example.com,+44443739279,18 years,PAKISTAN ,Seattle,2023-10-04,31026.0,No
202855,Mia Smith,mia.smith2855@example.com,+49703478483,145,Australia,Sydney,2025-02-06,15459.48,Yes
CUST-202856,Aisha Clark,aisha.clark2856@example.com,+1736537468,58,Canada,Calgary,2026/01/27,,No
CUST-202857,Muhammad Wilson,muhammad.wilson2857@example.com,+1416008664,,PAKISTAN ,Lahore,2021/07/23,13073.71,No
CUST-201165,Mary Young,mary.young2858@example.com,,51,Australia,Sydney,,26738.99,Yes
CUST 202859,Ahmed Johnson,ahmed.johnson2859@example.com,+44950912911,27,Pakstan,Karachi,05-03-2024,35986.37,No
CUST 202860,Sarah Clark,test@test,+92766010980,0,,Leeds,23.10.2021,"2,500 AUD",No
CUST-202861,,aisha.clark2861@example.com,+92478858732,74,Germany,Hamburg,02-28-2026,23760.86,Yes
CUST-202862,???,james.brown2862@example.com,+92763184245,25,U.K.,Berlin,2021-11-30,33973.65,Yes
CUST-202863,Sophia Smith,sophia.smith2863@@example.com,+44630359369,82,UK,MUNICH,29.04.2020,,No
CUST-202864,Noah Young,noah.young2864@example.com,+92-300-ABC-123,60,,Seattle,2019-10-26,1O000,No
CUST-202865,Mia Young,mia.young2865@example.com,+92-300-ABC-123,76,Germany,Karachi?,,26469.67,no 
???,Olivia Khan,sophia.young1720@example.com,+61944239606,18 years,US,Islamabad,2025-10-16,-400,No
CUST 202867,Sophia Brown,,,63,Germany,Sydney NSW,12-01-2023,-400,No
CUST-202868,Zain Lee,zain.lee2868@example.com,(02) 9999-8888,48,Germany,123,27 Jun 2022,26639.27,No
CUST-202869,???,noah.white2869@example.com,+61323950256,53,United Kingdom,Leeds,04/03/2020,14120.37,No
CUST-202870,AliYoung,user @mail.com,unknown,18 years,U.K.,Brisbane,2024-09-21,1O000,No
CUST-202871,???,muhammad.wilson2871@example.com,abc123,67,United States,Chicago,29/07/2021,"2,500 AUD",inactive
,John Lee!!!,john.lee2873@example.com,+92843492447,77,U.K.,Sydney,23.08.2021,-400,No
CUST 202874,Muhammad Ali,muhammad.ali2874@example.com,+92768995311,57,United States,Chicago,00/00/0000,9343.46,Yes
???,Ali Ali,ali.ali2876@example.com,+1964222565,39,Australia,,2024-12-23,3882.08,No
 CUST-202877,,not-an-email,+92756048096,,australia,Vancouver,07 Sep 2023,23758.54,0
CUST-202878,Zain Hall,zain.hall2878@example.com,+92898104835,65,Australia,Brisbane,2020/05/12,1O000,Yes
CUST-202879,Fatima Martin,,+61376416484,53,United states of america,Vancouver,,999999999,Yes
CUST-202880,SarahClark,@domain.com,+1527592116,25.5,,, ,6167.13,active
cust-202881,David Clark,aisha.martin2165@example.com,000000000,80,United Kingdom,London,2025-08-28,34677.03,Y
CUST-202882,James Clark,james.clark2882@example.com,,999,Australia,Melbourne,23/10/2020,6195.91,Yes
CUST-202883,Aisha Walker,aisha.walker2883@example.com,unknown,74,australia,Sydney,2025/11/13,32564.53,No
CUST-202884,James Martin,james.martin2884@example.com,+92657353739,-4,PK,123,05-12-2022,18433.04,Yes
CUST-202885,Aisha Ahmed,aisha.ahmed2885@example.com,,66,Germany,Sydney NSW,01/06/2020,23635.71,Yes
CUST-202886,James Walker,james.walker2886@example.com,+1711521293,25,U.K.,unknown,not-a-date,29840.12,Yes
CUST-202887,Mia King,mia.king2887@example.com,+61345092703,35,Pakistan,Lahore,2025/05/25,39006.08,No
CUST-202888,Daniel Brown,daniel.brown2888@example.com,+1637629730,74,GER,Seattle,13/03/2020,39334.5,inactive
CUST-202889,Noah Khan,noah.khan2889@example.com,+44592077025,1O,United States,Chicago,22/06/2022,18857.04,Y
CUST-202890,Sophia Smith,sophia.smith2890@example.com,+44719465687,-4,Canada,Sydney NSW,2022-02-08,35823.57,No
CUST-202891,12345,name@,+44710016951,55,Germany,Munich,2025-10-01,23667.83,0
CUST-201257,Aisha Khan,aisha.khan2892@example.com,+1674164888,49,United Kingdom,London,01 Feb 2019,16255.66,Yes
CUST-202893,UNKNOWN,name@,+44767725490,72,US,unknown,unknown,303.6,No
CUST-202894,Mary Ali,mary.ali2894@example.com,+1441072742,,Germany,Berlin,06.07.2026,21016.86,No
CUST-202895,Noah Wilson,noah.wilson2895@example.com,+92492135139,0,,Leeds,19.08.2021,15666.0,active
202896,12345,daniel.khan2896@example.com,+49907356538,,United Kingdom,Leeds,04-27-2026,28207.04,yes 
CUST-202897,Mary Hall,mary.hall2897@example.com,+92845389083,50,U.K.,Vancouver,09 Apr 2024,,No
,James Smith,james.smith2898@example.com,+1325198610,57,United Kingdom,Melb,,9933.77,1
CUST-202899,Daniel Hall,user @mail.com,+61911411150,1O,Germany,Berlin,17/02/2022,17289.44,Yes
CUST-202900,Ali Martin!!!,ali.martin2900@example.com,+49740671280,26,Germany,Hamburg,07/04/2019,5899.92,Yes
CUST-202901,Hassan Smith,hassan.smith2901@example.com,+44739400400,,,Chicago,none,5099.27,maybe
CUST-202902,Daniel Taylor,daniel.taylor2902@example.com,+61558116753,0,Australia,Sydney,2022/10/25,38681.18,No
CUST-202903,Daniel Young,user @mail.com,+44361086099,80,United States,Chicago,2026/01/29,USD 2500,N
,  Ali Khan  ,ali.khan2904@example.com,+49878007002,0,Germany,Hamburg,20 Jan 2026,"$12,500.50",Yes
CUST-202905,UNKNOWN,daniel.brown2905@example.com,+1595378508,26,United States,New York,   ,"2,500 AUD",No
CUST-202906,12345,daniel.walker2906@example.com,+1735769062,26,United Kingdom,London,18.12.2020,-400,
202907,Noah Smith,noah.smith2907@example.com,+1391366492,79,Germany,NYC,2021/03/27,33891.47,
CUST-202908,Daniel Walker,,+44706915953,-4,United Kingdom,Leeds,,36319.79,0
CUST-202909,Olivia King,olivia.king2909@example.com,+92997969921,46,United states of america,Berlin,2020/05/12,11877.11,Yes
CUST-202910,Mr. Mary Clark,name@,+1524283643,0,Australia,Brisbane,2019-12-22,15547.39,Yes
CUST-202911,Ali Brown,ali.brown2911@example.com,+44665307993,45,,Lahore,unknown,37659.98,Yes
CUST-202913,Mia Taylor,user @mail.com,+61653221977,999,australia,Londn,32 Jan 2025,4255.31,No
CUST-202914,James Ahmed,james.ahmed2914@example.com,+1309094466,74,GER,Manchester,15/08/2023,28554.99,Yes
 CUST-202915,,john.lee2915@example.com,+1312231516,25,pakistan,Hamburg,2026-02-31,999999999,FALSE
CUST-202916,David Ali,,+49565087887,74,AUS,Islamabad,05 Jan 2023,23913.39,Yes
CUST-202917,  Olivia Walker  ,olivia.walker2917@example.com,+92967239144,,Germany,Munich,13 Aug 2022,free,FALSE
CUST-202918,Ali Brown,ali.brown2918@example.com,+92-300-ABC-123,20,Germany,Munich,03.06.2025,23332.54,Yes
 CUST-202919,Ali Wilson,ali.wilson2919@example.com,++612345678,76,UK,Londn,08-16-2023,26343.27,no 
CUST-202920,,john.hall2920@example.com,,29,United States,New York,03 Dec 2024,,0
CUST-202921,Sarah Walker,sarah.walker2921@example.com,+61679030376,,Pakistan,Karachi,2019-11-27,26874.85,maybe
CUST-202922,Fatima Lee,fatima.lee2922@example.com,+61823588075,59,Germany,Hamburg,07.11.2022,37835.64,No
CUST-202923,Emma Hall,emma.hall2923@example.com,+49927414188,46,AUS,Toronto.,2023/09/10,,no 
cust-202924,Muhammad Lee,abc.com,+49863079404,40,Germany,Munich,26/11/2021,6922.07,Yes
CUST-202925,Fatima Brown,fatima.brown2925@example.com,+49302884868,46,Australia,Toronto.,11-17-2024,12127.65,Yes
CUST-202926,Sophia Wilson,test@test,+1394338295,1O,United States,Seattle,   ,10706.95,Yes
CUST-202927,James Khan,james.khan2927@example.com,+92-300-ABC-123,24,Canada,Calgary,07.03.2026,36312.15,1
CUST-202928,Mary Hall,@domain.com,abc123,0,United Kingdom,Leeds,21.03.2023,450.9,Yes
202929,Emma Hall,emma.hall2929@example.com,+1984711221,22,Germany,Hamburg,02-06-2025,26886.14,No
CUST-202930,Emma Ali,emma.ali2930@example.com,unknown,999,Germany, Berlin,2022-01-18,16942.29,No
CUST-202931,Fatima Wilson,fatima.wilson2931@example.com,+61440049175,79,United States,New York,20 Oct 2019,3218.57,0
CUST-202932,Noah Martin,noah.martin2932@example.com,+44506626483,76,AUS,New York,09/09/2019,26636.42,No
???,Fatima Hall,fatima.hall2933@example.com,,,United Kingdom,Toronto.,20 Nov 2020,15824.03,Yes
,Daniel Clark,daniel.clark2934@example.com,+44538030450,36,Australia,Brisbane,2020-09-06,22565.95,Yes
CUST-202936,Daniel Walker,daniel.walker2936@example.com,abc123,71,PAKISTAN ,Toronto.,2026/04/14,22997.76,No
CUST-202937,Mr. Daniel Clark,daniel.clark2937@example.com,+1542645952,31,GER,Leeds,2021-12-15,15223.17,No
CUST-202938,Sophia Taylor,sophia.taylor2938@example.com,++612345678,62,UK,Berlin,2022-10-30,"2,500 AUD",inactive
CUST-202939,12345,emma.clark2939@example.com,+1 (555) TEST,70,United states of america,Toronto,missing,,No
CUST-202940,Daniel Wilson,daniel.wilson2940@example.com,unknown,32,Germany,Munich,17/05/2021,USD 2500,No
 CUST-202941,Ali Lee,foo.bar@domain,+44707118044,52,United States,Seattle,30/06/2026,21692.32,Yes
CUST-202942,Daniel King,daniel.king2942@example.com,+61989641350,-4,Pakistan,Lahore,unknown,37895.86,Yes
CUST-202943,James Johnson,james.johnson2943@example.com,,25.5,Australia,Melbourne,03.10.2021,27357.31,No
CUST-202944,Daniel Wilson,daniel.wilson2944@example.com,+49960634964,42,Pakistan,, ,13684.06,No
CUST-202088,Noah Young,,+1440477573,71,Canada,Calgary,12-14-2023,25197.52,No
CUST-202946,Hassan Brown,hassan.brown2946@example.com,+1741495753,145,Canada,Toronto,?,31975.55,
CUST-202947,Sophia Ali,sophia.ali2947@example.com,+1732205957,53,Germany,Munich,2025/04/14,18360.08,N
CUST-202948,Olivia Khan,olivia.khan2948@example.com,+1411177890,-4,United States,,none,15565.17,No
CUST-202949,NoahWhite,noah.white2949@example.com,+61794863038,25.5,United Kingdom,London,01 Jul 2022,11560.55,Yes
CUST-202950,Ahmed Smith,ahmed.smith2950@example.com,+1719230271,41,Pakstan,Vancouver,11-09-2019,3894.33,Yes
CUST-202951,Mia Wilson,,+1 (555) TEST,145,Pakstan,Munich,unknown,"$12,500.50",No
CUST-202952,Ahmed Khan,name@,+92674249778,67,United Kingdom,Manchester,2022/08/12,12702.62,No
202953,Mia White,MIA.WHITE2953@EXAMPLE.COM,+44715272254,55,United Kingdom,Leeds,05-06-2023,39963.22,No
CUST-202954,John Johnson,john.johnson2954@example.com,+61753532874,41,Pakistan,Sydney NSW,03.02.2024,19351.11,No
cust-202955,,aisha.king2955@example.com,000000000,1O,United Kingdom,Leeds,19/04/2024,28075.32,No
CUST 202956,Olivia Smith,OLIVIA.SMITH2956@EXAMPLE.COM,+61658791211,,Pakistan,Lahore,none,-400,Yes
CUST-202957,Olivia Hall,foo.bar@domain,+49548664690,64,United Kingdom,Leeds,05-06-2022,"$12,500.50",Yes
,Ahmed Ahmed!!!,ahmed.ahmed2958@example.com,+61383123272,45,,Munich,2026-02-31,-400,Y
CUST-202959,Mary Ali,mary.ali2959@example.com,+49454767083,60,United States,Seattle,2020/01/13,4322.99,No
CUST-202960,Mary  Ali,mary.ali2960@example.com,+61804056684,38,Germany,Berlin,31.12.2019,28763.05,No
CUST-202962,Fatima Martin,fatima.martin2962@example.com,+92-300-ABC-123,48,Canada,Calgary,2021/11/13,26742.19,Yes
CUST-202963,,olivia.smith2963@example.com,+49417385316,31,Australia,Brisbane,2025/09/26,39710.83,No
CUST-202964,Mr. Fatima Wilson,fatima.wilson2964@example.com,+44993922559,33,Can.,Toronto.,,7428.87,no 
CUST-202965,Muhammad Wilson,,+61938932348,23,United Kingdom,London,29.05.2023,17602.93,No
CUST-202967,,john.johnson2967@example.com,+61360818284,-4,Pakistan,Karachi,unknown,19279.75,FALSE
CUST-202968,Fatima Taylor,foo.bar@domain,+44688583674,28,Germany,NYC,2025/10/19,31588.25,
CUST-202969,Mary Smith,MARY.SMITH2969@EXAMPLE.COM,+92980115808,145,Pakistan,Islamabad,2026/04/29,7363.81,TRUE
CUST-202970,Daniel Lee,not-an-email,+1378161643,72,PAKISTAN ,Melbourne,01 May 2025,14272.49,Yes
,James White,james.white2971@example.com,abc123,24,Australia,Sydney,2025/08/19,22193.47,Yes
CUST-202972,Ahmed King,ahmed.king2972@example.com,+1379224100,34,Australia,Brisbane,08-24-2025,31793.75,Yes
CUST-202973,Noah Hall,noah.hall2973@example.com,+44823617461,31,australia,Brisbane, ,"2,500 AUD",Yes
CUST-202974,Ali Ali,ali.ali2974@example.com,+49461316776,37,pakistan,Berlin,2020/05/19,4204.42,No
202975,Aisha Walker!!!,aisha.walker2975@example.com,123,20,PAKISTAN ,  Brisbane  ,?,13921.19,active
CUST-202976,12345,david.king2976@example.com,+92-300-ABC-123,44,Australia,Brisbane,?,,
CUST-202977,Emma Hall,test@test,,999,pakistan,New York,2024/03/24,743.52,No
CUST-202978,Mary Brown,mary.brown2978@example.com,+61751291379,38,United States,Seattle,20.06.2020,"12.500,50",No
CUST-202980,David Smith!!!,david.smith2980@example.com,123,60,Australia,Sydney,-,35438.05,Yes
CUST-202981,Mary Taylor,abc.com,+49764318681,32,United states of america,Sydney NSW,07-05-2025,16768.8,TRUE
CUST-202982,David Lee,david.lee2982@example.com,+44399911083,31,USA,Vancouver,13.06.2023,24829.65,Yes
CUST-202983,Zain Clark!!!,test@test,+61390092115,56,Australia,Brisbane,06-29-2023,18572.23,No
CUST-202984,???,emma.taylor2984@example.com,+1761474816,999,Germany,Munich,2025/00/12,38608.63,Yes
CUST-202985,???,,+1 (555) TEST,35,Germany,Sydney NSW,missing,,No
CUST-202986,,,+1819982243,,Canada,Vancouver,2026-13-44,"2,500 AUD",No
CUST-200994,Olivia Hall,name@,+92505226240,49,australia,Calgary,31/02/2026,-400,Yes
CUST-202988,Mia Hall,,000000000,36,Germany,Melb,13/13/26,1314.14,No
CUST-202989,Emma White,emma.white2989@example.com,+44395265466,77,Pakistan,unknown,13 Jan 2020,5893.86,
CUST-202990,Noah Martin,noah.martin2990@example.com,+44668494069,75,Pakistan,Islamabad,25/11/2021,"12.500,50",Yes
CUST-201127,Emma White,emma.white2991@example.com,+44749134614,66,Australia,Melbourne,01-17-2021,18343.39,no 
CUST-202992,UNKNOWN,david.khan1731@example.com,000000000,65,Pakistan,Karachi?,2020/12/09,11529.97,Yes
CUST-202993,Daniel Wilson!!!,daniel.wilson2993@example.com,+1859554727,60,Pakistan,Islamabad,31/02/2026,,No
CUST-202994,Ahmed King,ahmed.king2994@example.com,unknown,22,U.K.,Hamburg,,15742.78,No
CUST-202995,Aisha Hall,aisha.hall2995@example.com,+49961502051,,United Kingdom,Leeds,2024-01-23,2288.52,Yes
CUST-202996,Mia Smith,mia.smith2996@example.com,+49434167179,1O,,Calgary,2026-02-31,10572.71,TRUE
CUST-202997,Mr. Muhammad Smith,muhammad.smith2997@example.com,++612345678,48,GER,Manchester,,34336.45,No
CUST-202998,SophiaHall,,+61345019297,47,Pakstan,Brisbane,2022/07/20,999999999,
CUST-202999,Emma Lee,emma.lee2999@example.com,+44977594326,61,pakistan,Brisbane,2021/01/11,1O000,Yes
CUST-203000,James King,james.king3000@example.com,+61606946936,45,Pakistan,Karachi,06-18-2021,29589.5,No
CUST-203001,David Johnson,,+49877421696,twenty,Pakistan,Islamabad,24.11.2022,19167.29,No
CUST-203002,Emma Ahmed,emma.ahmed3002@example.com,+44786041980,48,,Hamburg,22/03/2021,28736.4,Yes
CUST-203003,Aisha Brown,,+1447454679,26,Pakstan,Islamabad,03-18-2025,32381.51,Yes
,James Clark,james.clark3004@example.com,+49557963031,80,UK,123,,2585.23,Yes
???,Zain White,zain.white3005@example.com,+44312897432,42,,Chicago,03-05-2019,25515.06,No
,Aisha King!!!,,+92445171974,62,Canada,Vancouver,2022/02/07,8085.07,Yes
CUST-203007,Olivia Lee,olivia.lee3007@example.com,+61690517923,61,Pakistan,Karachi, ,650.25,No
CUST-203009,David Ali,zain.white2282@example.com,+49910790351,30,Germany,Sydney NSW,04-04-2026,,Yes
 CUST-203010,Mr. David White,user @mail.com,+1438210605,70,USA,Karachi,01-10-2021,13580.55,Yes
203011,Zain Hall,zain.hall3011@example.com,+1998944576,60,AUS,London,Feb 30 2025,17279.26,N
CUST-203012,Noah Lee,noah.lee3012@example.com,(02) 9999-8888,74,Canada,Calgary,unknown,27057.19,Y
CUST-203013,Zain Taylor,ZAIN.TAYLOR3013@EXAMPLE.COM,++612345678,37,Pakistan,,Feb 30 2025,14339.05,Yes
CUST-203014,UNKNOWN,noah.young3014@example.com,++612345678,,Canada,Calgary,13/13/26,4935.76,Yes
CUST-203015,James Ali,foo.bar@domain,abc123,18 years,Canada,Vancouver,06-07-2021,999999999,No
CUST-203016,Noah Khan,noah.khan3016@example.com,+1 (555) TEST,70,PK,Calgary, ,27523.08,Yes
 CUST-203017,Sarah Khan,sarah.khan3017@example.com,0300 1234567,-4,United Kingdom,Manchester,2019-12-15,8539.62,No
CUST-203018,Mary Hall,mary.hall3018@example.com,,,Australia,Melbourne,18/12/2025,17937.43,Yes
CUST-203019,Ahmed Brown,ahmed.brown3019@example.com,+1 (555) TEST,71,Pakistan,Islamabad,12-04-2019,32261.7,Yes
CUST-203020,Olivia Martin,@domain.com,+44315024110,64,PAKISTAN ,Hamburg,07.10.2020,6935.18,No
CUST-203021,Emma Clark,emma.clark3021@example.com,+44764876646,999,Canada,Calgary,17/01/2025,1374.65,1
CUST-203022,,daniel.ali3022@example.com,+1 (555) TEST,28,AUS,New York,22 Sep 2022,11764.07,Yes
CUST-203023,Ali Taylor,ali.taylor3023@example.com,+44680653816,57,Pakistan,Islamabad,,5221.75,TRUE
203024,Ali Brown,ali.brown3024@@example.com,+92652812585,145,GER,Lahore,2020-03-11,USD 2500,active
CUST-200146,David Martin,name@,+61752692165,21,AUS,Lahore,2019/02/18,37961.92,No
CUST-203026,,sophia.taylor3026@example.com,+92353406407,75,United States,Chicago,2022-09-26,6472.15,FALSE
 CUST-203027,Noah Hall,name@,+49537216049,49,United Kingdom,Manchester,21.02.2020,-400,
CUST-203028,John Brown,john.brown3028@example.com,+92748756939,75,United states of america,Berlin,04/02/2021,18725.32,active
CUST-203029,John Hall,,+61774996156,68,United Kingdom,Manchester,17.12.2022,30802.67,Yes
CUST-203030,John Young,john.young3030@example.com,+61501461117,35,United States,Londn,04-01-2026,7339.04,Yes
CUST-203031,12345,@domain.com,+1303742676,53,United states of america,Melbourne,21.01.2024,11289.5,No
CUST-203032,Emma Wilson,emma.wilson3032@example.com,+44835153518,43,United Kingdom,123,2026-01-31,1O000,Yes
,Aisha Clark,aisha.clark3033@example.com,+44862005391,75,United states of america,123,28/05/2021,16470.11,Yes
CUST-203034,Ali Smith,ali.smith3034@example.com,+1711851246,18 years,pakistan,Vancouver,09-11-2025,,Yes
CUST-203035,John King,john.king3035@example.com,+49468236764,53,United States,Toronto.,,,Yes
CUST-203036,Mia King,mia.king3036@example.com,+44745763706,60,Pakistan,Lahore,29 Sep 2020,39264.81,0
CUST-203037,Fatima Johnson,fatima.johnson3037@example.com,+1735439642,78,Can.,Manchester,2025/07/12,11564.44,No
CUST-203038,Mr. Hassan Johnson,hassan.johnson3038@example.com,abc123,61,Pakstan,London,21/01/2023,"$12,500.50",Yes
CUST-203039,Fatima Martin,fatima.martin3039@example.com,+61607364603,52,Canada,Calgary,12.08.2019,13717.89,No
,David Brown,david.brown3040@example.com,+44682680632,50,Canada,Vancouver,missing,6600.09,Yes
CUST-203041,Aisha Taylor,aisha.taylor3041@example.com,+44349415320,25.5,United Kingdom,Manchester,04-08-2026,2326.34,Yes
CUST-203043,Noah Hall,noah.hall3043@example.com,+44371112070,68,United States,Seattle,01.06.2025,USD 2500,No
CUST-203044,Noah Johnson,noah.johnson3044@example.com,+49552643659,39,Pakistan,Islamabad,-,2658.69,FALSE
CUST-203045,JamesWilson,james.wilson3045@example.com,+1337752465,43,United States,Chicago,05/09/2019,4676.46,TRUE
CUST-203046,David Walker,foo.bar@domain,,81,Germany,Hamburg,03/02/2022,,0
CUST-203047,Daniel Hall,daniel.hall3047@example.com,+44882676200,64,United states of america,Leeds,,"12.500,50",No
CUST-203048,Emma Brown,emma.brown3048@example.com,+92676960523,80,United States,New York,2022-12-27,5603.72,Yes
CUST-200390,Daniel Ahmed,foo.bar@domain,+61826182096,71,Australia,Brisbane,04-23-2022,1221.34,Yes
CUST-203050,Emma Ahmed,abc.com,+92-300-ABC-123,61,,Islamabad,2021/09/04,,0
CUST-203051,DavidSmith,david.smith3051@example.com,+92555442626,26,GER,Seattle,2025-05-18,1O000,Yes
CUST-203052,David Brown,david.brown3052@example.com,123,45,Pakistan,Karachi ,31/02/2026,2697.66,Yes
CUST-203053,Mia Hall,mia.hall3053@example.com,+1509483478,74,Australia,Sydney,   ,24611.74,No
CUST-203054,Muhammad Young,muhammad.young3054@example.com,+49587519859,55,PK,Hamburg,2019-09-18,33404.04,No
,Muhammad Johnson,MUHAMMAD.JOHNSON3055@EXAMPLE.COM,+92535472885,1O,Canada,Toronto,02-15-2024,12383.4,inactive
CUST-203056,Mia Smith,mia.smith3056@example.com,+1464207780,25,Germany,Londn,12-06-2023,22281.39,No
CUST-203057,Aisha White,user @mail.com,+1940445847,41,Germany,Hamburg,07-07-2019,,Yes
CUST-203058,Muhammad Hall,muhammad.hall3058@example.com,+1 (555) TEST,45,AUS,Sydney NSW,2023-01-26,free,No
CUST-203059,Fatima King,fatima.king3059@example.com,+1546219534,23,U.K.,Sydney,02-07-2021,899.65,FALSE
CUST-203060,Ali Ali,ali.ali3060@example.com,+49916878850,60,Australia,Melbourne,2025/00/12,26475.25,Yes
CUST-203061,Daniel Khan,daniel.khan3061@example.com,+49501522777,24,Germany,Munich,2025-06-24,2022.57,Y
CUST-203062,Olivia Ali,olivia.ali3062@example.com,+44333937555,39,Australia,NYC,25.08.2022,free,0
CUST-203063,Ali Ahmed,ali.ahmed3063@example.com,+61961494659,twenty,Germany,Hamburg,12-10-2022,39570.56,No
CUST-203064,,sophia.young3064@example.com,+61959390502,44,Pakistan,Lahore,2024/09/28,"$12,500.50",Yes
CUST-203065,David Ali,david.ali3065@example.com,,77,australia,123,03-01-2024,5743.17,Yes
CUST-203066,John Johnson,test@test,+49839190294,71,U.S.A,Manchester,2019-01-11,4441.14,Yes
CUST-203067,Ali Young,,+1927222553,24,United States,New York,2022-02-04,29259.22,1
CUST-203068,12345,john.johnson3068@example.com,+61478652738,64,Pakstan,Calgary,2025/05/01,2940.87,Yes
CUST-203069,Sarah Taylor,sarah.taylor3069@example.com,+44566457939,51,pakistan,Hamburg,31 Mar 2024,34010.02,No
CUST-203070,,noah.johnson3070@example.com,+92411705097,46,Germany,Munich,22/09/2021,16239.71,TRUE
CUST-203071,John White,@domain.com,+61771280286,32,Canada,Calgary,2025-12-13,34725.15,Yes
CUST-203072,Daniel Ahmed!!!,daniel.ahmed3072@example.com,+49668094785,61,United Kingdom,London,06-27-2021,29865.14,Yes
CUST-203073,Fatima Walker,,+49583540053,69,Pakistan,Sydney NSW,12 Apr 2019,14673.28,Yes
CUST-203074,Zain Young,zain.young3074@example.com,+92309350022,25,GER,Karachi?,2019/01/14,11596.15,Yes
,Aisha Ali,aisha.ali3075@example.com,abc123,-4,Australia,Melbourne,09-23-2019,17850.13,Yes
CUST-203076,Emma Walker,emma.walker3076@example.com,+92675689282,23,United States,Seattle,32 Jan 2025,25856.69,Yes
???,Mr. Sarah Taylor,sarah.taylor3077@example.com,+1320632153,145,Pakistan,Islamabad,21 Jan 2021,17711.58,Yes
CUST-203078,Zain Taylor,zain.taylor3078@example.com,+44871141673,40,Pakistan,Islamabad,,4189.46,Yes
CUST-203079,SophiaYoung,sophia.young3079@@example.com,+61635332921,,Canada,Toronto,32 Jan 2025,22775.83,No
CUST-203080,James Clark,james.clark3080@example.com,+1 (555) TEST,75,Pakstan,Karachi?,2025/01/09,13943.26,No
CUST-203081,Mia Taylor,,+1918049003,22,PK,Melb,23 Nov 2024,-400,Yes
CUST-203082,Ali Ali,ali.ali3082@example.com,++612345678,46,pakistan,123,2026-02-31,1762.47,No
CUST-203083,Mary Hall,mary.hall3083@example.com,+1483325474,29,USA,Leeds,11 May 2023,15259.45,No
CUST-203084,Olivia Martin,,+92893802337,145,AUS,Sydney NSW,17 Sep 2025,29173.66,Yes
CUST-203085,John Hall,,123,19,Pakstan,Leeds,none,4388.85,Yes
CUST-203086,12345,aisha.young3086@example.com,+1890575551,,United States,Melb,31/02/2026,11029.16,Yes
CUST-203087,Sophia Khan,sophia.khan3087@example.com,abc123,999,australia,Hamburg,,38099.63,Yes
CUST-200045,Ahmed Ahmed,ahmed.ahmed3088@example.com,+61601326536,145,United States,Chicago,2019/06/21,8928.23,No
CUST-203089,Ahmed Smith,ahmed.smith3089@example.com,+44646691793,70,United Kingdom,Leeds,2020-03-19,22044.43,N
CUST-203090,John Lee,john.lee3090@example.com,+61901839370,,Pakistan,Karachi?,16 Aug 2020,,inactive
CUST-203091,Emma Wilson,not-an-email,+92821840109,38,Germany,Berlin,06-12-2025,-400,Yes
CUST-203092,Zain King,zain.king3092@example.com,(02) 9999-8888,80,PAKISTAN ,Melbourne,10-03-2021,free,1
,UNKNOWN,JAMES.CLARK3093@EXAMPLE.COM,+44806878491,53,pakistan,Hamburg,04-24-2019,986.61,No
CUST-203094,Aisha Wilson,aisha.wilson3094@example.com,+92673707270,66,Germany,,13 Feb 2024,39748.46,No
CUST-203095,Mr. Mary Hall,mary.hall3095@example.com,+92984190121,62,United Kingdom,Londn,28 Jun 2021,13140.26,TRUE
CUST-203096,AhmedMartin,ahmed.martin3096@@example.com,,19,Germany,,31.10.2020,19118.03,Yes
CUST-203097,Muhammad Taylor,muhammad.taylor3097@example.com,+49482244417,61,Australia,Londn,32 Jan 2025,25567.3,yes 
CUST-203098,Zain Hall,user @mail.com,+61480849695,30,Germany,Hamburg,2024-10-21,11368.58,FALSE
CUST-203099,Fatima Walker,fatima.walker3099@example.com,(02) 9999-8888,145,PAKISTAN ,Munich,29 May 2020,999999999,
CUST 203100,Fatima Johnson!!!,fatima.johnson3100@example.com,(02) 9999-8888,29,AUS,Karachi,00/00/0000,,0
CUST-203101,Mia Wilson,mia.wilson3101@example.com,+92356981839,145,GER,Calgary,2022-10-24,39089.26,Y
CUST-203102,Sarah Clark,sarah.clark3102@example.com,+49840456185,57,Australia,Toronto.,15.12.2020,34042.29,active
CUST-203103,Ali Walker,ali.walker3103@example.com,+92449437471,999,Canada,Vancouver,2025-06-25,25085.02,No
CUST 203105,Ahmed Hall,ahmed.hall3105@example.com,+92-300-ABC-123,36,Germany,Hamburg,01/05/2024,14953.81,N
CUST-202105,Mia White,,+44350095564,47,United Kingdom,London,25/03/2024,23364.39,No
CUST-203107,John Johnson,john.johnson3107@example.com,,twenty,Germany,Hamburg,29 Dec 2019,23700.07,No
CUST-203108,Ali Clark,not-an-email,+92566796709,81,United States,New York,24 Apr 2026,27036.71,No
CUST-203109,Fatima Walker,,+49323149724,-4,Germany,Munich,05-20-2024,free,No
CUST-203110,Mia Johnson,MIA.JOHNSON3110@EXAMPLE.COM,+44708463423,81,Canada,Vancouver,2023/08/04,4111.86,Yes
CUST-203111,Mr. Fatima White,hassan.wilson271@example.com,abc123,41,Canada,Toronto,04/09/2022,13255.93,No
CUST-203112,  Ali Ahmed  ,ali.ahmed3112@example.com,abc123,24,United Kingdom,Londn,29.10.2024,1O000,inactive
CUST-203113,Aisha Brown,abc.com,+92660313253,29,Germany,Melb,2024-01-12,,Yes
203114,John Clark,john.clark3114@@example.com,+44397223037,44,AUS,Brisbane,2019/12/12,3001.14,No
CUST-203115,???,ali.walker3115@@example.com,+44321179192,19,Germany,Hamburg,missing,8777.14,yes 
203116,David Smith,foo.bar@domain,+49730944755,1O,Canada,Vancouver,05.06.2023,24696.5,No
,Sophia Hall,sophia.hall3117@example.com,+44756352175,18,United States,New York,2024/07/05,35190.86,Yes
CUST-203118,Mia White,mia.white3118@example.com,+61763641104,999,Australia, Brisbane,21/03/2020,568.6,No
CUST-203119,Mary Brown,mary.brown3119@example.com,+1547000819,999,Australia,Sydney,09/07/2025,18302.23,Yes
CUST-203120,John King,john.king3120@example.com,+92850020167,76,Can.,Toronto,not-a-date,6957.77,TRUE
CUST-203121,Emma Martin,emma.martin3121@example.com,+92927347848,57,Australia,Londn,06-24-2024,-400,No
CUST-203122,Mr. John Martin,john.martin3122@example.com,+92925200930,18,United Kingdom,London,16.06.2025,39418.34,inactive
CUST-203123,Aisha Johnson,,+1481844966,0,Canada,123,2023-09-24,25845.7,Yes
CUST-203124,Sophia Brown!!!,sophia.brown3124@example.com,,74,Germany,Munich,25.06.2019,31441.8,1
203125,SophiaWalker,sophia.walker3125@example.com,,74,Australia,Melbourne,17 Nov 2025,31690.63,No
CUST-203126,Hassan Wilson,name@,+44763076505,73,Australia,Sydney,2024-03-18,"12.500,50",No
CUST-203127,Olivia Johnson,not-an-email,+1 (555) TEST,52,GER,Lahore,31/02/2026,20402.05,Yes
CUST-203128,,fatima.khan3128@example.com,+92674221701,20,Canada,Vancouver,21/06/2022,"12.500,50",No
???,,emma.king3129@example.com,+49643098829,62,United Kingdom,Leeds,2021-09-01,,N
CUST-203130,Mary King,mary.king3130@example.com,+49472589542,18,United States,New York,20/02/2024,1O000,FALSE
CUST-203131,Mary Taylor,mary.taylor3131@example.com,+44764915031,39,Germany,Hamburg,11 Mar 2022,36071.36,Yes
CUST-203132,Hassan Walker,hassan.walker3132@example.com,+49438127634,,Pakistan,Karachi,14 Sep 2019,12714.58,1
CUST-203133,Sophia King!!!,sophia.king3133@example.com,+49917918241,29,Australia,Londn,21 Sep 2024,6727.56,Yes
CUST-203134,Sarah Khan,sarah.khan3134@example.com,+61544220764,19,Germany,Berlin,09-12-2022,11834.66,Yes
CUST 203135,Emma White,emma.white3135@example.com,abc123,62,Canada,Calgary,18/10/2019,,No
203136,Emma Wilson,emma.wilson3136@example.com,000000000,25.5,US,Lahore,2025/02/07,7068.08,Yes
CUST 201387,JamesTaylor,name@,+92-300-ABC-123,53,PAKISTAN ,New York,2023/09/22,free,No
CUST-203138,James Ahmed!!!,james.ahmed3138@example.com,+49777342983,1O,U.K.,Hamburg,21 May 2020,1O000,
CUST-203139,Daniel Johnson,not-an-email,+1959078872,18,United Kingdom,Leeds,12 Sep 2021,"2,500 AUD",No
CUST-203140,Mr. Muhammad Johnson,muhammad.johnson3140@example.com,+61563595717,44,Germany,Hamburg,12-24-2020,6039.23,No
CUST-203141,John Lee,john.lee3141@@example.com,+44611835598,70,Germany,Toronto.,2024-10-17,"$12,500.50",active
CUST-203142,Mia Brown,abc.com,abc123,36,Germany,Karachi?,09/07/2019,1O000,yes 
CUST-203143,Aisha Brown,abc.com,+92833085137,43,AUS,Vancouver,23.10.2022,9013.84,Y
CUST-203144,John Smith,@domain.com,+49838087083,twenty,Pakstan,Toronto,?,33933.18,No
CUST 203145,Mr. Olivia Taylor,olivia.taylor3145@example.com,+1382662150,145,,Chicago,30/07/2020,39240.94,Yes
???,Zain Clark,zain.clark3146@@example.com,+49605468769,18 years,United Kingdom,NYC,06/12/2022,7230.16,Y
CUST-203148,UNKNOWN,name@,+1423932732,30,,,28/03/2026,1691.6,No
CUST-203149,Daniel Young,daniel.young3149@example.com,0300 1234567,18 years,Germany,Munich,07-10-2020,16508.12,Yes
CUST-203150,Muhammad King,MUHAMMAD.KING3150@EXAMPLE.COM,+49490150755,42,PK,Berlin,2019/03/14,11598.26,No
CUST-203151,12345,user @mail.com,+44650697170,28,Australia,Toronto.,,35358.91,Yes
,Mr. David Brown,david.brown3152@example.com,+1563111606,74,Australia,Brisbane,31/05/2022,33858.66,No
CUST-203153,Mia Clark,abc.com,unknown,50,GER,Sydney NSW,2025/00/12,16336.08,Yes
CUST-203154,UNKNOWN,mary.hall3154@example.com,0300 1234567,72,Germany,Munich,2025/00/12,33836.45,No
CUST-203155,Ali Johnson,ali.johnson3155@example.com,+92921074083,28,australia,Toronto.,19 Oct 2025,28542.7,No
,Olivia Wilson,,+92724767849,35,Canada,Vancouver,22.04.2025,27620.48,maybe
cust-203157,John Martin,daniel.walker2936@example.com,000000000,51,Germany,unknown,Feb 30 2025,25254.26,Yes
CUST-203158,Emma Martin,emma.martin3158@example.com,+44539887168,,Canada,Toronto,08-30-2020,7362.96,No
CUST-203159,,not-an-email,+1635871502,18,U.K.,Londn,27/11/2021,38533.69,No
CUST-203160,UNKNOWN,,+92-300-ABC-123,0,UK,Calgary,00/00/0000,999999999,No
CUST-203161,Zain Ahmed,name@,+44793529903,43,Germany,Berlin,08-10-2022,11344.5,TRUE
CUST-203162,Fatima King,fatima.king3162@example.com,+44828345761,77,United States,Seattle,15.09.2020,"12.500,50",No
CUST-203163,Mia Young,mia.young3163@example.com,+49653812315,64,Pakistan,Melb, ,4440.18,Yes
203164,,mary.young3164@example.com,+61384271388,32,Pakistan,Islamabad,04/10/2019,18796.59,FALSE
CUST-203165,Olivia Wilson,olivia.wilson3165@example.com,+1947435603,76,United Kingdom,Manchester,-,4497.89,yes 
CUST 203166,Ahmed White,ahmed.white3166@example.com,+44539342221,,Australia,Brisbane,2020-01-09,2100.49,Yes
CUST-203167,John Hall,john.hall3167@example.com,+1398831782,25.5,,NYC,29.05.2023,30305.2,Yes
CUST-203168,Sarah Ali,sarah.ali3168@example.com,+61512676380,,United Kingdom,Manchester,2022-02-23,10322.01,Yes
CUST-203169,John Smith,john.smith3169@example.com,+1471892393,32,United Kingdom,Sydney NSW,06-05-2026,"12.500,50",No
CUST-203170,???,,unknown,55,Pakistan,Karachi?,,,Yes
,Noah Clark,,+49922709662,26,United Kingdom,Manchester,22.03.2020,,TRUE
CUST-203172,Mary Young,mary.young3172@example.com,+1508478672,25.5,United states of america,Brisbane,none,20546.08,Yes
CUST-203173,Ahmed Ahmed,ahmed.ahmed3173@example.com,+1331388104,27,PAKISTAN ,Londn,2021-05-21,3264.95,0
CUST-203174,Emma Ali!!!,emma.ali3174@example.com,+92441395039,0,,Melbourne,03.04.2022,685.09,No
203175,UNKNOWN,zain.walker3175@example.com,+1794598011,61,Pakistan,Karachi,Feb 30 2025,"$12,500.50",Yes
CUST-203176,Ahmed King,ahmed.king3176@example.com,0300 1234567,20,australia,Karachi,2024/04/14,39799.85,Yes
CUST-203177,Mary Johnson,mary.johnson3177@example.com,+1380224482,43,Germany,Berlin,2023-03-21,4975.73,
CUST-203178,Mia Hall,not-an-email,+1766614100,999,United States,New York,07-09-2020,999999999,Yes
CUST-203179,,mia.taylor3179@example.com,+61634958525,19,United States,Chicago,2026-06-05,-400,No
CUST-203180,Noah Ahmed,@domain.com,+92627361823,42,PK,Islamabad,missing,34526.14,
203181,ali johnson,ali.johnson3181@example.com,+44989138364,30,australia,Islamabad,16/10/2025,17651.42,N
CUST-203182,Aisha Khan,aisha.khan3182@example.com,+61796270175,41,Pakistan,Toronto.,2026-13-44,34863.41,Yes
CUST-203183,Daniel Wilson,daniel.wilson3183@example.com,+44980212945,,GER,Seattle,99-99-9999,36362.3,FALSE
CUST-203184,Mr. Mia Smith,,+92567622590,,United Kingdom,Manchester,20 Dec 2023,38256.71,No
203185,Emma Smith,emma.smith3185@example.com,+1725962027,19,Canada,Toronto,none,23107.92,No
CUST 203186,,user @mail.com,+61965393923,41,Germany,Hamburg,2019-02-28,37317.66,yes 
CUST-203187,,john.wilson3187@example.com,+1688308773,34,Pakstan,London,2024/12/21,,Y
CUST 203188,Zain Clark,zain.clark3188@example.com,+44305532692,44,Can.,Melb,,,Yes
CUST-203189,Hassan Ahmed,hassan.ahmed3189@example.com,+61451879820,55,pakistan,Melbourne ,missing,,Yes
CUST-203190,Mr. John Ahmed,john.ahmed3190@example.com,,30,PK,Karachi?,26.03.2019,"2,500 AUD",No
CUST-203191,???,name@,+92-300-ABC-123,71,Pakistan,Lahore,,20371.41,0
CUST-203192,Fatima White,,+61930986469,35,United states of america,Sydney,,999999999,inactive
CUST-202192,12345,foo.bar@domain,+49467382211,29,Australia,Melbourne,2024/01/19,37598.99,No
CUST-203194,Daniel Martin,,++612345678,61,Australia,Sydney,2024-07-13,27682.37,Yes
CUST-203195,James Martin,james.martin3195@example.com,+44306968442,-4,,Brisbane,2022-04-09,"2,500 AUD",Yes
,John Hall,john.hall3196@example.com,0300 1234567,58,United States,123,2022/11/28,31978.86,Yes
CUST-203197,James Ahmed,james.ahmed3197@example.com,+92446583614,25.5,,Calgary,2022/02/08,19416.5,Yes
CUST-203198,Mia Young!!!,mia.young3198@example.com,+92891596120,145,Pakistan,Islamabad,05-21-2023,28880.01,Yes
CUST-203199,Daniel King,name@,abc123,42,Pakistan,Lahore,2024-01-12,999999999,No
CUST-201247,Aisha Smith,aisha.smith3200@example.com,000000000,75,Pakstan,Brisbane,24.07.2024,29280.31,No
CUST-203201,UNKNOWN,sarah.clark3201@example.com,+44475886494,25.5,Pakistan,Karachi,2020-08-07,27902.67,No
CUST-203202,Muhammad Wilson,muhammad.wilson3202@example.com,+92702137195,18 years,United Kingdom,London,08-02-2022,23295.46,Yes
CUST-203203,Fatima Taylor,fatima.taylor3203@example.com,+92443221332,18 years,United States,New York,10-30-2025,free,No
CUST-203204,Aisha Brown!!!,aisha.brown3204@example.com,+44482486114,68,PAKISTAN ,Brisbane,,999999999,1
 CUST-203205,Emma King,emma.king3205@example.com,+61579878507,70,United Kingdom,NYC,08 Jul 2020,10683.16,no 
CUST-203206,Aisha Clark,,+92957463382,71,Australia,Melbourne,16.01.2023,free,0
CUST-203207,UNKNOWN,david.lee3207@example.com,+49911020471,39,pakistan,Karachi?,Feb 30 2025,7935.05,No
CUST-203208,Mr. Olivia Lee,user @mail.com,+92895223532,69,U.S.A,Calgary,27/04/2024,31727.02,yes 
CUST-203209,Emma Lee,,abc123,30,United States,Chicago,16 Feb 2022,25437.68,No
CUST-203210,Ali Clark,,+61322240567,30,USA,Calgary,2021-05-29,15366.73,No
CUST-203211,Muhammad Hall,muhammad.hall3211@example.com,abc123,,United States,New York,32 Jan 2025,free,Yes
CUST-203212,Sophia Ahmed,,+92375133427,145,Germany,Munich,11.04.2019,11976.61,1
CUST-203213,Fatima Khan,fatima.khan3213@example.com,+44605271155,40,United States,Chicago,13/13/26,11701.33,Yes
CUST-203214,Muhammad Brown,user @mail.com,+49901234215,0,Pakistan,,15/03/2024,"$12,500.50",Yes
CUST-203215,Ahmed Lee,ahmed.lee3215@example.com,+49473885038,46,United States,Toronto.,-,18060.29,Yes
CUST-203216,Olivia Walker,name@,+92651254971,19,Canada,Calgary,10-27-2019,1329.59,Yes
CUST-203217,Mr. Ali Walker,ali.walker3217@example.com,,48,Canada,Vancouver,10-03-2020,9310.82,Yes
CUST-203218,Mia Hall,mia.hall3218@example.com,+44698209465,51,Pakistan,Karachi,not-a-date,13885.45,
CUST-203219,Emma Lee,user @mail.com,unknown,145,,Sydney NSW,10.11.2024,37678.56,Yes
???,Mary Khan,mary.khan3220@example.com,+61985203603,1O,PK,Islamabad,02/04/2023,-400,Yes
CUST-203221,Aisha Martin,,+61987706959,63,australia,123,not-a-date,34306.84,Yes
CUST-203222,Ahmed Smith,abc.com,+1530296177,,Pakistan,123,23.08.2025,12630.65,active
CUST-203223,Muhammad Walker,muhammad.walker3223@example.com,+49647737955,999,Pakistan,Islamabad,2024/12/18,,Yes
CUST-203224,Zain White,zain.white3224@example.com,++612345678,-4,australia,,,36608.51,No
CUST-203225,UNKNOWN,james.young3225@example.com,unknown,29,PK,123,   ,8945.63,0
cust-203226,James White,foo.bar@domain,+92887848913,55,United States,New York,02-16-2022,,
CUST 203227,,olivia.ali3227@example.com,+1324043864,1O,AUS,Hamburg,2022/07/13,,no 
CUST-203228,AishaAhmed,aisha.ahmed3228@example.com,+92364209443,60,Canada,Sydney NSW,29.05.2026,10239.87,Yes
CUST-203230,12345,fatima.taylor3230@example.com,+44778258313,28,Pakistan,Islamabad,2021-02-01,8500.8,
CUST-203231,MiaClark,mia.clark3231@example.com,+1329219091,74,United Kingdom,Manchester,22/03/2026,30191.58,Y
CUST-203232,Sarah King,sarah.king3232@example.com,+92467039765,twenty,Germany,Berlin,2022/12/30,22416.1,No
CUST-203233,James White,james.white3233@example.com,+92769605448,71,United Kingdom,Manchester,05-30-2026,16879.2,No
CUST-203234,  Muhammad Taylor  ,muhammad.taylor3234@example.com,+1353057439,67,Australia,Brisbane,01-01-2019,34487.85,Yes
CUST-203235,???,emma.clark3235@example.com,+92553311483,68,Australia,Sydney,2020/10/31,999999999,No
CUST-203236,,ali.walker3236@example.com,++612345678,34,Australia,Sydney,Feb 30 2025,12265.65,No
CUST 203237,David Khan,david.khan3237@example.com,+44531305685,61,Germany,Berlin,   ,6652.52,No
CUST-203238,???,emma.walker3238@example.com,+44440574341,twenty,Pakistan,Islamabad,2020-03-14,21716.37,No
CUST-203239,Muhammad White,muhammad.white3239@example.com,+92377345857,68,Pakstan,Berlin,05.05.2026,free,Yes
CUST-203240,Olivia Ahmed,test@test,+44756368341,39,Canada,Vancouver,18 Feb 2020,4504.62,active
CUST-203241,Sophia Ali,sophia.ali3241@example.com,+44541600737,42,PK,NYC,31/12/2020,1205.01,No
CUST-203242,Sarah Smith,sarah.smith3242@example.com,+44541567833,18 years,Australia,Sydney,10 Nov 2022,26333.47,No
CUST-203243,Aisha Johnson,foo.bar@domain,+49496357613,82,USA,Munich,01 Dec 2025,12197.94,No
CUST-203244,12345,sophia.young3244@example.com,++612345678,27,Canada,Calgary,,14600.6,0
CUST-203245,James Young,james.young3245@example.com,+44552380862,65,,Vancouver,2025-07-20,8409.68,Yes
CUST-203246,Emma King,sarah.lee2680@example.com,0300 1234567,39,Canada,unknown,01/10/2020,36948.38,No
CUST-203247,,aisha.brown3247@example.com,+49950813840,74,Canada,Sydney NSW,unknown,37421.78,N
CUST-203248,John Young,john.young3248@example.com,+49677119712,25.5,Pakistan,Karachi,13/13/26,39718.9,No
CUST-203249,Mr. Mary White,abc.com,+92965536102,18 years,Germany,Munich,06-24-2022,36463.11,Yes
 CUST-203250,Ahmed Hall,FATIMA.WILSON2722@EXAMPLE.COM,,55,Germany,Munich,2020-05-25,21539.29,No
CUST-203251,James King,foo.bar@domain,+92430171836,70,Germany,Hamburg,2022-04-12,3336.96,Yes
CUST-203252,Mia Khan,mia.khan3252@example.com,+92933634310,,Pakistan,Islamabad,2022-03-08,28099.1,
CUST-203253,James Walker,name@,++612345678,53,Canada,Toronto,13/13/26,28380.15,0
CUST-203254,Emma Clark,emma.clark3254@example.com,+49838913113,41,Germany,,19/08/2025,,yes 
CUST-203255,Daniel Ahmed,daniel.ahmed3255@example.com,,37,,,29.04.2022,10132.08,No
???,Muhammad White,muhammad.white3256@example.com,,50,PK,Manchester,2020/07/25,16276.32,Yes
CUST-203257,Olivia White,user @mail.com,+44670649469,66,United Kingdom,Manchester,-,16326.42,Yes
CUST-203258,Noah Brown,noah.brown3258@example.com,+49860966081,64,Pakistan,Karachi,2021-11-11,7756.8,Yes
CUST-203259,Aisha Clark,aisha.clark3259@example.com,+44657325848,,Canada,Karachi?,2020-07-27,36490.21,
CUST-203261,Fatima White,fatima.white3261@example.com,+92469761206,27,Pakistan,Lahore,26.07.2019,3524.0,No
 CUST-203263,James Lee,james.lee3263@example.com,+44949608512,61,Pakistan,Lahore,2025/10/05,999999999,maybe
CUST-203264,Hassan King,ahmed.khan527@example.com,+92-300-ABC-123,73,United States,Sydney NSW,2026-13-44,36049.67,Yes
CUST-203265,Muhammad Young,muhammad.young3265@example.com,+1709897421,25.5,Canada,Vancouver,11-17-2020,"12.500,50",Yes
CUST-203266,James Ahmed,james.ahmed3266@example.com,+92414619934,21,Pakistan,Lahore,2019-02-09,15032.51,Yes
CUST-203267,Fatima Lee,fatima.lee3267@example.com,+1638861169,61,Australia,Melbourne,2023-11-25,30265.61,1
???,Emma Clark,emma.clark3269@example.com,+1 (555) TEST,44,United States,Londn,19.07.2021,USD 2500,active
CUST-203270,James Taylor,james.taylor3270@example.com,+92740349494,25.5,United Kingdom,Manchester,Feb 30 2025,33513.14,No
CUST-203271,Emma King,emma.king3271@example.com,+92498315037,62,Germany,Hamburg,30/07/2021,1O000,No
CUST-203272,Emma Johnson,emma.johnson3272@example.com,+44716032306,23,australia, Melbourne,2019/03/12,1O000,TRUE
cust-203273,Daniel Lee,daniel.lee3273@example.com,+61300672446,twenty,PAKISTAN ,Munich,none,,yes 
203274,Mary White,mary.white3274@example.com,+61502796536,35,Germany,Berlin,2025/00/12,9818.26,No
cust-203275,John Hall,foo.bar@domain,+49609971610,70,Canada,Toronto,2024/05/12,free,Yes
CUST-203276,MARY BROWN,mary.brown3276@example.com,+1 (555) TEST,31,United States,Chicago,07-06-2024,870.43,active
CUST-200125,Emma Walker,emma.walker3277@example.com,+61360743154,78,Australia,Melb,2019-07-01,31188.98,No
CUST-203278,Sarah Khan,sarah.khan3278@example.com,+61865905482,19,United Kingdom,London,2023-03-28,,
CUST-203279,Noah Wilson,,+1509199165,-4,United Kingdom,Leeds,2023/08/08,28826.46,No
CUST-203280,Sophia Taylor,sophia.taylor3280@example.com,+92564587649,69,United Kingdom,Manchester,23.08.2022,26365.85,yes 
CUST-203281,Hassan Brown,hassan.brown3281@example.com,+49942250940,27,pakistan,London,,"$12,500.50",No
CUST-203282,,ahmed.ali3282@example.com,,145,Pakistan,Lahore,13/05/2021,16308.03,No
CUST-203283,Olivia Ahmed,olivia.ahmed3283@example.com,+92-300-ABC-123,36,US,Seattle,17 Feb 2020,29682.53,Yes
CUST-203284,Hassan Hall,hassan.hall3284@example.com,+44895157720,26,GER,Munich,21/02/2019,999999999,No
203285,Olivia Hall,olivia.hall3285@example.com,+61750608343,33,Australia,123,10-11-2020,-400,No
CUST-203286,Zain Brown,zain.brown3286@example.com,+49873433721,51,PK,123,missing,22126.36,
CUST-203287,Mia Wilson,MIA.WILSON3287@EXAMPLE.COM,+61314589842,56,PK,London,2019-02-28,32158.17,Yes
CUST-203288,Emma Taylor,emma.taylor3288@example.com,+92960179049,62,Australia,Brisbane,01-20-2019,7194.12,yes 
CUST-203289,Ali Walker,user @mail.com,+92555613160,twenty,United states of america,Vancouver,2025/00/12,31070.58,0
CUST-203290,Muhammad Young,muhammad.young3290@example.com,+49399606169,,United States,Chicago,02/06/2025,10740.26,No
CUST-203291,Olivia Brown,@domain.com,+92791066660,18,Can.,Karachi,25/08/2019,1O000,No
CUST-203292,,emma.smith3292@example.com,(02) 9999-8888,0,Canada,Vancouver,2021/08/03,8734.13,No
CUST-203293,Zain Brown,,+1 (555) TEST,70,australia,Melbourne,06-30-2023,20620.85,Yes
CUST-203294,Hassan White,hassan.white3294@example.com,+1 (555) TEST,34,Australia,123,99-99-9999,21817.71,TRUE
CUST-203295,Fatima Ahmed,FATIMA.AHMED3295@EXAMPLE.COM,+61316387772,-4,,Chicago,05-28-2023,39051.92,No
CUST 203296,,ali.taylor3296@example.com,+44468035861,38,U.S.A,Vancouver,05-18-2024,26282.25,Yes
CUST 203297,Daniel Brown,daniel.brown3297@example.com,+49932489635,73,Australia,Melbourne,2025/10/20,27445.04,No
CUST-203298,Mary Johnson,mary.johnson3298@example.com,abc123,53,Pakstan,New York,2022-02-20,1O000,Yes
CUST-203299,Mia Wilson,test@test,+92569419156,,Germany,Berlin,05 Jan 2026,16770.07,TRUE
CUST-203300,Sophia Martin,sophia.martin3300@example.com,+92929959942,76,United Kingdom,London,06/09/2024,free,0
CUST-203301,James Wilson,test@test,123,62,Pakistan,,22/11/2025,7706.27,Y
CUST-203302,David Ahmed,david.ahmed3302@@example.com,+92884583627,18 years,Canada,Toronto,,USD 2500,No
CUST-203303,UNKNOWN,sarah.johnson3303@example.com,+61331889194,,Canada,Calgary,,4612.26,Yes
CUST-203304,,zain.johnson3304@example.com,+92953940272,52,,Hamburg,2023/09/05,38145.46,Yes
CUST-203305,Sophia Walker,sophia.walker3305@example.com,+49659361755,72,U.S.A,Lahore,2024/03/08,8333.1,N
CUST-203306,,mia.wilson3306@example.com,+44770205992,,United Kingdom,Toronto.,24/01/2019,-400,FALSE
CUST-203307,Muhammad King,muhammad.king3307@example.com,123,58,United States,Seattle,29.04.2019,999999999,Y
CUST-203308,Fatima Clark,fatima.clark3308@example.com,+49616724607,,United Kingdom,Manchester,2025-05-05,26695.67,Yes
CUST-203309,Aisha Wilson,aisha.wilson3309@example.com,+1 (555) TEST,43,Australia,Melbourne,31/02/2026,28612.32,FALSE
CUST-203310,Noah Hall,,+44613964615,66,PAKISTAN ,Karachi,2025/00/12,10214.3,No
CUST-203311,Olivia Smith,test@test,+44333455448,66,Germany,Berlin,2023-11-17,,Yes
203312,James Wilson,james.wilson3312@example.com,+1907723505,43,United Kingdom,NYC,23/08/2023,31125.18,No
CUST-203313,David Wilson,david.wilson3313@example.com,+49329754050,,PK,Islamabad,02-26-2026,14696.72,N
CUST-203314,Aisha Young,aisha.young3314@example.com,(02) 9999-8888,,Germany,NYC,28.02.2022,31980.64,No
CUST-203315,Sarah King,@domain.com,,,,Munich,none,35309.58,active
,Noah Smith,noah.smith3316@example.com,+49905596811,twenty,,London,01 Sep 2022,"12.500,50",Yes
CUST-203317,Sarah Clark,,+61758587720,72,United States,Chicago,none,1O000,Yes
CUST-203318,Sarah Johnson,abc.com,+44713433161,38,United Kingdom,Leeds,2023-04-29,25387.98,Yes
,Ali Johnson,ali.johnson3319@example.com,(02) 9999-8888,-4,Australia,Melbourne,2024/02/12,31068.26,Yes
CUST-203320,Ali Johnson,,+49807589596,18,UK,Karachi,21/09/2020,-400,No
CUST-203321,Aisha Lee,aisha.lee3321@example.com,+1328957300,32,Australia,NYC,03-23-2025,7401.12,Yes
CUST-203323,,olivia.ali3323@example.com,+92671908711,23,Canada,Vancouver,13/13/26,36203.29,FALSE
CUST-203324,Sarah Ali,sarah.ali3324@example.com,0300 1234567,29,Pakistan,Londn,2021/11/16,5647.28,No
CUST-203325,Ahmed Johnson,ahmed.johnson3325@example.com,+61484211585,40,United Kingdom,123,11/04/2022,6759.37,0
CUST-203326,12345,sophia.smith3326@example.com,+44471983703,56,GER,Toronto.,2024/04/26,8901.08,Yes
CUST-203327,Zain Johnson,zain.johnson3327@example.com,+1 (555) TEST,37,Can.,, ,free,No
CUST-203328,Olivia Ali,olivia.ali3328@example.com,000000000,145,United Kingdom,Leeds,12-25-2021,,Yes
CUST-203329,Zain Khan,name@,+44912048571,,Can.,Brisbane,00/00/0000,28930.24,Yes
CUST 203330,Fatima King,fatima.king3330@example.com,,39,Germany,123,31/02/2026,32.89,maybe
CUST-203331,Mary White,name@,+44881407513,82,United States,Seattle,08-05-2022,8928.03,Yes
CUST-203332,Daniel Lee,daniel.lee3332@example.com,+92897654039,54,Australia,Sydney,not-a-date,999999999,No
CUST-203333,David Lee,user @mail.com,+92823175490,25.5,Canada,Vancouver,05/09/2023,14928.87,No
CUST-203334,,sophia.martin3334@example.com,+44730103359,26,Pakistan,Islamabad,,13365.26,No
CUST-203335,Mary Wilson,mary.wilson3335@example.com,,18,PK,NYC,   ,30751.73,No
CUST-203336,Mia Ahmed,user @mail.com,+44897297791,78,Germany,,09-02-2024,21423.42,Yes
CUST-203337,Muhammad Lee,test@test,unknown,57,,Sydney NSW,10-09-2022,28970.94,No
CUST-203338,Ali Johnson!!!,,+44591829034,43,United States,New York,2019-01-07,10775.45,No
CUST-203339,Noah Johnson,noah.johnson3339@example.com,+92907180068,54,Australia,123,2024-12-10,26660.41,Yes
CUST-203340,Mr. Sophia Smith,sophia.smith3340@example.com,+44590175597,999,United States,Seattle,2019/11/23,1O000,Y
CUST-203341,David King,david.king3341@example.com,+44858297932,67,United Kingdom,London,00/00/0000,-400,Yes
CUST-203342,Sophia Walker,sophia.walker3342@example.com,abc123,50,Germany,Berlin,2021/02/26,32064.15,Yes
CUST-203343,John Clark,john.clark3343@example.com,+92683602274,32,Germany,Karachi?,,26619.0,No
,,test@test,abc123,73,Pakistan,Karachi, ,10827.1,yes 
CUST-203345,Sophia Hall,sophia.hall3345@example.com,+49572980457,,Canada,Calgary,06/02/2020,15513.38,No
CUST-203346,Sophia Walker,sophia.walker3346@example.com,+44530854790,-4,Pakistan,Lahore,-,25310.94,Y
CUST-203347,James Walker,user @mail.com,+61739839052,37,,Londn,06-17-2026,"12.500,50",
CUST-203348,Mary Walker!!!,mary.walker3348@example.com,+44992685416,24,Pakistan,Lahore,19 Apr 2025,"$12,500.50",No
CUST-203349,Daniel Johnson,not-an-email,+61527104140,145,Can.,Brisbane,30.08.2024,18723.82,No
???,Ali Martin,ali.martin3350@example.com,++612345678,47,Canada,Calgary,28/06/2026,32683.78,maybe
CUST-203351,MiaWilson,mia.wilson3351@example.com,+49891601780,19,Pakistan,Lahore,26.05.2025,free,yes 
CUST-203352,Mary Clark,mary.clark3352@example.com,+44715983584,52,Pakistan,Lahore,,36435.16,Yes
CUST-203353,Daniel Taylor,daniel.taylor3353@example.com,000000000,145,Germany,,2021-01-18,14551.49,Yes
CUST-203354,James Smith,foo.bar@domain,+1769481762,50,United States,New York,26/02/2023,11466.87,no 
CUST-203355,ZainKing,zain.king3355@example.com,+1532108408,82,U.K.,Sydney,03-04-2019,7056.79,No
CUST-203356,Noah Clark,abc.com,+1497956143,38,United Kingdom,NYC,07-25-2021,1614.72,TRUE
203357,Hassan Taylor,hassan.taylor3357@example.com,+44327365863,82,Pakistan,Islamabad,99-99-9999,25691.95,Yes
CUST-203358,Ali Taylor,ali.taylor3358@example.com,+1442543442,46,Australia,,26.03.2020,9939.01,
???,James Hall,user @mail.com,+1769133920,23,Can.,Seattle,04-28-2019,27012.76,Yes
CUST-203360,Ali Khan,ali.khan3360@example.com,+92872886233,18,United states of america,Karachi?,05.01.2023,16589.71,No
CUST-203361,John Ahmed!!!,john.ahmed3361@example.com,+1473644355,-4,United Kingdom,Manchester,22/07/2020,999999999,Yes
CUST-203362,Ali Brown,user @mail.com,+92874309387,47,UK,LAHORE, ,16979.03,maybe
CUST-203363,Sarah White,sarah.white3363@example.com,+61623264010,33,United States,Chicago,22 Jan 2022,19152.23,0
CUST-203364,Mia Khan,@domain.com,+92308621299,50,United Kingdom,Manchester,12/07/2023,8935.16,No
CUST-203365,Noah Young,foo.bar@domain,+1989621995,65,australia,Munich,-,12707.13,inactive
CUST-203366,Emma Young,,+1354314063,57,United States,Chicago,none,9653.62,Y
CUST-203367,Emma Taylor,test@test,+92-300-ABC-123,44,Germany,Hamburg,2025/03/05,1641.87,No
,Daniel Hall,daniel.hall3368@example.com,+92717672495,73,Pakistan,Islamabad,2019/02/21,-400,No
CUST-203369,Muhammad Khan,muhammad.khan3369@example.com,+44571713505,79,United States,Chicago,Feb 30 2025,-400,No
CUST-203370,Hassan Young,hassan.young3370@example.com,+92523651633,25.5,United Kingdom,Manchester,07-18-2024,free,TRUE
cust-203371,???,sophia.clark3371@example.com,+49566071439,22,US,New York,2025/00/12,30734.85,No
CUST-200359,Aisha White,aisha.white3372@example.com,+61999145783,,Australia,Melbourne,12 Jan 2019,5337.28,N
CUST-203373,UNKNOWN,user @mail.com,unknown,24,australia,Toronto,14.03.2026,10700.68,Yes
CUST-203374,Aisha Young,not-an-email,+1427755175,38,Germany,Karachi?,11-13-2023,,No
CUST-203375,Ali Brown!!!,ali.brown3375@example.com,000000000,41,Canada,Toronto,?,1656.68,Yes
CUST-203376,Ahmed Clark,ahmed.clark3376@example.com,0300 1234567,76,Germany,Sydney NSW,31/10/2021,9463.77,No
CUST-203377,Sophia White,,(02) 9999-8888,19,PAKISTAN ,Melbourne,2020-05-31,23330.39,No
CUST 203378,Mia Walker,mia.walker3378@example.com,abc123,62,Australia,Sydney,2019/06/01,,No
CUST-203379,Mia Khan,mia.khan3379@example.com,+44549713139,79,United Kingdom,123,2024/08/16,,No
CUST-203380,Sophia White,user @mail.com,+92944090900,21,United States,Seattle,28.05.2020,26314.2,No
cust-203381,JohnKhan,john.khan3381@@example.com,+1404281827,58,U.K.,Leeds,2020-03-31,9353.16,Yes
203382,,noah.king3382@example.com,+44877639275,1O,Pakistan,Karachi,13.11.2023,32977.66,inactive
CUST-203383,Ali Johnson,ali.johnson3383@example.com,(02) 9999-8888,46,United States,New York,24/03/2022,11490.76,No
CUST-203384,,muhammad.young3384@example.com,+49894944342,18,U.K.,unknown,2020/07/11,free,Yes
CUST-203385,Zain Brown,zain.brown3385@example.com,+49352295970,,GER,Islamabad,,"12.500,50",No
CUST-203386,Emma Taylor,olivia.walker2364@example.com,++612345678,81,Australia,Sydney NSW,2026-02-31,999999999,Yes
CUST-203387,Ahmed Lee,,(02) 9999-8888,41,Pakistan,Sydney NSW,14 Jan 2024,,Yes
CUST-203388,Fatima King,abc.com,,69,United Kingdom,Toronto.,31/02/2026,4819.03,No
CUST-203389,Aisha Brown,aisha.brown3389@example.com,+61989132461,71,Pakistan,unknown,,"$12,500.50",Yes
CUST-203390,Sophia White,sophia.white3390@example.com,+92444597961,18 years,Canada,Vancouver,2025/00/12,16643.17,0
???,Aisha Martin,aisha.martin3391@example.com,+61489249977,24,United States,Melb,09.11.2025,20061.0,Yes
CUST-203392,Ali Walker,ali.walker3392@example.com,+92-300-ABC-123,999,Canada,Calgary,99-99-9999,18536.42,No
CUST-203393,12345,,+1715015831,33,Canada,Toronto,22.12.2025,"$12,500.50",No
CUST-203394,ZainWilson,zain.wilson3394@example.com,+92668900395,77,United Kingdom,London,24 Dec 2019,free,No
CUST-203395,Sarah Walker,sarah.walker3395@example.com,123,65,Pakstan,Melbourne,-,16142.69,Yes
CUST-203396,Sarah Ahmed,sarah.ahmed3396@example.com,+44437438805,52,,Chicago,13 Mar 2024,35707.78,Yes
CUST-203397,Hassan Walker,hassan.walker3397@example.com,+92-300-ABC-123,75,,New York,03-20-2019,,No
CUST-203398,Emma King,emma.king3398@example.com,+44422286170,60,Pakistan,Lahore,2020/05/24,,
CUST-203399,Daniel Khan,daniel.khan3399@example.com,++612345678,50,Pakstan,Munich,03 Mar 2026,USD 2500,Yes
CUST-203400,Aisha King,aisha.king3400@example.com,+61529917129,25.5,GER,Karachi,03-17-2023,10184.18,Yes
CUST-203401,Aisha Taylor,aisha.taylor3401@example.com,unknown,34,U.K.,London,03.01.2026,6883.81,
CUST-203402,UNKNOWN,test@test,+49840881485,,GER,,16.06.2026,21090.45,No
CUST-203404,Emma King,emma.king3404@example.com,+49989789629,56,United Kingdom,London,05 Apr 2019,27032.3,No
CUST-203405,Mia Walker,user @mail.com,+1 (555) TEST,61,United States,Chicago,09.01.2023,39742.07,FALSE
,???,daniel.johnson3406@example.com,+44774511218,63,Pakistan,Lahore,17.02.2022,21932.93,N
CUST-203407,John Khan,john.khan3407@example.com,+1 (555) TEST,,Australia,Sydney,08 Apr 2026,,Yes
,???,foo.bar@domain,(02) 9999-8888,1O,Pakistan,Toronto.,04-29-2022,"12.500,50",Yes
CUST-203409,Noah White,noah.white3409@example.com,+49467396513,51,Australia,Sydney,11/07/2026,31213.91,No
CUST-203410,Ali Young,ali.young3410@example.com,,46,Canada,Calgary,06 Feb 2022,29470.03,No
CUST-203411,Mia Wilson,mia.wilson3411@example.com,unknown,51,Australia,Sydney,29 Jan 2021,32772.7,FALSE
CUST-202634,Zain Clark,zain.clark2634@example.com,+49685877846,36,United Kingdom,Manchester,26/05/2020,,Yes
CUST-203413,UNKNOWN,daniel.walker3413@example.com,+61461881279,58,USA,Hamburg,2021/02/17,,Yes
CUST-203414,Zain Brown,zain.brown3414@@example.com,abc123,51,United States,Toronto.,03-22-2024,21713.63,Yes
CUST-203415,UNKNOWN,foo.bar@domain,+92379398566,,Canada,Calgary,08-11-2024,22107.64,Yes
CUST-203416,Zain Martin,zain.martin3416@example.com,+92433169222,66,pakistan,London,Feb 30 2025,39475.46,Yes
???,Mia Taylor,zain.lee2703@example.com,+44724579770,56,United Kingdom,London,24 Nov 2021,8934.84,Yes
CUST-203418,Mr. Ali Khan,ali.khan3418@example.com,+1885470145,25,United States,Seattle,16.07.2023,28366.65,No
CUST-203419,Ahmed Ali,ahmed.ali3419@example.com,+61348369493,,,Leeds,2025-11-20,"2,500 AUD",No
CUST-203420,Ahmed Ali!!!,ahmed.ali3420@example.com,+44595281807,41,Canada,Toronto,,33974.39,No
CUST-203421,,mia.young3421@example.com,+92-300-ABC-123,60,Pakistan,Karachi,07-25-2019,10788.96,N
CUST-203422,Ahmed King,,+44759880902,25,United States,,2023-05-13,6499.5,No
CUST-203423,James Smith,abc.com,+1545070710,75,australia,Chicago,2021-09-24,2151.45,No
,Ali White,ali.white3425@example.com,,21,Germany,Berlin,09-10-2024,733.63,No
CUST-203426,AishaHall,aisha.hall3426@example.com,+92478384853,0,Canada,TORONTO,01 Dec 2025,28866.23,Yes
CUST-203427,Sophia Smith,@domain.com,+49328121271,78,Germany,Munich,31/02/2026,20502.28,TRUE
, John King,JOHN.KING3428@EXAMPLE.COM,+92351465016,33,U.S.A,NYC,01-10-2026,1O000,Yes
CUST-203429,Mary Taylor,fatima.hall492@@example.com,+92478121608,37,Australia,Sydney,2026-01-31,2583.04,Yes
CUST 203431,MaryKing,mary.king3431@example.com,+92950579661,59,Germany,Munich,13 Jun 2024,31292.7,Yes
CUST-203432,Mary Brown,mary.brown3432@example.com,+1614232306,27,Canada,Toronto,2020/01/04,945.67,No
CUST-203433,Mr. Sophia Martin,sophia.martin3433@example.com,,-4,USA,Chicago,22.05.2023,27719.77,No
CUST-203434,David Lee,david.lee3434@example.com,123,53,United states of america,Toronto,14.07.2025,32330.79,Yes
CUST 203435,???,mia.smith3435@example.com,+49407904563,-4,United Kingdom,Melb,2019/01/27,30051.96,No
CUST-203436,Daniel Wilson,daniel.wilson3436@example.com,(02) 9999-8888,999,Canada,Toronto,06-18-2022,33485.34,No
CUST-203437,Aisha Taylor,aisha.taylor3437@example.com,+92383330513,64,Australia,Melbourne,01-15-2026,7278.19,Yes
CUST-203438,Aisha Clark,,,145,Pakistan,Sydney NSW, ,22282.02,Yes
CUST-203439,Mia Lee,mia.lee3439@@example.com,+92562888275,73,Pakistan,unknown,2026-02-31,,Y
CUST-203440, James Smith,james.smith3440@example.com,+61359309282,20,United Kingdom, Manchester,19.01.2023,26529.1,yes 
CUST-203441,Ahmed Wilson,ahmed.wilson3441@example.com,unknown,58,Australia,Brisbane,09-07-2023,38781.27,Yes
,UNKNOWN,ali.walker3442@example.com,abc123,1O,Pakistan,Melb,   ,,FALSE
CUST-203443,Sophia Young,foo.bar@domain,+1632818822,-4,Australia,Sydney,31/05/2020,32730.02,N
CUST-203444,John Smith,,(02) 9999-8888,76,Germany,,2022-06-20,34374.81,Yes
CUST-203445,Sarah White,sarah.white3445@example.com,+49790220151,75,United States,Chicago,22.12.2021,28187.47,Yes
CUST-203446,Emma White,emma.white3446@example.com,+44926038666,55,United Kingdom,Leeds,28 Apr 2024,-400,Yes
CUST-200829,Sophia Johnson ,name@,+1699992764,61,australia,Islamabad,26.08.2024,-400,1
CUST-203448,Emma Ahmed,emma.ahmed3448@example.com,+44648263742,78,Germany,Berlin,missing,"12.500,50",TRUE
CUST-203449,???,mia.taylor3449@example.com,123,0,,Sydney,2026/05/03,999999999,No
CUST-203450,Olivia Clark,olivia.clark3450@example.com,unknown,18 years,US,Munich,2020/09/06,11044.47,No
CUST-203451,Aisha Ali,aisha.ali3451@example.com,+49782428083,77,Germany,123,18.09.2020,USD 2500,No
CUST-203452,???,ali.white3452@example.com,+49627362940,48,Australia,melbourne,2020/05/14,39744.92,Yes
CUST-203453,Muhammad Khan!!!,MUHAMMAD.KHAN3453@EXAMPLE.COM,+44905095439,59,United Kingdom,Sydney NSW,31/02/2026,25414.04,no 
CUST-203454,John White,john.white3454@example.com,,40,United States,Chicago,12-28-2021,22970.02,inactive
CUST-203455,James Hall,james.hall3455@example.com,+1351956859,24,Germany,Hamburg,06-26-2026,22472.76,Yes
CUST-203456,???,sarah.brown3456@example.com,+44554663558,23,Pakistan,Lahore,2025-12-04,"2,500 AUD",Yes
CUST-203457,Noah Lee,NOAH.LEE3457@EXAMPLE.COM,+44392881272,0,United States,Seattle,07/03/2020,27495.98,No
CUST-203458,Fatima Wilson,abc.com,+49559525081,34,Australia,NYC,10/05/2023,20763.77,Yes
CUST-203459,Ali Young,ali.young3459@example.com,+61791734421,-4,Australia,Sydney,2024/07/06,17263.31,No
CUST-203460,Aisha Brown,test@test,,23,United Kingdom,London,04-03-2019,37523.61,inactive
CUST 203462,Aisha Martin,,+44451084386,,United States,Chicago,2021/12/13,3336.09,No
CUST-203463,James Khan,test@test,+49481102240,62,Germany,Munich,2024/05/10,,Yes
 CUST-203464,UNKNOWN,,+92670471687,63,Australia,Melb,01-30-2019,free,Yes
CUST-203465,,foo.bar@domain,unknown,53,Canada,unknown,06 May 2023,33054.51,No
CUST-203466,Aisha Young,aisha.young3466@example.com,+92385813433,48,Australia,Sydney,08.06.2020,10621.87,No
CUST 203467,Muhammad Taylor,muhammad.taylor3467@example.com,+92-300-ABC-123,,Germany,123,2024-02-09,USD 2500,No
CUST-203468,John White,john.white3468@example.com,+49358255981,63,U.K.,Hamburg,08.12.2020,34289.46,Yes
,Mr. David Smith,david.smith3469@example.com,++612345678,28,United States,Seattle,2022/05/04,37768.95,
203470,Ahmed Wilson,ahmed.wilson3470@example.com,+92791350257,81,United Kingdom,London,2026-13-44,8854.5,
CUST 203471,Fatima Clark,,+49962640705,0,Australia,Sydney,01/09/2022,36344.11,Yes
CUST-203472,Fatima Khan,fatima.khan3472@example.com,+92994497985,60,USA,Melbourne,missing,17422.15,Yes
 CUST-203473,UNKNOWN,sarah.king534@example.com,+1878801982,19,United States,Londn,?,35183.38,No
CUST-203474,Sophia Khan,sophia.khan3474@example.com,+44306306114,22,United Kingdom,London,27 Jul 2024,,Yes
CUST-203475,John Khan,john.khan3475@example.com,+92986629925,18 years,United Kingdom,Manchester,28.08.2020,18662.41,maybe
CUST-203476,Zain Ali,zain.ali3476@@example.com,+1620572114,73,United States,seattle,?,11517.37,N
CUST-203477,Hassan Hall,abc.com,+1787803074,44,US,Manchester,03-06-2021,20399.77,Yes
,Zain Brown,test@test,+92439191485,31,Canada,Calgary,2024/01/10,39888.05,No
CUST-203479,David Young,david.young3479@example.com,0300 1234567,50,United States,New York,11-16-2020,"12.500,50",Yes
CUST-203480,James Johnson,,+44767636879,73,Canada,Calgary,11-14-2021,5740.22,inactive
,Emma Taylor ,emma.taylor3481@example.com,+61331107022,18,Australia,Melbourne,12 Jul 2022,35072.54,N
CUST-203482,Emma Wilson,emma.wilson3482@example.com,+49667369103,53,Australia,Sydney,2020/10/08,24480.71,no 
CUST-203483,James Martin,james.martin3483@example.com,+44746880333,67,United Kingdom,London,11.01.2026,,No
CUST-203484,Daniel Ali,daniel.ali3484@example.com,+1919135437,31,Canada,Calgary,31/02/2026,5453.49,No
CUST-203485,Ali Taylor,ali.taylor3485@example.com,+1 (555) TEST,23,United States,Chicago,99-99-9999,39612.21,No
CUST-203486,Olivia Smith,,+92-300-ABC-123,44,UK,Chicago,29.01.2023,"$12,500.50",No
CUST-203487,Fatima Smith,user @mail.com,000000000,37,Canada,123,27.05.2026,6722.42,No
CUST-203488,Sophia Martin,name@,,67,U.K.,London,01.08.2023,13333.83,no 
CUST-203489,???,olivia.hall3489@example.com,0300 1234567,49,United States,New York,04.02.2019,33057.08,No
CUST-203490,Sarah Lee,sarah.lee3490@example.com,abc123,77,Pakistan,Karachi,29 May 2025,,Yes
CUST-203491,Noah Ahmed,noah.ahmed3491@example.com,+92719452594,1O,Pakistan,Lahore,26.09.2022,1O000,No
CUST-203492,Hassan Martin ,hassan.martin3492@example.com,+61664702721,58,Germany,Karachi?,2023-05-01,5808.83,No
CUST-203493,Sarah Ali,foo.bar@domain,unknown,23,Australia,Brisbane,2026-01-20,18759.37,No
CUST-203494,John Khan,john.khan3494@example.com,+61496826074,twenty,australia,Chicago,2026-13-44,21025.47,Yes
CUST-203495,Sarah Walker,sarah.walker3495@example.com,+61623540005,twenty,United States,Toronto.,09.02.2021,1245.44,No
CUST-203496,UNKNOWN,ahmed.wilson3496@example.com,123,18,Germany,Melb,2021/02/08,32818.21,1
CUST-203497,Olivia Johnson,olivia.johnson3497@example.com,+61518654012,28,Australia,Brisbane,10-01-2022,27497.12,1
CUST-203498,Sarah Young,sarah.young3498@example.com,+49489824771,,United States,Chicago,31/02/2026,37012.14,Yes
CUST-203499,12345,fatima.wilson3499@example.com,++612345678,48,Pakistan,,13.07.2021,3344.62,No
CUST-203500,???,muhammad.walker3500@@example.com,,44,United Kingdom,London,missing,4551.73,
CUST-203501,John Wilson,john.wilson3501@example.com,123,999,Canada,Vancouver,09 Mar 2026,13242.66,Yes
CUST-203502,???,fatima.young3502@example.com,+1356765137,28,United Kingdom,London,?,,No
CUST-203503,James Wilson,james.wilson3503@example.com,+49598378968,71,United States,New York,03.12.2024,15368.46,N
CUST-203504,Emma Brown,emma.brown3504@example.com,+49411174148,56,Canada,Toronto,missing,24017.97,Yes
CUST-203505,David Smith,test@test,abc123,60,United States,Chicago,   ,33761.65,
CUST-203506,Aisha Ahmed,aisha.ahmed3506@example.com,+49620820767,71,Pakistan,Karachi,2026-02-18,free,inactive
CUST-203507,Olivia Clark!!!,olivia.clark3507@example.com,+1 (555) TEST,43,,Toronto,01-18-2021,39588.74,Yes
CUST-203508,James Martin,james.martin3508@example.com,+61933196721,,Canada,Toronto,2019/02/02,32754.35,No
CUST-203509,Ahmed Ali,@domain.com,+92356206835,75,United Kingdom,Manchester,99-99-9999,free,No
 CUST-203510,James Khan,james.khan3510@example.com,+92527601487,twenty,,London,31/02/2026,32557.72,No
CUST-203511,Zain White,@domain.com,+44379521973,32,Germany,Hamburg,09/01/2026,6113.11,No
CUST-203512,Noah Young,noah.young3512@example.com,+92878781012,34,PK,Melbourne,2021/03/09,33071.87,Yes
CUST-203514,Ali Walker,ali.walker3514@example.com,,25.5,United Kingdom,Manchester,08/06/2023,-400,0
CUST-203515,Zain Clark,zain.clark3515@example.com,+92792421705,23,Germany,Hamburg,2024/05/04,27670.85,Yes
CUST-203516,Muhammad Ahmed,muhammad.ahmed3516@example.com,+44997676682,70,Pakistan,Islamabad,04-14-2022,6311.89,Yes
CUST-203517,Sophia Walker,name@,+61670109009,145,pakistan,Melb,24/06/2025,38245.1,No
 CUST-203518,David White,david.white3518@example.com,123,57,Australia,Melbourne,12-09-2019,8072.35,No
CUST-203519,Sophia Young,sophia.young3519@example.com,+49798539301,24,Pakistan,Lahore,2023/09/24,5416.28,yes 
CUST-203520,Daniel Smith,daniel.smith3520@example.com,+49432560836,-4,United States,Seattle,01-30-2022,free,TRUE
CUST-203521,Mary Ahmed,@domain.com,+92654143908,71,australia,123, ,19514.23,Yes
cust-203522,Emma Taylor,emma.taylor3522@example.com,+1353895286,76,Germany,Berlin,2026-13-44,5943.57,Yes
CUST-203523,David King,david.king3523@example.com,0300 1234567,,Canada,Toronto,2021/01/22,,N
???,David White,DAVID.WHITE3524@EXAMPLE.COM,+92895094426,twenty,AUS,Sydney,not-a-date,33867.11,No
CUST-203525,Hassan Smith!!!,hassan.smith3525@example.com,,,Canada,Calgary,01 Jan 2020,,No
CUST-203526,,mary.ahmed3526@example.com,0300 1234567,,United Kingdom,London,2025-10-04,free,Yes
CUST-203527,Noah Khan,noah.khan3527@example.com,,-4,Germany,Karachi?,missing,8971.82,Yes
CUST-203528,Olivia Clark,olivia.clark3528@example.com,+61751418553,32,Pakistan,KARACHI,15/01/2026,4938.83,Yes
CUST-203529,Daniel Ali,daniel.ali3529@example.com,+61456263467,,PK,Manchester,2026-13-44,15686.79,Yes
CUST-203530,Zain Lee,zain.lee3530@example.com,+92658393605,28,Pakistan,Lahore,2019-02-09,19720.22,maybe
,Hassan Brown!!!,foo.bar@domain,+61802648281,53,United states of america,Melbourne,14/04/2025,31177.81,Yes
CUST-203532,Ali White,ali.white3532@example.com,+92843209481,58,United Kingdom,Manchester,06 Mar 2026,5462.81,TRUE
CUST-203533,Sarah Smith,user @mail.com,0300 1234567,70,Australia,Melbourne,2019-02-03,-400,Yes
CUST-203534,,muhammad.ali589@example.com,+92921220278,29,Australia,Sydney NSW,25.03.2024,13421.43,TRUE
CUST-203535,JamesClark,james.clark3535@example.com,+44746942732,60,Canada,Vancouver,   ,,No
CUST-203536,Ahmed Khan,ahmed.khan3536@example.com,+1970449796,,United States,Chicago,15.01.2026,,No
CUST-203537,Noah Clark,noah.clark3537@example.com,+1875187388,76,Australia,Sydney,2022/10/29,22798.63,No
CUST-203538,Hassan Brown,hassan.brown3538@example.com,,74,United Kingdom,London,2021-11-22,17318.22,No
CUST-203539,David Martin,david.martin3539@example.com,+44500527648,-4,USA,unknown,19/02/2023,free,no 
CUST-203540,Mary King,mary.king3540@example.com,+92802122250,70,United Kingdom,Manchester,2019-03-27,20771.67,Yes
CUST-203541,Ali Brown,user @mail.com,+49887757075,61,United Kingdom,Karachi?,20/02/2025,38236.46,Yes
CUST-203542,Mary Young,mary.young3542@example.com,+61951456741,60,Germany,,21.12.2024,15134.38,maybe
CUST-203543,Mary King,,0300 1234567,62,U.S.A,Toronto.,07-30-2024,,No
???,Mary Brown,mary.brown3544@example.com,+44349036338,39,Germany,Londn,05.03.2023,28795.77,maybe
CUST-203545,Emma Brown,emma.brown3545@example.com,+1840137643,52,Canada,Vancouver,2022-08-21,1048.21,inactive
CUST-203546,James Walker,james.walker3546@example.com,+49427133141,25.5,Pakistan,Islamabad,13 Sep 2021,16215.9,Yes
CUST-203547,john ali,john.ali3547@example.com,+1467946432,47,Canada,Vancouver,2022-08-30,33971.59,Yes
CUST-203549,Mary Lee,mary.lee3549@example.com,+61381935691,51,Germany,Munich, ,19733.3,Yes
CUST-203550,Noah Taylor,noah.taylor3550@example.com,+44592884445,,Germany,Melb,,999999999,Yes
CUST-203551,Emma Lee,emma.lee3551@example.com,123,,Germany,123,2022/04/24,11577.48,
CUST-203552,UNKNOWN,sarah.clark3552@example.com,+49495568431,69,Germany,Munich,09/01/2020,23986.09,Yes
CUST-203553,John Lee,user @mail.com,+92881170132,68,australia,Chicago,07.03.2019,17101.26,No
,Sophia Walker,sophia.walker3554@example.com,+92445568879,1O,PAKISTAN ,Seattle,28.02.2024,21162.54,Yes
 CUST-203555,12345,aisha.johnson3555@example.com,+61490422279,145,PK,Sydney NSW,12-20-2025,1724.89,active
CUST-203556,Mia Khan,mia.khan3556@example.com,+61641899884,twenty,Pakistan,Karachi,11/02/2020,9397.88,No
,Mia Lee,mia.lee3557@example.com,+1 (555) TEST,23,,London,03/03/2023,1O000,Yes
,Fatima Brown,@domain.com,(02) 9999-8888,80,PK,London,2020-09-16,37499.18,Yes
,UNKNOWN,,(02) 9999-8888,47,,Londn,13.01.2025,35273.52,0
CUST-203560,Sophia Ahmed,sophia.ahmed3560@example.com,+49516576347,62,pakistan,Londn,   ,,Yes
CUST 203561,Ali Clark,ali.clark3561@example.com,+49564107992,26,United Kingdom,Leeds,02/08/2019,32429.01,Yes
CUST-203562,Daniel Ali,daniel.ali3562@example.com,+1733912884,49,UK,NYC,01-31-2019,23441.33,No
???,Ahmed Ahmed,,+92-300-ABC-123,999,United States,,unknown,USD 2500,Yes
CUST-203564,Ahmed Clark,ahmed.clark3564@example.com,+92-300-ABC-123,79,United States,Chicago,04 Aug 2021,39445.98,No
CUST-203565,UNKNOWN,,+1789797706,23,US,Karachi?,,11395.91,Yes
CUST-203567,Olivia Smith,olivia.smith3567@example.com,+92488424322,70,pakistan,Hamburg,2026-13-44,5855.95,1
 CUST-203568,,ali.clark3568@example.com,+44519810035,twenty,Canada,Toronto,2025/11/25,38541.33,
CUST-203115,,@domain.com,+61324578063,0,United Kingdom,Manchester,2023/01/23,"2,500 AUD",
CUST-203570,Sarah Johnson,sarah.johnson3570@example.com,+1794313182,61,Australia,NYC,2022/09/07,322.79,No
CUST-203571,James Smith,james.smith3571@example.com,+44558455937,37,United Kingdom,Leeds,99-99-9999,"12.500,50",Yes
CUST-203572,EmmaKing,emma.king3572@example.com,+1608538803,,Canada,Calgary,17/06/2021,20073.85,No
CUST-201552,Fatima Lee,fatima.lee3573@example.com,+92772687902,,Canada,Toronto,07/01/2023,5557.13,Yes
CUST-203574,Mia Martin,ali.white1155@example.com,+61788014577,25,Pakistan,Islamabad,,26582.03,No
CUST-203575,  David White  ,david.white3575@example.com,+61713209189,1O,pakistan,Seattle,25/08/2025,,inactive
CUST-203576,Emma Martin,emma.martin3576@example.com,+49612125979,18,pakistan,Melbourne,12 Nov 2019,7730.99,Y
CUST-203577,Olivia Taylor,olivia.taylor3577@example.com,+49736994268,145,Canada,Vancouver,08-31-2021,6035.99,
CUST-203578,Aisha Lee,aisha.lee3578@example.com,+92899535653,999,Australia,123,06-05-2022,-400,yes 
,Emma Brown,emma.brown3579@example.com,+92677546994,41,Australia,Melbourne,31/02/2026,1O000,Yes
CUST-203580,???,hassan.khan3580@example.com,+49431731681,52,Canada,Vancouver,31 Oct 2022,-400,No
CUST-203581,Emma Clark,emma.clark3581@example.com,+1325028057,55,Germany,Berlin,2023-07-29,-400,Yes
CUST-203583,Olivia Walker,olivia.walker3583@example.com,+49594504965,18,United States,,2026-07-09,"12.500,50",Yes
CUST-203584,Mary King,mary.king3584@example.com,+49305793655,44,Germany,Munich,01-26-2023,32340.73,Yes
CUST-203586,ZainClark,zain.clark3586@example.com,+1388794492,-4,Pakstan,Manchester,2023-06-26,3764.71,Yes
CUST-203587,Ahmed Khan,ahmed.khan3587@example.com,+44957829506,46,Australia,Sydney,Feb 30 2025,29497.09,No
CUST-203588,12345,aisha.khan3588@example.com,+92830266669,26,Canada,Toronto,2026-06-10,"2,500 AUD",Yes
CUST-203590,James Brown,james.brown3590@example.com,++612345678,24,United Kingdom,Toronto.,2026-02-31,1277.56,No
CUST-203591,  Sophia Brown  ,foo.bar@domain,+92533866803,56,United Kingdom,Manchester,29.11.2023,999999999,No
CUST-203592,,fatima.martin3592@example.com,+92584359114,77,Canada,Calgary,04/06/2025,999999999,No
CUST-203593,Ahmed Ali,ahmed.ali3593@example.com,+44326379477,22,pakistan,Leeds,2021-10-12,3879.65,active
 CUST-203594,Mary White,,++612345678,,Canada,Toronto,06-04-2026,819.37,no 
CUST-203595,Daniel Lee,daniel.lee3595@example.com,+49334468128,76,United States,unknown,17.11.2024,35933.45,Yes
CUST-203596,,emma.young3596@example.com,+44891384858,999,Germany,Sydney NSW,2026-01-21,999999999,Yes
CUST-203597,Olivia Smith,olivia.smith3597@example.com,000000000,23,United States,Chicago,2023/07/26,,Yes
CUST-203598,,ahmed.johnson3598@example.com,+92864038846,43,Germany,Hamburg,not-a-date,1O000,Y
CUST-203599,John Young,john.young3599@example.com,+1627969691,44,UK,Karachi,03/07/2026,38895.95,Yes
CUST-203600,James Smith,james.smith3600@example.com,+1742747890,41,United Kingdom,Leeds,2022/11/19,29148.18,No
CUST-201124,Emma Martin,emma.martin3601@example.com,0300 1234567,39,Germany,,03-27-2023,12469.37,Yes
CUST-203602,David Khan,david.khan3602@example.com,unknown,34,United States,New York,07.08.2022,24811.64,No
CUST-203603,Daniel Walker,@domain.com,+92632772362,145,Pakistan,Karachi,31 Dec 2022,39106.65,inactive
CUST-203604,Mr. Hassan Lee,hassan.lee3604@example.com,+49972974587,,Can.,Brisbane,2026-02-31,16692.58,No
CUST-203605,???,david.khan3605@example.com,+1448351345,18,Canada,  Calgary  ,31/02/2026,19648.08,No
CUST-203606,Daniel Lee,daniel.lee3606@example.com,+61770440216,-4,Canada,Karachi?,   ,14409.81,maybe
CUST-203607,,name@,+92-300-ABC-123,999,United Kingdom,London,08.11.2025,35030.35,Yes
CUST-203608,James Walker!!!,james.walker3608@example.com,++612345678,999,United States,NYC,06.06.2023,999999999,Yes
CUST-203609,Hassan Taylor,hassan.taylor3609@example.com,+92832421006,22,Canada,Toronto,2023/04/06,22777.24,No
,Ali Clark,ali.clark3610@example.com,,43,Canada,Londn,13 May 2023,5804.43,No
CUST-203611,James Young,james.young3611@example.com,0300 1234567,,Germany,Berlin,13/13/26,37913.07,inactive
,,mary.ahmed3612@example.com,,37,United Kingdom,Karachi?,02/10/2021,"12.500,50",no 
,Fatima Hall,fatima.hall3613@example.com,+49861439867,18 years,United States,Seattle,03 Jun 2024,17542.66,1
CUST-203614,Sarah Ali,,+61430372656,,Pakstan,Sydney NSW,2025/10/27,4295.11,No
CUST-203615,Hassan Ali!!!,,+61770979752,,Pakistan,Lahore,2021-02-16,1O000,No
,Ahmed Lee,ahmed.lee3616@example.com,+61503385334,72,USA,Seattle, ,25244.01,No
cust-203617,Emma Martin,emma.martin3617@example.com,+61463036241,62,Germany,Munich,24 Feb 2026,4532.95,no 
CUST-203618,John Khan,name@,123,63,,Londn,2025-01-22,19928.33,Yes
CUST-203619,Ahmed Brown,ahmed.brown3619@example.com,+49337220669,,Australia,Brisbane,20/04/2024,"2,500 AUD",yes 
CUST-203620,Muhammad Taylor,muhammad.taylor3620@@example.com,+1664611093,1O,United Kingdom,Toronto.,29.07.2019,14376.48,Yes
cust-200591,Ahmed Ahmed,ahmed.ahmed3621@example.com,+1854350624,74,United States,Chicago,2026/01/30,22856.85,Y
CUST-203622,David Martin!!!,david.martin3622@example.com,+44533473881,,Germany,Hamburg,04-28-2024,16874.23,No
CUST-203623,Fatima Wilson,fatima.wilson3623@example.com,+1419136761,twenty,Australia,Brisbane,,21306.46,No
CUST-203624,Fatima Hall,fatima.hall3624@@example.com,+49396547540,24,Canada,123,20 Jan 2020,34688.73,Y
CUST-203625,Ali Taylor,abc.com,+44879199741,57,PK,Toronto,2024/04/28,3707.21,0
???,SophiaMartin,sophia.martin3626@example.com,+49311385311,,United Kingdom,London,2022-10-09,,Yes
CUST-203627,Mary Young,,+61544543135,27,Germany,Munich,11.03.2025,4844.17,TRUE
cust-203628,,zain.wilson3628@example.com,+1878773915,19,United Kingdom,London,none,17834.32,Yes
CUST-203629,Muhammad Clark,@domain.com,+1348795554,27,Pakistan,Karachi,11-17-2024,,active
CUST-203630,Aisha White,@domain.com,+92798943022,19,Germany,Munich,,,No
 CUST-203631,Noah Smith,noah.smith3631@@example.com,(02) 9999-8888,76,USA,Leeds,08 Dec 2023,USD 2500,No
CUST-203632,Olivia Taylor,not-an-email,+44327611408,24,Pakistan,Lahore,2023-02-26,38918.64,No
CUST-203633,Daniel White,daniel.white3633@example.com,+44330933309,22,Canada,Karachi?,2024/07/27,"12.500,50",No
CUST-203634,12345,sarah.ali3634@example.com,+61886406883,59,Australia,Melbourne,10-16-2023,28842.34,0
???,UNKNOWN,test@test,+1663217113,twenty,Pakistan,Lahore,27 Aug 2020,999999999,active
 CUST-203637,Daniel Hall,daniel.hall3637@@example.com,+92773023883,19,United Kingdom,Leeds,12 Nov 2025,"$12,500.50",maybe
cust-203638,John Lee,john.lee3638@example.com,+1781509195,58,United States,New York,20 Sep 2024,"12.500,50",No
CUST-203639,,david.walker3639@example.com,+92719435193,63,United Kingdom,Leeds,05-12-2024,17745.37,No
CUST-203640,Muhammad Lee,muhammad.lee3640@example.com,+1908653254,76,Pakistan,Sydney NSW,2025-05-05,5.13,No
CUST-203641,John Brown,olivia.lee1922@@example.com,+1 (555) TEST,145,Canada,NYC,2025/11/20,3661.39,No
CUST-203642,Noah Brown,noah.brown3642@@example.com,+1937124344,68,Australia,Sydney,2025/00/12,33659.68,TRUE
CUST-203643,Noah Khan!!!,noah.khan3643@example.com,0300 1234567,44,United States,Seattle,14 Jan 2022,"$12,500.50",No
CUST-203644,,noah.johnson3644@example.com,123,32,U.S.A,123,03-13-2021,23835.87,Yes
CUST-203645,,ali.young3645@example.com,+1717361277,,Pakstan,Islamabad,2025-02-23,39725.5,Yes
CUST-203646,Fatima Taylor,fatima.taylor3646@example.com,+61353187836,999,Germany,Hamburg,2024-01-04,free,Yes
CUST-203647,Muhammad Ali,muhammad.ali3647@example.com,+49628283879,62,Germany,Munich,06-06-2024,4773.5,Yes
,Zain Ahmed,mia.brown1768@example.com,unknown,46,Canada,Vancouver,07-24-2024,31379.78,N
CUST-203649,John White,john.white3649@example.com,+49413115165,36,Germany,Hamburg,05 Dec 2021,16082.95,No
CUST-203650,UNKNOWN,ahmed.taylor3650@example.com,(02) 9999-8888,18 years,Germany,Berlin,   ,4368.98,No
???,Muhammad Hall,muhammad.hall2315@example.com,+92-300-ABC-123,23,United Kingdom,Toronto.,04 Sep 2024,18567.79,N
CUST-203652,James Taylor,abc.com,000000000,32,Australia,Melbourne,2025-09-07,999999999,Yes
,Fatima Wilson,fatima.wilson3653@example.com,123,79,Canada,Calgary,05-15-2020,4898.17,0
CUST-203654,UNKNOWN,olivia.smith3654@example.com,+92540572656,26,Germany,Munich,08/11/2023,22092.79,Yes
CUST-203655,12345,mia.clark3655@example.com,+49584407085,,,Brisbane,04.11.2022,,FALSE
CUST-203656,Ali Young,ali.young3656@example.com,+92596536207,68,Pakistan,Islamabad,2023/10/22,17066.25,No
CUST 203657,Hassan King!!!,hassan.king3657@@example.com,+1 (555) TEST,54,Germany,Hamburg,29.03.2026,33118.44,Yes
CUST-203658,Muhammad Young,MUHAMMAD.YOUNG3658@EXAMPLE.COM,+92687727007,31,Pakistan,Karachi,2023/04/29,22117.04,Yes
CUST-203659,Sarah Clark,sarah.clark3659@example.com,+1385113685,31,Canada,Sydney NSW,00/00/0000,39008.52,No
CUST-203660,Mary Lee,mary.lee3660@example.com,+1825943260,60,Australia,unknown,07-04-2019,1O000,Yes
CUST-203661,Ali White,foo.bar@domain,+1715457787,67,Germany,Hamburg,14 May 2022,"$12,500.50",no 
CUST-203662,Sophia King,sophia.king3662@example.com,+49360051909,-4,Australia,Brisbane,2026-02-10,64.34,No
CUST-203664,,john.martin3664@example.com,+49360994603,33,United States,Melb,16 Feb 2019,18257.92,Yes
 CUST-203665,Aisha Wilson,aisha.wilson3665@example.com,000000000,,Pakistan,Islamabad,07-06-2021,32254.62,Yes
???,,OLIVIA.TAYLOR3666@EXAMPLE.COM,+92867055286,72,United States,Seattle,03.09.2023,999999999,No
CUST-203667,Noah Young,noah.young3667@example.com,,999,United States,Seattle,28 May 2023,11634.67,Yes
CUST-203668,Aisha Clark,abc.com,+49397464218,53,UK,London,2024-10-25,33054.97,Yes
CUST-203669,Noah King,user @mail.com,++612345678,0,Australia,NYC,29 Jan 2025,31687.23,
CUST-203670,sophia wilson,,+92511389433,35,U.K.,unknown,2025/05/26,USD 2500,Yes
CUST-203671,Hassan Wilson,hassan.wilson3671@example.com,+61997739068,47,Australia,Londn,2019-07-09,25496.09,No
CUST-203672,Ahmed Young!!!,ahmed.young3672@example.com,+44395618754,32,U.K.,Brisbane,00/00/0000,10324.44,No
CUST-203673,James Walker,james.walker3673@example.com,abc123,54,PK,Melbourne,12.03.2019,20943.04,no 
CUST-203674,12345,aisha.wilson3674@example.com,+92596349223,20,,Karachi,26.10.2025,14457.94,Yes
???,Sophia White,sophia.white3675@example.com,+49697666121,twenty,Australia,Sydney,2021-11-13,572.0,Yes
,Aisha Taylor,aisha.taylor3676@example.com,,33,GER,Leeds,05 Aug 2022,9920.49,No
CUST-203677,James Clark!!!,james.clark3677@example.com,+1889485546,twenty,Pakistan,Islamabad,22 Jan 2024,USD 2500,Yes
CUST-203678,Noah Taylor,noah.taylor3678@example.com,+44611462594,29,Pakistan,Islamabad,20 Jan 2023,3446.39,Yes
CUST-203679,Sarah Wilson,sarah.wilson3679@example.com,+61881769473,81,Pakistan,Lahore,2024/11/27,1O000,No
CUST-203680,Ali Hall,ali.hall3680@example.com,+44923332563,999,Canada,Vancouver,03-18-2022,14883.89,Yes
CUST-203681,Mr. Sophia Ali,name@,unknown,,PAKISTAN ,Calgary,08 Jun 2022,"12.500,50",FALSE
CUST-203682,Hassan Brown,hassan.brown3682@example.com,+49631077989,22,Australia,Brisbane,10-07-2019,-400,Yes
cust-203683,John Smith,john.smith3683@example.com,,21,USA,New York,22 Mar 2021,29416.82,No
CUST-203684,Hassan Martin,hassan.martin3684@example.com,000000000,18 years,Australia,Brisbane,13 May 2021,,No
CUST-203685,Muhammad White,muhammad.white3685@example.com,+92322684397,,Pakistan,Melb,2026-13-44,,0
CUST-203686,Noah Johnson,noah.johnson3686@example.com,+1483415089,54,Australia,Brisbane,unknown,24311.7,No
CUST-203687,,james.khan3687@example.com,+49753344288,,Australia,Sydney,20.09.2020,11806.39,Yes
CUST-203688,Ali Taylor,ali.taylor3688@example.com,+61300679600,1O,United States,Seattle ,-,31042.81,Y
CUST-203689,Aisha Wilson,aisha.wilson3689@example.com,abc123,145,Australia,Melbourne,10/11/2019,25086.58,Yes
CUST-203690,Noah Taylor,user @mail.com,+49588801374,72,Pakistan,Karachi?,20/10/2020,,No
CUST-203691,John Walker,john.walker3691@example.com,+44520960652,68,australia,Karachi?,none,"$12,500.50",Yes
CUST-203692,Noah Smith,noah.smith3692@example.com,+61939632244,1O,Canada,Vancouver,09-27-2023,,Yes
CUST-203693,Muhammad Khan ,user @mail.com,+61676578266,58,PK,123,05-07-2022,15586.21,No
CUST-203694,Mary Ahmed,user @mail.com,+49633100267,53,United Kingdom,Leeds,missing,5804.7,Yes
CUST-203695,Hassan Ahmed,hassan.ahmed3695@example.com,+92716652393,999,United States,Seattle,10.02.2024,20704.23,Yes
CUST-203697,Muhammad Ali,muhammad.ali3697@example.com,(02) 9999-8888,29,Pakistan,Islamabad,20/06/2024,999999999,Yes
CUST-203698,Noah Young,foo.bar@domain,+49892246608,46,Germany,Berlin,2019-01-17,1825.44,No
CUST-203699,Mr. Emma Clark,aisha.martin3391@example.com,0300 1234567,32,Pakistan,,03 May 2026,16187.99,Yes
CUST-203700,12345,ahmed.ahmed3700@example.com,+92981501194,59,Canada,123,24 Oct 2022,35329.96,yes 
CUST-203701,Mr. Olivia Brown,not-an-email,+92304467806,49,United Kingdom,Manchester,,22665.27,Yes
CUST-203702,Noah Walker,noah.walker3702@example.com,+92956206381,35,Pakistan,,unknown,999999999,Yes
???,,hassan.lee3703@example.com,+92788908864,52,United States,Chicago,26 Mar 2020,,Yes
CUST-203704,Olivia White,olivia.white3704@example.com,+44481619486,49,Pakistan,Karachi?,08.02.2026,14172.69,Y
CUST-203705,Aisha Smith,,+44514218515,25.5,United States,Seattle,27/05/2019,"$12,500.50",yes 
CUST-203706,David Johnson,@domain.com,+1586503819,60,United Kingdom,Karachi?,17/08/2023,7850.48,yes 
203707,,sophia.clark3707@example.com,+92454808277,55,Pakistan,Melb,21.09.2024,,Yes
CUST-203708,UNKNOWN,zain.martin3708@example.com,+1949604814,,australia,Seattle,00/00/0000,20263.75,No
CUST 203709,,james.lee3709@example.com,+1835307432,54,Germany,Berlin,none,999999999,yes 
CUST-203710,Emma Taylor,,,twenty,United States,Seattle,03.05.2023,28643.24,
 CUST-203711,James Ahmed,james.ahmed3711@example.com,+92992823650,67,Germany,Berlin,,38413.71,
CUST-203712,Ahmed Ahmed,ahmed.ahmed3712@example.com,+92422450894,40,United States,Londn,2021/03/04,999999999,No
CUST-203713,Aisha Taylor,abc.com,(02) 9999-8888,,Canada,Calgary,32 Jan 2025,"12.500,50",No
CUST-203714,Zain Lee,zain.lee3714@example.com,+49898525355,twenty,Germany,Berlin,2024/12/24,28951.02,No
CUST-203715,Daniel Johnson,daniel.johnson3715@example.com,+44348376637,72,PK,Leeds,14 Aug 2024,25579.39,active
CUST-203716,John Hall,john.hall3716@example.com,+1 (555) TEST,82,United Kingdom,Manchester,06.05.2023,5383.34,Yes
CUST-203717,Mia White,mia.white3717@example.com,,1O,United States,Karachi?,18/12/2022,17763.59,Yes
,Sophia Young,sophia.young3718@example.com,+1831175415,56,United States,Seattle,12/05/2023,29473.62,Yes
CUST-203719,Fatima White,fatima.white3719@@example.com,+92372586363,63,GER,Islamabad,2024-11-16,28184.78,
CUST-203720,Sophia Khan,abc.com,++612345678,30,United States,Chicago,03-11-2024,28590.47,No
CUST-203721,12345,name@,+1729318189,69,United States,Chicago,99-99-9999,4122.21,Yes
CUST-203722,,test@test,+49630335664,57,AUS,Sydney,10.05.2025,24561.35,Yes
CUST-203723,Muhammad Martin,muhammad.martin3723@example.com,+92900748701,25.5,Germany,Hamburg,2024-07-19,16370.54,No
203724,Fatima Walker,fatima.walker3724@example.com,+92427384064,51,Australia,Melbourne,2025-10-13,1O000,active
CUST-203725,Olivia  Brown,olivia.brown3725@example.com,+49931913845,24,Pakistan,Lahore,29/08/2020,6489.26,active
CUST-203726,Ahmed Martin,ahmed.martin3726@example.com,+49658394934,26,Can.,Munich,2024/04/20,2021.22,Yes
CUST-203727,John Brown,john.brown3727@example.com,0300 1234567,67,Australia,Melbourne,missing,,Yes
CUST-203728,Ahmed Wilson,ahmed.wilson3728@example.com,++612345678,37,Australia,Melbourne,13/13/26,12163.85,Yes
CUST-203729,DanielMartin,daniel.martin3729@example.com,unknown,26,Germany,Berlin,2023-10-15,33946.43,Yes
???,Olivia Walker ,,+1660692495,34,Germany,unknown,03/05/2025,"$12,500.50",No
CUST-203731,James Martin,not-an-email,+49744736617,,United Kingdom,Manchester,2025/00/12,34829.79,
CUST-203732,Emma Lee,,+92769973258,73,US,New York,09-15-2022,25983.94,Yes
,Mia Khan!!!,mia.khan3733@example.com,unknown,68,United States,Seattle,,34843.39,No
CUST-203735,Zain Brown,not-an-email,+1904838948,78,Pakistan,Islamabad,17/05/2025,20032.25,No
CUST-203736,Mary Ahmed,mary.ahmed3736@example.com,+1556698253,76,Australia,Melbourne,21/05/2024,2517.37,No
,Daniel Hall,daniel.hall3737@example.com,+49703667076,46,Can.,Islamabad,21.10.2023,30083.16,Yes
CUST-203738,Mia Martin,mia.martin3738@example.com,+49504963946,75,Germany,123,2022-06-02,"12.500,50",maybe
CUST-203739,John White,john.white3739@example.com,000000000,0,Canada,Toronto,,39074.2,Yes
CUST-203740,Sophia Hall,foo.bar@domain,,29,Australia,Sydney,2019/08/27,"12.500,50",Yes
CUST-203741,???,sarah.lee3741@example.com,+61351295451,25,Pakistan,Islamabad,04-29-2020,"$12,500.50",No
CUST-203742,Olivia Taylor,olivia.taylor3742@example.com,+92431995630,74,Australia,Melbourne,20.05.2024,2825.51,
CUST-203743,James King,user @mail.com,+1930152720,57,Germany,Munich,99-99-9999,,No
CUST-203744,Sarah Walker,sarah.walker3744@example.com,+61437772838,18 years,Germany,,04 Jun 2020,30070.56,Yes
,Aisha Ali,aisha.ali3745@example.com,+92-300-ABC-123,42,United States,New York,04-15-2020,18524.7,N
CUST-203746,Ali Wilson,ali.wilson3746@example.com,+1 (555) TEST,30,Australia,Melbourne,17.01.2020,11812.27,Yes
CUST-203747,James Walker,james.walker3747@example.com,+61385575985,27,U.K.,Munich,19/03/2025,28059.95,active
CUST-203748,James King,james.king3748@example.com,+92477522278,59,Pakistan,Islamabad,11.12.2019,28650.97,Y
CUST-203749,John Young,john.young3749@example.com,unknown,999,,New York,28 Feb 2019,25735.35,Yes
CUST-203750,Ali King,ali.king3750@example.com,+61393470343,20,US,Leeds,30.12.2019,9904.67,No
CUST-203751,Mary Johnson,,+61335984044,25.5,Canada,Calgary,2026-04-07,25578.07,active
CUST-203752,12345,test@test,+61636403359,40,,Vancouver,2022/01/14,1O000,Yes
???,12345,fatima.young3753@example.com,+49981423351,76,Germany,Munich,00/00/0000,6161.0,No
CUST-203754,12345,test@test,+61786778058,34,UK,Seattle,20 May 2026,11574.37,No
203755,Aisha Brown,aisha.brown3755@example.com,unknown,43,Canada,Vancouver,13/01/2019,999999999,No
CUST-203756,Daniel Hall,sarah.hall2067@@example.com,+61871132420,59,Germany,HAMBURG,2021-05-31,14370.54,Yes
203757,Zain White!!!,abc.com,+49997063971,,Canada,Toronto,04/09/2019,free,No
CUST-203758,James King,test@test,+92418900061,65,Canada,Calgary,31/02/2026,31469.2,Yes
CUST-203759,AhmedHall,ahmed.hall3759@example.com,+92683348102,36,U.K.,Melb,2020-12-24,"2,500 AUD",No
CUST-203760,Sophia Brown,sophia.brown3760@@example.com,+92526448450,19,Pakistan,Lahore,2022/10/27,33845.23,Yes
CUST-203761,12345,ali.lee3761@example.com,+92506397340,23,Pakistan,Lahore,01-17-2023,4730.32,No
CUST-203762,John Taylor,name@,+92619352542,78,Can.,Munich,2022/11/22,"2,500 AUD",Yes
CUST-203764,Mr. Noah Clark,abc.com,,25.5,GER,,08.08.2019,999999999,Yes
CUST-203765,Zain Young,,(02) 9999-8888,-4,australia,Vancouver,07-28-2021,21187.44,No
CUST-203766,Ali Smith,ali.smith3766@example.com,+61866288496,47,Pakistan,Islamabad,23.02.2019,14254.11,Yes
CUST-203767,Hassan Wilson,hassan.wilson3767@example.com,+61627105954,47,Australia,Brisbane,2022-02-10,21118.78,Yes
CUST-203768,Sophia Ali,sophia.ali3768@example.com,+49475351195,55,Canada,Toronto,06/12/2022,34829.62,0
CUST 203769,James Ali,,+61782276520,73,Pakistan,Karachi,12/10/2021,"12.500,50",TRUE
CUST-203770,12345,sophia.lee3770@example.com,++612345678,18 years,United states of america,Berlin,2026-13-44,36858.75,TRUE
CUST-203771,James Walker,james.walker3771@example.com,+49624769271,48,United states of america,Leeds,14/02/2025,20818.08,maybe
CUST-203774,Olivia King,olivia.king3774@example.com,+61593159883,999,Pakistan,,12/10/2019,21049.6,active
CUST-203775,James Walker,JAMES.WALKER3775@EXAMPLE.COM,+44421558679,34,Germany,123,26.10.2025,,Yes
CUST-203777,Fatima Brown,ali.walker3442@example.com,+92901478698,18 years,United Kingdom,Manchester,25 Jun 2025,31365.04,No
CUST-203778,Sophia Ali,user @mail.com,unknown,36,Pakistan,,07/12/2020,8325.44,No
CUST-203779,Ahmed Johnson,ahmed.johnson3779@example.com,(02) 9999-8888,50,United Kingdom,Sydney NSW,2025/00/12,19722.93,inactive
,John Clark,john.clark3780@example.com,+49784376431,24,Canada,Calgary,15/05/2026,"12.500,50",No
CUST-203781,Ali King,abc.com,+61922222131,46,USA,London,26/09/2024,23441.36,active
CUST-203782,Fatima Wilson,fatima.wilson3782@example.com,+44750915326,38,US,Leeds,00/00/0000,34407.93,No
CUST-203783,Zain Smith,@domain.com,abc123,74,United Kingdom,Manchester,22.10.2019,"$12,500.50",Yes
CUST-203784,12345,david.clark3784@example.com,abc123,48,Pakstan,Sydney,2023/04/24,27832.16,N
CUST-200901,John Ahmed,john.ahmed3785@@example.com,++612345678,20,United States,Chicago,2021/03/05,19851.63,No
CUST-203786,Emma Hall,emma.hall3786@example.com,+1434762832,145,United Kingdom,Karachi?,24 May 2020,17251.02,No
CUST-203787,Emma Smith,abc.com,+44757090273,145,Pakistan,Lahore,21 Sep 2021,270.49,No
CUST-203788,MiaWhite,mia.white3788@example.com,+61620439416,0,United States,Chicago,02 Jan 2022,1O000,
CUST-203789,John  Lee,john.lee3789@example.com,+61924166257,50,GER,Seattle,none,17486.81,
???,Sarah Smith,sarah.smith3790@example.com,+49425067869,53,Pakistan,123,2024-11-16,21545.83,Yes
CUST-203791,Daniel White,@domain.com,+44615075285,37,United Kingdom,London,01.01.2020,25507.01,Yes
CUST-203792,Hassan Smith,hassan.smith3792@example.com,+49593210439,54,PAKISTAN ,Hamburg,03/08/2023,1O000,No
CUST-203793,James Martin,james.martin3793@example.com,000000000,75,United Kingdom,Manchester,2021-04-11,25185.19,Yes
 CUST-203794,Aisha Martin,aisha.martin3794@example.com,+44968223794,75,Australia,Melbourne,11/06/2025,1677.12,Yes
CUST-203795,Aisha Walker,abc.com,+49797303117,,pakistan,,02 Jul 2023,"2,500 AUD",active
CUST-203796,Daniel Hall,daniel.hall3796@example.com,123,999,United states of america,123,99-99-9999,35004.05,No
CUST-203797,Ali Smith,user @mail.com,+92300660167,55,,Seattle,03.09.2024,23582.17,Yes
CUST-202137,Fatima Taylor,fatima.taylor3798@example.com,+61638542548,33,U.K.,123,06/11/2019,1O000,No
CUST 203799,David Lee,david.lee3799@example.com,+61762092771,65,Australia,Melb,18/11/2022,23374.28,No
CUST-203800,SophiaTaylor,sophia.taylor3800@example.com,+1807058963,twenty,United States,New York,05 Nov 2023,8321.41,No
CUST-203801,James Ali,james.ali3801@example.com,+61752822325,33,United Kingdom,Sydney NSW,28 Feb 2022,999999999,No
CUST-203802,12345,david.ahmed3802@example.com,0300 1234567,18 years,United States,New York,03-08-2023,20862.28,0
CUST-203803,John Walker,john.walker3803@example.com,+49846094525,71,U.K.,Londn,18.03.2023,"12.500,50",Yes
CUST-203804,Ali Hall,user @mail.com,+92527394961,35,Pakstan,Vancouver,26.03.2019,"2,500 AUD",
CUST-203805,Zain Ali,zain.ali3805@example.com,+61346262940,34,United States,Chicago,2019/08/11,,Yes
CUST 203806,Noah White,@domain.com,+61476408268,46,australia,Leeds,27/07/2019,27590.85,No
CUST-203807,Ahmed Young,ahmed.young3807@example.com,+49876692766,79,Germany,Munich,-,10630.55,Yes
 CUST-203808,Hassan Martin,hassan.martin3808@example.com,+49873496492,31,australia,123,15/09/2025,19829.13,Yes
CUST-203809,Ali White,ali.white3809@example.com,,42,United States,Seattle,00/00/0000,4289.19,No
CUST-203810,Muhammad Smith,muhammad.smith3810@example.com,+49865845822,42,Pakstan,Sydney, ,35087.76,Yes
CUST-203811,Sarah Johnson,sarah.johnson3811@example.com,+92-300-ABC-123,63,United Kingdom,Leeds,2022-02-21,1O000,Yes
CUST-203812,Mr. Ali Young,ali.young3812@example.com,+44512559746,82,Germany,Munich,07-18-2024,19579.6,No
CUST-203813,Emma Johnson,name@,++612345678,73,Pakistan,Lahore,2021/12/10,,Yes
CUST-203814,Hassan Khan,hassan.khan3814@example.com,+61688465346,49,Germany,Hamburg,2020/04/25,25336.68,Yes
CUST-203815,Fatima Khan,user @mail.com,+61338530833,29,United States,Chicago,23 May 2023,,No
 CUST-203816,Olivia Smith,name@,+49396124647,25.5,,Chicago,24/11/2021,27271.91,Yes
,12345,sophia.walker3817@example.com,+1937238850,999,United Kingdom,Manchester,2022-10-13,"$12,500.50",Yes
???,Noah Young,noah.young3818@example.com,+92856962342,25.5,Pakistan,Islamabad,2019/03/28,24217.31,
,Mia Clark,abc.com,+61703116864,31,U.S.A,London,05.07.2020,2493.66,No
CUST-203820,Ali Taylor,ali.taylor3820@example.com,abc123,,Canada,Toronto,12/04/2021,32913.5,No
,John Wilson,john.wilson3821@example.com,+1937554853,76,Canada,Vancouver,07-12-2020,19093.34,TRUE
CUST-203822,Hassan Clark,hassan.clark3822@example.com,++612345678,48,GER,Leeds,07-06-2022,33735.72,maybe
 CUST-203823,John Taylor,john.taylor3823@example.com,+44426319420,54,Pakstan,Leeds,28.07.2022,118.99,No
,James Brown,james.brown3824@example.com,,79,Pakistan,Lahore,14 Nov 2023,1321.8,Yes
CUST-203825,James Wilson,not-an-email,(02) 9999-8888,60,United States,Chicago,,39126.42,No
CUST-203826,UNKNOWN,noah.clark3826@example.com,+61522004145,27,Australia,Brisbane,02-12-2025,30588.25,No
CUST-203827,Olivia Clark,olivia.clark3827@example.com,+1756805051,51,United States,New York,10 Aug 2024,-400,No
CUST-203828,,ahmed.khan3828@@example.com,+44989628660,62,Australia,Sydney,22 Mar 2022,708.78,Yes
CUST-203829,Mr. James Khan,user @mail.com,abc123,145,United States,unknown,31/02/2026,34603.46,
CUST-203830,Muhammad Brown,@domain.com,+44925302558,73,U.S.A,London,2026-03-01,22113.96,No
CUST-203831,Mary Lee,mary.lee3831@example.com,(02) 9999-8888,79,Can.,Karachi?,2025/00/12,34838.26,No
CUST-203832,Sophia Young,sophia.young3832@example.com,+61475338043,1O,Canada,123,07-18-2020,24460.34,No
CUST-203833,Emma Martin,emma.martin3833@example.com,++612345678,19,AUS,Lahore,02 Jul 2022,27654.66,N
CUST-203834,Ali Brown,ali.brown3834@example.com,+61912364008,43,PAKISTAN ,Sydney,99-99-9999,"2,500 AUD",Yes
CUST-203835,Emma Ali,emma.ali3835@example.com,+1 (555) TEST,26,United Kingdom,London,   ,999999999,Yes
CUST-203836,Mia White,abc.com,+49479166022,51,United States,New York,04-30-2021,17375.42,FALSE
CUST-203837,noah hall,noah.hall3837@example.com,+92831130112,43,UK,London,,USD 2500,No
CUST-203838,Daniel Walker,daniel.walker3838@example.com,+92765689856,999,United Kingdom,London,   ,13393.71,Yes
CUST-203839,Ahmed Hall,ali.khan2202@example.com,+92626328350,55,U.K.,Leeds,2021-12-26,,inactive
CUST-203840,Daniel Lee,daniel.lee3840@example.com,123,42,Australia,Brisbane,2022-07-18,30201.51,No
CUST-203841,12345,not-an-email,+92847200996,36,USA,NYC,01/09/2023,39377.58,No
CUST-203842,,ahmed.johnson3842@example.com,+92-300-ABC-123,32,United Kingdom,Manchester,06 Nov 2024,"12.500,50",Y
CUST-202799,Fatima Hall,@domain.com,+92632413303,53,Pakstan,unknown,2025-12-16,,active
CUST 203844,Daniel White,daniel.white3844@example.com,+61945855116,18 years,,Melb,2024/04/11,"2,500 AUD",0
CUST-203845,John White,@domain.com,+44403216274,48,USA,Toronto,03-29-2019,38828.78,No
CUST-203846,Noah Ali,noah.ali3846@example.com,+92300443049,25.5,US,Chicago,2021-12-18,35310.72,Yes
CUST-203847,Mia Clark,,abc123,79,Pakistan,Lahore,20/04/2022,13488.43,yes 
CUST-203848,Ahmed Smith,ahmed.smith3848@example.com,(02) 9999-8888,twenty,United States,Londn,Feb 30 2025,free,No
CUST-203849,Mia Walker,mia.walker3849@example.com,+49992454089,1O,Canada,Melb,32 Jan 2025,,inactive
CUST 203850,John Hall,john.hall3850@example.com,0300 1234567,36,Australia,Toronto.,,,FALSE
CUST-203851,Hassan Ali,hassan.ali3851@example.com,+1815708391,70,Canada,Calgary,32 Jan 2025,1494.45,0
cust-203853,John Taylor,,0300 1234567,,United Kingdom,London,not-a-date,36722.1,No
CUST-203854,Sarah Smith,sarah.smith3854@example.com,+61517044582,46,United Kingdom,Karachi?,Feb 30 2025,26565.36,Yes
CUST-202574,James Brown,james.brown3855@example.com,+61571135633,46,Pakistan,Islamabad,26 May 2021,33383.4,No
CUST-203856,Sarah Johnson,sarah.johnson3856@example.com,0300 1234567,48,Australia,Brisbane,00/00/0000,"12.500,50",Yes
CUST-203857,Mary Taylor,mary.taylor3857@example.com,+61451361266,45,United States,Seattle,08-05-2024,35899.38,Yes
,Olivia Brown,olivia.brown3858@example.com,+1539176898,70,Canada,Calgary,,999999999,no 
CUST-203859,ZainClark,zain.clark3859@example.com,+92946054761,-4,Pakistan,Islamabad,2022-04-01,999999999,No
,Mr. Sophia Young,sophia.young3860@example.com,+1946757339,,Canada,Melb,2019-06-07,4718.71,No
CUST-203861,Emma Brown!!!,,+61522834439,,Canada,Londn,13/13/26,17323.99,No
 CUST-203862,Zain Johnson,zain.johnson3862@example.com,,19,Pakistan,Karachi,20 Apr 2023,22499.57,No
 CUST-203863,ali brown,,+44525202834,22,Germany,Hamburg,17.06.2025,,Yes
203864,Mia Lee,mia.lee3864@example.com,+44844009960,68,Canada,Calgary,13/13/26,4159.94,Yes
CUST 203865,Ahmed Hall,name@,+49827091289,68,United States,Seattle,27 Jan 2024,"$12,500.50",maybe
CUST-203866,Sophia Brown,name@,+44668904328,74,Australia,Karachi?,09 Jul 2025,"2,500 AUD",No
CUST-200885,Ahmed Ahmed,ahmed.ahmed3867@example.com,+44497477351,twenty,Canada,Vancouver,2026/04/05,33228.04,Yes
CUST-203868,Daniel Taylor,daniel.taylor3868@example.com,+61417236533,54,UK,Seattle,06 Nov 2025,25871.98,TRUE
CUST-203869,Ali Clark!!!,ali.clark3869@example.com,000000000,999,Canada,Vancouver,not-a-date,-400,No
CUST-203870,Fatima Smith,fatima.smith3870@example.com,+92779373879,73,Canada,Toronto,2026/04/23,8265.45,
CUST-203871,Daniel Smith,@domain.com,+1837206013,,PK,Munich,99-99-9999,1O000,TRUE
???,David Smith,david.smith3872@example.com,,32,Pakistan,Lahore,missing,,Yes
CUST-203873,Noah Taylor,noah.taylor3873@example.com,+1731797102,45,Pakistan,Islamabad,2021/03/12,free,active
CUST-203874,Hassan Johnson,user @mail.com,+1588252456,82,Germany,Munich,07.01.2020,8769.67,active
CUST-203875,Mr. Noah Ali,noah.ali3875@example.com,+1813812770,60,Pakistan,NYC,28.10.2022,1682.75,yes 
CUST-203876,Mr. Zain Johnson,,+1311879910,53,Can.,Chicago,06-25-2019,23957.78,No
CUST-203877,Mia Ali,mia.ali3877@example.com,+61843909207,76,Pakistan,Lahore,none,26591.68,active
CUST-203878,Hassan Taylor,hassan.taylor3878@example.com,+61646286765,43,Pakstan,London,04/01/2026,999999999,No
CUST-203879,Mr. Ahmed Clark,test@test,+1491619667,81,Canada,Sydney NSW,07 Sep 2025,-400,inactive
CUST-203880,Zain Clark,ZAIN.CLARK3880@EXAMPLE.COM,+49983184593,39,Canada,Vancouver,2019-03-06,30284.21,Yes
CUST-203881,,muhammad.lee3881@example.com,+92903413473,18 years,United States,Londn,27.11.2024,4703.4,Yes
CUST-203882,Sarah Smith,sarah.smith3882@example.com,+92-300-ABC-123,81,Pakistan,Karachi,2023/05/25,USD 2500,TRUE
CUST-203883,Emma Taylor,emma.taylor3883@example.com,+44530799262,23,Canada,Vancouver,unknown,39706.48,Yes
CUST-203884,Aisha Ali,,123,25.5,US,Lahore,31 May 2020,37813.36,TRUE
CUST-203885,David Wilson,foo.bar@domain,+1561076100,54,Germany,Berlin,2024-09-27,20705.7,No
???,Aisha Clark,aisha.clark3886@example.com,+44614902395,145,Can.,Calgary,   ,-400,No
CUST-203887,Sophia Taylor,,+1745630074,21,,Sydney NSW,14 Mar 2021,36762.37,0
CUST-203888,Daniel Taylor,daniel.taylor3888@example.com,+49608015280,42,Canada,Calgary,26 Apr 2026,2790.69,Yes
CUST-203889,???,noah.khan3889@example.com,+1570258228,0,United States,Sydney NSW,08-16-2023,1O000,No
CUST-203890,Sarah Martin,sarah.martin3890@example.com,,18 years,U.S.A,Manchester,01/10/2025,27894.32,Yes
,David Ahmed,david.ahmed3891@example.com,,81,Germany,Hamburg,2025-06-29,31422.18,Yes
CUST-203892,Olivia Wilson,olivia.wilson3892@example.com,+61647550694,18 years,Pakstan,Leeds,2026-13-44,20765.29,no 
CUST-203893,Zain Brown,zain.brown3893@example.com,+44899104474,25,AUS,Chicago,15/01/2025,,No
CUST-203894,Ali Walker,ali.walker3894@example.com,+1719095748,18 years,Pakistan,Lahore,00/00/0000,18451.11,No
CUST-203895,MuhammadHall,test@test,+44859911195,36,pakistan,Toronto.,26 May 2023,21264.88,No
CUST-203896,Mr. Daniel Johnson,test@test,+61662335317,30,,,2021/04/18,32474.42,Yes
CUST 203898,Mia Ahmed,mia.ahmed3898@@example.com,+61891067718,1O,,Munich,2020-01-31,3772.42,Yes
CUST-203899,OliviaTaylor,olivia.taylor3899@example.com,123,21,US,Hamburg,10-23-2025,35480.0,No
CUST-203900,Mr. Emma King,emma.king3900@example.com,+92425861304,25,United States,unknown,2019/10/18,7447.77,No
CUST-203901,Aisha Martin,aisha.martin3901@example.com,+1938404587,999,United Kingdom,London,04-27-2020,999999999,active
CUST 203902,Hassan Young!!!,,+49617950689,47,Pakistan,Lahore,2022-09-27,20387.73,No
CUST-203903,Ali Brown,,+44347187223,70,U.S.A,Sydney,2023-06-29,12409.54,Y
CUST-203904,David  King,david.king3904@example.com,+92345777998,67,US,Chicago,2024-01-29,24878.3,Yes
CUST-203905,Mia Khan,mia.khan3905@example.com,+92874442809,,Australia,,2021-04-13,19544.34,No
CUST-203906,Fatima Ahmed,fatima.ahmed3906@example.com,+44634269303,79,Canada,Calgary,2023-01-12,"12.500,50",Yes
CUST-203907,James Lee,user @mail.com,++612345678,78,Germany,Berlin,29 Nov 2020,24517.78,No
CUST-203908,Fatima Khan,name@,+49915684086,38,Germany,Karachi?,24 Feb 2023,"$12,500.50",No
203909,Sarah Clark,,+61864487128,47,United Kingdom,123,01/05/2019,1O000,Yes
CUST-203910,David Clark,david.clark3910@example.com,+61338674948,47,PAKISTAN ,Toronto, ,"2,500 AUD",Yes
???,Mia Walker,mia.walker3911@example.com,+49602052298,twenty,pakistan,Lahore,08-03-2020,17743.99,Yes
CUST-203912,Emma  Johnson,daniel.hall2168@example.com,0300 1234567,41,Pakistan,Lahore,07-09-2025,-400,No
CUST-203913,daniel khan,DANIEL.KHAN3913@EXAMPLE.COM,+1835130449,,Australia,Sydney,03-12-2022,27297.54,No
 CUST-203914,Muhammad Martin,muhammad.martin3914@example.com,+44316876573,51,Germany,Munich,2020-03-10,999999999,Yes
,Aisha Walker!!!,aisha.walker3915@example.com,+61497343193,34,Pakstan,Londn,,39123.76,No
CUST-203916,Emma King,abc.com,unknown,37,US,unknown,05 Jun 2023,USD 2500,Yes
CUST-203917,james hall,james.hall3917@example.com,+92436289428,81,AUS,Toronto,05/08/2019,38626.11,N
CUST-203918,Hassan Smith,name@,+61910021358,26,Pakstan,Melbourne,unknown,33801.48,Yes
CUST-203919,UNKNOWN,hassan.walker3919@example.com,(02) 9999-8888,71,United Kingdom,Sydney NSW,2019-09-22,14709.19,Yes
???,Muhammad Taylor,muhammad.taylor3920@example.com,+92467690155,145,Canada,Toronto,10 Mar 2026,,Yes
CUST-203921,UNKNOWN,olivia.johnson3921@example.com,+44568942394,,Canada,Calgary,30 Sep 2021,27693.65,Yes
CUST-203922,Zain White,zain.white3922@example.com,+61641139080,37,Germany,Munich,23 Mar 2021,,No
CUST-203923,Sophia Ahmed,,+1 (555) TEST,25.5,Germany,Munich,2019-03-28,,Yes
???,Olivia Wilson,olivia.wilson3924@example.com,+49625826332,81,Pakistan,Karachi,11-27-2025,5445.05,Yes
CUST-203925,John Brown,,+44543693707,0,Australia,Melbourne,27 Feb 2023,free,Yes
CUST-203926,Noah Young,not-an-email,+1837875344,0,Germany,Munich,15.09.2024,28872.63,Yes
CUST-203927,Olivia Martin,olivia.martin3927@example.com,+49991703494,56,United Kingdom,Leeds,07/06/2022,692.29,TRUE
CUST-203928,David Clark,david.clark3928@example.com,(02) 9999-8888,-4,Canada,Vancouver,03.12.2025,,No
???,UNKNOWN,sophia.taylor3929@example.com,+61939845506,53,USA,Vancouver,18/02/2020,free,inactive
CUST-203930,UNKNOWN,ali.khan3930@example.com,+1318237702,69,Germany,Berlin,missing,37632.45,No
CUST-203931,Aisha Ali,aisha.ali3931@example.com,+1733154896,74,PK,Londn,05/08/2022,13741.53,TRUE
CUST-203932,James Walker,james.walker3932@example.com,+44754742281,1O,United Kingdom,,23.10.2024,17298.29,No
CUST-203933,Daniel Ali,daniel.ali3933@@example.com,++612345678,81,United States,Chicago,29.12.2022,32889.27,TRUE
???,Mary Walker,mary.walker3934@example.com,+44460390532,78,Pakstan,Manchester,02-19-2025,"$12,500.50",maybe
CUST-203935,12345,emma.taylor3935@example.com,+44659837346,71,Australia,Brisbane,2022/02/21,12727.84,No
CUST-203936,Aisha Khan!!!,aisha.khan3936@example.com,+44414620205,46,UK,Leeds,28.02.2023,2956.3,Yes
CUST-203937,Zain Ali,zain.ali3937@example.com,abc123,36,United States,Seattle,16.12.2025,30307.4,Yes
CUST-203938,Emma Young,emma.young3938@example.com,+61416114488,72,U.S.A,Manchester,2021/10/30,19408.79,N
CUST-203939,,mary.johnson3939@example.com,+92760223803,70,U.K.,Hamburg,06-17-2026,34871.91,No
???,Sophia Young,not-an-email,+49321406905,32,Pakistan,unknown,2026-13-44,17219.89,
CUST-203942,Noah Wilson,user @mail.com,++612345678,35,PK,Londn,01-31-2019,,Yes
203943,,ahmed.ali3943@example.com,+1596338464,-4,United States,Seattle,2024-03-28,14930.4,No
CUST-203944,JamesMartin,james.martin3944@example.com,0300 1234567,1O,Germany,Munich,27/12/2024,"2,500 AUD",Yes
CUST-203945,,user @mail.com,unknown,58,Germany,Sydney NSW,unknown,12891.83,1
CUST-203946,Zain Ali,@domain.com,abc123,36,Pakistan,Islamabad,99-99-9999,3633.61,No
CUST-203947,Mia King,name@,+1745758870,44,U.S.A,Toronto,06 May 2026,"2,500 AUD",Yes
CUST-203948,John White,john.white3948@example.com,0300 1234567,54,Australia,Sydney,17 Jun 2025,35016.27,inactive
CUST-203950,David Johnson,david.johnson3950@example.com,+1 (555) TEST,-4,Pakistan,123,15.01.2023,26960.74,No
CUST-203951,Muhammad Ahmed,muhammad.ahmed3951@example.com,+92-300-ABC-123,22,Australia,Melbourne,2019-03-29,4072.02,1
CUST-203952,Mia Khan,mia.khan3952@example.com,+61449681277,55,United States,Seattle,01 Aug 2025,32923.41,Yes
,Emma Martin,emma.martin3954@example.com,+1566661918,,United Kingdom,Leeds,2026-13-44,999999999,No
CUST-203955,,not-an-email,+92667987077,79,Pakistan,Lahore,04 Jan 2019,28595.36,Y
 CUST-203956,,sophia.ahmed3956@example.com,+92798152242,69,U.S.A,Chicago,2023/02/15,USD 2500,No
CUST-203957,Mary Martin,mary.martin3957@example.com,+44448035731,78,GER, Lahore,02-26-2022,30113.06,No
,UNKNOWN,mia.ahmed3958@example.com,+49765693357,47,GER,Toronto,2025/07/04,377.27,no 
CUST-203959,David Khan,david.khan3959@example.com,+61516485308,36,United States,Seattle,08/03/2019,37127.23,Yes
CUST-203960,Hassan Brown,foo.bar@domain,+44961203147,62,Pakistan,Lahore,,8272.7,maybe
CUST-203961,Mr. Daniel Khan,daniel.khan3961@example.com,+92902344164,38,Pakistan,Lahore,2022-09-29,13540.14,
CUST-203962,Aisha Ali,aisha.ali3962@example.com,+92383671529,44,United States,Chicago,2026/03/30,37969.29,Yes
CUST-203963,Emma Ahmed,emma.ahmed3963@example.com,+1486879192,21,Australia,123,2025/11/04,"12.500,50",active
CUST-203964,AhmedAhmed,ahmed.ahmed3964@example.com,+92403208581,79,Germany,Berlin,2025-04-26,999999999,TRUE
CUST-203965,???,olivia.ahmed3965@example.com,+44706658664,25.5,Australia,Brisbane,,1O000,Yes
CUST-203966,Ali Ahmed,ali.ahmed3966@@example.com,+1979827015,twenty,PAKISTAN ,Melbourne,10 Nov 2022,4108.59,Yes
CUST-203967,Zain King,zain.king3967@example.com,+1585811392,54,Germany,Hamburg,26.01.2026,20065.77,Yes
CUST-203968,Muhammad Ali,muhammad.ali3968@example.com,+44508721005,32,United States,New York,04 Aug 2024,999999999,No
CUST-203969,Olivia Smith,user @mail.com,+1365802590,63,Australia,Melbourne,,32443.14,No
CUST-203970,Emma Taylor,test@test,+92552682962,39,PAKISTAN ,Leeds,2021/11/22,,N
CUST-203971,David Martin!!!,david.martin3971@example.com,000000000,19,United Kingdom,Toronto.,2024/12/19,21931.94,No
CUST-203973,Emma Ahmed,EMMA.AHMED3973@EXAMPLE.COM,+92330463030,54,Germany,Hamburg,06/04/2025,21517.02,No
203974,,zain.smith3974@example.com,+92535673657,63,United Kingdom,London,Feb 30 2025,free,No
CUST-203975,James Brown,JAMES.BROWN3975@EXAMPLE.COM,+44506281585,75,Canada,Vancouver,08-26-2020,36291.98,yes 
CUST-203976,James Hall,JAMES.HALL3976@EXAMPLE.COM,+92667725575,25,United States,Seattle,,6107.92,No
CUST-203977,hassan ahmed,hassan.ahmed3977@example.com,+1789600256,57,Germany,Munich,unknown,999999999,no 
CUST-203248,???,zain.ahmed3978@example.com,+1 (555) TEST,,Australia,Brisbane,04/05/2024,"12.500,50",Yes
CUST-203979,Noah Ahmed!!!,noah.ahmed3979@example.com,+1 (555) TEST,61,United States,Chicago,2025/09/03,35275.06,Yes
CUST-203980,Aisha Wilson,aisha.wilson3980@example.com,+49509803482,76,Canada,,2020/01/23,20242.0,Yes
CUST-203981,Daniel Hall,daniel.hall3981@example.com,+61323259189,21,Australia,Karachi?,25/06/2022,25336.24,inactive
CUST-203982,Fatima Taylor,name@,+1553800254,69,pakistan,Munich, ,"12.500,50",Yes
CUST-203983,Fatima Khan,fatima.khan3983@example.com,+1367337581,145,United States,,07-11-2021,-400,No
CUST-203984,Olivia Ali,not-an-email,+44802589141,54,United States,New York,30 Sep 2019,12653.09,No
CUST-203986,Daniel Johnson,daniel.johnson3986@example.com,0300 1234567,36,Pakistan,Karachi,09-03-2020,16164.09,No
CUST 203987,Muhammad Lee,muhammad.lee3987@example.com,+92758179667,73,United States,Seattle,30/04/2020,-400,Yes
CUST-203912,Emma Hall,name@,unknown,76,Pakistan,Karachi,30.09.2025,8970.84,Yes
CUST-203989,,name@,+92644317762,61,Australia,,13/13/26,39600.27,No
203990,Sarah Martin,sarah.martin3990@example.com,+61468804884,66,United Kingdom,London,06/07/2025,999999999,Yes
,Emma Young,emma.young3991@example.com,+1930136008,twenty,Canada,Toronto,2021/10/31,1O000,Yes
CUST-203992,James Ahmed,james.ahmed3992@example.com,+44706407552,73,Pakstan,123,13.09.2022,5564.5,No
CUST-203993,Hassan Lee,,+49684746264,79,United States,New York,2025/00/12,,No
cust-203994,UNKNOWN,foo.bar@domain,+1311238512,,U.S.A,NYC,19.03.2019,USD 2500,Yes
CUST-203995,David Ahmed,david.ahmed3995@example.com,0300 1234567,19,PK,Islamabad,2021-04-02,17577.15,No
CUST-203996,Zain Ahmed,zain.ahmed3996@example.com,+61658340345,67,United Kingdom,Toronto.,2019/08/13,9642.23,Yes
203997,Sarah Taylor,sarah.taylor3997@example.com,+61617415214,19,USA,Leeds,missing,35069.09,inactive
CUST-202046,James Wilson,,+61466885744,61,Australia,Brisbane,19 Jan 2023,USD 2500,Yes
CUST-203999,Mary Khan,mary.khan3999@example.com,+1385556445,63,GER,Chicago,22/08/2025,7015.89,Yes
CUST-204000,Mr. David Young,david.young4000@example.com,+49998588095,68,Canada,Toronto,04-21-2019,11924.06,No
CUST-204001,???,test@test,+92878763121,,AUS,Toronto,07-10-2024,19456.7,inactive
CUST-204003,Sarah Taylor,sarah.taylor4003@example.com,+92467079376,32,Germany,Munich,2019-12-13,35084.82,1
CUST-204004,SARAH KHAN,SARAH.KHAN4004@EXAMPLE.COM,+49920695866,53,United Kingdom,Manchester,25 Jun 2020,6895.48,No
CUST-204005,Noah Walker,noah.walker4005@example.com,+61603185144,63,Germany,Hamburg,,32208.99,Yes
CUST-204006,Fatima Young,fatima.young4006@example.com,+61826748607,,Australia,Sydney,23/05/2019,,No
 CUST-204007,James White,james.white4007@example.com,unknown,59,Australia,Melbourne,?,22109.71,1
CUST-204008,James  Walker,james.walker4008@example.com,+92645642879,59,Canada,Karachi?,18 Jan 2020,39524.63,Yes
CUST-204009,David Clark,user @mail.com,,60,,Toronto.,2022-11-20,20787.12,
,Ahmed Smith!!!,sarah.clark164@example.com,abc123,82,Canada,Calgary,2019/08/07,11803.11,FALSE
CUST-204012,Aisha Lee,aisha.lee4012@example.com,+44842516811,59,Australia,NYC,16/10/2024,"$12,500.50",No
CUST-204013,Sophia White,sophia.white4013@example.com,+92508056233,75,United Kingdom,Leeds,04 Jul 2020,,No
CUST-204014,Zain Wilson,test@test,+92911114709,55,Australia,Brisbane,01 Apr 2025,16345.22,Yes
CUST-204015,Aisha Clark,aisha.clark4015@example.com,+92869539199,70,PAKISTAN ,LONDON,12/10/2025,1O000,No
CUST-204016,Aisha Smith,abc.com,,18 years,Pakistan,NYC,2020/12/27,8227.34,No
CUST-204017,Noah Lee,noah.lee4017@example.com,+92703965012,145,PK,Seattle,2025/01/24,27925.8,yes 
CUST-204018,Ali Hall,ali.hall4018@example.com,+61906668725,67,Australia,Toronto.,2021-12-04,3567.96,active
CUST-204019,Ahmed Martin,foo.bar@domain,000000000,0,US,NYC,05-06-2025,"$12,500.50",N
CUST-204020,Mia White,mia.white4020@example.com,,66,U.K.,Manchester,2023/06/19,803.87,Yes
CUST-204021,12345,david.khan4021@example.com,+49655444278,0,United States,New York,07.12.2019,-400,yes 
CUST-204023,John Ali,JOHN.ALI4023@EXAMPLE.COM,+92951921904,78,australia,Calgary,13.01.2021,30425.62,No
CUST-204024,Aisha Ahmed,,+1912541620,62,United States,New York,14 Dec 2019,1O000,maybe
CUST-204025,Ali Johnson,ali.johnson4025@example.com,0300 1234567,39,UK,Berlin,18.04.2026,28826.89,No
CUST-204026,John White,john.white4026@example.com,+92609134420,18 years,United States,New York,2022/05/17,18926.77,0
,David Johnson,david.johnson4027@example.com,+44406705695,41,United Kingdom,Leeds,2023/11/04,,Yes
CUST-204028,Mia Young,test@test,+49739137705,56,U.S.A,NYC,2026-02-31,33104.57,0
CUST-204029,Mr. Mary Khan,mary.khan4029@example.com,+61383398341,28,australia,NYC,07-20-2021,13381.89,No
CUST-201295,Muhammad Khan,muhammad.khan4030@example.com,+92632937721,65,Pakistan,Karachi,17 Mar 2021,9898.68,Y
CUST-204031,Mia King,mia.king4031@example.com,+49482031039,38,Germany,Berlin,2023/03/14,34309.98,0
CUST-204032,Muhammad Taylor,foo.bar@domain,+49391485627,45,GER,Chicago,Feb 30 2025,999999999,No
CUST-204033,Daniel Khan,daniel.khan4033@example.com,+92750771201,76,Canada,Calgary,,1881.14,yes 
CUST-204034,Aisha Wilson,aisha.wilson4034@example.com,0300 1234567,70,Pakistan,123,03 Oct 2024,999999999,FALSE
CUST-204035,Ali Khan,ali.khan4035@example.com,+1707125807,18 years,Germany,Karachi?,18/12/2019,645.68,No
CUST-204036,Ali Smith,ali.smith4036@example.com,+92347963894,49,Pakistan,Islamabad,2023-09-21,29030.98,inactive
CUST-204037,David Young,test@test,+61891823350,41,United States,Chicago,2025/04/14,38854.3,No
CUST-204038,David Young,,+44371313930,21,Germany,Berlin,?,33125.42,No
CUST-204039,Hassan Smith,hassan.smith4039@example.com,+92955817901,30,United Kingdom,Manchester,30 Mar 2026,1183.64,Yes
CUST-204040,Hassan Walker,hassan.walker4040@example.com,+1440505871,24,US,London,2025-03-19,28735.18,TRUE
CUST-204041,,@domain.com,+49622289793,-4,australia,Sydney,09-29-2024,14146.23,Yes
CUST-204042,David Ahmed,david.ahmed4042@example.com,123,31,Canada,Calgary,missing,,Yes
CUST-204043,James Brown,james.brown4043@example.com,+92682999882,43,Germany,NYC,12-02-2019,9245.99,No
CUST-204044,James Walker,james.walker4044@@example.com,+1978483190,37,Germany,Berlin,2023-02-20,24322.59,Yes
CUST-204045,Ali Walker,ali.walker4045@example.com,+92556017654,66,Canada,Toronto,2024/12/26,19952.66,Yes
CUST-203964,Hassan Brown,hassan.brown4046@example.com,,59,United Kingdom,Manchester,31/02/2026,39137.18,No
CUST-204047,Sarah Clark,sarah.clark4047@example.com,+92908307801,26,Germany,Munich,2024-11-27,1021.4,Yes
???,Olivia Taylor,,,57,US,Melbourne,11-13-2024,6692.74,Yes
CUST-204049,Ali Young,ali.young4049@example.com,+61969526319,25.5,Australia,Brisbane ,,,Yes
CUST-204050,,abc.com,000000000,24,Canada,Toronto,none,37050.38,No
CUST-204051,Mary Lee,noah.wilson2573@example.com,+61849857807,40,Australia,Brisbane,24 Mar 2021,36785.01,No
CUST-204053,Fatima Smith,fatima.smith4053@example.com,+61719658331,74,Australia,Sydney NSW,10-12-2023,23514.42,Yes
CUST-204054,Aisha Young,aisha.young4054@example.com,+49949843275,,Australia,Sydney,99-99-9999,free,Yes
CUST-204055,,muhammad.king4055@example.com,+1361290279,47,Pakistan,Sydney NSW,01/06/2019,2365.35,FALSE
CUST 204056,Aisha Johnson,,,,Pakstan,Sydney,05 Apr 2019,16959.53,TRUE
CUST-204057,Emma Smith,emma.smith4057@example.com,+44938484678,71,United Kingdom,Sydney NSW,00/00/0000,"2,500 AUD",No
204058,Sophia Young,sophia.young4058@@example.com,,68,United states of america,Seattle,2022/11/20,5868.01,Yes
CUST-204059,Ahmed King,ahmed.king4059@example.com,abc123,81,Australia,Melbourne,27 Sep 2020,"$12,500.50",TRUE
CUST-204060,David Khan,david.khan4060@example.com,+92402437469,33,pakistan,,2025/00/12,27502.29,inactive
CUST-204061,Sarah Ali,sarah.ali4061@example.com,+61668818907,73,UK,Hamburg, ,33290.98,Yes
CUST-204062,Fatima White,fatima.white4062@example.com,+44514607156,43,United Kingdom,Leeds,04-11-2019,free,Yes
CUST-204063,David Clark,david.clark4063@example.com,++612345678,18 years,Pakistan,Lahore,28 Jan 2019,8007.34,No
CUST-204064,,olivia.smith4064@example.com,+1402661854,59,Germany,Hamburg,09-20-2022,35359.01,maybe
CUST 204065,,sophia.taylor4065@example.com,0300 1234567,,Germany,unknown,11.06.2020,14595.14,TRUE
CUST-204066,Mary King,mary.king4066@example.com,+92554780360,48,USA,Munich,01-18-2026,31963.58,No
CUST-204068,Mary Johnson,mary.johnson4068@example.com,+1542276937,18 years,United states of america,Karachi,2022/01/08,,Y
,John Martin,john.martin4069@example.com,+61796754136,58,U.S.A,Londn,26 May 2023,free,Yes
CUST-204070,UNKNOWN,daniel.brown4070@example.com,+44392143917,1O,PAKISTAN ,New York,2025/11/05,USD 2500,yes 
CUST-204071,Hassan Walker,hassan.walker4071@example.com,+44658995657,80,Canada,Calgary,Feb 30 2025,999999999,Yes
,James Johnson,james.johnson4072@example.com,,27,Germany,Berlin,08-16-2025,"2,500 AUD",Yes
CUST-204073,12345,aisha.ahmed4073@example.com,+1427786841,27,Pakistan,Lahore,2024/06/01,12892.2,
CUST-204074,Muhammad Young,muhammad.young4074@example.com,+1617503036,62,United States,Seattle,   ,26416.86,no 
 CUST-204075,Mia Smith,mia.smith4075@example.com,+92850701016,54,U.K.,Melbourne,2020/09/27,9721.24,active
CUST-204076,John Young,john.young4076@example.com,,36,Australia,Melbourne,04-08-2021,USD 2500,
CUST-204077,Ali Hall,ali.hall4077@example.com,+44994876663,70,United Kingdom,,2020/12/20,28060.62,No
CUST-204078,David Lee,david.lee4078@example.com,+61635463315,twenty,Canada,Toronto,,12438.99,Yes
CUST-204079,Olivia Lee,olivia.lee4079@example.com,+61397924679,18 years,Pakistan,Toronto.,not-a-date,"2,500 AUD",Yes
 CUST-204080,Fatima Wilson,fatima.wilson4080@example.com,+44616881154,82,Australia,Londn,missing,14693.77,No
CUST-204082,Emma Brown,foo.bar@domain,,33,Australia,NYC,   ,36497.44,inactive
CUST-204083,Daniel Wilson,daniel.wilson4083@example.com,+1950579346,58,Germany,Munich,06 Jul 2020,USD 2500,Yes
???,Zain Johnson,zain.johnson4084@example.com,+1381315601,24,Germany,Hamburg,11-21-2020,29447.95,No
CUST-204085,Mr. Ali Lee,@domain.com,+49918613687,25.5,Germany,NYC,2022-07-15,14097.37,yes 
CUST-204087,Hassan Clark,hassan.clark4087@example.com,+44821028920,20,United Kingdom,Manchester,2021/04/01,USD 2500,No
CUST 204088,Hassan Martin,hassan.martin4088@@example.com,+61664760143,52,Australia,Melbourne,08 Jan 2023,USD 2500,0
CUST-204089,Olivia Ahmed,user @mail.com,+49450732985,79,United Kingdom,Leeds,04-03-2019,20703.14,Yes
CUST-204090,Ali Khan,name@,0300 1234567,82,United Kingdom,LEEDS,2026/06/25,26214.06,No
CUST-204091,Sophia Martin,@domain.com,abc123,52,United States,Seattle,2025/05/25,7030.45,Yes
CUST-204092,Mia White,muhammad.young3265@example.com,++612345678,68,UK,Manchester,25 Dec 2022,11967.16,Yes
CUST-204093,Mary Wilson,mary.wilson4093@example.com,+92859010866,27,PK,Melb,04-09-2025,13927.76,Yes
CUST-204094,Sophia Brown,sophia.brown4094@example.com,+61499467129,61,GER,Manchester,32 Jan 2025,9027.19,Yes
CUST-204095,Olivia Johnson,olivia.johnson4095@example.com,unknown,78,pakistan,Sydney,06-30-2019,33306.51,Yes
CUST-204096,Mr. Sophia Khan,noah.hall1597@example.com,++612345678,47,United Kingdom,Londn,2022-06-29,2505.27,active
CUST-204097,Sophia Khan,sophia.khan4097@example.com,+61944870963,45,U.S.A,Toronto,2020/09/17,3756.53,No
CUST-204098,James Clark,james.clark4098@example.com,+92346442866,29,United Kingdom,Manchester,2021-07-21,31336.14,no 
CUST-204099,Mary White!!!,abc.com,+44662998417,58,Germany,unknown,32 Jan 2025,10816.44,Yes
,Zain Brown,zain.brown4100@example.com,++612345678,999,United Kingdom,Leeds,05/08/2022,9076.88,Yes
CUST-204101,James Taylor,JAMES.TAYLOR4101@EXAMPLE.COM,+1418688179,72,Germany,Munich,24/05/2019,1847.17,No
???,Emma King,emma.king4102@example.com,+92733419507,,Australia,123,20.07.2021,17819.72,inactive
CUST-204103,Aisha Ahmed,aisha.ahmed4103@example.com,+49960163214,76,Germany,Munich,23 Sep 2022,"$12,500.50",inactive
CUST-204104,Zain White,foo.bar@domain,+1526670490,38,Australia,Melb,09 Mar 2019,10126.52,yes 
CUST-204106,John Lee,test@test,+44977350107,50,Pakstan,Toronto,,16478.81,0
CUST-204107,Olivia White,olivia.white4107@example.com,+92993604134,40,pakistan,Berlin,2026-13-44,32614.42,Yes
CUST-204108,Hassan Khan,hassan.khan4108@example.com,+1958958813,0,PAKISTAN ,Melb,2023-08-27,-400,Yes
CUST-204109,Fatima Hall,user @mail.com,+61612400224,54,Pakistan,Islamabad,2025-01-03,25732.65,No
CUST-204110,John Young,john.young4110@example.com,+61466192354,,,Karachi,17/11/2023,24527.16,No
CUST-204111,David Brown,david.brown4111@example.com,+1654751065,45,Pakistan,Melb,08 Jan 2023,3922.09,Yes
CUST-204112,JamesWalker,james.walker4112@example.com,+92649217014,29,AUS,Sydney NSW,2024/05/18,29689.73,Yes
CUST-204113,Ahmed Young,ahmed.young4113@example.com,,80,Germany,Sydney NSW,10-05-2022,38051.02,No
CUST-204114,Sarah Khan,not-an-email,123,71,Australia,Melbourne,09-19-2025,"$12,500.50",no 
CUST-204115,MiaKhan,mia.khan4115@example.com,++612345678,77,Canada,Vancouver,2019/03/05,39396.69,No
CUST-204116,Muhammad Ahmed,muhammad.ahmed4116@example.com,000000000,,Canada,Toronto,22 Feb 2025,"2,500 AUD",Yes
CUST-204117,Emma Ali,emma.ali4117@example.com,+44379653188,32,Australia,Melbourne,2020-05-11,"12.500,50",No
CUST-204118,Emma Wilson,,(02) 9999-8888,55,Canada,Vancouver,14 Jul 2020,999999999,No
CUST-204119,Ali Taylor,ali.taylor4119@example.com,+92415652113,80,Pakistan,Islamabad,2025/07/09,1O000,No
cust-204120,Hassan Khan,,+92930819103,1O,Can.,Sydney,,11188.59,Yes
CUST-204121,???,fatima.lee4121@example.com,+61537867222,65,Pakistan,Lahore,12 Feb 2025,USD 2500,Yes
204122,,noah.ahmed4122@example.com,,28,U.K.,Karachi,12-12-2024,3516.21,Yes
204123,MiaMartin,not-an-email,(02) 9999-8888,0,United States,Chicago,2022/11/12,38154.64,1
CUST-204124,Sophia Khan,,+44976169562,21,United Kingdom,Leeds,19.07.2025,23689.77,No
CUST-204125,Emma Clark,emma.clark4125@example.com,abc123,55,United Kingdom,unknown,2024/01/03,14081.26,No
CUST-204126,,muhammad.hall4126@example.com,+49924630184,31,Canada,Vancouver,22.08.2024,19727.09,
CUST-204127,Hassan Young,hassan.young4127@example.com,+1356251543,21,Pakstan,Melbourne,28 Jan 2025,9566.67,Yes
,AhmedWalker,ahmed.walker2663@example.com,+49739816880,39,United Kingdom,London,,27386.35,No
CUST 204129,Olivia Smith!!!,test@test,abc123,24,AUS,Chicago,06 Oct 2021,12814.45,No
CUST-204130,Noah Walker,not-an-email,+92405374465,64,Germany,Hamburg,,16169.06,No
CUST-204131,Emma Martin,emma.martin4131@@example.com,+61427094298,18 years,pakistan,Hamburg,,19475.9,No
CUST-204132, Hassan Brown,hassan.brown4132@example.com,abc123,65,Germany,,26.05.2022,5019.11,active
 CUST-204133,Sarah Clark,sarah.clark4133@example.com,+92417879870,145,,Munich,05 May 2025,,0
CUST-204134,Zain Walker,name@,000000000,65,Pakistan,Lahore,04-20-2025,19032.59,No
cust-204135,Sarah Clark,sarah.clark4135@@example.com,+61818168707,29,Germany,Toronto.,02-18-2021,9573.55,Yes
CUST-204136,Sarah King,sarah.king4136@@example.com,+49313564165,0,Australia,Sydney,09-10-2025,16420.69,Yes
CUST-204137,OLIVIA TAYLOR,name@,+49543794439,40,Pakistan,Sydney NSW,08/05/2025,33720.47,No
204138,Emma Khan,emma.khan4138@example.com,+92-300-ABC-123,1O,Australia,Londn,22 Oct 2023,1134.89,yes 
CUST-204139,John Lee,name@,+44424584234,-4,pakistan,Leeds,2020/09/11,-400,
CUST-204140,Daniel Khan,daniel.khan4140@example.com,+61733030056,39,,Manchester,2022-02-06,36094.69,
cust-204141,Sophia Martin,user @mail.com,+1485769842,57,PK,Melbourne,2021/02/23,12186.06,No
CUST-204142,Muhammad Ali,MUHAMMAD.ALI4142@EXAMPLE.COM,+61966545336,1O,United States,Seattle,01-28-2019,26927.34,No
CUST-204143,Olivia White,olivia.white4143@example.com,+49921102070,75,AUS,Sydney ,18.04.2019,7904.27,Yes
CUST-204144,Daniel Clark,@domain.com,,73,Canada,Melb,11/01/2022,36598.33,Yes
CUST-204145,Ahmed Young,ahmed.young4145@example.com,+44978626128,38,PK,Vancouver,07 Mar 2022,36160.35,No
CUST-204146,Ahmed Taylor,ahmed.taylor4146@example.com,+61303775273,38,PAKISTAN ,Hamburg,31/02/2026,15674.58,No
CUST-204147,Emma White,emma.white4147@example.com,+49927455421,46,Can.,Toronto,19 Jan 2023,"12.500,50",TRUE
CUST-204148,Fatima Smith,fatima.smith4148@example.com,+61598509400,70,Pakistan,,03-21-2023,36333.12,Yes
CUST-204149,Fatima White,fatima.white4149@example.com,+49863282396,21,United Kingdom,Manchester,2024/08/12,,Yes
CUST-204150,Noah Hall,noah.hall4150@example.com,+49782447985,0,United States,Chicago,16.11.2022,37544.59,
CUST-204151,Zain Brown,zain.brown4151@example.com,+49593053153,64,Australia,Sydney,03/10/2021,6723.92,
CUST-204152,Mary Taylor,mary.taylor4152@example.com,+49557656306,58,Pakistan,Karachi,2021-09-21,3106.94,Y
CUST-204153,,olivia.king4153@example.com,+1576174052,18 years,Australia,unknown,31/02/2026,,No
CUST-204154,Mr. Noah Ahmed,noah.ahmed4154@example.com,+44819029773,40,AUS,London,2025/10/04,21590.91,No
,John Martin,john.martin4155@example.com,+61526546803,41,United States,123,2020/05/28,,
CUST-204156,Noah Hall,noah.hall4156@example.com,++612345678,82,PAKISTAN ,Berlin,05-17-2025,29507.91,Yes
CUST-204157,12345,noah.khan4157@example.com,+92464069122,32,United Kingdom,  London  ,03/05/2023,,maybe
CUST-204158,Mary Wilson,abc.com,abc123,49,GER,London,2024-09-29,20205.69,Yes
CUST-204159,Emma  Ahmed,,abc123,19,United Kingdom,Leeds,12-03-2025,24581.32,Yes
CUST-204160,Zain Walker,zain.walker4160@example.com,+61711483414,19,,Melbourne,29 Mar 2021,31420.69,FALSE
CUST-204161,Ali Clark,ali.clark4161@example.com,+44723881108,44,UK,Londn,,25186.13,No
CUST-204162,12345,muhammad.young4162@example.com,+92765049255,51,,Calgary,32 Jan 2025,23770.62,
,Aisha Smith,aisha.smith4163@example.com,+49686568522,145,United Kingdom,Leeds,17.01.2024,,No
CUST-204164,Ahmed Walker,ahmed.walker4164@example.com,+92957377169,19,Pakistan,123,08/11/2024,23188.37,Yes
CUST-204165,Aisha Hall,aisha.hall4165@example.com,+92722322228,,Can.,Berlin,2025/00/12,5908.26,inactive
CUST-202277,Hassan Martin,hassan.martin4166@example.com,+92953520119,67,Australia,Sydney,2020/07/19,1O000,No
CUST-204167,Aisha Taylor,aisha.taylor4167@example.com,+44587003952,38,Can.,New York,not-a-date,23810.34,No
CUST 204168,Daniel White!!!,daniel.white4168@example.com,+92748204318,73,Can.,Londn,30.09.2020,USD 2500,No
CUST-204169,,mary.ali4169@example.com,+49483108386,33,,Seattle,2025/04/10,5752.76,Yes
CUST-204170,12345,test@test,+92-300-ABC-123,25.5,United States,,20/04/2023,10717.19,No
CUST-204171,12345,david.ahmed4171@example.com,(02) 9999-8888,40,United states of america,NYC,2021/04/25,7205.75,Yes
cust-204172,John Clark,@domain.com,000000000,53,Canada,Vancouver,18.04.2022,36891.57,No
CUST-204173,Sophia Taylor,sophia.taylor4173@example.com,abc123,59,United Kingdom,NYC,11/10/2022,"$12,500.50",No
CUST-204174,Fatima Khan,fatima.khan4174@example.com,(02) 9999-8888,48,USA,Seattle,04 Jun 2021,15680.42,Yes
CUST-204175,Mia Brown,,+44634724724,74,U.K.,Melb,2022/01/15,3511.97,
CUST-204176,Daniel Brown,daniel.brown4176@example.com,+1528836809,18 years,Pakistan,Islamabad,2026-02-31,999999999,Yes
CUST-204177,Hassan Clark,hassan.clark4177@example.com,123,20,U.K.,London, ,10367.81,No
CUST-204178,Zain Ali,zain.ali4178@example.com,,,Germany,Berlin,11.06.2026,35321.88,No
CUST-204179,Olivia White ,olivia.white4179@example.com,(02) 9999-8888,76,Pakistan,Lahore,30/06/2023,9191.68,Yes
CUST-204180,???,user @mail.com,+49470567019,23,Germany,Melb, ,39628.17,Yes
CUST 204181,Mary Brown,mary.brown4181@example.com,+61559325390,22,Pakistan,Karachi,2019/01/03,31483.08,Yes
CUST-204182,Emma Brown,emma.brown4182@example.com,,76,Australia,Sydney,2023/01/14,-400,Yes
CUST-204183,David Smith,not-an-email,++612345678,,U.K.,Karachi?,05/03/2024,,No
CUST-204184,Hassan Brown,hassan.brown4184@example.com,+92892414211,64,Germany,Hamburg,2026-02-05,23257.67,No
,JohnTaylor,john.taylor4185@example.com,+61772494791,76,United States,Chicago,13/13/26,4904.42,No
CUST-204186,Sarah Ahmed,sarah.ahmed4186@example.com,+61349145844,46,Canada,Vancouver,2025/04/28,19387.49,No
CUST-204187,David Young,david.young4187@example.com,+44546822138,145,USA,Sydney NSW,,,Yes
CUST-204188,Ali Ali,ali.ali4188@example.com,+61496178266,23,pakistan,Islamabad,2021-12-20,18172.13,N
CUST-200762,SophiaAhmed,,+44674921688,23,United Kingdom,London,2020-05-26,17936.72,Yes
CUST-204190,Ahmed Martin,ahmed.martin4190@example.com,unknown,25.5,Pakistan,Lahore,05-29-2020,34033.94,Yes
CUST-204191,Mia King,mia.king4191@example.com,0300 1234567,38,AUS,Karachi?,25/03/2025,3185.56,No
???,Mia Ali,mia.ali4192@@example.com,+44883792660,32,United Kingdom,London,04-15-2024,USD 2500,Yes
CUST-204193,Sarah Lee,name@,+1871197206,45,Canada,Toronto,04-09-2026,"2,500 AUD",No
CUST 204194,Mary Martin,foo.bar@domain,+1412354005,76,Australia,Sydney,17/03/2019,26337.84,No
CUST-204195,Mr. John Clark,john.clark4195@example.com,123,39,PAKISTAN ,Berlin,08-01-2024,37007.51,Yes
CUST-204196,Emma Clark,emma.clark4196@example.com,+1503087315,22,United Kingdom,London,2021/09/16,1061.54,No
CUST-204197,???,daniel.walker4197@example.com,+1755168505,18 years,Australia,Melbourne,,1401.86,No
204198,David Ali,david.ali4198@example.com,+44856050792,1O,australia,Melb,2020-10-19,6560.72,
CUST-204199,???,fatima.johnson4199@example.com,+44319307884,145,Australia,Brisbane,05-07-2026,11604.23,No
CUST-204200,James Smith,name@,+92837294200,40,GER,Brisbane,2025/02/18,833.49,1
CUST-204201,Ahmed Brown,test@test,+49681684362,69,Germany,Hamburg,   ,"2,500 AUD",No
CUST-204202,AliLee,ali.lee4202@example.com,abc123,50,Germany,Munich,2026-02-31,-400,Yes
CUST-204203,Aisha Smith,aisha.smith4203@example.com,+61900148177,twenty,Pakistan,Karachi,2022/09/11,16046.76,yes 
CUST-204204,Emma Taylor,emma.taylor4204@example.com,,68,United Kingdom,London,07-28-2022,27304.81,Yes
CUST-204205,,ahmed.young4205@example.com,+92427764848,56,Australia,Melbourne,,,Yes
CUST-204206,Sophia Clark,sophia.clark4206@example.com,+61534775948,41,AUS,London,not-a-date,1339.22,Yes
CUST-204207,Hassan Walker,,123,18,Pakistan,Lahore,29/01/2026,"2,500 AUD",Yes
CUST-204208,Ahmed Smith!!!,user @mail.com,+92730018339,twenty,Pakistan,Islamabad,13/13/26,29914.12,No
cust-204209, Daniel Ahmed,daniel.ahmed4209@example.com,+44463624948,,United States,New York,07 Sep 2021,14701.16,No
CUST-204210,Mary Khan,mary.khan4210@example.com,0300 1234567,25.5,Pakistan,Islamabad,21/02/2023,27083.55,No
CUST-200817,Muhammad Taylor,,abc123,44,AUS,Toronto,?,20432.98,Yes
CUST-204212,Sophia Ali!!!,sophia.ali4212@example.com,(02) 9999-8888,26,United States,123,2019-12-30,-400,No
204213,Fatima White,fatima.white4213@example.com,+61503083094,23,Canada,Calgary,2024-12-05,721.75,Yes
CUST-204214,Ali Ali,ali.ali4214@example.com,+1 (555) TEST,60,Pakistan,Lahore,08-04-2022,,No
CUST-204215,UNKNOWN,@domain.com,+61778056615,61,Australia,Brisbane,02-02-2026,1545.41,Yes
CUST-204216,John King,aisha.walker1611@example.com,0300 1234567,77,Australia,Sydney,03.08.2019,,No
CUST 204217,Emma Clark,emma.clark4217@example.com,+92490982716,19,PK,  Karachi  ,29.06.2025,20093.88,No
CUST-204218,Sophia Ali,sophia.ali4218@example.com,,twenty,Canada,Toronto,2023/11/25,12303.67,No
CUST-204219,Emma Khan,emma.khan4219@example.com,++612345678,59,UK,Calgary,,35791.3,Yes
 CUST-204220,???,,+61465186998,0,Canada,Calgary,11-20-2024,15881.58,No
CUST-204221,JohnSmith,john.smith4221@example.com,+44450320622,-4,Germany,Karachi?,11-12-2022,USD 2500,Yes
CUST-204222,Ahmed King,test@test,(02) 9999-8888,22,U.S.A,123,28/10/2020,32026.13,No
cust-204223,Daniel Lee,daniel.lee4223@example.com,(02) 9999-8888,,Pakistan,Islamabad,30 Mar 2023,"$12,500.50",No
CUST-204224,Zain Wilson,ZAIN.WILSON4224@EXAMPLE.COM,+61501633320,18 years,United States,Chicago,32 Jan 2025,3789.44,Yes
CUST-204225,HASSAN CLARK,foo.bar@domain,+61687685197,,pakistan,Manchester,02-08-2019,37693.63,Yes
CUST-204226,Muhammad Khan,muhammad.khan4226@example.com,+92516168551,78,Canada,Sydney NSW,11-26-2025,,Yes
CUST-204227,Sophia King,@domain.com,+1571240739,145,Pakistan,Karachi,31/02/2026,33988.75,maybe
CUST-204228,Hassan Martin,,+1696102498,18,Germany,Berlin,2019/01/12,19759.78,Yes
CUST-204229,Noah Young,noah.young4229@example.com,++612345678,72,Pakistan,unknown,18 Mar 2026,33857.77,No
,Sophia White,sophia.white4230@example.com,abc123,73,United Kingdom,Manchester,10.08.2024,8743.73,No
CUST-204231,EMMA LEE,emma.lee4231@example.com,+1802448312,61,PAKISTAN ,Brisbane,01-31-2022,3477.66,No
???,Ali Martin,ali.martin4232@example.com,,81,Australia,Brisbane,2019/01/28,37576.25,No
CUST-204233,Sophia Smith,sophia.smith4233@example.com,+49706858528,67,United Kingdom,London,17.02.2021,999999999,Yes
CUST-204234,Fatima Ali,abc.com,,18,PK,Karachi,11.12.2022,1O000,Yes
CUST-204235,12345,daniel.walker4235@example.com,+92752777153,26,Germany,Hamburg,28/02/2021,1063.59,
CUST-204236,Noah Brown,noah.brown4236@example.com,+92540351368,80,Australia,Brisbane,18 Feb 2025,6828.25,Yes
,James Khan,james.khan4237@@example.com,,67,Germany,Hamburg,2022/10/09,-400,No
CUST-204238,UNKNOWN,zain.taylor4238@example.com,,61,Australia,Brisbane,2025/07/27,USD 2500,No
CUST-204239,Emma Hall,@domain.com,+1 (555) TEST,18 years,PAKISTAN ,Melbourne,2026-05-17,31685.31,Yes
CUST-204240,12345,@domain.com,+1662521642,45,United states of america,Toronto.,08-04-2023,free,No
CUST-204242,Noah King,not-an-email,+61936965223,52,United states of america,,09.01.2023,1O000,N
CUST-204243,???,not-an-email,0300 1234567,twenty,Germany,Toronto.,12/03/2026,36200.28,Yes
CUST-204244,12345,name@,+49773602321,74,Canada,Vancouver,08/07/2019,-400,No
CUST-204245,Aisha Walker!!!,aisha.walker4245@example.com,+1342648903,29,AUS,Sydney,10-11-2019,8332.02,No
CUST-204246,John Smith,john.smith4246@example.com,+1 (555) TEST,71,Pakstan,Melb,08-12-2022,3363.76,yes 
CUST-204247,Noah Young,abc.com,+49362243475,145,,Toronto,not-a-date,5579.2,Yes
CUST-204248,Zain Ahmed,,+92-300-ABC-123,twenty,Pakistan,Toronto.,00/00/0000,,No
CUST-204249,Fatima Ahmed,aisha.brown923@example.com,+44605326177,39,United States,Sydney NSW, ,8347.66,No
CUST-201742,Ahmed Ali,ahmed.ali4250@example.com,+49824016170,40,Pakistan,Karachi,2024-06-25,28959.38,yes 
CUST-204251,Mia Walker,mia.walker4251@example.com,0300 1234567,73,PK,Seattle,26.03.2023,,Yes
CUST-204252, Noah Brown,noah.brown4252@example.com,+1885837476,63,UK,BRISBANE,02-18-2026,39342.3,No
 CUST-204253,???,daniel.martin4253@example.com,0300 1234567,145,Australia,Sydney,2021-08-30,18162.14,No
CUST-204255,Mary Taylor,mary.taylor4255@example.com,+61824571670,32,Canada,Toronto,2026-13-44,20537.82,No
CUST-204256,Emma Wilson,name@,unknown,51,Germany,Munich,2024-06-15,"$12,500.50",Yes
CUST-204257,David Martin,david.martin4257@example.com,+44978383577,27,United Kingdom,Toronto.,,,Yes
CUST-204258,Hassan Johnson,name@,+1385920824,26,UK,Vancouver,26.06.2026,USD 2500,No
CUST-204259,Sarah White,name@,abc123,82,United Kingdom,Melb,17.02.2025,28023.52,
CUST 204260,Zain Smith,zain.smith4260@example.com,abc123,,United Kingdom,Karachi?,2022/09/15,30733.95,Yes
???,,aisha.walker2843@example.com,+61789050446,29,USA,Hamburg,18/08/2024,,
CUST-204262,Mary Taylor,mary.taylor4262@example.com,+61876550964,75,Canada,NYC,00/00/0000,"2,500 AUD",0
CUST-204263,Sarah Walker,sarah.walker4263@example.com,+44692379538,40,United States,,2023/02/22,31933.14,Yes
CUST-204264,12345,fatima.khan4264@example.com,+1527137237,38,Pakistan,Lahore,2019-02-23,12805.34,inactive
CUST 204265,UNKNOWN,emma.white4265@example.com,,20,Australia,Sydney NSW,2025/07/08,5604.9,yes 
CUST-204266,Sarah Johnson,sarah.johnson4266@example.com,+92754649012,71,Australia,unknown,2022/01/08,free,Yes
CUST-204267,Emma White,emma.white4267@example.com,+1451674182,75,Germany,Hamburg,2026/06/05,16991.4,0
CUST-204268,Daniel White,daniel.white4268@example.com,+61783310157,twenty,United Kingdom,Londn,15/04/2022,"12.500,50",Yes
CUST-204269,Fatima Ahmed!!!,fatima.ahmed4269@example.com,++612345678,36,Pakistan,Lahore,19/12/2025,24471.38,Yes
CUST-204270,John Smith,john.smith4270@example.com,,,Germany,Berlin,2024-12-03,14382.93,No
CUST-204271,Emma Hall,emma.hall4271@example.com,unknown,73,USA,123, ,-400,No
CUST-204272,Sarah Brown,sarah.brown4272@example.com,+49696932965,999,Australia,sydney,31/02/2026,9596.39,Yes
CUST-204273,,olivia.hall4273@example.com,++612345678,25.5,United Kingdom,London,04.04.2026,"2,500 AUD",No
CUST-204274,John Brown,john.brown4274@example.com,000000000,48,Australia,,23 Oct 2019,"2,500 AUD",Yes
CUST-204275,Zain Taylor,@domain.com,+49969437966,77,United states of america,Karachi,26.09.2021,12442.08,Yes
 CUST-204276,David Clark,sophia.smith38@example.com,+1481094737,,Australia,Sydney,2021-08-01,36601.8,No
CUST-204277,David Walker,david.walker4277@example.com,+61329404784,78,PAKISTAN ,Islamabad,,8887.0,TRUE
CUST-204278,Olivia Ahmed,olivia.ahmed4278@example.com,+61852297604,78,United Kingdom,London,2025-01-11,999999999,Yes
CUST-204279,UNKNOWN,mia.clark4279@example.com,+61625292388,33,PK,123,23 Feb 2022,35978.91,FALSE
CUST 204280,David Ali,david.ali4280@example.com,+44640085616,55,GER,Sydney,06-02-2021,8820.61,0
CUST-204281,Ali Walker,ali.walker4281@example.com,+1320032129,76,AUS,Brisbane,14/07/2019,23637.06,Yes
CUST-204282,Muhammad Ahmed,muhammad.ahmed4282@example.com,+1429126716,41,Canada,Vancouver,2022/01/28,17684.72,maybe
CUST-204283,Ali Hall,ali.hall4283@example.com,+49993469438,33,australia,Melbourne,31/02/2026,9828.84,maybe
CUST-204284,,daniel.taylor4284@example.com,(02) 9999-8888,0,Pakistan,Islamabad,04-23-2020,37581.28,Y
CUST-204285,Noah Brown,foo.bar@domain,+92-300-ABC-123,21,Australia,Melbourne,?,124.85,No
CUST-204286,UNKNOWN,fatima.young4286@example.com,+1427204709,35,United states of america,Brisbane,05-13-2020,11387.5,No
CUST-204287,Sarah Young,sarah.young4287@example.com,+92886479703,23,Germany,Munich,09 Jan 2019,26436.79,Yes
CUST-204288,James Wilson,name@,+49356981364,twenty,Australia,Brisbane,08 Sep 2021,999999999,Yes
CUST-204289,12345,ali.taylor4289@example.com,0300 1234567,145,Germany,Hamburg,23/02/2020,1O000,Yes
CUST-204290,Ahmed Ahmed,ahmed.ahmed4290@example.com,unknown,21,USA,Sydney,19.12.2020,"12.500,50",yes 
204291,Ali Clark,ali.clark4291@example.com,+92751486249,999,US,Calgary,31/02/2026,"12.500,50",FALSE
???,Mr. Ahmed Walker,ahmed.walker4292@example.com,+61583215720,79,USA,Manchester,05/04/2025,16928.29,FALSE
CUST-204293,Sophia Wilson,sophia.wilson4293@@example.com,+61576908802,50,Pakistan,Lahore,2026-05-06,29624.73,N
CUST-204294,12345,noah.walker4294@example.com,+92658526763,,Germany,123,2022/07/27,37793.96,No
CUST-204295,David Taylor,david.taylor4295@example.com,+49602850185,76,United States,Londn,08.02.2019,1O000,No
CUST-204296,,ali.brown4296@example.com,+92-300-ABC-123,145,Australia,Karachi?,none,39873.5,Yes
???,Sarah King,sarah.king4297@example.com,+1978366750,78,United States,  New York  ,28/12/2021,,Yes
CUST 204299,Muhammad Lee,muhammad.lee4299@example.com,+44494890298,,United States,Chicago,12-21-2025,999999999,Yes
,Emma Johnson,EMMA.JOHNSON4300@EXAMPLE.COM,+61888986820,1O,United Kingdom,Melb,29 Mar 2023,"2,500 AUD",Yes
CUST-204301,Mr. Muhammad Khan,muhammad.khan4301@example.com,+1789146337,41,,Berlin,31/02/2026,39391.81,yes 
CUST-201984,Daniel Martin,daniel.martin4302@example.com,+92986092756,48,Germany,Karachi?,17.01.2021,32345.8,
CUST-204303,Fatima Walker,fatima.walker4303@example.com,+92757601165,-4,Australia,Sydney,2026-13-44,18199.46,No
CUST-204304,John Wilson,john.wilson4304@example.com,+49331921718,18 years,pakistan,Karachi?,unknown,7887.46,Yes
CUST-204305,David Wilson,not-an-email,+1830906409,32,PK,Islamabad,2026-13-44,19938.45,Yes
 CUST-204306,Zain Walker,zain.walker4306@example.com,+92391483081,79,Germany,NYC,2024/05/29,,0
CUST-204307,UNKNOWN,muhammad.king4307@example.com,+44311423232,31,US,Brisbane,21.11.2019,29013.0,Yes
CUST-204308,Ali Clark,ali.clark4308@example.com,+1319767967,79,United states of america,London,2021/09/18,USD 2500,Yes
CUST-204309,Mary Young,mary.young4309@example.com,+61737737142,38,Germany,Munich,27 Jan 2022,36360.51,Yes
CUST-204310,,aisha.hall4310@example.com,+44817909223,54,United States,Seattle,29/04/2021,USD 2500,No
CUST-204311,Mia Martin,abc.com,+49779377869,twenty,Australia,Melbourne,18 May 2026,14034.59,No
CUST-204312,Daniel Walker,daniel.walker4312@example.com,+1 (555) TEST,44,Canada,Calgary,99-99-9999,"$12,500.50",Yes
CUST-204313,Mia Taylor,mia.taylor4313@example.com,0300 1234567,73,Canada,Vancouver,2020/02/08,35174.79,no 
CUST-204314,Fatima Ali,fatima.ali4314@example.com,+49723385277,66,Canada,Vancouver,13 May 2022,24746.42,TRUE
CUST-204315,Noah Johnson,noah.johnson4315@example.com,+92-300-ABC-123,42,Germany,123,08-18-2022,,No
CUST-204316,Hassan Ahmed,hassan.ahmed4316@example.com,+1451663036,60,U.S.A,calgary,,32590.86,
CUST-204317,UNKNOWN,zain.johnson4317@example.com,,73,Germany,Hamburg,2025/09/24,10566.66,Yes
 CUST-204318,Mr. Mia Lee,mia.lee4318@example.com,+1 (555) TEST,49,Pakistan,NYC,2019-03-09,7806.58,N
CUST-204319,Noah Ali,noah.ali4319@example.com,+1755254398,27,PK,NYC,2026/04/05,"12.500,50",0
???,Emma Hall,emma.hall4320@example.com,unknown,20,United Kingdom,Manchester ,02.01.2021,713.06,No
CUST-204321,Fatima Martin,fatima.martin4321@example.com,+92813297456,28,Pakistan,Lahore,,17953.71,0
CUST-204322,Muhammad Hall,@domain.com,+1878792539,22,,Karachi,30 Mar 2024,7755.27,
CUST-204324,Ali White,ali.white4324@example.com,+61687185532,78,Australia,Sydney,25 Apr 2022,13495.76,Yes
CUST 204325,Muhammad Khan,muhammad.khan4325@example.com,+1910797436,32,Germany,Hamburg,2025-10-12,-400,No
CUST-204327,,@domain.com,+44445193173,19,United states of america,unknown,08.06.2022,7214.56,No
CUST-204328,Ali Taylor,user @mail.com,+49745104068,32,Canada,Vancouver,19 Mar 2022,22741.33,Yes
CUST-204329,Hassan Khan,hassan.khan4329@@example.com,unknown,-4,Germany,Berlin, ,34232.35,Yes
CUST-204330,Ahmed Brown,ahmed.brown4330@example.com,abc123,33,Pakstan,Vancouver,32 Jan 2025,24161.85,No
CUST-201283,JAMES WHITE,james.white4331@example.com,+44367559409,74,United Kingdom,Leeds,03/03/2021,13987.55,
204332,,sophia.ali4332@example.com,+44621831653,62,United States,Seattle,04.04.2020,999999999,No
CUST-204333,James Hall,,+61799573659,-4,United States,Seattle,06/07/2022,-400,no 
CUST-204334,Mary Ali!!!,mary.ali4334@@example.com,+61994611819,77,US,Chicago,14.04.2019,21261.21,Yes
???,Olivia Walker,name@,(02) 9999-8888,,PAKISTAN ,Islamabad,06-07-2022,"12.500,50",Yes
CUST-204336,Aisha Johnson,aisha.johnson4336@example.com,+92639693554,18 years,PK,Sydney NSW,2024/05/27,542.29,Yes
CUST-204337,Noah Wilson,noah.wilson4337@example.com,+92810045495,19,United States,Seattle,25.01.2021,3924.38,No
CUST 204338,John Smith,john.smith4338@@example.com,+49314649105,70,U.S.A,Sydney,12 Jul 2026,,No
CUST-204339,Zain Ali,,+44734588292,,Canada,Calgary,2025-11-05,14858.05,Yes
CUST-204340,Ali White,ali.white4340@example.com,+44690405928,36,PAKISTAN ,London,2026/03/03,4632.62,Yes
cust-204341,Emma Young,emma.young4341@example.com,+44929286027,-4,United Kingdom,London,18.10.2023,12308.17,Yes
CUST-204342,Olivia Walker,olivia.walker4342@example.com,+92710122380,145,United States,New York,23.09.2019,16091.95,No
 CUST-204343,Muhammad King,muhammad.king4343@example.com,+61753050756,60,PAKISTAN ,Londn,32 Jan 2025,,FALSE
CUST-204344,Hassan Ali,hassan.ali4344@example.com,+61920797572,twenty,Australia,Melbourne,2020/05/18,30843.52,TRUE
CUST-204345, Ahmed Lee,abc.com,+92551083385,32,Germany,Hamburg,?,,Yes
CUST-204346,James Martin,james.martin4346@example.com,123,48,,Berlin,,30699.14,No
CUST-204347,???,emma.clark4217@example.com,+1972064114,,Pakistan,Karachi,2025/00/12,,Yes
CUST-204348,Emma Taylor,test@test,+92748094778,21,United States,Toronto.,01-02-2025,,No
CUST-204349,???,noah.hall4349@example.com,,52,USA,Chicago,,-400,FALSE
CUST-204350,Noah Khan,noah.khan4350@example.com,+61800402192,0,U.K.,Sydney NSW,2024/02/29,3415.06,Y
CUST-204351,???,,(02) 9999-8888,999,United Kingdom,Leeds,2020-12-11,15476.14,
CUST-204352,Sarah White,sarah.white4352@example.com,+44614182991,78,United states of america,Munich,06-30-2022,32624.56,No
CUST-204353,Mia Ahmed,mia.ahmed4353@example.com,,34,Germany,Londn,?,"12.500,50",No
CUST-204354,David Lee,david.lee4354@example.com,+49820541368,1O,pakistan,New York,07.11.2019,19584.94,N
 CUST-204355,Fatima Martin,fatima.martin4355@example.com,+44901522738,twenty,United Kingdom,Leeds,2019/11/03,USD 2500,No
CUST-203455,Mr. Hassan White,HASSAN.WHITE4356@EXAMPLE.COM,+44888075422,52,US,Sydney NSW,2025-01-06,10785.29,Yes
CUST-204357,Daniel Smith,daniel.smith4357@example.com,+44984934281,74,United States,Chicago,07-28-2025,,No
CUST-204358,Emma Clark,emma.clark4358@example.com,abc123,37,Canada,Toronto,27/09/2019,2588.03,No
CUST-204359,Aisha Johnson,aisha.johnson4359@example.com,+1 (555) TEST,55,Australia,Sydney,13/13/26,32885.31,No
CUST-204360,James Young,james.young4360@example.com,+1602493274,,,Berlin,   ,28558.75,No
CUST-204361,Ali Ahmed,ali.ahmed4361@example.com,+1756817404,61,United Kingdom,Leeds,10.02.2020,"2,500 AUD",Yes
,Olivia Wilson,olivia.wilson4362@example.com,000000000,-4,Pakistan,Lahore,12.10.2020,4700.26,No
CUST-204363,UNKNOWN,name@,+44353971420,51,Australia,Brisbane,2026-04-04,1O000,Yes
cust-204364,Daniel Johnson,daniel.johnson4364@example.com,+1372376291,47,PAKISTAN ,Melb,missing,32341.79,Yes
CUST-204365,Noah Smith,noah.smith4365@example.com,+1462152327,37,U.K.,New York,13/13/26,14593.13,Yes
CUST-204366,Aisha Martin,AISHA.MARTIN4366@EXAMPLE.COM,(02) 9999-8888,1O,Pakistan,Islamabad,27.05.2025,"2,500 AUD",No
CUST-204367,Aisha Clark,not-an-email,+92988052059,18 years,United Kingdom,Leeds,02-18-2023,39181.87,active
CUST-204368,Mia Young,mia.young4368@example.com,+92535153026,21,Australia,Londn,04 Jul 2025,999999999,No
CUST-204369,,aisha.white4369@@example.com,+44946375661,22,Canada,Toronto,2020-02-22,17648.19,Yes
CUST-204370,Mia Taylor,mia.taylor4370@example.com,unknown,65,Pakistan,NYC,,15429.06,no 
CUST-204371,UNKNOWN,james.wilson3045@example.com,+1 (555) TEST,32,PK,Londn,02 May 2025,2933.82,active
,Mr. Hassan White,,+92935667030,53,Canada,Calgary,09 May 2020,,N
CUST-204373,David White,david.white4373@example.com,+92-300-ABC-123,55,Pakistan,Lahore,2021-08-21,,No
cust-204374,Olivia King,olivia.king4374@example.com,+1789358273,,,123,   ,,Yes
CUST-204375,Sarah Young,name@,123,67,PAKISTAN ,Karachi?,31.08.2022,37785.16,No
204376,Mr. Aisha White,aisha.white4376@example.com,,57,UK,Melbourne,23 Nov 2023,2573.36,1
CUST-204377,Ahmed White,ahmed.white4377@@example.com,+49962666654,34,Canada,Vancouver,2025/00/12,"12.500,50",no 
CUST-204378,Hassan Khan,@domain.com,+1902038486,18 years,United Kingdom,London,2023/01/27,14369.24,maybe
CUST-204379,James Clark,james.clark4379@example.com,+92919404544,66,United States,Toronto.,24 Oct 2025,9351.57,Yes
 CUST-204380,Hassan Brown,hassan.brown4380@example.com,+92-300-ABC-123,81,Pakistan,Karachi?,2021/06/21,37270.17,TRUE
CUST-204381,Mia Taylor,user @mail.com,+61449188944,37,Canada,Toronto,,29980.27,N
CUST-204382,Ali Taylor,ali.taylor4382@example.com,unknown,74,Canada,Karachi?,2024/11/08,"2,500 AUD",Yes
CUST-204383,Noah Khan,name@,,60,United States,New York,-,6924.54,Yes
CUST-204384,Ali Ahmed,name@,+1868167696,35,U.S.A,Sydney NSW,2019/07/26,"$12,500.50",No
CUST-204385,James Johnson,james.johnson4385@example.com,+61332513923,41,Germany,Hamburg,17.09.2022,36107.21,Yes
CUST-204386,???,david.king4386@example.com,+49327070551,,PAKISTAN ,Lahore,missing,USD 2500,No
CUST-204387,Ahmed White,ahmed.white4387@example.com,+1598339249,53,Canada,Calgary,,37358.39,Yes
CUST-204388,,hassan.taylor4388@example.com,+1818903056,40,pakistan,Brisbane,2019-10-23,1O000,no 
CUST-204389,DanielWilson,daniel.wilson4389@example.com,+44422689308,60,australia,Calgary,22/11/2020,,1
CUST-204390,Sophia Smith,,+92842102037,68,Pakistan,Karachi,,11681.76,No
CUST-204391,John Martin!!!,john.martin4391@example.com,+61712913873,,,toronto,08-06-2022,8444.28,No
204393,,hassan.brown4393@example.com,000000000,25,United States,Seattle,18 Nov 2025,21120.42,N
CUST-204394,Daniel Johnson,daniel.johnson4394@example.com,+44918516879,,Germany,Berlin,2020/02/14,18198.47,N
CUST 204395,Daniel Johnson,daniel.johnson4395@example.com,+61365400928,47,USA,Karachi?,04-22-2026,6446.15,Yes
CUST-204396,Noah Ahmed,noah.ahmed4396@example.com,+44334014191,64,United Kingdom,Leeds,,33162.02,yes 
CUST-204397,MuhammadLee,MUHAMMAD.LEE4397@EXAMPLE.COM,+92612672403,60,USA,London,20/01/2023,36494.7,
CUST-204398,Mary Walker,,+1525749443,66,Germany,Berlin,20/01/2019,29736.96,
CUST-204399,Emma Ahmed,emma.ahmed4399@example.com,++612345678,66,U.S.A,Leeds,2020-09-29,9663.14,No
CUST 204400,,olivia.hall4400@example.com,+49826089979,60,Australia,Sydney,2019-03-08,"12.500,50",No
CUST-204401,Ali Smith,ali.smith4401@example.com,+44827318863,33,United States,New York,30/10/2024,35995.25,
,Mia Walker,mia.walker4402@example.com,123,36,PAKISTAN ,Leeds,2023-05-09,14843.38,Yes
CUST-204403,Ali Ahmed,ali.ahmed4403@example.com,+44923523757,51,United Kingdom,Manchester,2024/12/22,3332.58,maybe
CUST-204404,Olivia Ali,foo.bar@domain,+61548917963,36,Australia,Brisbane,2023-03-02,25125.38,Yes
CUST-204405,Olivia Clark,OLIVIA.CLARK4405@EXAMPLE.COM,0300 1234567,36,United Kingdom,Leeds,unknown,37370.27,Yes
CUST-204406,Aisha King,aisha.king4406@example.com,+1 (555) TEST,72,Pakistan,Lahore,2020-06-26,27893.0,N
CUST-204407,Daniel Khan,daniel.khan4407@example.com,+49955310152,30,Canada,Vancouver,10 Jan 2023,USD 2500,yes 
CUST-204408,Daniel Clark,daniel.clark4408@example.com,+61509023303,76,Pakistan,Karachi,2021/09/13,,Yes
CUST-204410,Muhammad Taylor,not-an-email,+44429960723,52,Can.,Seattle,2025-11-04,7262.07,inactive
CUST-204411,Muhammad White,muhammad.white4411@example.com,+44963103901,1O,United Kingdom, London,01-25-2022,25056.84,no 
CUST-204412,James White,name@,+44869118950,-4,Canada,Vancouver,19 Apr 2024,6163.14,No
CUST-204413,Mia Lee,,+44360986001,,Germany,Munich,27.12.2021,28970.79,No
CUST-204414,Mr. Ali Ali,ali.ali4414@example.com,+61770002231,54,Pakistan,Melb,19 Apr 2024,-400,no 
CUST-204415,???,ahmed.white4415@example.com,+61367030470,23,Australia,Sydney,-,1O000,No
CUST-204416,Zain Smith,zain.smith4416@example.com,+44662980127,34,Germany,123,,,Yes
CUST-204418,Mr. Emma Martin,name@,+44653474266,twenty,Germany,Hamburg,25/12/2021,,yes 
CUST-204419,Aisha Ahmed,aisha.ahmed4419@example.com,+61858642254,twenty,US,Manchester,,27188.82,
???,Ali Lee,ali.lee4420@example.com,,19,United Kingdom,Manchester,10-23-2019,2597.58,Yes
CUST-204421,Mia King,MIA.KING4421@EXAMPLE.COM,+61740705065,75,United Kingdom,Manchester,12-07-2023,10863.77,Yes
???,Hassan Johnson,hassan.johnson4422@example.com,+49374270669,twenty,Australia,Brisbane,2024/09/14,,Yes
CUST-204423,David Martin,abc.com,+61379711537,28,U.S.A,Lahore,09-01-2020,17428.22,TRUE
,Daniel Lee,daniel.lee4424@example.com,+49973580917,29,United Kingdom,leeds,13/13/26,28620.95,No
CUST-204425,Mia Hall,mia.hall4425@example.com,+1857119392,28,Pakstan,unknown,2026-02-22,28741.29,Yes
CUST-204426,Ali Lee,ali.lee4426@example.com,+1 (555) TEST,18 years,United States,,2024-01-02,28721.2,No
CUST-202992,UNKNOWN,daniel.taylor2992@example.com,000000000,65,Pakistan,Karachi?,2020/12/09,11529.97,Yes
CUST-204428,Sarah Ahmed,sarah.ahmed4428@example.com,+1790888317,74,United states of america,London,13.12.2019,18684.33,no 
CUST-204429,Muhammad Walker,muhammad.walker4429@example.com,,81,Australia,123,2025-07-11,USD 2500,No
CUST-204430,Daniel Young,daniel.young4430@example.com,+61446727418,,U.K.,Sydney NSW,02-26-2023,29859.7,Y
CUST-204431,,,000000000,27,United States,New York,07/07/2022,34706.32,active
CUST-204432,Fatima Taylor,@domain.com,,21,Germany,Berlin,-,USD 2500,No
CUST-204433,12345,ahmed.brown4433@example.com,+92838392292,54,UK,Sydney NSW,31/02/2026,20185.13,Yes
CUST-204434,James White,james.white4434@example.com,+92926061858,46,United States,Chicago,04/05/2022,,Yes
CUST-204435,Daniel Clark,daniel.clark4435@example.com,+1845490981,64,australia,Sydney,   ,20155.12,No
CUST-204436,,test@test,(02) 9999-8888,47,Pakistan,lahore,-,38821.89,Yes
CUST-204437,Muhammad Wilson,muhammad.wilson4437@example.com,0300 1234567,59,UK,Hamburg,27 May 2025,999999999,No
CUST 204438,Sophia Brown,,+92-300-ABC-123,30,Pakistan,Lahore,2021-08-06,4157.74,no 
CUST-204439,Olivia King,olivia.king4439@example.com,+92894046423,78,Can.,Seattle,2024/08/01,25383.15,No
CUST-204440,Aisha Hall,aisha.hall4440@example.com,+92-300-ABC-123,67,,Hamburg,2019/08/15,9330.39,No
CUST-204441,Mary Khan,mary.khan4441@example.com,,25.5,US,Seattle,06-25-2025,27045.49,Yes
CUST-204442,Sophia Johnson,sophia.johnson4442@example.com,+1581438284,70,Canada,Calgary,13.09.2019,,No
CUST-204443,MARY WILSON,,+92900626930,75,Pakistan,Islamabad,15/07/2023,35810.03,Yes
CUST-204444,David Smith,david.smith4444@example.com,+61941556140,76,United Kingdom,Manchester,05/01/2026,19568.79,No
,Mia Ahmed,mia.ahmed4445@example.com,+92455833050,49,Pakistan,123,12/01/2022,11509.95,No
CUST-204446,Sophia White,sophia.white4446@example.com,(02) 9999-8888,34,PK,London,11.11.2024,12692.16,yes 
 CUST-204447,Hassan White,hassan.white4447@example.com,+1 (555) TEST,59,Canada,Toronto,25 Jul 2023,999999999,maybe
CUST-204448,Zain Ahmed,zain.ahmed4448@example.com,+61611150808,twenty,United States,Seattle,09-02-2019,"2,500 AUD",No
CUST-204449,Daniel Taylor,james.khan4237@@example.com,+61906183773,,Australia,Melbourne,26.07.2022,1304.37,No
CUST-204450,AishaKing,aisha.king4450@example.com,+1986330807,68,Canada,Vancouver,,26224.72,N
,Mia Clark,mia.clark4451@example.com,+1607573522,twenty,Pakistan,,27/04/2024,39570.3,Y
CUST-204452,Mary Ahmed,mary.ahmed4452@example.com,+44993749384,145,US,Manchester,12.06.2022,1472.26,maybe
CUST-204453,Zain Brown,zain.brown4453@example.com,+1 (555) TEST,18,United States,unknown,not-a-date,7466.83,No
CUST-204454,Ahmed Young,ahmed.young4454@example.com,+44769948200,81,United Kingdom,Leeds,2024/01/10,"12.500,50",inactive
CUST-204455,???,mia.khan4455@example.com,+1423025125,,AUS,Leeds,10-17-2024,28111.61,Yes
CUST-204456,Fatima Johnson,fatima.johnson4456@example.com,+1 (555) TEST,40,Germany,Munich,11-12-2022,11923.19,Yes
,Ali Smith,,+1446464961,25.5,United Kingdom,Leeds,2021/07/12,,No
CUST-204458,Mary Walker,mary.walker4458@example.com,+1372609422,28,Australia,Melbourne,13.07.2019,34213.26,Yes
CUST-204459,,ali.ali4459@example.com,+49936849857,,United Kingdom,Leeds,not-a-date,13000.64,No
CUST-204460,Emma Ahmed,emma.ahmed4460@example.com,+92396079002,65,United Kingdom,Leeds,unknown,6561.01,No
204461,Ali Clark,abc.com,+44352921150,66,United Kingdom,unknown,12-20-2024,34134.33,Yes
CUST 204462,Zain Khan,test@test,+61397332138,-4,Canada,Calgary,Feb 30 2025,"$12,500.50",No
CUST-204463,SarahJohnson,sarah.johnson4463@example.com,++612345678,145,Canada,Vancouver,02 Jun 2019,4789.44,Yes
CUST-204464,Olivia King,olivia.king4464@example.com,+92711897263,19,UK,123,2020/03/18,,No
CUST-204465,Noah Smith,noah.smith4465@example.com,+44330526493,46,Australia,Toronto.,none,,1
CUST-204466,Sarah Martin,sarah.martin4466@example.com,+1409086791,69,UK,NYC,15/11/2024,31912.6,Yes
CUST-204467,Sarah Lee,user @mail.com,+61399427501,,Germany,Karachi?,07-16-2023,"2,500 AUD",Y
CUST-204468,,sarah.martin4468@example.com,+92-300-ABC-123,24,United Kingdom,Leeds,2019-11-30,27545.04,active
CUST-204469,Zain Wilson,zain.wilson4469@example.com,+1 (555) TEST,0,Germany,Munich,,17117.88,No
CUST-204470,James Smith,james.smith4470@example.com,+92734164616,56,United States,Seattle,2025-02-04,7358.89,Yes
CUST-204472,Mia Smith,mia.smith4472@example.com,abc123,46,,Manchester,03-20-2025,5175.86,No
CUST-204473,Olivia Ali,olivia.ali4473@example.com,+92783073084,18 years,,Brisbane,24/10/2020,39330.35,
CUST-204474,Ali Hall,ali.hall4474@example.com,+49429639920,49,Germany,Hamburg,24 Jun 2023,free,No
204475,Emma Hall,emma.hall4475@example.com,+92661672118,twenty,Pakstan,unknown,02 Jun 2021,33823.16,
CUST 204476,Muhammad Taylor,muhammad.taylor4476@example.com,+44865822284,,United Kingdom,London,31/02/2026,1417.61,no 
204477,Muhammad Taylor,,+92855270795,75,Australia,,2024-09-30,18639.73,Yes
CUST-204478,Sophia Hall,@domain.com,+44974657655,-4,United states of america,Lahore,2025/02/23,18966.2,No
CUST 204479,Ali Smith,ali.smith4479@example.com,+44510648380,999,Germany,Munich,11-18-2020,-400,Yes
CUST-204480,David Khan,david.khan4480@example.com,++612345678,67,U.K.,Sydney NSW,2022/05/19,38773.87,No
CUST-204481,David Ali,david.ali4481@example.com,+61954760370,,Pakistan,Toronto.,02.07.2026,999999999,Yes
cust-204482,Aisha Brown,aisha.brown4482@example.com,+1956495126,0,PAKISTAN ,Vancouver,2020-05-25,22489.44,TRUE
CUST-204483,Muhammad Johnson,,+44353774766,53,,NYC,2026-13-44,33881.21,Yes
CUST-204484,Daniel Johnson!!!,daniel.johnson4484@example.com,+92-300-ABC-123,70,United States,Seattle,19 Aug 2021,33525.37,No
CUST-204485,,noah.johnson4485@example.com,+61937232614,73,Germany,Hamburg, ,,No
CUST 204486,Emma Young,emma.young4486@example.com,+49670597220,1O,U.S.A,Sydney NSW,14.03.2020,30742.68,Y
CUST-204487,Sophia Wilson,sophia.wilson4487@example.com,+1574813557,57,United Kingdom,London,11-20-2024,16580.69,active
CUST-204488,Sophia Walker,sophia.walker4488@example.com,+61513720588,70,Pakistan,Islamabad,Feb 30 2025,-400,inactive
CUST-204489,JohnJohnson,john.johnson4489@example.com,+61762767040,67,United states of america, London,12 Apr 2019,14825.7,No
CUST-204490,David Young,,000000000,30,,Sydney NSW,01-14-2022,4261.63,No
CUST-204491,Sophia King,sophia.king4491@example.com,+1911422214,39,Germany,Sydney NSW,?,32898.59,Yes
CUST-204492,Emma White,emma.white4492@example.com,,54,AUS,Vancouver,2026/04/21,6015.21,No
CUST-204493,UNKNOWN,sarah.lee4493@example.com,+1 (555) TEST,51,Australia,NYC,2023/11/04,22579.41,No
cust-204494,James King,name@,(02) 9999-8888,41,Pakistan,, ,29268.37,Yes
CUST-204495,Noah Hall,noah.hall4495@example.com,+61764663853,48,UK,Lahore,99-99-9999,35005.84,maybe
CUST-204496,Emma Smith,emma.smith4496@example.com,+1353516309,18 years,United states of america,New York,   ,free,No
CUST-204497,Muhammad White,muhammad.white4497@example.com,+49983496579,26,United States,New York,2026/06/08,21815.66,No
CUST-204498,  Muhammad White  ,muhammad.white4498@example.com,abc123,30,United Kingdom,London, ,,Yes
CUST-204499,David Khan,david.khan4499@example.com,+61715717482,58,Can.,Leeds,,34811.66,TRUE
CUST-204500,Olivia Hall,olivia.hall4500@example.com,(02) 9999-8888,49,Australia,Brisbane,18/06/2020,14074.65,Yes
CUST-204501,Hassan Clark,abc.com,+1429920321,25.5,Pakistan,Lahore,05/03/2022,free,No
,Fatima Lee,fatima.lee4502@example.com,+1934127382,35,United States,Seattle,07 Feb 2023,,No
CUST-204503,Emma King,emma.king4503@example.com,+1919550950,46,United states of america,Leeds,missing,27736.35,No
CUST-204504,Emma Smith,foo.bar@domain,0300 1234567,45,Canada,Calgary,03/05/2021,34507.03,active
CUST-204505,Mia King,mia.king4505@example.com,0300 1234567,1O,United States,new york,31/02/2026,1420.57,Yes
CUST-204506,DAVID JOHNSON,david.johnson4506@example.com,+44361662408,42,U.S.A,NYC,32 Jan 2025,17379.01,Yes
CUST-204507,Olivia Smith,olivia.smith4507@example.com,+49349294419,80,Australia,Brisbane,27/10/2021,32737.59,No
CUST-204508,Mia Ahmed,mia.ahmed4508@example.com,+49673395673,35,United Kingdom,Manchester,10-28-2025,29319.14,Yes
CUST-204509,Ahmed Smith,ahmed.smith4509@example.com,+61963715161,58,Pakstan,Toronto,31 May 2023,"12.500,50",No
CUST-204510,hassan martin,hassan.martin4510@example.com,123,34,Pakistan,NYC,25.06.2025,13545.13,0
CUST-204511,12345,name@,+1 (555) TEST,47,Germany,Hamburg, ,805.77,Yes
CUST-204512,???,james.hall4512@example.com,+1536578581,59,United Kingdom,Leeds,13.08.2019,32812.47,Yes
CUST-204513,Mary Martin,mary.martin4513@example.com,,19,Australia,Melb,13/05/2025,10330.79,No
 CUST-204514,Hassan Young,hassan.young4514@example.com,123,39,Germany,NYC,06-26-2024,"12.500,50",No
CUST-204515,Emma Khan,name@,+44984460906,52,Pakistan,Islamabad,18.08.2024,,Yes
CUST-204516,Hassan Ali,HASSAN.ALI4516@EXAMPLE.COM,unknown,56,Pakistan,Islamabad,06 Jan 2025,24532.58,No
???,Zain White!!!,zain.white4517@example.com,,74,Pakistan,Lahore,Feb 30 2025,6805.61,No
CUST-204518,,aisha.wilson4518@example.com,,50,pakistan,Toronto.,99-99-9999,"$12,500.50",No
CUST-204519,SarahJohnson,sarah.johnson4519@example.com,+61624179520,78,United States,Chicago,08/04/2023,26797.32,Yes
CUST-204520,Hassan Lee,hassan.lee4520@example.com,+61739833913,54,pakistan,Karachi,25/04/2023,21706.29,No
,Ahmed Brown,ahmed.brown4521@example.com,+44704242804,58,Pakistan,Lahore,21 Jul 2025,23934.65,Yes
CUST-204522,Sophia Johnson,sophia.johnson4522@example.com,+92488367078,23,Australia,MELBOURNE,10-07-2019,12183.93,No
CUST-204523,Mia Clark,mia.clark4523@example.com,+92460470658,65,United States,Seattle,13/13/26,-400,Yes
CUST-204524,Hassan Lee,hassan.lee4524@example.com,+92482813580,43,Canada,Vancouver,2022-07-17,1O000,No
CUST-204525,Zain White,zain.white4525@example.com,+92726102376,81,United States,Seattle,2026-13-44,4557.6,No
cust-204526,EmmaHall,test@test,+49689727480,,Canada,Calgary,2025/00/12,,
CUST-204527,Ali Brown,ali.brown4527@example.com,+92509499474,70,Australia,Melb,2021-12-13,19523.25,no 
CUST-204528,Ali Hall,ali.hall4528@example.com,+61539344263,64,Germany,Londn,22 Oct 2023,38116.42,Yes
CUST-204529,James King,james.king4529@example.com,+1479954318,45,Can.,Islamabad,2023-07-15,1O000,No
CUST-204530,Emma Brown,emma.brown4530@example.com,+1532981956,48,Germany,Munich,20/06/2025,2301.37,No
CUST-204531,Muhammad King,muhammad.king4531@example.com,+49315593235,37,United Kingdom,unknown,23/02/2026,11222.55,Yes
CUST-204532,David Taylor,david.taylor4532@example.com,++612345678,,Pakistan,Islamabad,2025-10-06,31465.56,No
CUST-204533,Daniel Wilson,user @mail.com,unknown,71,Can.,Seattle,2026/06/05,,Yes
CUST-204534,John Johnson,JOHN.JOHNSON4534@EXAMPLE.COM,+44466598777,0,Canada,Calgary,12-09-2021,10243.37,N
CUST-204535,Daniel White,daniel.white4535@example.com,+49322230371,-4,Canada,Toronto,2026-13-44,15797.27,active
CUST-204536,Ahmed White,ahmed.white4536@example.com,+49475049238,25.5,AUS,Calgary,2020-05-27,USD 2500,Y
CUST-204537,12345,sarah.ali4537@example.com,+49445995592,42,Germany,Munich,,,No
CUST-204538,Emma Brown,abc.com,+1 (555) TEST,145,United Kingdom,London,2024-05-06,1O000,inactive
CUST-204541,Mr. Mary Martin,mary.martin4541@@example.com,+44448180451,77,Canada,,none,,1
CUST-200432,12345,,+61892130775,56,Germany,Munich,,999999999,No
CUST-204543,john walker,@domain.com,+49394959853,28,Pakistan,Melb,2024/02/05,"12.500,50",Yes
CUST-204544,Aisha Ahmed,aisha.ahmed4544@example.com,,78,Pakistan,Lahore,10-18-2023,29764.22,Yes
CUST-204545,Muhammad Clark,muhammad.clark4545@example.com,(02) 9999-8888,75,Canada,Vancouver,13 Jan 2026,14699.39,N
CUST-204546,Daniel Lee,daniel.lee4546@example.com,+49853789663,63,Germany,Munich,16.12.2025,29126.47,No
CUST-204547,Daniel Khan,daniel.khan4547@example.com,,-4,PAKISTAN ,Munich,17 Feb 2021,28496.2,Yes
CUST-204548,Sarah Khan,sarah.khan4548@example.com,+1 (555) TEST,38,United Kingdom,Manchester,10.06.2024,4042.75,Yes
CUST-204549,James Johnson,james.johnson4549@example.com,+49402866213,36,Germany,Munich,2025/02/03,31459.26,Yes
CUST-204550,James Taylor,james.taylor4550@example.com,+1813448561,65,Germany,NYC,32 Jan 2025,1356.53,Yes
CUST-204551,Sophia Hall,sophia.hall4551@example.com,+44383640558,56,Can.,New York,not-a-date,32575.74,yes 
CUST-204552,Hassan White,hassan.white4552@example.com,(02) 9999-8888,999,USA,,2020/04/29,"$12,500.50",Yes
???,,david.taylor4553@example.com,000000000,70,Pakistan,Karachi,19 Sep 2020,18943.2,Yes
CUST-204554,Muhammad Ali!!!,name@,+92489154907,52,United States,unknown,2024-04-29,23641.69,No
CUST-204556,???,,+44571369909,1O,United Kingdom,unknown,31 Jan 2024,22068.46,Yes
CUST-204557,Zain Clark,user @mail.com,+49355481808,75,Germany,Munich,unknown,28254.25,
CUST-204558,12345,abc.com,+61965609685,19,,Calgary,,31706.45,No
CUST-204559,,foo.bar@domain,+1376808352,68,Pakistan,Karachi,21 Dec 2020,4688.87,1
CUST-204560,John Johnson,john.johnson4560@example.com,+92526797995,53,Germany,Hamburg,11/07/2024,25348.6,Yes
 CUST-204561,12345,noah.white4561@example.com,+1838842903,twenty,Canada,Toronto,,,Yes
CUST-204562,Emma Smith,@domain.com,+44481639181,42,pakistan,123,23/05/2023,36922.19,No
CUST-204563,Sarah Hall,sarah.hall4563@example.com,+61874046049,145,United Kingdom,Sydney NSW,,21579.17,No
CUST-204564,Sarah Smith,SARAH.SMITH4564@EXAMPLE.COM,+61743146557,65,United Kingdom,Karachi?,2021/11/26,674.5,0
CUST-204565,Fatima White,fatima.white4565@example.com,+49463210322,75,Canada,Vancouver,14 Dec 2019,31816.85,No
CUST-204567,???,daniel.johnson4567@example.com,+49874937660,63,Australia,Sydney,01.03.2025,25078.99,1
CUST-204568,,john.clark4568@example.com,0300 1234567,0,United Kingdom,London,14/02/2020,,Yes
 CUST-204569,Noah Walker,noah.walker4569@example.com,+49426406702,29,Can.,Melbourne,22/05/2026,,Yes
 CUST-204570,???,olivia.clark4570@example.com,+92-300-ABC-123,,Canada,Toronto,,"12.500,50",Y
CUST-204571,Fatima Ali,fatima.ali4571@@example.com,abc123,,Australia,123,2019/04/24,38064.41,Yes
CUST-204572,Hassan Brown,foo.bar@domain,+61973840705,65,Pakistan,Melb,04-03-2024,34158.07,No
CUST-204573,Emma Walker,abc.com,+92597490522,68,Canada,Vancouver,24.12.2022,24940.77,No
CUST-204574,James Khan,james.khan4574@example.com,+61777203035,999,,Leeds,26 Apr 2024,6092.14,No
,David Ali,david.ali4575@example.com,+44777946578,18,Germany,Hamburg,2023/11/05,"12.500,50",Yes
CUST-204576,Olivia Wilson,,+92365013503,41,United states of america,Chicago,16 Mar 2026,24227.5,No
CUST-204578,,james.ahmed4578@example.com,123,36,Germany,,02-16-2023,521.82,No
CUST-204579,Aisha Walker,aisha.walker4579@example.com,+44328910075,46,Canada,Vancouver,02.11.2025,1O000,Yes
CUST-204580,Sophia Martin,sophia.martin4580@@example.com,(02) 9999-8888,999,PK,Toronto.,2019/07/19,14512.7,
CUST-204581,Ali Hall,ali.hall4581@example.com,+61338609599,53,U.S.A,Londn,13/13/26,,No
,NOAH SMITH,foo.bar@domain,+92777364816,26,U.S.A,Sydney NSW,2019/04/21,4182.6,maybe
CUST-204583,Noah Smith,noah.smith4583@example.com,+1511157896,66,UK,Sydney NSW,2023-08-21,36075.4,Y
CUST-204584,Zain Martin,zain.martin4584@example.com,++612345678,25.5,PK,Islamabad,26.11.2020,905.82,No
 CUST-204586,???,muhammad.king4586@example.com,+92-300-ABC-123,31,United States,New York,07-01-2019,26977.0,No
CUST-204587,Sophia Hall,sophia.hall4587@example.com,+92813714264,1O,Pakistan,Lahore,09-27-2024,,1
CUST-204588,  Zain White  ,zain.white4588@example.com,000000000,145,Canada,Sydney NSW,03.07.2021,37049.24,FALSE
204589,John Hall,john.hall4589@example.com,+44966835882,52,United States,Seattle,23.06.2022,,active
CUST-204590,Olivia Ahmed,olivia.ahmed4590@example.com,+49317189037,61,Germany,Munich,09 Apr 2019,15244.37,Yes
CUST-203721,Aisha  Taylor,aisha.taylor4591@example.com,+1808869727,59,pakistan,Berlin,11/04/2022,15136.91,Yes
CUST-204592,James King,james.king4592@example.com,+1828410988,76,Pakistan,Toronto.,2024/03/28,"2,500 AUD",Yes
CUST-204593,James Ali,name@,+92580402245,1O,United Kingdom,London,none,,Yes
CUST-204594,Hassan Lee,hassan.lee4594@example.com,,47,Canada,Vancouver,27 Apr 2019,24915.34,No
CUST-204595,Fatima Young!!!,,+61334959246,999,Pakistan,Sydney NSW,2021/04/19,18070.88,
CUST-204596,Muhammad Ahmed,muhammad.ahmed4596@example.com,+92719054929,68,australia,Calgary,01-01-2022,34371.4,No
CUST-204597,Sarah King,sarah.king4597@example.com,123,62,Canada,,,22830.52,No
CUST-204598,Zain Ali,zain.ali4598@example.com,+92491746257,42,Canada,Vancouver,27.05.2026,3711.89,Yes
CUST-204599,John Brown,john.brown4599@example.com,+44953466513,70,UK,Sydney,05/06/2021,5714.73,active
CUST-204600,12345,fatima.white4600@example.com,+1484365661,72,PK,Karachi,2022/09/22,5136.26,No
204601,Ahmed Lee,ahmed.lee4601@example.com,+44454164183,48,AUS,Londn,14.02.2023,16062.34,inactive
CUST-204602,,muhammad.lee4602@example.com,,65,United states of america,Calgary,06-12-2023,,No
cust-204603,Zain Johnson,zain.johnson4603@example.com,+61541984225,50,Germany,123,-,"2,500 AUD",Yes
CUST-204604,,james.white4604@example.com,+92408423089,66,Germany,Hamburg,not-a-date,9926.93,TRUE
CUST-204605,Sophia Martin,sophia.martin4605@example.com,+92945233845,76,australia,,09 Apr 2024,38194.28,N
 CUST-204606,Fatima Lee,fatima.lee4606@example.com,+44721021575,24,Germany,Berlin,   ,8290.53,No
CUST-204607,Noah Martin,noah.martin4607@example.com,+1672182308,44,Germany,Munich,2024-12-28,32055.39,No
CUST-204608,Fatima Smith,fatima.smith4608@example.com,+1850638393,38,U.K.,Sydney NSW,13/07/2025,,No
CUST-204609,UNKNOWN,noah.white4609@example.com,+92-300-ABC-123,29,United Kingdom,Leeds,2019/10/03,"$12,500.50",Yes
CUST-204610,Sarah Walker,sarah.walker4610@example.com,+61836745305,75,Australia,Melbourne,20/11/2025,999999999,No
cust-204611,Aisha Johnson,ali.walker3514@example.com,+1 (555) TEST,57,United States,New York,00/00/0000,5339.52,FALSE
CUST-204612,John Clark,john.clark4612@example.com,+1 (555) TEST,66,Canada,  Vancouver  ,03-19-2020,6896.33,No
CUST-204613,Mia Walker,mia.walker4613@example.com,+61699206630,38,Can.,Sydney,05/06/2026,20429.52,No
CUST-204614,Mary Martin!!!,,+49882809046,33,Pakistan,Karachi,01-09-2023,,No
CUST-204615,Muhammad Brown,muhammad.brown4615@example.com,+1706713160,37,Pakistan,Karachi?,unknown,14311.95,Yes
CUST-204616,Daniel Clark,daniel.clark4616@example.com,+1593749671,69,Canada,Toronto.,2026-02-19,10884.34,Yes
CUST-204617,Mary White!!!,mary.white4617@example.com,+44354096470,70,US,Calgary,05/07/2026,12293.39,active
CUST-204618,Olivia Wilson,olivia.wilson4618@example.com,+44396376606,26,Australia,Sydney,13.07.2019,8493.14,active
CUST-204620,Olivia Walker,test@test,+61714272989,82,Germany,unknown,2025/08/22,20985.89,Yes
???,UNKNOWN,ahmed.johnson4621@example.com,+1504139159,59,U.K.,Lahore,26 Mar 2023,10734.88,
???,Fatima Ahmed,fatima.ahmed4622@example.com,,23,Australia,Karachi?,10/09/2019,,No
???,Sophia Walker,,+44862423700,41,Australia,Melbourne,17.09.2019,8388.23,Yes
CUST-204625,Emma Wilson,emma.wilson4625@example.com,+44702276265,77,Germany,Berlin,25 Apr 2024,,No
CUST-204626,Mr. Emma Martin,not-an-email,+49345798022,49,USA,Lahore,01.12.2024,19911.11,maybe
CUST-204627,David Ali,,unknown,35,Australia,,99-99-9999,2499.28,
CUST-204628,Olivia Clark,test@test,(02) 9999-8888,60,U.S.A,Melbourne,09-08-2024,36895.09,Yes
CUST 204629,Ali Khan,ali.khan4629@example.com,+49676164097,21,United States,New York,Feb 30 2025,free,No
CUST-204630,AliAhmed,ali.ahmed4630@example.com,+1835861241,60,Australia,Brisbane,2019/04/15,33506.55,Yes
CUST-204631,John Ahmed,not-an-email,+49568552479,59,Germany,NYC,31 Oct 2021,-400,No
???,Emma Wilson,@domain.com,+61652794555,47,United Kingdom,London,13 Feb 2024,8432.0,
CUST-204633,James Hall,james.hall4633@example.com,+49740142136,58,Germany,Hamburg,,5865.79,active
CUST-204591,David Wilson,david.wilson4634@example.com,++612345678,,United States,Seattle,2023/04/18,free,Y
CUST-204635,,ahmed.ahmed4635@example.com,0300 1234567,18 years,Australia,Brisbane,Feb 30 2025,9832.32,No
CUST-204636,Daniel Taylor,daniel.taylor4636@example.com,+44760277825,,Pakistan,Lahore,none,32823.59,Yes
CUST-204637,Noah Ahmed,noah.ahmed4637@example.com,+49791377043,76,U.S.A,Melbourne,2020/01/12,,Yes
CUST-204638,Daniel Martin,daniel.martin4638@example.com,+49693321321,59,Pakistan,Lahore,16.12.2025,free,Yes
CUST-204639,Muhammad Smith,foo.bar@domain,+1672157114,,United Kingdom,London,2025/04/21,34925.74,N
CUST-204640,noah khan,noah.khan4640@example.com,+49358534147,18,Pakistan,Islamabad,2024/07/10,USD 2500,No
CUST-204641,David Walker,david.walker4641@example.com,++612345678,999,Germany,Toronto.,2020-06-12,,Yes
CUST-204642,Emma Smith,emma.smith4642@example.com,+1539680914,25,United States,Chicago,2022/12/07,17962.67,
CUST-204643,Mr. Ali King,ali.king4643@example.com,+92947875107,49,Germany,Hamburg,01 May 2026,11879.57,Yes
CUST 204644,Olivia Khan,olivia.khan4644@example.com,+49342444812,25.5,AUS,Brisbane,2019/07/29,29918.33,Yes
CUST-204645,Mia Wilson,mia.wilson4645@@example.com,+1658308912,24,Australia,Melbourne,unknown,38162.85,Yes
???,Muhammad Ali,,+92510984623,80,Germany,Melb,2026-03-20,28255.19,No
CUST-203698,Daniel Johnson,daniel.johnson4647@example.com,+92693258982,70,Australia,Brisbane,20 Nov 2024,USD 2500,Yes
CUST-204648,UNKNOWN,fatima.brown4648@example.com,+1403455773,75,Canada,123,13.05.2020,3562.07,No
CUST-204649,Zain Brown,zain.brown4649@example.com,+92684800693,82,U.K.,Karachi?,2025/12/12,8014.92,Yes
CUST-204650,Noah Brown,noah.brown4650@example.com,+92335416561,54,Pakistan,Islamabad,2019-11-24,37007.49,Yes
CUST-204651,Ali Ali,ali.ali4651@example.com,+61366613714,48,US,Melb,-,3030.32,N
CUST-204652,UNKNOWN,,+1562310642,28,Australia,Sydney,08/12/2024,USD 2500,maybe
CUST-204653,Mr. David Lee,david.lee4653@example.com,+44387726733,56,US,Sydney NSW,02-12-2019,23831.82,Yes
CUST-204654,UNKNOWN,david.martin4654@example.com,0300 1234567,29,Can.,123,27 Nov 2024,22829.01,Yes
CUST-204655,Olivia Ali,olivia.ali4655@example.com,+61626606389,46,United States,Seattle,06-15-2023,22333.63,Yes
CUST-204656,Emma Walker,emma.walker4656@example.com,+44745705153,-4,Australia,123,06-05-2026,14720.27,Yes
CUST 204657,James Brown,james.brown4657@example.com,+61960349614,19,United States,New York,05-21-2026,18072.15,Yes
???,Hassan Lee,hassan.lee4658@example.com,+49589578712,999,Australia,Melbourne,2023/03/12,16554.33,Y
CUST-204659,Mary Martin,mary.martin4659@example.com,++612345678,69,United Kingdom,London,   ,16299.34,1
204660,,user @mail.com,+1339098867,38,United Kingdom,Londn,19 Mar 2025,39533.79,No
CUST-204661,Daniel Johnson,daniel.johnson4661@example.com,000000000,43,Australia,Toronto.,,28706.83,No
CUST-204662,Aisha Johnson,aisha.johnson4662@example.com,+44923637277,61,USA,islamabad,2021/05/27,"2,500 AUD",active
,Sophia Smith,sophia.smith4663@example.com,+1697159776,54,Germany,Toronto.,10-04-2021,,No
cust-204664,Sarah Lee,,+61344163137,1O,Germany,Berlin,02-22-2021,39871.73,
CUST-204665,Emma King,emma.king4665@example.com,+92414519149,1O,Australia,Sydney,06.03.2025,25697.46,TRUE
,Hassan Ali,test@test,+61756407647,twenty,United States,New York,2021-10-29,,No
CUST-204667,Mary Smith,mary.smith4667@example.com,+44986512752,25,Pakistan,Karachi,none,30063.06,No
CUST-204668,Mr. David Ali,david.ali4668@example.com,+1378359430,25.5,Germany,Berlin,   ,29558.99,No
CUST-204669,Muhammad Smith,muhammad.smith4669@example.com,+92589666958,45,Germany,Hamburg,not-a-date,13297.01,active
CUST-204670,Mary Smith,mary.smith4670@example.com,+92442452701,twenty,Pakistan,Karachi,02-17-2020,27696.78,Yes
CUST-204671,Daniel Taylor,foo.bar@domain,+1368341936,45,PAKISTAN ,New York,09 Jan 2022,,
CUST-204672,Daniel Ali,daniel.ali4672@example.com,+44877127673,65,Germany,Hamburg,2024/10/12,31678.68,No
 CUST-204673,,abc.com,abc123,29,Australia,Brisbane,07.08.2022,-400,TRUE
CUST-204674,Emma Taylor!!!,emma.taylor4674@example.com,+61309468355,47,Pakistan,Lahore,2021-04-09,23811.61,Yes
CUST-203560,Aisha Johnson,aisha.johnson4675@example.com,000000000,30,PAKISTAN ,Seattle,32 Jan 2025,37056.97,Yes
CUST-204676,Zain Hall,zain.hall4676@example.com,+1560498392,50,Germany,Melb,23 Feb 2022,999999999,Yes
CUST-204677,Mia Walker,mia.walker4677@example.com,+61556707259,47,U.S.A,Hamburg,-,39247.49,No
CUST-204678,Ali Johnson,ali.johnson4678@example.com,,21,Germany,Sydney NSW,00/00/0000,1O000,No
CUST-204679,David Khan,david.khan4679@example.com,+1342366847,25,Australia,Londn,unknown,USD 2500,No
CUST-204680,???,aisha.clark4680@example.com,+92631637721,999,,Islamabad,99-99-9999,13506.39,Yes
CUST-204681,Noah Brown,name@,+49379279957,51,Germany,Berlin,05-16-2022,,Yes
CUST-204682,Zain Khan,@domain.com,+49626590664,25.5,Canada,Londn,14 Sep 2021,"$12,500.50",No
CUST-204684,Sarah Wilson,olivia.smith3597@example.com,000000000,-4,PK,Berlin,?,31046.4,active
CUST-204685,David Johnson,name@,,47,Germany,Karachi?,12 Sep 2019,20490.03,Yes
CUST-204686,David Hall,user @mail.com,+92978979030,0,PAKISTAN ,Calgary,14.07.2025,22867.5,Yes
CUST-204687,Aisha Wilson,aisha.wilson4687@example.com,+61580437953,20,United States,New York,08.05.2020,21728.46,No
CUST-204688,david ali,david.ali4688@example.com,+92961802142,twenty,,NYC,,11702.01,No
CUST-204689,Hassan Taylor,hassan.taylor4689@example.com,+44721437729,20,Australia,Brisbane,,20429.74,Yes
CUST-204690,Olivia Hall,olivia.hall4690@example.com,+44676377231,36,Australia,  Sydney  ,04/02/2022,37918.99,No
,Hassan Brown!!!,hassan.brown4691@example.com,+92566001446,21,Pakistan,Karachi,2025-09-30,"$12,500.50",No
CUST-204692,David  Ahmed,david.ahmed4692@example.com,+61581201405,68,Pakistan,Lahore,12-08-2023,25722.89,No
CUST-204693,Sarah Walker!!!,sarah.walker4693@@example.com,+49749417840,145,AUS,London,10/07/2020,26093.31,No
CUST-204694,,mary.martin4694@example.com,+49659267976,25.5,Pakistan,unknown,,"12.500,50",No
???,Olivia Khan,mary.martin4694@example.com,+61919216428,72,Germany,Munich,-,8455.99,inactive
CUST-204697,John Taylor!!!,john.taylor4697@example.com,123,25,Australia,Sydney,2020/03/22,34685.64,No
CUST-204698,John King,abc.com,+1704098844,25.5,United Kingdom,London,00/00/0000,31049.9,No
CUST-204699,Mary Ahmed,user @mail.com,+44906008372,37,Pakstan,Toronto.,32 Jan 2025,5426.33,Yes
CUST-204700,Aisha Smith,aisha.smith4700@example.com,+1851888262,50,Pakstan,Manchester,04/09/2023,6710.51,No
CUST-204701,12345,mia.clark4701@example.com,+1551723909,-4,Germany,Hamburg,17.05.2025,free,Yes
CUST-204702,Ali Taylor,abc.com,+49644736261,,United Kingdom,London,05/04/2025,19713.53,Yes
CUST-204703,Hassan White,hassan.white4703@example.com,+49432623612,70,,Sydney,2019/01/10,999999999,Yes
cust-204704,Ali Taylor,ali.taylor4704@example.com,+49307076894,25.5,pakistan,Islamabad,25 May 2019,31552.52,No
CUST-203491,EmmaSmith,noah.smith3631@@example.com,+61843258921,25.5,Can.,Islamabad,2023/11/07,24023.42,
CUST-204706,Hassan Ahmed,hassan.ahmed4706@example.com,+61332549358,18 years,Can.,Munich,05-19-2020,33155.34,No
CUST-204708,Fatima Wilson,fatima.wilson4708@example.com,+49501729746,38,,unknown,01/03/2026,"2,500 AUD",No
CUST-204016,Muhammad King,muhammad.king4709@example.com,+61356822226,,GER,,26 Jul 2022,"2,500 AUD",Yes
CUST-204710,Daniel Young,daniel.young4710@example.com,+1689174090,43,,123,2019-02-28,"2,500 AUD",TRUE
CUST-204711,David Ahmed,david.ahmed4711@example.com,+49710044166,59,U.S.A,  Sydney  ,09.02.2024,14257.74,Yes
CUST-204712,Emma King,emma.king4712@example.com,+61996589974,999,United Kingdom,Sydney NSW,16.10.2020,37515.61,FALSE
CUST-204713,Mia Martin,mia.martin4713@example.com,+92-300-ABC-123,25,United States,New York,01.05.2024,36196.06,FALSE
CUST-204714,Mr. David Wilson,david.wilson4714@example.com,+44788560318,32,United States,Seattle,19/07/2020,30118.58,No
CUST-204715,Fatima Martin,FATIMA.MARTIN4715@EXAMPLE.COM,+44654091949,18 years,Pakistan,Islamabad,17 Nov 2023,21002.7,Yes
CUST-204716,Fatima Hall,fatima.hall4716@example.com,+1766406008,82,Australia,Sydney,2025/00/12,37736.91,No
CUST-204717,Sarah Taylor,sarah.taylor4717@example.com,+49703234164,0,U.K.,Karachi,2026-02-23,38486.69,Yes
CUST-204718,James White,james.white4718@example.com,0300 1234567,42,United Kingdom,Manchester,2022-11-14,23361.64,No
CUST-204719,Ahmed King,ahmed.king4719@example.com,+92858599332,29,U.S.A,Toronto.,2021-08-19,23611.03,Yes
CUST-204720,Ahmed King,not-an-email,+1998814280,twenty,GER,Sydney NSW,2025-01-22,5711.81,No
CUST-204721,Emma Wilson,emma.wilson4721@example.com,+61484080617,26,Canada,Vancouver,,34140.89,Yes
CUST-204722,Hassan Wilson,hassan.wilson4722@example.com,,twenty,AUS,New York,06-07-2024,free,No
CUST-204723,Aisha Walker,aisha.walker4723@example.com,+1 (555) TEST,63,Canada,Londn,21/09/2022,1O000,No
CUST 204724,Hassan Hall,hassan.hall4724@example.com,+49960901754,52,AUS,New York,99-99-9999,,No
CUST-204725,Mary Ali,mary.ali4725@example.com,+44423263271,69,United Kingdom,Manchester,11 Apr 2026,"$12,500.50",Yes
204727,Sarah Walker!!!,sarah.walker4727@example.com,+1 (555) TEST,,United Kingdom,Melb,?,12173.46,
CUST-204728,Ali White,ali.white4728@example.com,+1466658467,79,United States,New York,01-07-2022,,TRUE
CUST-204729,Fatima Clark,fatima.clark4729@example.com,+49506827746,999,UK,Brisbane,15 Mar 2019,8161.63,FALSE
CUST-204730,Emma Wilson,foo.bar@domain,+49327073576,72,Australia,Melbourne,18.07.2023,18867.15,No
204731,Mary Hall,mary.hall4731@example.com,+49544887366,67,pakistan,Manchester,09 Oct 2020,,Yes
CUST-204732,Sophia White,sophia.white4732@example.com,+1962554120,48,,Islamabad,2020/02/09,32764.66,no 
???,Olivia King,olivia.king4733@example.com,+1427013162,81,Germany,Hamburg,08/02/2026,20571.03,Yes
CUST-204734,Fatima Wilson,zain.smith4416@example.com,,75,United States,Seattle,05-10-2023,2640.15,Y
CUST-204735,Mia Wilson,mia.wilson4735@example.com,+61972114572,35,Pakistan,Karachi,10-13-2024,"12.500,50",No
CUST-204736,Daniel Lee,daniel.lee4736@example.com,+61751233957,65,USA,Londn,2019-05-12,32470.89,No
CUST-204737,UNKNOWN,james.white4737@example.com,+92979786044,145,Pakistan,NYC,05-30-2021,25656.18,No
200781,Daniel Hall,daniel.hall4738@example.com,+1471779739,20,Canada,Toronto,28 Sep 2019,"12.500,50",Yes
CUST-204739,Mary Ali,user @mail.com,123,72,Germany,Berlin,2023-08-28,"12.500,50",No
CUST-204740,Sarah Khan,sarah.khan4740@example.com,+1465182760,145,UK,Lahore,04 Feb 2025,22181.97,Yes
CUST-204741,James Ahmed,james.ahmed4741@@example.com,+1681915892,61,Pakistan,Melb,26 Mar 2020,24862.34,No
CUST-204742,Daniel Taylor,daniel.taylor4742@example.com,+61430924424,62,Germany, Berlin,Feb 30 2025,38574.23,Yes
CUST-204743,Sarah Clark,sarah.clark4743@example.com,+92492434713,49,United Kingdom,Leeds,25.02.2022,"$12,500.50",N
CUST-204744,Olivia Khan,olivia.khan4744@example.com,+44415449457,28,PK,123,01.01.2019,free,Yes
CUST-204745,Ahmed Taylor!!!,ahmed.taylor4745@example.com,0300 1234567,59,United Kingdom,London,2023/08/17,24359.09,No
CUST-204747,Ali Ahmed,ali.ahmed4747@example.com,+49600152272,49,Australia,NYC,12.05.2024,14370.18,No
CUST-204748,Muhammad Taylor,muhammad.taylor4748@example.com,+1 (555) TEST,,United States,Melb,2025-10-06,30211.31,Yes
CUST-204749,UNKNOWN,aisha.brown4749@example.com,+92-300-ABC-123,21,,Toronto,25.08.2024,37994.79,
CUST-204750,Mia White,mia.white4750@example.com,+61894367558,74,Australia,Melbourne,2025-05-04,16593.37,No
CUST-204751,Sophia Ahmed,sophia.ahmed4751@example.com,+92-300-ABC-123,50,Pakistan,Lahore,07 Nov 2025,15996.41,Yes
CUST-204753,Noah Khan,test@test,000000000,-4,Canada,Vancouver,2026-02-31,30773.4,No
CUST-204754,Ali Lee,ali.lee4754@example.com,+61591598740,27,,Munich,01 May 2020,11482.96,No
CUST-204755,Emma Walker,emma.walker4755@example.com,+92615876713,40,United States,NYC,03-28-2024,3230.71,no 
CUST-204756,Muhammad Smith,muhammad.smith4756@example.com,000000000,43,PAKISTAN ,Sydney,21.11.2021,"12.500,50",0
CUST-204757,Sophia Ali,sophia.ali4757@example.com,+92476106351,81,United Kingdom,Karachi?,03-17-2021,13329.44,Yes
CUST-204758,Olivia Johnson,olivia.johnson4758@example.com,+61372174708,0,United States,New York,2019-09-13,,Yes
CUST-204759,Olivia Smith,olivia.smith4759@example.com,+49600765509,24,Pakistan,Islamabad,99-99-9999,"2,500 AUD",Yes
CUST-204761,Mr. John Clark,,000000000,82,Canada,Calgary,07/08/2021,10106.41,Yes
CUST-204762,Sarah Khan,sarah.khan4762@example.com,+44792713633,,Canada,Toronto,26 Sep 2019,11608.82,maybe
CUST-204763,Mr. Emma Johnson,abc.com,+44687490482,32,Canada,Toronto,2024/09/26,1941.23,No
CUST-204764,Ahmed Khan,ahmed.khan4764@example.com,+1352484669,69,Canada,Calgary,2023-09-10,30897.19,Yes
CUST-204765,Muhammad Smith,,+44302026288,twenty,U.S.A,Melbourne,missing,22317.96,Yes
CUST-204766,Mia Walker,mia.walker4766@example.com,+92910828785,25.5,Canada,Toronto,19 Nov 2021,12944.44,No
CUST-204767,Muhammad Smith,muhammad.smith4767@example.com,unknown,44,Germany,unknown,09 Feb 2025,22924.14,No
CUST-204768,Aisha Taylor,not-an-email,+92712347276,82,United States,Seattle,2025-02-20,999999999,active
CUST-204769,John Ahmed,john.ahmed4769@example.com,+61517075823,81,Pakistan,Islamabad,,USD 2500,FALSE
???,Daniel Brown,daniel.brown4770@@example.com,+1539615472,35,United States,New York,2024/03/13,10413.78,0
 CUST-204771,Mary King,mary.king4771@example.com,+92845129547,31,UK,Melb,12 May 2023,39618.2,No
CUST-204772,Ahmed Martin,ahmed.martin4772@example.com,+44709577110,46,Pakistan,Melb,27/05/2020,19805.19,No
CUST-204773,Daniel Martin,daniel.martin4773@example.com,0300 1234567,19,pakistan,Sydney,12-09-2023,22241.02,Yes
CUST-204775,Noah Khan,noah.khan4775@example.com,+49529660512,31,United States,New York,06-20-2026,21220.23,Yes
CUST-204776,Emma Lee,emma.lee4776@example.com,+49828386250,56,Pakistan,123,12-28-2023,999999999,Yes
CUST-204778,Mr. Aisha King,aisha.king4778@example.com,(02) 9999-8888,,United Kingdom,Manchester,15.02.2024,-400,No
CUST-204779,Sophia Hall!!!,sophia.hall4779@example.com,+92662363993,81,United States,  Seattle  ,2020-05-15,23934.68,
???,Sophia White,sophia.white4780@example.com,+1591814474,25.5,Germany,Berlin,-,"$12,500.50",maybe
CUST-204781,Noah Taylor,not-an-email,+61444432746,69,Canada,Calgary,04/11/2019,"$12,500.50",
CUST-204782,David Johnson,,++612345678,35,PAKISTAN ,London,06.09.2025,18189.4,Yes
CUST-204783,David Clark,@domain.com,+1813460227,,Can.,Vancouver,13 Jan 2025,free,Yes
 CUST-204784,John Khan,john.khan4784@example.com,+92668403341,-4,Pakistan,Karachi,2025/08/28,free,Yes
CUST-204785,Hassan Martin,hassan.martin4785@example.com,+44370238958,44,Pakistan,Lahore,09/11/2025,8347.87,maybe
CUST-204786,Olivia Taylor,olivia.taylor4786@example.com,+92908855228,39,Pakstan,Seattle,2026-13-44,1161.11,Yes
CUST-204787,Emma White,name@,(02) 9999-8888,23,United Kingdom,London,2023-01-30,26748.9,Y
CUST-200689,Daniel White,DANIEL.WHITE4788@EXAMPLE.COM,+1590934512,-4,Germany,Berlin,10 Aug 2023,24816.12,Yes
204789,Sarah Wilson,sarah.wilson4789@example.com,+1662772467,31,Pakistan,Lahore,   ,17641.6,N
CUST-204790,Sarah Khan,sarah.khan4790@example.com,+1955887502,25.5,Australia,Melbourne,24/05/2021,39356.74,active
CUST-204791,Aisha Ali,,+92404510195,31,UK,Toronto,14.12.2021,10012.38,No
CUST-204792,Emma Smith,emma.smith4792@example.com,,55,Canada,Vancouver,11/05/2025,9078.54,No
CUST-204793,Sophia Johnson,,+92778138187,51,PK,Brisbane,2024-04-10,37289.5,No
CUST-204794,Mr. Sarah Smith,sarah.smith4794@example.com,+49639523157,76,United Kingdom,London,12-10-2025,17322.84,No
CUST-204795,Ahmed Clark,ahmed.clark4795@example.com,+44623508815,31,Can.,Toronto.,32 Jan 2025,39185.43,Yes
CUST-204796,Emma Clark,emma.clark4796@example.com,+92928700898,32,Canada,,01-08-2021,12305.02,No
CUST-204797,Aisha Khan,aisha.khan4797@example.com,+61889683795,35,Pakistan,,03-04-2023,18270.12,Yes
CUST-204798,Aisha Hall,aisha.hall4798@example.com,+1593234014,18,Canada,Toronto, ,4420.43,No
CUST-204799,Mary Walker,mary.walker4799@example.com,+49970739783,,Australia,Brisbane,25/01/2019,16671.2,Yes
CUST-204800,Hassan Hall,hassan.hall4800@example.com,+61724154214,29,Canada,Vancouver,11-23-2025,-400,inactive
 CUST-204801,,mary.ahmed4801@example.com,+92671787163,47,Canada,Toronto,21.10.2024,23420.93,Yes
CUST 204802,Mary Wilson,mary.wilson4802@example.com,+1640543850,999,Australia,Melbourne,10-10-2023,22218.66,inactive
CUST-204803,Noah Wilson,,+92603185685,44,Canada,Toronto,02-06-2022,-400,No
CUST-204804,Mary White,mary.white4804@example.com,+49641321365,76,United States,Chicago,09/03/2025,34814.85,No
CUST-204805,Daniel Lee,user @mail.com,+44608902533,18,,Toronto.,04 Jan 2020,2505.79,Yes
CUST-204806,Noah Martin,noah.martin4806@example.com,unknown,64,UK,Leeds,missing,,FALSE
CUST-204807,Mr. Mia Johnson,mia.johnson4807@example.com,abc123,25,Pakistan,Karachi,2024-09-24,17174.5,No
CUST-204808,,ahmed.martin4808@example.com,+44728814660,-4,Australia,Sydney,not-a-date,6682.84,active
CUST-204809,Zain Young,@domain.com,+49694642006,50,United Kingdom,London,26/12/2024,USD 2500,Yes
CUST-204810,Muhammad Taylor,name@,unknown,,PAKISTAN ,Lahore,2023/09/01,20361.43,No
CUST-204811,James Young,not-an-email,+92774867933,40,Pakistan,Islamabad,22 Sep 2025,"2,500 AUD",No
,12345,,++612345678,999,Germany,Munich,2020/01/06,19436.21,No
CUST-204813,MiaKing,,123,44,Germany,Hamburg,2026-04-12,"12.500,50",
CUST 204814,Daniel Khan,user @mail.com,+92502329448,74,AUS,,2019-09-05,25266.96,yes 
CUST-204815,James King,,+44862666448,40,United Kingdom,London,08-22-2019,24044.84,N
CUST-204816,James Taylor,james.taylor4816@example.com,+44953631726,63,Germany,Berlin,23.02.2022,16437.52,Yes
,12345,sarah.johnson4817@example.com,+92659600100,48,United Kingdom,London,,-400,No
CUST-204818,Sophia Khan,user @mail.com,+44815215108,,Canada,Vancouver,   ,,no 
???,,,+92458518700,145,United States,New York,30/09/2023,11167.98,No
CUST-204820,Sophia Clark,sophia.clark4820@example.com,000000000,47,United States,New York,2024-12-04,free,TRUE
CUST-204821,Ahmed White,user @mail.com,+49744889411,999,Pakistan,Lahore,2023/01/23,4105.54,yes 
CUST-204822,Emma Martin,emma.martin4822@example.com,+61715389696,50,pakistan,Toronto,01 Aug 2025,999999999,Yes
CUST-204823,John Johnson,john.johnson4823@example.com,+1670846771,1O,United states of america,Berlin,02-13-2019,27990.75,FALSE
204824,,DAVID.AHMED4824@EXAMPLE.COM,+49685966158,79,Pakistan,Karachi?,,6420.28,No
CUST-204825,Olivia White,olivia.white4825@example.com,000000000,0,Germany,Melb,not-a-date,20052.7,No
 CUST-204826,Mr. Mia Johnson,mia.johnson4826@example.com,,,U.K.,London,01.03.2022,24566.44,Yes
CUST-204827,Mary Brown,mary.brown4827@example.com,+92-300-ABC-123,43,pakistan,Seattle,12-31-2024,,Yes
CUST-204828,Fatima White!!!,foo.bar@domain,+92839229660,62,United States,NYC,2026/02/02,35429.43,
 CUST-204829,James King,,+92603801828,60,U.K.,Sydney,2024-01-30,35461.93,No
CUST-204830,Daniel Wilson,daniel.wilson4830@example.com,+44535118875,18 years,Can.,Islamabad,2021-03-15,31107.93,
CUST-204831,Hassan White,hassan.white4831@example.com,(02) 9999-8888,80,Germany,Berlin,07-05-2024,999999999,Yes
CUST-204832,John King,john.king4832@example.com,+49904715891,33,Canada,Vancouver,missing,34611.08,Yes
CUST-204833,Mia Ali,mia.ali4833@example.com,+44830727351,27,United Kingdom,Londn,07.12.2023,23880.93,TRUE
CUST-204834,Ali White,name@,(02) 9999-8888,69,pakistan,London,05/11/2023,26095.7,No
CUST-204835,Olivia Ali,@domain.com,,1O,Australia,brisbane,99-99-9999,10912.32,No
CUST-204836,Fatima Wilson,fatima.wilson4836@example.com,+49479668252,38,Pakistan,Karachi,2023-03-14,999999999,No
CUST-204837,Noah White,noah.white4837@example.com,000000000,145,United Kingdom,Leeds,28 Jul 2022,1O000,
CUST-204838,James Walker,not-an-email,+61465856169,33,Germany,Hamburg,,1181.34,No
CUST-204839,Sarah Young,,+92311745784,59,Australia,Brisbane,02/07/2020,15218.13,yes 
CUST-204840,12345,ahmed.king4840@example.com,+92484956831,24,United Kingdom,Melb,03-25-2019,,Yes
CUST-204841,Hassan Hall,@domain.com,+61397480791,-4,Can.,Vancouver,2022-06-29,5780.17,No
CUST-204842,Sophia King,sophia.king4842@example.com,+1539059059,72,Can.,123,03-26-2023,39349.26,
CUST-204843,Daniel Johnson,daniel.johnson4843@example.com,+1410360427,70,United Kingdom,London,2022-12-03,543.78,No
CUST-204844,Mr. Zain Wilson,name@,+49953491255,64,United Kingdom,Manchester,08-31-2019,1962.02,FALSE
CUST-204845,Aisha Clark,aisha.clark4845@example.com,,64,PK,unknown,missing,28759.24,
CUST-204846,Mia White,mia.white4846@example.com,+49757369448,66,Australia,Brisbane,17/01/2026,38268.39,No
CUST-204847,Mia White,mia.white4847@example.com,+1595837057,24,Canada,Toronto,27.02.2024,16778.76,No
CUST-204848,MaryYoung,mary.young4848@example.com,+61521535282,twenty,United States,Karachi?,10-24-2021,23464.67,TRUE
CUST-204849,James Smith,foo.bar@domain,123,28,Pakistan,Lahore,18 Mar 2022,21947.85,No
,Zain Lee,zain.lee4851@example.com,+49908850364,31,U.S.A,Chicago,12/11/2025,3923.65,0
CUST-204852,Sarah Lee,sarah.lee4852@example.com,+49806606935,48,United States,New York,15.11.2024,325.09,Yes
CUST-204853,Sophia Martin,sophia.martin4853@example.com,+1962601264,69,AUS,Munich,32 Jan 2025,9763.97,Yes
CUST-204854,,zain.smith4854@example.com,+1593592627,59,Australia,Melbourne,26.12.2024,34929.07,yes 
CUST-204855,David Khan!!!,david.khan4855@example.com,+61851252176,71,,Karachi?,2023/10/12,33172.49,Yes
CUST-204856,Muhammad Clark,abc.com,+61754990317,69,Germany,Berlin,12-25-2021,39710.93,Yes
CUST-204857,Aisha Ahmed,aisha.ahmed4857@example.com,+92779425801,55,Germany,123,07-01-2021,2867.61,Yes
CUST-204858,David Martin,david.martin4858@example.com,+61445055270,56,United States,New York,06/06/2024,28993.5,1
CUST-204859,Mia Martin,,+61544910092,18,Canada,Toronto,2026-04-15,USD 2500,1
CUST-204860,Sarah Hall,SARAH.HALL4860@EXAMPLE.COM,+61895576604,29,,New York,01-24-2019,39450.02,No
CUST-204861,Zain King,zain.king4861@@example.com,+1905591248,48,pakistan,Calgary,10 Sep 2025,5313.0,Yes
 CUST-204862,Sophia Martin,,abc123,-4,US,,missing,25660.79,Yes
CUST-204863,David Smith,david.smith4863@example.com,+49678922437,145,United States,Seattle,,25627.4,
CUST-204864,Emma Martin,emma.martin4864@example.com,+61960959261,61,US,London,2024/06/11,,no 
CUST-204865,Noah Brown,NOAH.BROWN4865@EXAMPLE.COM,+92333255437,21,Canada,Vancouver,27/07/2022,"2,500 AUD",No
CUST-204866,Muhammad Khan,user @mail.com,+61642581734,25.5,Pakistan,Karachi?, ,20167.04,yes 
CUST-204867,Mia Taylor!!!,mia.taylor4867@example.com,+49523531773,21,Pakistan,Karachi,02-12-2025,634.62,Yes
CUST-204868,,noah.martin4868@example.com,abc123,26,GER,Berlin,07.11.2024,"2,500 AUD",Yes
CUST-204869,,test@test,+44746692065,18,Canada,Calgary,01 May 2023,36788.73,No
CUST-204870,Daniel Johnson!!!,test@test,+49579122264,18,Pakistan,Karachi,not-a-date,1O000,
CUST-204871,Emma Martin,emma.martin4871@example.com,+49998100913,50,,Manchester,-,18448.29,No
CUST-204873,John Brown,john.brown4873@example.com,+92628131615,59,United States,Chicago,05-31-2026,999999999,No
CUST-204874,Mia Young,abc.com,+44800462561,57,United States,Seattle,2022/08/19,"$12,500.50",N
CUST-204875,David Smith,david.smith4875@example.com,+49962937802,25,United States,Chicago,2020/11/01,4920.25,1
CUST-204876,Sophia Taylor,sophia.taylor4876@example.com,+1 (555) TEST,77,United States,New York,2026-04-07,33973.42,No
CUST-204877,Mia Taylor,mia.taylor4877@example.com,+92996183641,33,United States,New York,2021-07-11,23021.63,No
CUST 204878,Mary Ali,mary.ali4878@example.com,+92-300-ABC-123,52,Germany,Hamburg,15/05/2023,14357.6,active
CUST-204879,Olivia Wilson,user @mail.com,+49948932051,51,Australia,Melbourne,missing,39579.66,no 
CUST-204880,Ali Khan,james.hall963@example.com,+49522928330,,United Kingdom,Manchester,unknown,35752.12,Yes
???,Sarah Martin,foo.bar@domain,,39,Pakistan,Islamabad,22.04.2019,1O000,1
CUST-204882,MaryKing,mary.king4882@example.com,000000000,25.5,Germany,Berlin,15.09.2023,3444.79,Yes
CUST-204883,Mr. Muhammad Khan,muhammad.khan4883@example.com,+49339734787,twenty,PK,New York,13 Mar 2021,33442.04,Yes
CUST-204884,UNKNOWN,not-an-email,0300 1234567,73,Australia,Brisbane,11 Dec 2022,31922.9,No
CUST-204885,Olivia Khan,olivia.khan4885@example.com,+1 (555) TEST,46,Australia,Melbourne,2020-10-09,1760.76,FALSE
CUST-201683,James Hall,james.hall4886@example.com,+1472865430,61,,Vancouver,25 Jul 2021,36797.21,No
CUST-204887,Fatima Young!!!,not-an-email,123,1O,Australia,123,04-08-2021,16843.33,No
,Mia Ali,name@,+49918539988,51,United States,NYC,06-16-2020,37449.66,TRUE
CUST-204889,John Ahmed,john.ahmed4889@example.com,+1676553352,145,Pakistan,Lahore,04.07.2025,,Yes
CUST-204891,John Walker,not-an-email,+92-300-ABC-123,,Germany,Karachi?,-,19270.08,1
CUST-204892,Fatima Hall,fatima.hall4892@example.com,0300 1234567,,United States,Chicago,2021/05/22,1O000,no 
CUST-204893,UNKNOWN,,+1734205172,39,United Kingdom,London,2020-06-19,557.96,active
CUST-204894,Muhammad Brown,muhammad.brown4894@example.com,+44310983255,145,Pakistan,Karachi,30.07.2020,29769.05,Y
CUST-204895,Hassan Wilson,name@,,39,Canada,Toronto,31/02/2026,39322.16,N
CUST 204896,???,ali.wilson4896@example.com,+92864337367,28,Australia,Sydney,2025/07/06,6699.96,Y
CUST-204897,Sarah Clark,sarah.clark4897@example.com,+1470023206,82,United States,NYC,2020-08-19,"2,500 AUD",Yes
CUST-204898,Mia Clark,mia.clark4898@example.com,,74,United Kingdom,London,2026-02-31,24213.57,N
cust-204899,Sophia White,test@test,+92807574548,75,pakistan,NYC,2023-08-05,38171.0,Yes
CUST-204900,Mary Khan!!!,mary.khan4900@example.com,+44630592410,37,Germany,,23/12/2023,11026.75,No
CUST-204901,Aisha Young,aisha.young4901@@example.com,+61468692596,66,United States,Chicago,00/00/0000,999999999,No
,Aisha Lee,,+92920863666,59,Canada,Toronto,13/05/2019,USD 2500,N
CUST-204903,,,+49661009332,64,United States,Chicago,,30587.62,FALSE
???,Ali Brown,ali.brown4904@example.com,+92433259210,,United States,Seattle,2020-03-03,31594.56,Yes
CUST-204905,Hassan Clark,hassan.clark4905@example.com,unknown,,pakistan,NYC,2022-10-21,,
204906,,daniel.smith4906@example.com,+61367185436,18 years,Can.,Melbourne,2025/09/18,4442.44,inactive
CUST-204907,Zain Young,zain.young4907@example.com,+44426660778,999,United States,Chicago,16/01/2024,8977.06,no 
CUST-204908,John Lee,john.lee4908@example.com,+1887264988,0,UK,Calgary,31/02/2026,30290.64,Yes
cust-204909,Mia Ahmed,mia.ahmed4909@example.com,+44742011743,,United states of america,Melbourne,18 Nov 2023,22756.62,Yes
CUST-204910,Ahmed Walker,ahmed.walker4910@example.com,+44581900196,44,Canada,Melb,20 Jan 2026,free,No
CUST-204911,Sophia Ahmed,sophia.ahmed4911@example.com,+49355993367,77,US,Brisbane,01-23-2022,free,No
CUST-204912,Noah Smith!!!,noah.smith4912@example.com,+49352771727,54,Canada,NYC,09/09/2021,31366.78,0
CUST-204913,David Martin,david.martin4913@example.com,+92-300-ABC-123,72,Australia,Melbourne,13/13/26,26292.97,Yes
CUST-204914,,james.hall4914@example.com,+1 (555) TEST,77,Pakistan,Islamabad,21/06/2021,,Yes
CUST-204915,???,ahmed.johnson4915@example.com,+49760983524,80,United Kingdom,Toronto.,03 Aug 2021,2772.55,No
CUST-204916,Ali Wilson,ali.wilson4916@example.com,+44579280010,64,Germany,Hamburg,05-01-2019,"2,500 AUD",yes 
CUST-204917,Mary Taylor,mary.taylor4917@example.com,+44746979120,77,U.K.,BRISBANE,13/13/26,-400,No
CUST-204918,Fatima Lee,test@test,+49452852947,1O,Canada,Toronto,14/10/2023,free,yes 
CUST-204919,Aisha Wilson,aisha.wilson4919@example.com,+1563957443,18 years,United Kingdom,London,2020/06/20,1O000,No
 CUST-204920,Zain White,zain.white4920@example.com,,35,US,Londn,2025/01/05,12207.19,TRUE
CUST-204921,Mr. Emma Johnson,emma.johnson4921@example.com,000000000,1O,United Kingdom,London,10/03/2025,34555.13,Yes
CUST-204922,Mary Johnson,mary.johnson4922@example.com,+92890773361,68,UK,Toronto.,23 Dec 2022,29565.57,No
CUST-204923,UNKNOWN,aisha.martin4923@example.com,,64,U.S.A,Islamabad,01-30-2021,"$12,500.50",TRUE
CUST-204924,zain khan,zain.khan4924@example.com,123,61,Pakistan,Karachi,31/05/2025,,active
CUST-204925,Mia Ahmed,mia.ahmed4925@example.com,0300 1234567,49,UK,Melbourne,,5328.07,Yes
CUST-204926,,,+49628672666,78,Pakistan,Karachi,2024-03-08,,No
CUST-204927,Emma Hall,EMMA.HALL4927@EXAMPLE.COM,+92921539485,,Pakistan,Lahore,Feb 30 2025,,No
CUST-204928,Emma Martin,abc.com,+44969339768,81,Canada,Karachi?,07-25-2019,30102.18,no 
CUST-204929,UNKNOWN,emma.johnson4929@example.com,++612345678,41,US,Melbourne,2020/01/14,999999999,Yes
CUST-204930,,,abc123,1O,AUS,Islamabad,2022/05/31,33886.38,No
CUST-204931,Daniel Walker,daniel.walker4931@example.com,+44747213593,76,U.S.A,Melb,2021-08-08,35348.55,No
,Olivia Ali,olivia.ali4932@example.com,+44736297839,41,Canada,Toronto,11-29-2024,22127.23,No
CUST-204933,Hassan Clark,hassan.clark4933@example.com,+1 (555) TEST,18 years,U.K.,Brisbane,17.10.2020,11170.76,Yes
CUST-204934,Sarah Ali,sarah.ali4934@example.com,+1751434897,77,Australia,Sydney,2021-03-19,"12.500,50",No
CUST-204935,,mary.taylor4935@example.com,,0,Pakstan,123,2026/06/13,"2,500 AUD",No
CUST-204936,Ali Lee,,0300 1234567,52,Germany,Munich,2019/08/28,"2,500 AUD",Yes
CUST-204937,Emma Clark,foo.bar@domain,+49570399360,44,United Kingdom,Leeds,18 Sep 2025,35705.46,Yes
???,Ahmed Ahmed,ahmed.ahmed4938@example.com,0300 1234567,26,United Kingdom,NYC, ,37601.18,Y
CUST-204939,Emma King,,+1969434202,59,PK,Sydney,2022/04/06,23487.9,No
CUST-204940,James Walker,james.walker4940@example.com,+49815817373,78,Canada,Calgary,09 Dec 2022,999999999,No
CUST-204941,Daniel White,daniel.white4941@example.com,+44828137602,58,United Kingdom,London,2026-02-31,,No
CUST-204942,HassanTaylor,hassan.taylor4942@example.com,+1472722188,62,United Kingdom,London,07 Jun 2022,21704.25,active
CUST-204943,Hassan Walker,abc.com,+92468463594,twenty,Australia,Sydney,27/05/2026,10212.49,
204945,Sarah Wilson,sarah.wilson4945@example.com,+49457183399,,Canada,Londn,2023/12/23,"2,500 AUD",No
,Aisha Martin,,abc123,36,Germany,Munich,03.05.2019,,No
,Daniel White,daniel.white4947@example.com,+1594662988,27,United Kingdom,Leeds,-,22481.33,Yes
CUST-204948,Ali Lee,ali.lee4948@example.com,+44753106497,21,United States,Seattle,12.10.2024,34824.9,FALSE
CUST-204949,John Martin,@domain.com,+44365423502,1O,United States,New York,2019/04/04,"$12,500.50",Y
CUST-204951,Zain Smith,,+92757047337,0,U.K.,Hamburg,11-21-2025,1206.96,no 
CUST-204952,John Johnson,test@test,+49896414874,76,Australia,Brisbane,22.06.2021,,active
 CUST-204953,Emma Ali,,+44676444937,twenty,Australia,unknown,08/09/2020,2432.4,No
CUST-204954,Emma White,,+92-300-ABC-123,twenty,United states of america,Lahore,   ,10728.2,no 
CUST-204955,Sophia Clark,name@,+49862512431,145,Australia,Melbourne,08-02-2022,10846.03,Yes
CUST-204956,UNKNOWN,david.clark4956@example.com,+61645178290,,GER,Calgary,11-01-2021,27853.26,No
CUST-204957,Olivia Lee,olivia.lee4957@example.com,+1391395640,,Australia,Sydney,02-27-2025,USD 2500,N
CUST-204958,James Hall,james.hall4958@example.com,(02) 9999-8888,145,Canada,Toronto,13/13/26,21199.93,Yes
CUST-204959,Noah Smith,noah.smith4959@example.com,+1977713791,56,Australia,123,06 Apr 2025,35517.83,No
204960,Hassan Smith,hassan.smith4960@@example.com,+92-300-ABC-123,25.5,Australia,NYC,24/01/2023,,No
,Ahmed White,AHMED.WHITE4961@EXAMPLE.COM,+49532331322,40,Pakistan,Islamabad,25/06/2020,"12.500,50",Yes
CUST-204962,Mary Johnson,mary.johnson4962@example.com,+92477982646,999,Pakistan,Islamabad,11 Jun 2022,31375.05,
CUST-204963,Mary Martin,mary.martin4963@example.com,+61613345523,18 years,Pakistan,Islamabad,11/09/2020,8474.84,No
CUST-204964,Noah Ali,noah.ali4964@example.com,+1 (555) TEST,30,Pakstan,Toronto., ,36478.63,No
CUST-204965,Mary Walker,mary.walker4965@example.com,+61376117385,19,GER,Chicago,04/12/2019,29920.14,No
CUST-204966,David Smith,david.smith4966@@example.com,++612345678,42,Australia,,2022/01/18,free,No
CUST-204967,UNKNOWN,mia.ahmed4967@example.com,,66,Australia,Melbourne,   ,"2,500 AUD",1
cust-204968,Fatima Hall,test@test,+44530566711,,United States,Sydney NSW,2024-10-03,5866.05,
CUST-204969,Zain Ahmed,ZAIN.AHMED4969@EXAMPLE.COM,+1 (555) TEST,,Australia,Brisbane,29 Dec 2019,,No
CUST 204970,Zain Wilson ,zain.wilson4970@example.com,+61718079300,999,U.S.A,New York,11-03-2020,14908.95,No
CUST-204971,Sarah Lee,,+1553749555,64,Australia,Brisbane,27.03.2022,22242.06,Yes
CUST 204972,Aisha White,aisha.white4972@example.com,+61938026418,60,Canada,Calgary,24 Dec 2025,-400,active
 CUST-204973,Sarah Johnson,user @mail.com,+49896680231,145,UK,Vancouver,2023-11-14,6349.21,No
CUST-204974,Emma Wilson,emma.wilson4974@example.com,+49835217000,1O,Australia,Brisbane,28.07.2025,17045.55,FALSE
CUST-204975,Zain Lee,zain.lee4975@example.com,+61379239935,0,United States,New York,04-23-2020,35628.65,Yes
CUST-204976,John Lee,john.lee4976@example.com,+44316980506,1O,U.S.A,Lahore,06 Mar 2021,"12.500,50",No
CUST-204977,Olivia Lee,OLIVIA.LEE4977@EXAMPLE.COM,+92803472210,,United States,New York, ,4999.57,Yes
CUST-204978,Mr. Noah Khan,noah.khan4978@example.com,,76,United States,Seattle,2026-02-31,999999999,TRUE
CUST-204979,Sophia Clark,name@,+1421936749,999,U.K.,Toronto.,13/13/26,"$12,500.50",Yes
CUST 204980,Daniel Taylor,daniel.taylor4980@example.com,+49307453509,53,AUS,Melb,26/11/2025,"$12,500.50",No
CUST-204981,Hassan Wilson,hassan.wilson4981@example.com,+44650044012,33,US,Calgary,02-07-2022,12139.36,Yes
CUST-204982,Emma Khan,emma.khan4982@example.com,000000000,74,Pakstan,Manchester,03 Jun 2023,20786.41,No
CUST-204983,Zain Wilson,zain.wilson4983@example.com,+61570452688,23,Pakistan,Karachi,28/05/2019,5856.97,maybe
CUST-204984,Noah Lee,abc.com,+61953330303,31,United Kingdom,Leeds,not-a-date,31363.3,Y
204985,Noah King,noah.king4985@example.com,+92-300-ABC-123,36,UK,London,12-27-2023,19226.41,No
,Sophia Khan!!!,sophia.khan4986@example.com,0300 1234567,,GER,New York,   ,20950.04,inactive
204987,Mia Smith!!!,user @mail.com,+1825291732,62,Germany,Hamburg,12-24-2021,USD 2500,Yes
CUST-204988,emma johnson,emma.johnson4988@example.com,+44672057975,145,United States,Chicago,07/09/2019,21337.3,No
CUST-204989,Noah Johnson,,+49809165244,0,United Kingdom,Leeds,04/07/2025,33477.69,maybe
CUST-204990,Ahmed Ali,not-an-email,,23,Germany,Berlin,2026-04-15,12599.49,active
CUST-204991,Muhammad Ali,fatima.walker3099@example.com,+49466321116,70,United States,Seattle,22 Nov 2025,16231.09,0
CUST-204992,James Clark,james.clark4992@example.com,000000000,52,Germany,Hamburg,2019-01-19,-400,Yes
,Mary Ali,mary.ali4993@example.com,+49748529537,31,Germany,Munich,10-16-2023,,No
CUST-204994,Sophia Smith,sophia.smith4994@example.com,+92-300-ABC-123,1O,U.K.,Hamburg,03-04-2026,16609.96,No
CUST-204995,12345,david.martin4995@example.com,+61957672804,35,Canada,Toronto,none,23413.78,No
CUST-204996,Sophia Khan,,+92434122147,24,Pakistan,Lahore,2019/11/22,30030.03,No
204997,Sarah Smith,@domain.com,+92-300-ABC-123,55,U.K.,New York,00/00/0000,30057.46,Yes
CUST-204998,James Lee,james.lee4998@example.com,+44910689782,999,United Kingdom,Leeds,12-29-2022,37109.2,Yes
CUST-204999,David Young,david.young4999@example.com,+1658034894,,Australia,Melbourne,12.05.2022,35922.55,No
