SKU,Product_Name,Category,Supplier,Stock_Qty,Reorder_Level,Unit_Cost,Warehouse,Last_Restock,Status
SKU-500000,Product 1,Home,PrimeSource,723,NaN,1161.51,Melbourne WH,2026/07/10,In Stock
SKU-500001,Unknown Item,Home,Apex Supply,89,44,2002.06,SYD,15/06/2021,In Stock
SKU-500002,Product 3,office supplies,Vertex Trading,294,77,650.58,WH-ADE,17.09.2022,LOW STOCK 
SKU-500003,Product 4,soft ware,Nova,403,142,1283.47,ADE,18/05/2023,LOW STOCK 
SKU-500004,Product 5,Home,Global Parts,"1,200",138,935.7,N/A,NA,In Stock
SKU-500005,Product 6,Software,Metro Goods,702,"1,000",803.14,WH-PER,31/02/2026,In Stock
SKU-500006,Product 7,Office,Apex Supply,818,102,AUD 500,WH-ADE,2023/12/08,In Stock
SKU-500007,Product 8,OFFICE,Prime Source,789,54,1873.45,WH-BNE,null,In Stock
12345,Product 9,Software,PrimeSource,591,,1256.82,WH-MEL,2024-10-13,in stock
SKU-500009,Product 10,Office,Prime Source,999999,78,221.81,WH-MEL,2025/10/16,In Stock
SKU-500010,Product 11,Accessories,Nova Wholesale,263,34,1029.92,WH-MEL,03-27-2021,In Stock
SKU-500011,Product 12,Office,Metro Goods,209,18,"1,299.50",WH-MEL,?,In Stock
SKU-500012,???,Software,,-1,NaN,833.95,WH-BNE,2026-09-08,Available
SKU-500013,Product 14,Electronics,Metro Goods,-50,37,USD 120,WH-SYD,13 Oct 2023,OOS
SKU-500014,Product 15,Electronics,unknown,81,87,1358.24,N/A,missing,Low Stock
SKU-500015,product_name,Accessories ,Prime Source,378,29,2336.65,SYD,14 May 2023,In Stock
SKU-500016,Product 17,Software,Metro Goods,NaN,64,"1,299.50",WH-SYD,2026/06/04,In Stock
SKU-500017,Product 18,Accessories ,123,0,139,492.63,N/A,17.02.2024,Out of Stock
SKU-500018,N/A,soft ware,Apex Supply,764,146,"2 500,00",WH-BNE,2021/12/02,In Stock
SKU-500019,Product 20,office supplies,Apex Supply,1O0,46,942.58,WH-SYD,08-28-2026,In Stock
SKU-500020,Product 21,Unknown,Prime Source,95,64,N/A,WH-PER,NA,In Stock
SKU-500021,Product 22,Software,Global Parts,527,103,731.37,unknown,05-09-2026,Available
SKU-500022,Product 23,ELECTRONICS ,PrimeSource,N/A,111,AUD 500,N/A,null,in stock
SKU-500023,  Product 24  ,Accessories,Metro Goods,N/A,73,1323.4,,31/12/2023,
SKU-500024,Product 25,Accessories,Metro Goods,726,119,"1.299,50",WH-MEL,02-17-2023,INSTOCK
SKU-500025,Product 26 ,Office,PrimeSource,339,82,57.31,SYD,29.05.2026,In Stock
SKU-500026,Product 27,soft ware,N/A,446,9999,433.22,WH-bne,12-13-2021,In Stock
SKU-500027,Product 28,Home,Global Parts,234,106,102.01,WH-SYD,missing,In Stock
SKU-500022,123456,Software,Global Parts,245,-10,$99.99,Melbourne WH,32 Jan 2025,In Stock
SKU-500029,Product 30,Electronics,PrimeSource,690,83,1092.66,WH-SYD,03-12-2022,in stock
SKU-500030,Unknown Item,electronic,N/A,NaN,19,2376.18,WH-BNE,2026/05/29,In Stock
,Product,Accessories,Vertex Trading,557,21,10O.50,WH-MEL,not-a-date,In Stock
SKU-500032,Product 33,Accessories ,Vertex Trading,-50,9999,N/A,N/A,2024/08/23,In Stock
SKU-500033,Product,N/A,Vertex Trading,530,86,-250,WH-ADE,15/05/2021,In Stock
SKU-????,Product 35,accessory,Apex Supply,683,78,1816.86,WH-bne,04-15-2026,N/A
SKU-500035,Product 36,OFFICE,Global Parts,721,94,627.99,WH-MEL,03-01-2025,In Stock
SKU-500036,Product 37,Home,Vertex Trading,17,9999,"2 500,00",WH-BNE,2023-11-26,Low Stock
SKU-500037,Product 38,Accessories,Apex Supply,ten,52,1998.26,WH-SYD,18.11.2022,In Stock
SKU-500038,Product 39,N/A,Global Parts,999999,17,562.82,WH-MEL,2022-11-26,N/A
SKU-500039,Product 40,soft ware,Metro Goods,NaN,140,343.83,WH-PER,25/04/2025,In Stock
SKU-500040,Product 41,Software,Nova,5,31,100.06,WH-SYD,14.09.2022,Low Stock
SKU-500041,product_name,soft ware,Vertex Trading,347,92,AUD 500,WH-MEL,13/13/26,In Stock
SKU-500042,Product 43,Accessories,Apex Supply,382,29,321.89,WH-ADE,13/13/26,In Stock
SKU-500043,Product 44,office supplies,Apex Supply,"1,200",111,1198.73,WH-MEL,2026-13-44,INSTOCK
SKU-500044,Product 45,Software,Metro Goods,ten,107,407.97,N/A,2021/04/05,In Stock
SKU-500045,Product 46,Office,Prime Source,898,141,1964.15,WH-SYD,2021-05-15,In Stock
sku-500046,Product 47,Electronics,Vertex Trading,448,45,1114.66,WH-PER,2021-12-20,unknown
SKU 500047,Product 48,N/A,123,"1,200",129,1621.89,Sydney Warehouse,2026/05/04,In Stock
SKU-500048,Product 49,Electronics,Apex Supply,500 units,twenty,1039.75,WH-SYD,2024-06-16,INSTOCK
SKU-500049,Product 50,Software,Metro Goods,761,50 units,53.76,WH-SYD,23.11.2022,In Stock
SKU-500050,,Accessories,N/A,405,N/A,1580.51,Melbourne WH,01 Apr 2026,In Stock
SKU-500051,Product 52,Office,Metro Goods,635,1O,346.73,WH-ADE,2022/04/11,In Stock
SKU-500052,Product 53,Office,Global Parts,ten,9999,FREE,WH-MEL,07-15-2025,In Stock
SKU-500053,Product 54,Electronics,,30,17,945.21,WH-MEL,04-27-2026,INSTOCK
SKU-500054,Product 55,office supplies,Global Parts,999999,24,9999999,WH-PER,,In Stock
SKU-500055,Unknown Item,Accessories,123,394,NaN,AUD 500,WH-ADE,2022/03/23,outofstock
SKU-500056,Product 57,accessory,Prime Source,489,130,"2 500,00",unknown,24/03/2022,In Stock
,Product 58,Home,Global Parts,-50,,1006.94,WH-PER,2022/12/31,In Stock
SKU-500058,Product 59,Accessories,123,679,-10,1852.22,WH-ADE,2021-10-05,In Stock
SKU-500059,Product 60,Accessories,Nova  Wholesale,113,23,1623.25,WH-PER,26/04/2023,outofstock
SKU-????,Product 61,Accessories,Nova Wholesale,500 units,50 units,1533.72,WH-PER,2026-02-31,In Stock
SKU-500061,Product 62,Office,PrimeSource,0.5,31,179.21,ADE,09-22-2025,In Stock
SKU-500062,Product 63,Home,Prime Source,,62,9999999,WH-ADE,?,In Stock
SKU-500063,Product 64,Unknown,Nova Wholesale,175,76,2043.15,ADE,09-13-2023,In Stock
SKU-500064,Product 65,Office,Vertex Trading,233,43,571.03,Warehouse 1,2022-07-10,0
SKU-500065,Product 66,Software,Vertex Trading,512,63,666.19,WH-BNE,-,In Stock
sku-500066,Product,,Vertex Trading,37,twenty,1698.39,Warehouse 1,-,Low Stock
SKU 500067,Product 68,Software,Nova Wholesale,129,N/A,622.26,WH-PER,2025-01-01,In Stock
,Product 69,electronics,Metro Goods,551,1O,463.06,WH-MEL,2026-13-44,In Stock
12345,N/A,Software,Metro Goods,376,9999,1519.38,Melbourne WH,2023-08-10,In Stock
SKU-500070,Product 71,electronic,Nova Wholesale,687,142,"2 500,00",WH-SYD,NULL,In Stock
SKU-500071,Product 72,Office,Prime Source,803,NaN,1728.25,ADE,20.12.2024,low
SKU 500072,Product 73,Software,Nova Wholesale,846,22,566.16,WH-MEL,2021/02/17,In Stock
SKU-500073,Product 74,Home,Apex Supply,482,35,$99.99,WH-SYD,05/06/2022,In Stock
12345,Product 75,Office,Global Parts,149,9999,N/A,WH-PER,2025/11/05,In Stock
SKU-500075,Product 76,Electronics,PrimeSource,0.5,126,1879.37,WH-SYD,06-18-2026,in stock
SKU-500076,Unknown Item,Home,metro goods,463,39,2127.46,WH-MEL,14.10.2024,In Stock
SKU-500077,Product 78,accessory,PrimeSource,396,66,931.54,WH-BNE,22.06.2023,In Stock
SKU-500078,Product 79,Electronics,PrimeSource,495,17,662.64,WH-ADE,29 Mar 2023,N/A
SKU-500079,product_name,Office,Nova,224,93,473.0,WH-MEL,18/11/2023,In Stock
SKU-500080,Product 81,Software,Apex Supply,"1,200",9999,2019.28,WH-SYD,20/01/2021,N/A
NULL,Product 82,Software,Vertex Trading,620,18,415.0,WH-PER,null,In Stock
SKU-500082,Product 83,Software,Nova Wholesale,727,101,,WH-SYD,none,N/A
SKU-500083,Product 84,,Nova Wholesale,610,108,1107.1,wh-per ,2024-06-09,In Stock
SKU-500084,Product 85,office supplies,Nova Wholesale,53,79,1963.23,WH-SYD,08/03/2021,Low Stock
SKU-500085,Product 86,Software,Prime Source,54,50 units,235.83,WH-ADE,2022/10/06,0
N/A,Product 87,Home & Living,Nova Wholesale,0.5,NaN,194.75,WH-bne,none,In Stock
SKU-500087,product_name,Electronics,PrimeSource,661,-10,1225.77,WH-SYD,21.03.2022,In Stock
SKU-500088,Product 89,Accessories,Vertex Trading,301,-10,934.33,WH-SYD,08.10.2025,In Stock
SKU-500089,Product 90,Home,Prime Source,ten,29,,WH-PER,24 Dec 2024,In Stock
SKU-500090,Product 91,office supplies,GlobalParts,,106,1952.74,WH-MEL,2023/04/14,Low Stock
N/A,Product 92,Software,Global Parts,639,98,FREE,Melbourne WH,11/10/2022,Not Available
SKU-500092,Product 93,Electronics,Nova Wholesale,134,48,2326.8,WH-ADE,2022/06/08,In Stock
SKU-500093,123456,office supplies,Apex Supply,109,123,$99.99,WH-ADE,13/13/26,Available
SKU-500094,Product 95,Home,Metro Goods,288,0,1015.3,SYD,2025/09/02,In Stock
SKU-500095,Product 96,ELECTRONICS ,Nova Wholesale,,60,FREE,WH-PER,28.05.2021,In Stock
SKU-500096,Product 97,N/A,Global Parts,639,N/A,1488.14,WH-PER,10-25-2023,In Stock
SKU-500097,Product 98,Office,Apex Supply,855,150,543.9,WH-SYD,12-20-2024,In Stock
SKU-500098,Product 99,accessory,unknown,999999,27,17.35,ADE,32 Jan 2025,In Stock
SKU-500099,Product 100,Accessories,Apex Supply,182,135,10O.50,WH-MEL,10 Aug 2025,In Stock
SKU-500100,Product 101,electronic,Nova Wholesale,90,9999,USD 120,WH-BNE,28 Dec 2025,low
SKU-500101,???,Home,Global Parts,800,18,1156.63,WH-MEL,30 Nov 2022,unknown
N/A,Product 103,Accessories,unknown,714,9999,519.28,WH-BNE,09.04.2021,In Stock
SKU-500103,Product 104,Electronics,Global Parts,42,16,742.97,WH-SYD,04-13-2022,In Stock
SKU-500104,Product 105,soft ware,Global Parts,,9999,"1,299.50",WH-ADE,,In Stock
SKU-500105,N/A,ELECTRONICS ,PrimeSource,805,80,728.8,WH-SYD,2022/04/21,In Stock
SKU-500106,???,Home,unknown,283,93,AUD 500,WH-ADE,2022-06-06,In Stock
SKU-500107,,Office,Metro Goods,378,61,1426.74,ADE,04/05/2026,In Stock
SKU-500108,Product 109,Electronics,GlobalParts,226,139,1521.84,WH-MEL,missing,N/A
SKU-500109,Product 110,electronics,Apex Supply,535,101,N/A,WH-SYD,08-27-2026,Not Available
NULL,Product 111,Unknown,PrimeSource,566,25,2181.65,WH-ADE,31/02/2026,In Stock
SKU 500111,Product 112,Office,nova wholesale,560,118,"1,299.50",WH-BNE,06-16-2022,In Stock
SKU-500112,Unknown Item,Electronics,Nova Wholesale,591,143,1168.63,,04.12.2021,In Stock
SKU-500113,Product 114,Office,Metro Goods,211,96,1391.6,ADE,06-01-2021,In Stock
SKU-500021,Product 22,Software,Global Parts,527,103,731.37,unknown,05-09-2026,Available
SKU-500115,Product 116,N/A,PrimeSource,"1,200",twenty,1676.55,Melbourne WH,16 Jan 2024,In Stock
sku-500116,Product 117,Software,Vertex Trading,178,31,10O.50,WH-bne,07-28-2024,In Stock
SKU-500117,Product 118,Home,Apex Supply,167,60,$99.99,WH-MEL,17/07/2026,LOW STOCK 
SKU-500118,Product 119,Office,123,511,46,1502.0,WH-PER,26.02.2023,In Stock
SKU-500119,Product 120,Software,Vertex Trading,500 units,N/A,2323.65,WH-BNE,2024/09/20,In Stock
,N/A,Home,Apex Supply,260,47,"1,299.50",WH-MEL,99-99-9999,In Stock
SKU-500121,Product 122,soft ware,Global Parts,849,140,452.78,WH-PER,16.01.2021,Available
SKU-500122,Product 123,Home,Apex Supply,1O0,-10,873.18,WH-PER,2021/08/29,In Stock
SKU-500123,Product 124,office supplies,PrimeSource,639,61,2366.51,Sydney Warehouse,04.02.2024,In Stock
SKU-500124,Product 125,electronic,Metro Goods,ten,0,411.26,ADE,03-06-2026,0
SKU-500125,Product 126,ELECTRONICS ,Apex Supply,306,39,10O.50,WH-MEL,2024-09-14,In Stock
SKU-500126,Product 127,Home,Apex Supply,652,28,521.16,WH-PER,?,in stock
SKU-500127,Product 128,Electronics,N/A,466,1O,1642.71,WH-ADE,27/02/2022,In Stock
SKU-500128,Product 129,Office,Vertex Trading,260,33,852.73,WH-MEL,,In Stock
12345,product_name,Home,Vertex Trading,524,133,"1,299.50",WH-SYD,11 Sep 2023,In Stock
SKU-500130,Product 131,Unknown,PrimeSource,617,51,2138.87,,none,In Stock
SKU-500131,123456,Home,Global Parts,,36,AUD 500,WH-ADE,08-24-2025,in stock
SKU-500132,Product 133,Unknown,Global Parts,999999,61,1427.94,WH-PER,not-a-date,In Stock
SKU 500133,Product 134,Home & Living,Nova Wholesale,454,0,461.1,WH-PER,2025/10/03,LOW STOCK 
SKU-500134,Product 135,Home,Nova Wholesale,894,50 units,"1,299.50",unknown,31/02/2026,Available
SKU-500135,Product 136,Electronics,Vertex Trading,109,117,1181.66,WH-SYD,Feb 30 2025,Low Stock
SKU-500136,Product 137,Home,Nova Wholesale,187,20,$99.99,WH-MEL,2023-11-08,In Stock
sku-500137,Product 138,Software,Vertex Trading,685,70,398.82,WH-ADE,16.05.2022,In Stock
SKU-500138,Product 139,accessory,PrimeSource,355,"1,000",FREE,WH-PER,28 Sep 2021,In Stock
SKU-500139,Unknown Item,N/A,Apex Supply,255,122,1610.32,ADE,28/06/2021,In Stock
SKU-500140,Product 141,Office,Global Parts,638,twenty,$99.99,WH-ADE,06.01.2025,
SKU-500141,N/A,Accessories,Metro Goods,NaN,115,FREE,ADE,2023-12-14,Not Available
SKU-500142,,Unknown,Metro Goods,1O0,83,-250,WH-BNE,2026-02-31,Low Stock
SKU-500077,Product 144,Electronics,Vertex Trading,1O0,"1,000",1370.08,unknown,08-01-2026,In Stock
sku-500144,Product 145,Home & Living,Nova  Wholesale,0,"1,000",2438.38,WH-bne,2026-13-44,Out of Stock
SKU-500145,Product 146,Electronics,Nova,642,67,1510.95,WH-MEL,12.05.2024,In Stock
12345,Product 147,Electronics,Nova Wholesale,842,0,1085.12,WH-MEL,2024-11-04,N/A
SKU-500147,Product 148,OFFICE,Apex,,21,1436.97,WH-SYD,2025/04/29,In Stock
SKU-500148,Product 149,Home & Living,Nova Wholesale,NaN,"1,000",2470.71,WH-MEL,25/07/2026,Low Stock
SKU-500149,Product 150,Electronics,Nova Wholesale,338,27,124.56,ADE,15.09.2022,In Stock
SKU-500039,Product 40,soft ware,Metro Goods,NaN,140,343.83,WH-PER,25/04/2025,In Stock
SKU-500041,product_name,soft ware,Vertex Trading,347,92,AUD 500,WH-MEL,13/13/26,In Stock
SKU-500152,Product 153,Electronics,PrimeSource,500 units,113,353.47,WH-MEL,03/09/2024,low
SKU-500153,Product 154,Home,Nova Wholesale,619,138,USD 120,WH-BNE,22.08.2021,In Stock
SKU-500154,Unknown Item,Software,Vertex Trading,461,32,AUD 500,Sydney Warehouse,29/07/2023,In Stock
SKU-500155,Product 156,Software,unknown,1O0,43,743.51,WH-MEL,29/01/2025,Not Available
sku-500156,Product 157,Accessories,N/A,999999,124,,WH-SYD, ,Low Stock
SKU-500157,Product 158,electronics,Nova Wholesale,341,68,AUD 500,WH-PER,10/04/2024,In Stock
SKU-????,Product 159 ,Software,PrimeSource,615,118,9999999,Melbourne WH,02 Jan 2024,In Stock
SKU-500159,Product 160,N/A,PrimeSource,500 units,81,10O.50,WH-SYD,09/03/2025,In Stock
SKU-500160,Product 161,Accessories ,PrimeSource,618,133,644.05,WH-PER,2023/07/28,In Stock
SKU-500161,Product 162,Accessories,Nova Wholesale ,547,92,1580.7,SYD,12/06/2025,In Stock
SKU-500162,Product 163,Electronics,GlobalParts,600,150,784.2,WH-ADE,24.02.2024,
SKU-500163,Product 164,Software,,585,61,1835.83,Sydney Warehouse,04-15-2026,outofstock
SKU-500164,Product 165,Home,Nova Wholesale,573,27,364.56,,16/01/2026,In Stock
SKU-500165,Product 166,Home,Nova,765,38,315.01,WH-SYD,,In Stock
SKU-500166,Product  167,soft ware,Prime Source,0.5,98,N/A,unknown,2021-12-23,In Stock
SKU-500167,Product 168,N/A,Vertex Trading,568,23,531.29,WH-SYD,   ,low
SKU-500168,Product 169,Electronics,,779,24,$99.99,WH-BNE,2023-05-15,In Stock
SKU-500169,Product 170,OFFICE,Apex Supply,213,N/A,-250,SYD,02-15-2024,unknown
SKU-500170,Product 171,Accessories,Vertex Trading,352,,252.89,WH-MEL,11 Sep 2026,INSTOCK
SKU-500171,Product 172,Office,Apex,NaN,54,"1,299.50",,08 Nov 2023,unknown
SKU-500172,Product 173,Home & Living,Metro Goods,300,140,2.96,WH-MEL,20/09/2021,In Stock
SKU-500173,Product 174,office supplies,unknown,132,NaN,520.38,WH-SYD,23.07.2024,In Stock
SKU-500174,Product 175,Office,PrimeSource,443,37,2318.06,wh-per ,-,In Stock
SKU-500175,Product 176,Office,Vertex Trading,999999,87,178.9,unknown,06 Oct 2024,N/A
SKU-500176,Product 177,Office,Apex Supply,-50,N/A,268.26,WH-MEL,2023/07/06,INSTOCK
SKU-500126,Product 127,Home,Apex Supply,652,28,521.16,WH-PER,?,in stock
SKU-500178,Product 179,Software,,629,23,1542.96,WH-BNE,17.04.2025,In Stock
SKU-500179,Product,accessory,unknown,500 units,150,2156.44,WH-PER,2022-01-08,low
SKU-500180,Product 181,Home,Metro Goods,794,78,1667.06,WH-bne,13 Jun 2025,In Stock
SKU-500181,Product 182,Home,Global Parts,157,110,USD 120,WH-bne,13.07.2021,Available
SKU-500182,Product 183,ELECTRONICS ,PrimeSource,41,15,"2 500,00",Sydney Warehouse,08-19-2026,In Stock
SKU-500183,Product 184,Unknown,Apex Supply,"1,200",113,1627.79,WH-ADE,06.07.2024,In Stock
SKU-500184,Product 185,Home,Nova Wholesale,195,1O,1595.78,WH-MEL,11 Aug 2021,In Stock
SKU-500185,N/A,,Apex Supply,740,N/A,9999999,WH-ADE,2026-13-44,low
SKU-500186,Product 187,Home,Nova Wholesale,1O0,9999,2029.2,WH-MEL,18 Jul 2022,In Stock
SKU-500187,Product 188,Unknown,Nova Wholesale,321,79,1437.68,WH-bne,04/06/2022,Not Available
SKU-500188,Product 189,Office,Vertex Trading,"1,200",68,-250,WH-BNE,2021-05-30,OOS
SKU-500189,Product 190,Software,N/A,N/A,9999,2101.31,WH-SYD,25/11/2023,In Stock
SKU-500190,Product 191,Home,Nova Wholesale,299,117,328.74,WH-MEL,02-03-2025,In Stock
SKU-500191,Product 192,Home,PrimeSource,ten,59,FREE,WH-SYD,2022-05-09,In Stock
SKU-500192,Product 193,Home,Prime Source,499,9999,1061.48,WH-ADE,2023-02-04,In Stock
SKU-500193,Product 194,Office,Apex Supply,217,96,957.95,Sydney Warehouse,2022-10-24,In Stock
SKU-500194,Product 195,Accessories,Vertex Trading,342,146,10O.50,Sydney Warehouse,2023/02/24,In Stock
,Product 196,office supplies,PrimeSource,NaN,106,1111.05,WH-ADE,06.04.2023,outofstock
SKU-500196,Product 197,N/A,Metro Goods,365,115,1438.31,WH-MEL,18/09/2026,In Stock
SKU-500197,Product 198,Electronics,Nova Wholesale,557,99,1624.97,WH-SYD,2024/03/20,in stock
SKU-500198,,Office,Apex Supply,399,60,445.41,Melbourne WH,,In Stock
NULL,Product 200,Software,Vertex Trading,,77,1068.14,WH-PER,31/02/2026,In Stock
SKU-500200,Product 201,Accessories,N/A,354,1O,391.01,WH-PER,06/06/2026,In Stock
SKU-500201,Product 202,OFFICE,Global Parts,876,123,1238.46,WH-ADE,29/09/2022,N/A
SKU-500202,Product 203,Accessories,Vertex Trading,183,92,835.7,Melbourne WH,01-08-2026,In Stock
SKU-500191,Product 192,Home,PrimeSource,ten,59,FREE,WH-SYD,2022-05-09,In Stock
SKU-500204,N/A,Electronics,Metro Goods,-50,31,1722.59,WH-SYD,not-a-date,In Stock
SKU 500205,N/A,Software,,300,50,,WH-BNE,31/02/2026,In Stock
SKU-500206,Product 207,Office,Apex Supply,999999,1O,10O.50,WH-SYD,03 Mar 2025,INSTOCK
SKU-500207,Product 208,ELECTRONICS ,PrimeSource,275,119,775.18,ADE,21.08.2026,In Stock
SKU-500208,Product 209,Software,Global Parts,330,140,435.45,WH-MEL,04 Sep 2025,In Stock
SKU-500209,product_name,Office,PrimeSource,223,100,USD 120,WH-PER,unknown,N/A
,Product,Home,Nova Wholesale,,132,2279.17,WH-ADE,99-99-9999,1
SKU-500211,Product 212,Home,Apex,382,86,55.38,wh-per ,30 Jul 2026,In Stock
SKU-500212,123456,Home,GlobalParts,235,N/A,1775.71,WH-BNE,unknown,
SKU-500213,Product 214,Home & Living,Metro Goods,NaN,1O,2465.21,WH-BNE,06 Feb 2022,In Stock
SKU-500214,Product 215,Software,Global Parts,712,37,1545.09,WH-SYD,16.01.2025,OOS
sku-500215,123456,Software,Metro Goods,565,29,"2 500,00",WH-PER,19 Jun 2025,LOW STOCK 
SKU-500216,Product 217,Accessories,Apex Supply,512,124,39.56,WH-ADE,12/05/2022,LOW STOCK 
SKU-500217,Product 218,Home,Nova,859,NaN,AUD 500,WH-ADE,03-26-2024,In Stock
SKU-500218,Product 219,Home,Apex Supply,221,58,653.36,WH-ADE,08-30-2025,Not Available
SKU-500219,Product 220,OFFICE,Nova Wholesale,193,26,531.91,WH-BNE,09.09.2023,In Stock
SKU-500220,Product 221,Home,Nova Wholesale,"1,200",68,338.93,WH-BNE,13 Nov 2022,In Stock
NULL,Product 222,Software,,320,130,1919.14,WH-bne,2024-08-12,In Stock
,Product 223,Electronics,Vertex Trading,610,32,FREE,unknown,2026-03-11,outofstock
NULL,Product 224,accessory,Global Parts,370,123,1472.09,WH-BNE,09.08.2024,Not Available
SKU-500224,Product 225,Electronics,unknown,44,twenty,2273.48,WH-BNE,2022/02/05,Low Stock
SKU-500225,Product 226,Home,Nova Wholesale,,83,2064.25,WH-PER,08/05/2023,Available
SKU-500226,Product 227,Accessories,Metro Goods,285,149,465.02,WH-MEL,2026-01-04,In Stock
,Product 228,Electronics,GlobalParts,N/A,120,1253.24,WH-ADE,04.05.2022,LOW STOCK 
SKU-????,Product 229,Software,Nova Wholesale,897,130,728.69,WH-MEL,06 Jun 2021,In Stock
SKU-500229,Product 230,Accessories ,Nova Wholesale,644,65,49.16,WH-MEL,06-28-2024,In Stock
SKU-500230,Product 231,Office,Metro Goods,194,109,656.05,WH-MEL,N/A,In Stock
SKU-500231,???,Home,Apex,894,"1,000",2422.97,WH-BNE,Feb 30 2025,N/A
SKU-500232,Product 233,Electronics,PrimeSource,706,137,1507.79,WH-BNE,2023-12-25,N/A
SKU-500082,Product 234,Accessories ,Global Parts,283,NaN,307.45,WH-SYD,31/02/2026,In Stock
SKU-500234,Product 235,Home,Metro Goods,N/A,37,1348.0,WH-SYD,23 Apr 2025,In Stock
SKU-500235,Product 236,Electronics,Apex,-1,109,1964.89,ADE,2026-13-44,In Stock
SKU-500236,Product 237,,Metro Goods,597,105,1072.73,SYD,NA,In Stock
SKU 500237,Product 238,Home & Living,PrimeSource,111,130,1169.27,WH-ADE,2026/09/21,outofstock
SKU-500238,product_name,Accessories,Metro Goods,549,50 units,N/A,WH-BNE,09-30-2026,OOS
SKU-500239,Product 240,Accessories,Vertex Trading,363,50,1508.78,WH-MEL,13/13/26,In Stock
SKU-500138,Product 139,accessory,PrimeSource,355,"1,000",FREE,WH-PER,28 Sep 2021,In Stock
SKU-500241,Product 242,Software,Metro Goods,398,9999,-250,WH-MEL,2023/06/07,In Stock
SKU-500080,Product 81,Software,Apex Supply,"1,200",9999,2019.28,WH-SYD,20/01/2021,N/A
SKU-500243,Product 244,Electronics,Metro Goods,875,97,USD 120,WH-ADE,NULL,In Stock
SKU-500244,123456,Home,Metro Goods,153,56,FREE,WH-ADE,2025/00/12,Available
SKU-500245,Product 246,Home,Metro Goods,592,110,419.95,WH-ADE,27 Oct 2021,In Stock
N/A,N/A,Electronics,PrimeSource,720,145,1057.03,WH-BNE,31/07/2023,In Stock
SKU-500247,Unknown Item,Office,Nova Wholesale,ten,,2454.09,WH-SYD,05-09-2022,In Stock
SKU-500248,Product 249,Accessories,Global Parts,-1,110,2158.16,SYD,2023/02/24,In Stock
SKU-500249,Product 250,Home,Apex Supply,0.5,138,,WH-ADE,,In Stock
SKU-500250,Product 251,Electronics,Global Parts,63,28,1309.86,WH-bne,19/02/2022,in stock
SKU-500251,Product 252,Home,PRIMESOURCE,665,96,1421.73,WH-ADE,06 Apr 2024,In Stock
SKU-500252,Product 253,Accessories,Vertex Trading,399,107,9999999,WH-SYD,08-13-2024,In Stock
SKU-500253, Product 254,,Apex,370,89,1999.86,N/A,2022/11/11,In Stock
SKU-500254,product_name,Electronics,Nova Wholesale,1O0,89,"1.299,50",WH-SYD,01.04.2026,
SKU-500076,Product,Home,  Global Parts  ,803,33,"2 500,00",WH-SYD,,In Stock
SKU-500256,Product 257 ,electronic,Vertex Trading,638,-10,"2 500,00",WH-MEL,2021/10/25,In Stock
SKU-500257,Product 258,office supplies,,884,0,1545.32,N/A,25.04.2024,In Stock
SKU-500258,Product 259,Home & Living,Nova Wholesale,674,23,819.32,WH-ADE,14.04.2026,0
SKU-500259,Product 260,accessory,Vertex Trading,578,115,1283.7,WH-MEL,2023-06-12,In Stock
SKU-500260,,Electronics,Vertex Trading,500 units,30,2154.9,WH-ADE,missing,In Stock
sku-500261,Product 262,Accessories,Vertex Trading,374,0,170.47,WH-SYD,05/09/2023,In Stock
,???,Accessories,Apex,999999,17,458.49,WH-BNE,2022-01-31,LOW STOCK 
12345,Product 264,Electronics,PrimeSource,NaN,92,AUD 500,WH-ADE,2025-03-07,In Stock
,Product,Home,Vertex Trading,506,"1,000",1421.43,WH-MEL,03-15-2021,In Stock
N/A,Product 266,accessory,Global Parts,301,18,"1.299,50",WH-ADE,-,LOW STOCK 
SKU-500077,Product 78,accessory,PrimeSource,396,66,931.54,WH-BNE,22.06.2023,In Stock
SKU-500267,Product 268,Home,Metro Goods,27,29,-250,WH-SYD,2021-09-30,Low Stock
SKU-500268,Product 269,Office,PrimeSource,893,43,9999999,N/A,Feb 30 2025,In Stock
SKU-500269,Product 270,Unknown,Nova Wholesale,12,79,1124.06,SYD,13.01.2021,Low Stock
SKU-500270,123456,Home,APEX SUPPLY,1O0,51,1113.17,WH-SYD,02-18-2025,In Stock
sku-500271,Product 272,electronic,Global Parts,619,27,1349.68,WH-SYD,19.02.2025,in stock
SKU-500272,Product 273,Office,Apex Supply,540,36,$99.99,WH-SYD,29 Jul 2025,1
SKU-500273,Product 274,Home & Living,Apex Supply,507,82,258.8,WH-BNE,01-06-2024,In Stock
SKU-500201,Product 275,accessory,Metro Goods,212,125,1884.74,WH-MEL,07-29-2021,in stock
SKU-500275,Product 276,Software,Nova Wholesale,42,26,1611.46,WH-PER,2025/05/02,In Stock
N/A,Product 277,soft ware,Nova Wholesale,29,65,1090.19,Melbourne WH,26/01/2023,Low Stock
SKU-????,Product 278,OFFICE,Metro Goods,44,N/A,954.01,WH-ADE,30 Dec 2024,Low Stock
SKU-500278,Product 279,Home,Apex Supply,999999,63,252.72,WH-BNE,28.08.2026,In Stock
SKU-500279,Product 280,Electronics,Nova Wholesale,772,39,1666.03,WH-BNE,19/05/2026,
SKU-500280,Product 281,Home & Living,Vertex Trading,578,95,1397.96,WH-MEL,unknown,In Stock
SKU-500281,product_name,Unknown,Global Parts,130,23,687.19,Sydney Warehouse,2025/12/23,In Stock
SKU-500282,Unknown Item,Electronics,Metro Goods,719,94,765.37,WH-ADE,2026-04-23,In Stock
SKU-500283,123456,Accessories,Metro Goods,258,40,511.97,WH-BNE,Feb 30 2025,unknown
SKU-500284,,Electronics,PrimeSource,484,128,669.73,Sydney Warehouse,11.02.2025,In Stock
SKU-500285,Unknown Item,Accessories,Metro Goods,776,78,1779.65,WH-SYD,2023/04/13,In Stock
SKU-????,N/A,Electronics,Global Parts ,"1,200",34,2225.47,ADE,2021-04-16,In Stock
sku-500287,Product 288,Electronics,Nova Wholesale,738,112,1564.93,WH-MEL,2024/07/13,In Stock
SKU-500288,Product 289,electronics,Apex Supply,808,102,388.92,WH-ADE,null,In Stock
SKU-500289,Product 290,Accessories,GlobalParts,1O0,55,1437.55,Sydney Warehouse,03-22-2022,In Stock
SKU-500290,Product 291,,Global Parts,118,69,2311.44,WH-BNE,02/04/2023,In Stock
SKU-500291,Product 292,ELECTRONICS ,Nova,710,95,953.14,,31/07/2025,Not Available
SKU-500292,Product 293,Electronics,Vertex Trading,695,N/A,452.16,WH-PER,03.04.2022,In Stock
N/A,Product  294,Office,Metro Goods,N/A,128,9999999,Melbourne WH,2021/12/13,In Stock
SKU 500294,Product 295,Software,Vertex Trading,103,1O,808.68,WH-MEL,2023-10-04,Low Stock
SKU-500295,,Electronics,Prime Source,868,118,,WH-ADE,08.09.2025,In Stock
SKU-500296,Product 297,office supplies,Vertex Trading,842,17,314.77,WH-BNE,2021/07/27,In Stock
SKU-500297,123456,Accessories,PrimeSource,19,twenty,1656.61,WH-MEL,2026/03/04,
SKU-500298,Product 299,Unknown,Metro Goods,,122,1165.04,WH-ADE,13/08/2025,Low Stock
SKU-????,Product 300,OFFICE,Global Parts,-1,99,1113.54,WH-MEL,2024/01/10,N/A
SKU-????,Product 301,Software,Vertex Trading,1O0,1O,"1,299.50",,28 Mar 2026,In Stock
SKU-500301,,Accessories,Nova Wholesale,527,140,975.69,wh-per ,01.10.2021,In Stock
SKU-????,Product 303,electronic,123,-50,68,1024.2,Melbourne WH,05-30-2022,unknown
SKU-500303,Unknown Item,N/A,,643,102,9999999,WH-SYD,06.08.2025,In Stock
SKU-500304,123456,electronics,Apex Supply,674,74,1774.87,WH-MEL,2022-07-10,In Stock
SKU-????,Product 306,Accessories,Metro Goods,293,100,FREE,WH-ADE,17 Aug 2026,In Stock
SKU-500306,Unknown Item,Electronics,Global Parts,627,35,925.64,WH-PER,2021-04-01,In Stock
SKU-500307,Product 308,Office,Global Parts,ten,1O,287.27,WH-SYD,2021-07-16,In Stock
SKU-500308,Product 309,Office,Metro Goods,677,48,AUD 500,WH-bne,2025-04-09,1
SKU-500309, Product 310,OFFICE,PrimeSource,889,93,93.54,WH-MEL,2026-02-31,In Stock
SKU-500310,Product,N/A,PrimeSource,673,46,1575.9,WH-MEL,14.09.2026,In Stock
SKU-500311,Product 312,Software,PrimeSource,684,36,1197.92,WH-SYD,24.10.2024,low
N/A,Product 313,accessory,Apex Supply,523,124,-250,WH-bne,32 Jan 2025,In Stock
SKU-500313,123456,Home,Nova Wholesale,999999,50 units,1476.34,WH-PER,12.12.2023,
SKU-500314,Product 315,electronics,Apex,0.5,-10,247.99,Melbourne WH,2024-12-20,In Stock
N/A,Product 316,electronics,,NaN,63,576.63,WH-MEL,00/00/0000,In Stock
SKU-500316,???,Electronics,Vertex Trading,604,25,1548.7,Warehouse 1,27.09.2024,In Stock
SKU-500317,Product 318,Electronics,PrimeSource,149,18,2245.47,WH-SYD,null,In Stock
SKU-500318,Product 319,Home,N/A,702,132,,,28.06.2024,In Stock
SKU 500319,Product 320,Electronics,Nova,,twenty,1328.15,WH-MEL,2021-09-18,INSTOCK
SKU-500320,Product 321,N/A,Nova Wholesale,,85,1031.99,WH-PER,03/11/2023,In Stock
,123456,Accessories,,NaN,twenty,2033.25,WH-MEL,2021/11/05,In Stock
SKU-????,Product 323,Office,unknown,702,147,"1,299.50",WH-BNE,2026-02-31,In Stock
SKU-500323,Product 324,electronic,GlobalParts,0.5,141,641.56,SYD,2026-09-11,In Stock
SKU-500324,Product 325,Office,PrimeSource,845,9999,443.75,Melbourne WH,none,In Stock
SKU-500325,Product 326,Accessories,PrimeSource,845,"1,000",2315.68,WH-ADE,2023-05-15,In Stock
SKU-500326,123456,Electronics,unknown,635,102,1824.22,ADE,null,In Stock
sku-500327,Product 328,Home,Apex Supply,431,25,1342.97,WH-BNE,unknown,In Stock
SKU-500328,Product 329,Software,Global Parts,899,,1059.78,WH-BNE,02/07/2023,N/A
SKU-500329,Product 330,Software,Nova Wholesale,778,66,,WH-MEL,2022-12-15,INSTOCK
SKU-500330,Product 331,Software,Metro Goods,91,148,447.7,WH-SYD,2025/10/22,Low Stock
SKU-500331,Product 332,Home,N/A,592,144,1633.93,Melbourne WH,null,In Stock
SKU-500332,Product 333,Accessories,Global Parts,692,9999,1817.24,WH-BNE,2026-02-31,In Stock
SKU-500333,Product 334,Home,,NaN,109,1848.6,WH-PER,02/05/2025,OOS
SKU-500334,Product 335,Accessories,Nova Wholesale,ten,81,576.06,WH-SYD,24.01.2023,0
SKU 500335,Product 336,Electronics,Vertex Trading,500 units,143,2287.26,WH-SYD,2022-07-22,In Stock
SKU-500336,Product 337,Home,Apex,624,98,47.2,WH-PER,11/04/2026,OOS
SKU-500337,Product 338,Accessories ,Vertex Trading,531,112,1254.61,WH-MEL,09 Mar 2026,in stock
SKU-500338,Unknown Item,Office,Nova Wholesale,160,25,2140.27,WH-ADE,00/00/0000,LOW STOCK 
SKU-500339,Unknown Item,Accessories,unknown,651,150,1714.54,WH-PER,21.08.2024,In Stock
SKU-500340,product 341,Office,Nova Wholesale,345,17,919.72,WH-MEL,2025/00/12,In Stock
SKU-500341,Product 342,Home & Living,PrimeSource,504,twenty,155.27,WH-BNE,02 Jun 2026,In Stock
SKU-500342,Product 343 ,Software,Global Parts,888,137,"1,299.50",WH-ADE,22 Jul 2021,In Stock
SKU-500343,Product 344,electronic,,0.5,"1,000",1065.83,WH-MEL,02-03-2024,LOW STOCK 
N/A,Product 345,Electronics,Vertex Trading,570,"1,000",449.56,WH-PER,2023-05-26,In Stock
SKU-500345,Product 346,Unknown,123,439,67,10O.50,WH-bne,missing,In Stock
SKU-500346,Product 347,Software,Metro Goods,0.5,19,"2 500,00",SYD,21/11/2023,Not Available
SKU-500347,Product 348,Office,unknown,415,122,-250,WH-SYD,14/05/2025,In Stock
SKU-500348,Product 349,Office,PrimeSource,117,136,258.28,WH-ADE,25/07/2022,Low Stock
sku-500349,Product 350,Home,Metro Goods,838,86,459.43,WH-SYD,30/08/2023,In Stock
SKU-500350,Product 351,Software,unknown,106,119,1527.14,WH-PER,29.07.2022,Low Stock
SKU-500351,Product 352,Electronics,Global Parts,-50,N/A,1107.4,Sydney Warehouse,25/09/2023,In Stock
SKU-500352,Product,Office,Apex,895,112,10O.50,WH-ADE,Feb 30 2025,unknown
SKU-500353,Product 354,,Apex Supply,662,86,18.29,WH-bne,not-a-date,unknown
SKU-500354,Product 355,,Vertex Trading,118,NaN,"2 500,00",WH-MEL,01-04-2022,LOW STOCK 
SKU-500355,Product 356,Home,Apex,608,133,1219.88,WH-BNE,NA,outofstock
SKU-500356,Product 357,Home,PrimeSource,656,1O,1520.17,WH-SYD,2025/00/12,In Stock
SKU-500357,Product 358,Software,Nova Wholesale,613,111,1289.97,WH-MEL,25.02.2022,In Stock
sku-500358,Product 359,Office,Metro Goods,822,149,2398.35,Sydney Warehouse,06-17-2024,
SKU 500359,N/A,Office,Global Parts,12,26,1089.02,,06-03-2026,Low Stock
SKU-500360,Product,Software,123,380,,450.72,SYD,Feb 30 2025,In Stock
SKU-500361,Product 362,Accessories,Apex Supply,819,35,107.91,WH-SYD,missing,low
SKU-500362,Unknown Item,Office,Nova,575,112,"2 500,00",wh-per ,21 Jul 2021,INSTOCK
NULL,Product 364,Software,Global Parts,67,58,1781.88,WH-PER,2021-08-27,Not Available
SKU-500364,Product 365,N/A,Global Parts,,52,,WH-ADE,2024-12-04,In Stock
,Product 366,Home,N/A,429,50 units,1266.44,WH-ADE,2023-04-21,In Stock
SKU-500366,Product 367,Electronics,Nova Wholesale,60,87,1764.56,WH-MEL,06-08-2021,Low Stock
SKU-500367,Product 368,Home,PrimeSource,522,55,1663.51,WH-MEL,17 Jul 2026,Available
SKU-500368,Product 369,,GlobalParts,614,1O,425.42,WH-BNE,07/06/2021,In Stock
SKU-500369,Product 370,electronic,PrimeSource,562,71,1605.43,WH-bne,02.01.2023,In Stock
SKU-500370,Product 371,Accessories,PrimeSource,378,118,1726.52,WH-ADE,21/07/2022,In Stock
SKU-500371,Product 372,OFFICE,PrimeSource,534,28,2273.22,WH-MEL,24/09/2022,unknown
SKU-????,Product 373,Office,Apex Supply,272,0,,WH-BNE,2024-09-03,Not Available
SKU-500373,Product 374,Office,unknown,ten,26,667.0,SYD,29/05/2021,In Stock
SKU-500374,Product  375,Accessories,Nova Wholesale,288,75,,WH-BNE,18.12.2024,In Stock
SKU-500375,Product 376,Home & Living,Nova,180,"1,000",FREE,ADE,25 Feb 2021,In Stock
SKU-500376,Product 377,Office,Apex,-1,N/A,1176.95,WH-BNE,2025-08-23,
SKU-500377,Product 378,Software,Apex Supply,163,21,,WH-MEL,25/07/2021,In Stock
N/A,Product 379,,unknown,884,32,936.49,WH-ADE,05/04/2026,
SKU-500379,Product 380,Accessories,Global Parts,ten,56,1230.19,WH-PER,2023/04/18,In Stock
NULL,Product 381,Home,Apex Supply,521,93,USD 120,ADE,99-99-9999,In Stock
SKU-500235,Product 236,Electronics,Apex,-1,109,1964.89,ADE,2026-13-44,In Stock
NULL,product 383,Office,Nova Wholesale,-1,9999,2288.67,WH-SYD,2025/03/15,In Stock
SKU-????,Product 384,Office,Vertex Trading,575,62,-250,ADE,07-14-2026,In Stock
sku-500384,,N/A,Apex Supply,747,140,FREE,WH-PER,04-17-2021,In Stock
SKU-500385,Product 386,Electronics,Nova Wholesale,496,142,N/A,WH-ADE,09-18-2023,In Stock
SKU-500386,Product 387,Home,Nova Wholesale,61,94,USD 120,WH-BNE,32 Jan 2025,Low Stock
SKU-????,Product 388,Home & Living,Global Parts,603,126,AUD 500,WH-SYD,29/02/2024,In Stock
SKU-500388,Product 389,Electronics,Vertex Trading,-1,-10,2092.31,WH-ADE,12/02/2026,In Stock
,Product 390,Home,N/A,845,108,920.86,WH-BNE,08-07-2025,In Stock
SKU-500390,N/A,Home,Apex Supply,,122,AUD 500,WH-MEL,2023-05-01,Low Stock
SKU-500391,Product 392,Accessories ,Metro Goods,NaN,69,1150.38,WH-BNE,-,in stock
SKU-500392,Product 393,Software,Metro Goods,999999,81,1425.67,WH-PER,19 May 2021,
SKU-500393,Product 394,Software,Nova Wholesale,-1,50 units,1319.63,WH-PER,2026/01/25,In Stock
SKU-500394,Product,Office,PrimeSource,500 units,,9999999,WH-PER,2021-01-01,In Stock
SKU-500395,Product 396,Accessories ,Vertex Trading,4,"1,000",130.46,ADE,2022/06/21,Low Stock
SKU-500396,Product 397,Electronics,Global Parts,705,40,737.75,wh-per ,17/04/2023,In Stock
SKU-500397,Product 398,Electronics,Nova Wholesale,ten,145,2235.41,WH-PER,2023-12-14,In Stock
sku-500398,Unknown Item,ELECTRONICS ,Metro Goods,719,67,,Warehouse 1,31/02/2026,In Stock
SKU-500399,Unknown Item,,Nova,127,109,1605.29,,2024/07/26,In Stock
SKU-500230,Product 231,Office,Metro Goods,194,109,656.05,WH-MEL,N/A,In Stock
SKU-500401,123456,Home,Nova Wholesale,162,"1,000",136.68,WH-ADE,null,In Stock
SKU-500402,123456,Software,GlobalParts,NaN,114,825.04,WH-SYD,11-15-2024,Low Stock
SKU-500403,Product 404,Software,Prime Source,1O0,120,1247.98,WH-MEL,2026/09/07,Available
SKU-500404,Product 405,Electronics,Nova Wholesale,731,1O,754.63,WH-ADE,2024/02/24,0
SKU-500405,Unknown Item,Office,unknown,864,104,2487.29,WH-PER,2023/08/13,LOW STOCK 
SKU-500406,Product 407,,Vertex Trading,766,38,"1.299,50",WH-BNE,2023-10-28,In Stock
NULL,Product 224,accessory,Global Parts,370,123,1472.09,WH-BNE,09.08.2024,Not Available
SKU-500408,N/A,Home,Apex Supply,91,N/A,9999999,ADE,2026-05-01,In Stock
SKU-500409,Product 410,Office,Nova Wholesale,161,129,FREE,WH-PER,2025/00/12,in stock
SKU-500410,Product 411,Home,PrimeSource,261,49,467.22,WH-PER,   ,In Stock
SKU-500411,Product 412,Software,,544,50,1203.49,WH-BNE,12.01.2021,In Stock
SKU-500412,Product 413,Office,Metro Goods,1O0,136,525.8,WH-MEL,2023-09-12,1
SKU-500413,Product 414,Office,Nova Wholesale,582,132,758.16,WH-MEL,18/03/2022,In Stock
SKU-500414,Product 415,Electronics,Apex Supply,687,114,,unknown,,In Stock
SKU 500133,Product 416,Home,Apex Supply,444,53,2217.45,WH-BNE,10-10-2021,In Stock
SKU-500416,Product 417,Electronics,Nova Wholesale,,80,383.71,SYD,21 Mar 2025,Low Stock
SKU-500417,Product 418,OFFICE,Prime Source,175,66,917.94,WH-MEL,null,In Stock
SKU-500418,Product 419,Office,Metro Goods,822,,219.05,WH-PER,28 Sep 2026,In Stock
SKU-500419,Product 420,Home,Vertex Trading,444,93,"1,299.50",unknown,10 Dec 2022,In Stock
SKU-500420,???,Software,Vertex Trading,535,75,10O.50,WH-BNE,04.05.2024,In Stock
,Product 422,Electronics,Vertex Trading,820,83,2117.09,WH-MEL,N/A,In Stock
SKU-500365,Product 366,Home,N/A,429,50 units,1266.44,WH-ADE,2023-04-21,In Stock
SKU-500423,Product 424,Office,PrimeSource,509,134,519.98,WH-BNE,   ,In Stock
SKU-500424,Product 425,N/A,PrimeSource,500 units,35,$99.99,ADE,2025-11-16,In Stock
SKU 500425,Product 426,Home & Living,Apex Supply,403,51,2460.1,WH-PER,01-16-2025,In Stock
sku-500426,Product 427,Office,PrimeSource,130,117,USD 120,Sydney Warehouse,03.01.2023,In Stock
SKU-500427,  Product 428  ,electronic,Nova Wholesale,173,17,1484.21,WH-MEL,09-20-2022,In Stock
SKU-500428,Product 429,Home,PrimeSource,799,0,874.4,WH-MEL,2023/08/05,In Stock
SKU-500429,Product 430,Software,PrimeSource,1O0,101,"1.299,50",WH-SYD,12-20-2023,Low Stock
SKU-500430,Product 431,electronics,Metro Goods,-1,107,1891.95,WH-bne,2024-09-23,In Stock
sku-500431,Product 432,Electronics,Global Parts,442,29,1225.15,wh-per ,2022/09/16,unknown
SKU-500432,Product 433,Office,Metro Goods,82,63,305.38,Melbourne WH,02.11.2025,1
SKU-500433,Product,Office,Apex Supply,373,-10,1433.1,WH-ADE,13.09.2021,In Stock
SKU-????,Product 435,Home & Living,,"1,200",107,2375.44,Warehouse 1,10/05/2026,In Stock
SKU-500282,Unknown Item,Electronics,Metro Goods,719,94,765.37,WH-ADE,2026-04-23,In Stock
SKU-500436,Product 437,Office,Vertex Trading,NaN,23,366.32,WH-BNE,2022/03/19,In Stock
sku-500437,Product 438,Office,Apex Supply,194,113,364.88,WH-PER,2022/02/13,In Stock
SKU-500438,Product 439,N/A,Apex,"1,200",148,1107.18,WH-MEL,09/11/2023,In Stock
SKU-500439,Product 440,Accessories,Nova Wholesale,820,46,200.14,WH-PER,28/04/2026,In Stock
SKU-????,N/A,Electronics,Global Parts ,"1,200",34,2225.47,ADE,2021-04-16,In Stock
SKU-500441,Product 442,Accessories,Apex Supply,166,NaN,"2 500,00",Warehouse 1,null,INSTOCK
SKU-500442,Product 443,Electronics,Nova Wholesale,-50,137,1053.14,,08 Dec 2022,unknown
SKU-500443,Product 444,N/A,PrimeSource,-50,26,1143.56,WH-ADE,23 Sep 2025,In Stock
SKU-????,123456,Office,N/A,1O0,82,,,02 Jul 2026,In Stock
sku-500445,123456,Accessories,123,500 units,-10,1470.93,WH-ADE,17/04/2024,In Stock
SKU-500446,Product 447,Accessories,Apex Supply,"1,200",N/A,305.48,WH-MEL,2022/06/03,In Stock
NULL,Product 448,Office,Metro Goods,547,83,2299.58,WH-SYD,2025-07-26,In Stock
SKU-500448,Product 449,Software,Metro Goods,-1,,2217.24,WH-SYD,06 Sep 2025,OOS
NULL,Product 450,N/A,Apex Supply,526,18,"1.299,50",WH-MEL,16 Nov 2024,In Stock
SKU-500450,,Accessories,Global Parts,488,124,N/A,SYD,20 Aug 2021,in stock
SKU-500451,Product 452,office supplies,Apex Supply,748,26,1402.34,WH-bne,2023-09-12,Not Available
SKU-500452,Product 453,Home,123,659,50 units,1573.13,Sydney Warehouse,2022-10-07,In Stock
SKU-500453,Product 454,Software,PrimeSource,NaN,147,1203.58,WH-BNE,99-99-9999,0
SKU-500454,Product 455,Software,Metro Goods,0.5,67,831.24,WH-SYD,2022-06-07,N/A
SKU-500455,Product 456,Accessories,unknown,206,twenty,1365.49,N/A,27.01.2024,In Stock
SKU-500456,product_name,Office,Nova Wholesale,1O0,0,416.08,WH-MEL,05/12/2025,low
SKU-500457,Product 458,Accessories,Nova,250,,,ADE,null,in stock
SKU-500458,Unknown Item,electronic,Vertex Trading,318,1O,10O.50,WH-MEL,20.06.2021,In Stock
SKU-500459,Product 460,Home,N/A,"1,200",71,1109.21,wh-per ,13/13/26,In Stock
SKU-500460,Product 461,Office,Nova,812,136,921.6,WH-PER,07.02.2026,In Stock
SKU-500461,Product 462,Accessories,Nova Wholesale,464,98,2006.1,WH-ADE,2021-08-24,In Stock
SKU-500462,Product 463,office supplies,Apex Supply,1O0,18,1689.15,WH-BNE,2025/05/29,In Stock
SKU-500463,Product 464,Home,PrimeSource,567,22,2367.94,WH-PER,,In Stock
SKU-500464,Product 465,Software,PrimeSource,614,99,1970.32,N/A,2023/06/05,In Stock
N/A,Product 466,Office,Prime Source,733,18,2115.61,WH-SYD,NULL,Not Available
SKU-500466,Product 467,Accessories,Apex Supply,735,124,866.18,WH-MEL,2026-05-01,In Stock
NULL,product_name,Accessories,Nova Wholesale,757,50 units,484.11,wh-per ,10-31-2023,In Stock
SKU-500468,Product 469,Home,Nova Wholesale,486,34,647.8,WH-SYD,11-28-2023,In Stock
SKU-500469,Product 470,electronic,Metro Goods,262,99,865.35,WH-ADE,07 Dec 2025,in stock
NULL,Product 471,soft ware,Apex Supply,782,117,692.96,WH-MEL,31/02/2026,LOW STOCK 
SKU-500471,Product 472,Electronics,PrimeSource,294,9999,1084.17,unknown,06-15-2026,In Stock
SKU-500472,Product 473,soft ware,Vertex Trading,272,111,-250,Sydney Warehouse,20.11.2025,In Stock
SKU-500473,Unknown Item,Home,Nova Wholesale,305,71,USD 120,WH-SYD,2024-05-05,In Stock
SKU-500474,Product 475,Accessories,Apex Supply,499,85,1422.82,WH-SYD,06-21-2021,In Stock
SKU-500090,Product 476,Accessories,Vertex Trading,180,9999,10O.50,WH-PER,23.12.2024,In Stock
SKU-500476,Product 477,Home,Global Parts,500 units,-10,745.46,Sydney Warehouse,02 Jul 2026,In Stock
SKU-500477,Product 478,Accessories,Vertex Trading,789,NaN,674.04,WH-PER,2026-03-01,In Stock
SKU-500478,Product 479,electronics,Apex Supply,NaN,127,USD 120,unknown,?,outofstock
SKU-500479,Product 480,ELECTRONICS ,PrimeSource,686,112,-250,WH-MEL,21 Sep 2024,In Stock
SKU-500480,Product 481,electronics,Vertex Trading,0.5,62,375.38,WH-ADE,04 Apr 2024,In Stock
SKU-500481,Product 482,Unknown,Metro Goods,814,59,2302.6,WH-PER,Feb 30 2025,INSTOCK
SKU-500482,N/A,ELECTRONICS ,Global Parts,167,twenty,FREE,WH-PER,2025-01-04,In Stock
SKU-500483,Product 484,Office,Apex Supply,553,9999,2358.59,Sydney Warehouse,2025/08/18,In Stock
SKU-500484,Product 485,Office,Metro Goods,312,130,,WH-BNE,   ,In Stock
SKU-????,,Home,Global Parts,66,NaN,"1.299,50",WH-PER,07 Sep 2022,
SKU-500486,product_name,electronic,PrimeSource,999999,53,1726.42,WH-MEL,2023-06-25,In Stock
SKU-500487,Product 488,Accessories,Vertex Trading,636,114,USD 120,WH-ADE,,In Stock
SKU-500488,Product 489,Accessories,Metro Goods,400,41,896.53,WH-PER,none,In Stock
SKU-500489,product_name,Software,,452,114,N/A,WH-ADE,25/07/2021,In Stock
SKU-500490,Product 491,office supplies,Apex,25,28,1232.52,unknown,06-08-2022,Low Stock
SKU-500491,Product 492,Accessories,Apex Supply,757,114,1871.44,WH-SYD,2023-03-15,In Stock
SKU-500492,product_name,Accessories,PrimeSource,N/A,116,333.65,WH-BNE,13/13/26,In Stock
SKU-500493,product_name,Office,N/A,-1,149,USD 120,Melbourne WH,07 Mar 2021,In Stock
SKU-500494,Product 495,Software,PrimeSource,1O0,-10,USD 120,SYD,23 Feb 2026,In Stock
SKU-500495,Product 496,Software,Nova Wholesale,200,66,2493.81,WH-BNE,19/05/2026,INSTOCK
SKU-500496,Product 497,Office,N/A,561,64,1773.01,WH-BNE,02/01/2023,In Stock
SKU-500497,Product 498,Office,123,23,107,54.95,unknown,2021-04-14,Low Stock
SKU-500498,Product 499,Software,Global Parts,858,116,10O.50,WH-SYD,26 Feb 2026,In Stock
SKU-500105,Product 500,Electronics,N/A,871,twenty,"1.299,50",WH-MEL,2026-13-44,In Stock
SKU-500500,???,Home,Vertex Trading,472,90,141.69,WH-PER,2026/07/04,In Stock
SKU-500501,product_name,,Nova,522,1O,,WH-ADE,2026/04/16,In Stock
SKU-500502,Product 503,Electronics,Nova,797,twenty,580.37,WH-bne,27 Nov 2023,In Stock
SKU-500503,Product 504,Electronics,Prime Source,1O0,NaN,2085.74,SYD,2024-10-06,In Stock
SKU-500504,Product 505,Electronics,Nova Wholesale,121,9999,317.85,ADE,2025-11-10,Low Stock
SKU-500505,Product 506,Software,Nova Wholesale,272,52,240.84,WH-BNE,2023-04-25,In Stock
N/A,???,Electronics,GlobalParts,530,145,186.21,WH-bne,2022/06/23,LOW STOCK 
SKU-500507,Product 508,Software,Vertex Trading,222,60,"1,299.50",WH-SYD,23 Jul 2026,low
SKU-500508,Product 509,Office,Vertex Trading,732,9999,-250,Warehouse 1,06 May 2026,1
SKU-500509,Product 510,Office,Metro Goods,156,NaN,2186.3,WH-MEL,09-21-2024,In Stock
sku-500510,Product 511,Accessories,Nova Wholesale,317,115,USD 120,,2026-08-29,In Stock
SKU-500511,Product 512,Accessories,Apex Supply,0.5,N/A,AUD 500,,2022/01/26,outofstock
SKU-500512,Product 513,Home,unknown,45,74,$99.99,WH-BNE,15/12/2021,LOW STOCK 
SKU-500513,Product 514,Accessories,Apex Supply,-1,101,"1,299.50",WH-SYD,06/07/2021,In Stock
SKU-500514,,accessory,Apex,597,110,1890.66,N/A,32 Jan 2025,LOW STOCK 
SKU-500515,Product 516,Accessories,Vertex Trading,314,126,1800.09,WH-PER,08 Jan 2022,Not Available
SKU-500516,Product 517,Electronics,Vertex Trading,313,90,1689.82,Warehouse 1,2022-10-26,Not Available
SKU-500517,123456,Accessories,Prime Source,500 units,145,1436.02,WH-PER,25 Feb 2024,Not Available
SKU-????,Product 519,Home,Nova Wholesale,523,22,752.91,unknown,08 Sep 2025,1
SKU-500519,N/A,Electronics,Vertex Trading,88,1O,1749.74,WH-MEL,2021/10/16,Low Stock
SKU-500520,Product 521,Home,Vertex Trading,167,N/A,1033.03,WH-BNE,11.06.2026,In Stock
SKU-500361,Product 362,Accessories,Apex Supply,819,35,107.91,WH-SYD,missing,low
SKU-500522,Product 523,OFFICE,PrimeSource,879,-10,2349.67,WH-MEL,30.05.2021,In Stock
SKU-500523,123456,Electronics,Nova Wholesale,204,85,1372.24,WH-BNE,14/07/2021,In Stock
SKU-500524,Product 525,Unknown,Apex Supply,363,67,883.42,WH-ADE,2025/06/16,In Stock
SKU-500525,Product 526,Electronics,,428,79,118.53,WH-BNE,2021/06/11,unknown
12345,Product 527,Software,N/A,21,-10,1234.86,WH-MEL,,outofstock
SKU-500527,Product 528,Home,Apex Supply,20,44,"1.299,50",WH-MEL,05/09/2021,Low Stock
SKU-500528,Product 529,Home & Living,GlobalParts,843,25,926.46,Warehouse 1,05/05/2021,1
SKU-500529,Product 530,electronic,PrimeSource,208,127,N/A,N/A,2021-10-16,In Stock
SKU-500530,Product 531,electronic,Nova Wholesale,787,134,2068.44,,2026/09/20,In Stock
SKU-500531,Product 532,Home,PrimeSource,882,108,FREE,WH-BNE,not-a-date,low
SKU-????,Product 533,Software,Nova,633,98,286.25,WH-ADE,24/01/2021,In Stock
SKU-500096,Product 97,N/A,Global Parts,639,N/A,1488.14,WH-PER,10-25-2023,In Stock
sku-500534,Product 535,Home,Vertex Trading,424,84,99.6,WH-BNE,2025/05/23,
SKU-500535,Product 536,Home,Global Parts,304,N/A,AUD 500,WH-ADE,2025/01/24,In Stock
SKU-500536,Product 537,Accessories,Vertex Trading,1O0,92,129.26,WH-ADE,NA,In Stock
SKU-500537,product_name,Accessories,Apex,440,117,1436.49,WH-bne,20.06.2026,In Stock
SKU-500538,Product 539,Office,PrimeSource,769,88,2375.85,WH-SYD,2021/03/13,In Stock
SKU-500021,Product 22,Software,Global Parts,527,103,731.37,unknown,05-09-2026,Available
SKU-500540,Product 541,Electronics,Vertex Trading,410,92,154.5,WH-ADE,31/02/2026,INSTOCK
SKU-500024,Product 25,Accessories,Metro Goods,726,119,"1.299,50",WH-MEL,02-17-2023,INSTOCK
SKU-500542,Product 543,Home,PrimeSource,674,-10,-250,WH-MEL,03/01/2024,outofstock
SKU-500543,Product 544,Accessories,PrimeSource,315,69,1563.42,,10.05.2021,In Stock
SKU-500544,Product 545,Accessories,PrimeSource,644,74,"1,299.50",WH-PER,2022-09-13,In Stock
SKU-500545,Product 546,Software,Global Parts,388,24,321.53,WH-SYD,08.07.2026,OOS
SKU-500546,???,N/A,Apex Supply,NaN,46,1157.07,WH-MEL,2025/02/17,In Stock
sku-500547,123456,Office,Prime Source,6,,2231.36,WH-PER,20/01/2026,Not Available
SKU-500548,Product 549,Office,Vertex Trading,6,135,1042.43,Warehouse 1,16 Apr 2026,Low Stock
SKU-500549,Product 550,Office,PrimeSource,-50,30,309.19,ADE,2022-11-05,In Stock
SKU-500550,Product 551,Accessories,Apex Supply,487,59,2405.35,WH-PER,09-15-2025,INSTOCK
NULL,Product 552,Accessories,Apex Supply,480,twenty,1629.26,WH-PER,2025-04-14,In Stock
SKU-500552,Product 553,office supplies,Global Parts,830,52,1110.13,N/A,02.02.2026,In Stock
SKU-500553,Product 554,Office,Nova Wholesale,75,116,826.32,WH-BNE,24 Apr 2021,Low Stock
N/A,Product,Software,Apex Supply,-50,80,$99.99,WH-PER,-,In Stock
SKU-500555,product_name,Software,Prime Source,861,130,1751.2,WH-ADE,05-15-2022,
SKU-500556,Product 557,Home,Apex Supply,0.5,N/A,1079.32,Warehouse 1,2024-08-05,In Stock
SKU-500557,Product 558,office supplies,123,806,,710.07,WH-BNE,25/05/2021,1
SKU-500558,Product 559,Home,Vertex Trading,648,121,2243.84,WH-PER,2022/09/28,In Stock
SKU-500559,Product 560,Accessories,Nova Wholesale,307,19,2030.95,WH-SYD,01 Sep 2025,In Stock
SKU-500560,Product 561,Unknown,PrimeSource,839,0,1926.01,WH-PER,27/09/2023,In Stock
SKU-500561,,Electronics,Apex Supply,472,59,9999999,WH-MEL,27/01/2025,In Stock
SKU-500562,???,Accessories,Metro Goods,543,50 units,1520.07,WH-SYD,05-06-2023,In Stock
SKU-500563,Product 564,Office,Apex Supply,999999,124,751.28,WH-BNE,26.08.2023,In Stock
SKU-500564,product_name,Accessories,Nova Wholesale,500 units,136,2065.54,WH-MEL,14 Dec 2023,In Stock
SKU-500565,Product 566,Accessories,Apex Supply,500 units,143,483.45,WH-PER,N/A,Low Stock
SKU-500566,Product 567,ELECTRONICS ,PrimeSource,340,141,2176.49,WH-MEL,20/05/2023,In Stock
SKU-500567,Product 568,Accessories,PrimeSource,302,36,218.0,WH-BNE,05-02-2021,LOW STOCK 
SKU-500568,Product 569,Unknown,Vertex Trading,86,82,406.94,WH-BNE,29.11.2025,In Stock
SKU-500569,Product 570,,Nova,71,34,2371.4,WH-MEL,2021/01/01,In Stock
SKU-500570,Product 571,Software,Vertex Trading,727,,2492.94,WH-MEL,2021/02/15,OOS
SKU-500571,Product 572,Office,Vertex Trading,500 units,70,23.53,WH-BNE,00/00/0000,In Stock
SKU-500572,,Accessories,PrimeSource ,497,101,$99.99,WH-PER,Feb 30 2025,In Stock
SKU-500573,Product 574,Unknown,Metro Goods,788,9999,511.29,Melbourne WH,17 May 2022,LOW STOCK 
SKU-500574,Product 575,Accessories,Global Parts,-1,74,911.63,unknown,2024-02-23,In Stock
SKU-500575,Product 576,Home,Apex,152,129,788.16,WH-MEL,12 May 2024,In Stock
SKU-500576,Product 577,Home & Living,Prime Source,999999,113,-250,Warehouse 1,N/A,In Stock
sku-500577,Product 578,Office,,113,61,984.48,WH-PER,30 May 2022,In Stock
SKU-500578,Product 579,Software,Global Parts,,26,9999999,unknown,22/04/2026,INSTOCK
SKU-500579,Product 580,Software,Apex Supply,523,86,1473.51,unknown,12-26-2022,INSTOCK
SKU-500580,Product 581,Office,Apex Supply,247,76,458.47,WH-PER,   ,OOS
SKU-500581,Unknown Item,soft ware,unknown,N/A,25,462.97,ADE,05-17-2026,N/A
SKU-500582,Product 583,Home,Apex Supply,NaN,105,9999999,WH-BNE,12-08-2025,In Stock
SKU-500583,Product 584,soft ware,,N/A,121,629.55,WH-ADE,23.11.2025,In Stock
SKU-500584,Product 585,accessory,Global Parts,0,-10,2056.86,WH-MEL,11-17-2024,Out of Stock
SKU-500153,Product 154,Home,Nova Wholesale,619,138,USD 120,WH-BNE,22.08.2021,In Stock
SKU-500586,product_name,Accessories,Nova Wholesale,ten,118,"2 500,00",WH-bne,2022/10/04,In Stock
SKU-500587,Product 588,Accessories,Vertex Trading,643,108,285.59,SYD,2025-01-26,In Stock
SKU-500588,Product 589,ELECTRONICS ,Global Parts,1O0,133,971.75,WH-PER,31/02/2026,0
SKU-500589,Unknown Item,Accessories,unknown,267,,FREE,WH-PER,08-12-2024,in stock
SKU-500590,Product 591,Office,Apex Supply,313,51,304.72,WH-SYD,11-20-2022,
SKU-500591,Product 592,,Global Parts,"1,200",30,"2 500,00",WH-SYD,2026-02-31,N/A
SKU 500592,Product 593,Software,Apex Supply,500 units,1O,1940.62,unknown,13.10.2025,In Stock
SKU-500593,Product 594,Office,Global Parts,79,148,629.81,ADE,18/02/2022,Low Stock
SKU-500594,Product 595,Accessories,Prime Source,266,48,2241.94,WH-PER,-,Available
N/A,Product 596,Electronics,Metro Goods,1O0,9999,859.93,wh-per ,-,Low Stock
SKU-500596,product_name,Home,Global Parts,750,0,2295.86,WH-PER,25/11/2024,in stock
SKU-500597,???,office supplies,Vertex Trading,ten,42,2297.68,WH-MEL,07-27-2022,in stock
SKU-500598,Product 599,OFFICE,Metro Goods,238,59,"1,299.50",WH-MEL,2025/00/12,In Stock
SKU-500599,Product 600,Accessories,Nova Wholesale,432,9999,1829.33,WH-PER,12-29-2025,LOW STOCK 
sku-500600,Product 601,Accessories ,Nova Wholesale,552,,$99.99,WH-ADE,2022-09-16,Not Available
SKU-500601,Product 602,Home,PrimeSource,ten,133,681.31,WH-ADE,31 May 2022,Low Stock
SKU-????,Product 603,Software,Metro Goods,ten,71,335.69,WH-SYD,10-30-2022,In Stock
SKU-500603,Unknown Item,Electronics,Nova Wholesale,999999,19,,WH-ADE,22/02/2021,In Stock
SKU-500604,Product 605,Electronics,Apex Supply,681,15,2489.76,WH-MEL,03/05/2022,In Stock
SKU-500605,Product 606,Software,PrimeSource,877,91,1777.41,WH-PER,08.11.2023,1
SKU-500606,Product 607,Home,Global Parts,1O0,50,"2 500,00",unknown,2023/12/06,Available
SKU-500607,Product 608,Office,Global Parts,0.5,97,735.54,WH-SYD,08-05-2026,INSTOCK
sku-500608,Product 609,Accessories,Nova Wholesale,488,0,486.73,WH-ADE,2025/02/10,LOW STOCK 
,Product 610,Office,PrimeSource,440,88,2351.17,WH-SYD,missing,Available
SKU-500610,Product 611,Home,Global Parts,858,60,531.29,WH-MEL,2023-03-21,Available
SKU-500611,Product 612,Home,PrimeSource,381,22,584.67,WH-MEL,N/A,Not Available
SKU-500612,Product 613,ELECTRONICS ,Vertex Trading,810,59,10O.50,WH-MEL,2024/04/02,unknown
12345,Product 614,Software,Metro Goods,73,78,1770.58,WH-MEL,2021/11/13,Low Stock
SKU-500614,Product 615,Unknown,Apex,187,N/A,10O.50,WH-PER,27 Apr 2024,In Stock
sku-500615,Product 616,Home,Metro Goods,452,15,10O.50,WH-PER,26/05/2026,In Stock
SKU-500616,Product 617,Home,Vertex Trading,97,61,10O.50,WH-PER,21.10.2024,Available
SKU-500617,product_name,Home,Global Parts,339,132,943.39,WH-PER,2024-11-01,INSTOCK
SKU-500618,Product 619,Electronics,Vertex Trading,718,58,,SYD,2023-07-20,In Stock
SKU-500619,Product 620,Office,Metro Goods,437,67,1872.5,WH-MEL,06-06-2022,In Stock
SKU-500620,product_name,Home,unknown,469,96,1194.97,WH-ADE,05-14-2024,In Stock
SKU 500335,Product 336,Electronics,Vertex Trading,500 units,143,2287.26,WH-SYD,2022-07-22,In Stock
SKU-500622,Product 623,N/A,Global Parts,868,39,"2 500,00",WH-ADE,NULL,In Stock
SKU-500623,Product 624,OFFICE,Global Parts,294,51,1892.96,WH-BNE,18/02/2023,In Stock
SKU-500624,Product 625,Accessories,123,N/A,NaN,514.96,ADE,32 Jan 2025,Low Stock
SKU-500625,Product 626,Home,Apex Supply,220,52,"2 500,00",Warehouse 1,10-25-2025,In Stock
SKU-500626,Product 627,Office,Apex Supply,468,twenty,1908.77,WH-PER,2024-12-02,unknown
SKU-500627,Product,Software,Nova Wholesale,827,97,10O.50,WH-BNE,2022-01-29,In Stock
SKU-500628,Product 629,Accessories,Nova Wholesale,52,58,"2 500,00",WH-ADE,24.08.2021,Low Stock
SKU-500629,Product 630,Electronics,Global Parts,NaN,108,1772.7,wh-per ,07/10/2024,In Stock
SKU-500630,Product 631,,Nova Wholesale,877,,120.34,WH-MEL,12.10.2022,in stock
SKU-500631,Product  632,Home & Living,PrimeSource,103,47,92.43,WH-MEL,30.06.2024,Available
SKU-500632,N/A,Software,Nova,237,64,2452.22,SYD,11-04-2021,In Stock
SKU-500633,product_name,Accessories,123,734,26,2065.9,WH-SYD,31.08.2022,In Stock
N/A,Product 635,office supplies,Metro Goods,-1,9999,416.75,WH-SYD,04-06-2026,0
,Product 636,Software,Vertex Trading,290,148,781.25,WH-MEL,   ,In Stock
SKU-500636,Product 637,Accessories,Metro Goods,180,twenty,$99.99,WH-MEL,29/11/2022,in stock
SKU-500637,Product 638,N/A,Nova Wholesale,NaN,-10,1513.05,SYD,32 Jan 2025,In Stock
SKU-500638,Product 639,Accessories ,GlobalParts,795,123,AUD 500,Warehouse 1,NULL,In Stock
SKU-500639,123456,N/A,,747,61,250.18,WH-SYD,,In Stock
SKU-500640,Product 641,office supplies,Metro Goods,663,139,954.19,WH-SYD,23.09.2025,
SKU-500641,Product 642,N/A,PrimeSource,-1,0,1028.49,WH-ADE,null,In Stock
SKU-500642,123456,Software,Metro Goods,56,9999,"1,299.50",WH-BNE,31/02/2026,In Stock
SKU-500643,Product 644,electronics,Nova,23,111,357.47,WH-BNE,15.09.2024,Low Stock
sku-500644,Unknown Item,Accessories, PrimeSource,482,82,$99.99,WH-SYD,2025/00/12,In Stock
SKU-500645,Product 646,Electronics,Apex Supply,776,76,USD 120,WH-ADE,2026-02-31,In Stock
SKU-500646,Product 647,Office,apex supply,668,138,1802.21,wh-per ,99-99-9999,In Stock
SKU-500647,Product 648,N/A,PrimeSource,398,50 units,1987.76,WH-ADE,11/07/2024,In Stock
SKU-500648,Product 649,Electronics,Nova,758,148,887.16,,2021/05/30,In Stock
SKU-500649,Product,Home,Nova Wholesale,500 units,117,1771.13,WH-ADE,2021-03-16,In Stock
SKU-500650,Product 651,OFFICE,Nova Wholesale,192,-10,,WH-ADE,2021-08-20,In Stock
SKU-500651,Product 652,Accessories,Vertex Trading,21,103,10O.50,ADE,2026/07/01,Low Stock
SKU-500652,Unknown Item,Unknown,Nova Wholesale,393,51,55.31,WH-SYD,-,In Stock
N/A,???,Software,Nova Wholesale,225,twenty,2156.55,wh-per ,03-06-2025,In Stock
SKU-500654,Product 655,Accessories,123,651,49,1215.69,WH-MEL,?,In Stock
sku-500655,Product 656,electronic,123,263,43,59.14,WH-BNE,22/04/2023,In Stock
SKU-500656,Product 657,accessory,,796,NaN,1412.2,WH-SYD,02 Dec 2025,In Stock
N/A,Product 658,Software,Metro Goods,0.5,73,1741.58,,06-13-2025,In Stock
SKU-500658,Product 659,Unknown,N/A,804,81,850.87,wh-per ,24 Jun 2022,In Stock
NULL,Product 660,Accessories,Apex,NaN,NaN,213.84,WH-BNE,2022/12/15,In Stock
SKU 500660,Product 661,Software,Vertex Trading,N/A,17,USD 120,N/A,15 Jun 2025,In Stock
SKU-500661,Product 662,,Vertex Trading,663,42,30.41,SYD,NULL,In Stock
SKU-500662,Product,Software,PrimeSource,882,1O,"1,299.50",Sydney Warehouse,13/13/26,low
SKU-500663,,Electronics,PrimeSource,144,50,665.5,Warehouse 1,08-09-2022,in stock
sku-500664,Product 665,Unknown,Global Parts,-50,67,9999999,WH-MEL,07/10/2022,in stock
SKU-500665,Product 666,Home,N/A,257,43,698.72,WH-ADE,20/04/2023,
SKU-500666,Product,Accessories,Global Parts,377,139,"1.299,50",WH-MEL,2024-02-15,In Stock
SKU-500667,N/A,office supplies,PrimeSource,14,103,2170.73,WH-PER,null,Low Stock
SKU-500255,Product,Home,  Global Parts  ,803,33,"2 500,00",WH-SYD,,In Stock
NULL,Product 670,Office,  Apex Supply  ,110,62,844.77,WH-PER,20.01.2024,In Stock
SKU-500670,Product 671,Home,Global Parts,769,59,2124.46,WH-PER,11/08/2024,In Stock
SKU-500671,Product 672,Accessories ,Apex Supply,-50,18,480.6,WH-MEL,2026-02-31,In Stock
SKU-500672,Product 673,Accessories ,PrimeSource,421,twenty,1429.52,WH-MEL,06-09-2026,In Stock
SKU-500673,Product 674,,N/A,503,50,604.16,WH-SYD,unknown,In Stock
SKU-500674,Unknown Item,Accessories,Global Parts,"1,200",136,AUD 500,WH-MEL,2025/00/12,In Stock
SKU-500675,Product 676,Electronics,Global Parts,102,NaN,"2 500,00",,11-07-2025,low
SKU-500676,Product 677,Software,PrimeSource,276,70,1654.6,WH-MEL,11.09.2021,N/A
SKU-500677,Product 678,electronic,Metro Goods,999999,74,492.67,WH-SYD,05-06-2024,In Stock
SKU-500678,,Office,PrimeSource,425,78,714.23,Warehouse 1,32 Jan 2025,Not Available
SKU-500679,Product 680,Home,Nova Wholesale,433,87,2222.4,WH-SYD,01-07-2021,In Stock
SKU-500680,Product 681,Electronics,Vertex Trading,NaN,1O,9999999,SYD,07 Oct 2025,in stock
SKU-500681,Product 682,Accessories ,PrimeSource,535,"1,000",1020.5,WH-MEL,02 Nov 2024,In Stock
SKU-500682,Product 683,Software,Apex Supply,,132,"1,299.50",WH-MEL,2025/08/05,In Stock
SKU 500683,Product 684,N/A,Apex Supply,695,30,1022.98,WH-SYD,2023/04/21,In Stock
sku-500684,Product 685,electronic,Apex Supply,807,54,2436.76,WH-MEL,2026/05/12,In Stock
NULL,Product 686,Home,Apex Supply,259,109,108.05,WH-PER,2023/06/11,In Stock
SKU-500182,Product 183,ELECTRONICS ,PrimeSource,41,15,"2 500,00",Sydney Warehouse,08-19-2026,In Stock
sku-500687,Unknown Item,Accessories,Vertex Trading,793,127,1319.36,WH-MEL,06-09-2024,In Stock
SKU-500688,Unknown Item,Software,Global Parts,11,"1,000",503.66,WH-bne,2022/11/27,Low Stock
sku-500689,,ELECTRONICS ,Global Parts,0.5,twenty,2201.27,WH-MEL,02 Sep 2024,In Stock
SKU-500690,Product 691,Office,Vertex Trading,640,111,381.38,wh-per ,2023-02-01,
SKU-500691,???,Office,Vertex Trading,-50,63,1328.23,WH-PER,11.05.2021,N/A
sku-500692,Product 693,soft ware,Global Parts,308,21,AUD 500,Sydney Warehouse,06.02.2022,In Stock
SKU-500693,product_name,Home,Nova Wholesale,155,35,"1.299,50",WH-ADE,N/A,In Stock
SKU-500694,product_name,Home,PrimeSource,16,-10,1179.85,Melbourne WH,2023/12/27,Low Stock
SKU-500695,Product 696,Office,PrimeSource,855,NaN,-250,WH-ADE,04 Apr 2025,In Stock
,Product 697,Home,PrimeSource,540,30,1276.29,WH-ADE,2022-10-21,In Stock
NULL,Product 698,Unknown,GlobalParts,77,50 units,285.93,WH-SYD,09.05.2021,Low Stock
SKU-500698,Product 699,accessory,Nova,"1,200",123,-250,WH-MEL,11/03/2025,In Stock
12345,Product 700,Office,Global Parts,"1,200",129,1736.86,Melbourne WH,06-25-2022,low
SKU-500700,Product 701,Office,unknown,858,108,2059.96,WH-BNE,-,OOS
,Product 702,Home,Global Parts,183,51,"1,299.50",WH-ADE,26/01/2025,In Stock
SKU-500702,Product 703,Unknown,PrimeSource,305,50 units,10O.50,WH-PER, ,In Stock
SKU-500703,Product 704 ,Accessories,Nova Wholesale,629,25,2056.63,WH-MEL,02-08-2025,In Stock
SKU-500704,123456,OFFICE,Global Parts,603,27,734.46,WH-ADE,2022/04/02,In Stock
SKU-500705,Product 706,Electronics,Vertex Trading,761,N/A,2083.91,WH-MEL,2023-05-01,In Stock
SKU-500706,Product 707,office supplies,Global Parts,752,NaN,1534.27,WH-BNE,2022/08/13,In Stock
SKU-500707,Product,Office,Vertex Trading,180,48,1193.74,ADE,04-19-2021,0
SKU-500708,Product 709,Home & Living,Apex Supply,550,41,-250,WH-ADE,21/08/2023,In Stock
SKU-500709,Product 710,Accessories,Apex,,,"2 500,00",WH-MEL,2022/08/05,OOS
SKU-500224,Product 225,Electronics,unknown,44,twenty,2273.48,WH-BNE,2022/02/05,Low Stock
SKU-500711,product_name,Software,PrimeSource,633,34,1435.62,N/A,19/01/2021,In Stock
SKU-500183,Product 184,Unknown,Apex Supply,"1,200",113,1627.79,WH-ADE,06.07.2024,In Stock
SKU-500713,Product 714,Accessories,123,769,-10,749.28,WH-MEL,2023-05-27,In Stock
SKU-500714,Product 715,Electronics,Metro Goods,500 units,28,2086.3,WH-SYD,2026-05-13,1
SKU-500715,Product 716,Home,Prime Source,508,NaN,1945.14,SYD,08 Apr 2023,unknown
SKU-500716,Unknown Item,Software,unknown,148,-10,$99.99,WH-ADE,15/07/2023,In Stock
sku-500717,Product 718,ELECTRONICS ,Apex Supply,500 units,98,1954.08,WH-SYD,2021/08/27,INSTOCK
12345,Product 719,Accessories,Nova,20,80,123.71,WH-PER,   ,Low Stock
SKU-500719,Product 720,Electronics,Vertex Trading,1O0,87,318.28,WH-MEL,23 Dec 2021,In Stock
NULL,Product 721,accessory,Apex Supply,813,-10,,WH-ADE,2024-11-23,LOW STOCK 
SKU-500721,Product 722,Electronics,unknown,559,51,AUD 500,WH-MEL,12.06.2024,0
SKU-500722,Product,Software,Metro Goods,861,16,1171.28,WH-BNE,unknown,In Stock
SKU-500020,Product 21,Unknown,Prime Source,95,64,N/A,WH-PER,NA,In Stock
SKU-500724,Product 725,Software,Metro Goods,"1,200",103,,Sydney Warehouse,Feb 30 2025,LOW STOCK 
SKU-500725,Product 726,Software,PrimeSource,999999,37,764.13,WH-ADE,15.03.2024,Low Stock
12345,Unknown Item,Home,PrimeSource,74,9999,600.69,Warehouse 1,10/09/2025,Not Available
SKU-500727,Unknown Item,Home,PrimeSource,"1,200",-10,"2 500,00",WH-ADE,06/07/2021,In Stock
SKU-500728,Product 729,Home & Living,Vertex Trading,484,NaN,29.69,WH-MEL,30 Nov 2025,In Stock
SKU-500729,Product 730,Software,Vertex Trading,534,124,2048.27,wh-per ,26.08.2025,Not Available
SKU-500730,Unknown Item,N/A,PrimeSource,416,150,2402.99,,99-99-9999,In Stock
SKU-500731,Product 732,Unknown,Nova Wholesale,366,15,2049.79,WH-SYD,2026/04/03,In Stock
SKU-500732,Product 733,Electronics,PrimeSource,554,70,N/A,WH-SYD,2023-03-15,outofstock
N/A,???,Electronics,Metro Goods,"1,200",97,-250,ADE,07/03/2026,In Stock
SKU-500734,Product 735,Electronics,PrimeSource,500 units,35,677.98,WH-MEL,2026/01/02,outofstock
N/A,Product 736,ELECTRONICS ,123,600,107,1977.27,WH-ADE,15.11.2022,In Stock
SKU-500736,Product 737,Accessories ,PrimeSource,1O0,"1,000",105.99,Warehouse 1,13/13/26,In Stock
SKU-500737,,office supplies,Global Parts,556,97,1469.13,WH-BNE,2026-05-06,unknown
SKU-500738,Product 739,Accessories,Metro Goods,-50,,"1.299,50",WH-MEL,2021/05/22,In Stock
SKU-500739,Product 740,ELECTRONICS ,Nova Wholesale,98,0,"1,299.50",WH-PER,01 Jun 2023,Low Stock
SKU-500740,Product 741,Office,unknown,1O0,19,1454.11,WH-SYD,12.05.2025,OOS
SKU-500741,Product 742,Home,Nova Wholesale,675,NaN,284.74,WH-MEL,null,0
SKU-500742,Product 743,Electronics,PrimeSource,845,58,1499.03,,2025-01-08,In Stock
SKU-500743,Product 744,Software,Global Parts,396,103,138.95,WH-PER,NULL,In Stock
12345,Product 745,Accessories,Global Parts,999999,83,620.41,WH-MEL,14 Feb 2022,In Stock
SKU-500745,Product 746,Home,Global Parts,117,66,2276.11,WH-PER,12 Oct 2022,In Stock
SKU-500746,Product 747,Software,Apex Supply,650,109,N/A,WH-PER,01/01/2024,unknown
SKU-500153,Product 748,Electronics,Apex,26,1O,1276.57,WH-BNE,,Low Stock
,Product 749,Home & Living,unknown,296,0,736.72,WH-MEL,missing,In Stock
SKU-500749,product_name,Accessories,Apex Supply,512,117,878.48,WH-ADE,99-99-9999,In Stock
SKU-500750,,Electronics,Metro Goods,402,87,237.49,WH-PER,?,In Stock
SKU-500751,Product 752,Office,Nova Wholesale,265,110,319.36,WH-SYD,03-15-2023,Not Available
SKU-500752,Product 753,Office,Nova Wholesale,"1,200",87,$99.99,WH-MEL,09-12-2023,In Stock
SKU-500753,Product 754,Home & Living,unknown,15,,USD 120,N/A,25.09.2022,LOW STOCK 
SKU-500754,Unknown Item,Software,Nova Wholesale,-50,50 units,1397.3,ADE,32 Jan 2025,In Stock
SKU-500755,product_name,Software,PrimeSource,1O0,38,2184.55,WH-BNE,2023/10/05,In Stock
SKU-500756,123456,accessory,Apex Supply,834,1O,1293.81,WH-SYD,07.10.2025,In Stock
SKU-500030,Unknown Item,electronic,N/A,NaN,19,2376.18,WH-BNE,2026/05/29,In Stock
SKU-500758,Product 759,Office,PrimeSource,830,53,815.52,WH-BNE,2026/06/03,In Stock
SKU-500759,Product 760,electronic,PrimeSource ,251,52,202.05,WH-BNE,N/A,
SKU-500760,Product 761,Electronics,PrimeSource,505,43,9999999,WH-BNE,09-21-2024,1
SKU-500761,Product 762,Home & Living,Global Parts,999999,"1,000","1.299,50",WH-MEL,03-15-2022,In Stock
SKU-500762,Unknown Item,Home,Global Parts,782,N/A,1054.05,WH-bne,2025/00/12,In Stock
SKU-500763,Product 764,Unknown,Vertex Trading,646,9999,FREE,WH-SYD,19/10/2023,In Stock
SKU-500764,Product 765,Home,Global Parts,448,54,2042.99,SYD,20 Apr 2025,In Stock
SKU-500765,Product 766,Electronics,Global Parts,787,96,"2 500,00",WH-SYD,03-09-2023,In Stock
12345,Product 767,Office,unknown,185,1O,$99.99,WH-BNE,02-26-2025,In Stock
SKU-500767,Product 768,Accessories ,PrimeSource,530,83,829.51,WH-PER,00/00/0000,unknown
12345,Product 769,Software,GlobalParts,729,148,"1.299,50",WH-ADE,07-23-2023,In Stock
SKU-500769,Product 770,Electronics,Apex Supply,8,104,478.0,WH-PER,28 Apr 2025,Low Stock
SKU-500770,,N/A,Vertex Trading,1O0,139,2475.53,WH-BNE,32 Jan 2025,In Stock
SKU-500771,Product 772,Software,unknown,549,137,"2 500,00",WH-ADE,13/13/26,In Stock
SKU-500772,Product 773,Electronics,Nova Wholesale,719,19,$99.99,WH-PER,2024/03/17,outofstock
SKU-500773,Product 774,Accessories,Nova Wholesale,1O0,107,1502.01,WH-BNE,2025-06-27,OOS
SKU-500774,???,,PrimeSource,508,44,USD 120,unknown,19.08.2026,
12345,Product 776,electronics,Nova Wholesale,487,116,"1,299.50",wh-per ,05 Feb 2021,low
SKU 500776,N/A,Home & Living,Nova Wholesale,854,64,USD 120,WH-BNE,04 Mar 2025,LOW STOCK 
,???,Office,Nova,542,"1,000",188.3,WH-SYD,31/02/2026,In Stock
SKU-500778,product_name,Electronics,Vertex Trading,999999,0,1248.16,WH-ADE,10/03/2025,In Stock
SKU-500779,Product 780,Home,Nova  Wholesale,795,144,2122.6,ADE,16 Jul 2022,In Stock
,N/A,Home,Nova Wholesale,836,47,952.51,Warehouse 1,18 Apr 2021,Available
SKU-500781,Product 782,Software,Global Parts,735,21,"2 500,00",WH-bne,29 May 2021,OOS
SKU-500330,Product 331,Software,Metro Goods,91,148,447.7,WH-SYD,2025/10/22,Low Stock
SKU-500783,Product 784,accessory,unknown,480,9999,48.57,ADE,-,INSTOCK
SKU-500784,Product 785,Accessories,Nova  Wholesale,0.5,56,2252.87,WH-SYD,2026-13-44,In Stock
SKU-????,???,Electronics,Vertex Trading,10,109,1105.93,WH-PER,23/09/2023,Not Available
SKU-500786,Product 787,Electronics,Vertex Trading,393,18,1169.61,WH-BNE,19 Dec 2022,unknown
SKU-500787,N/A,accessory,Global Parts,101,124,AUD 500,WH-ADE,unknown,Low Stock
SKU-500788,Product 789,Accessories,Apex Supply,401,91,USD 120,WH-MEL,03.03.2022,In Stock
SKU-500789,???,electronic,Vertex Trading,271,"1,000",AUD 500,Warehouse 1,12-15-2022,In Stock
SKU-500790,,Office,PrimeSource,332,144,2460.46,WH-BNE,null,In Stock
,Product 792,Home,Apex,512,N/A,"1,299.50",WH-ADE,31/02/2026,In Stock
N/A,Product 793,,Nova Wholesale,718,,USD 120,SYD,02-06-2026,In Stock
SKU-500793,N/A,Accessories,Metro Goods,769,37,693.86,SYD,2025/05/01,In Stock
SKU-500794,Product 795,Office,Prime Source,0.5,50 units,1801.34,WH-MEL,09-13-2021,In Stock
SKU-500795,Product 796,Accessories,PrimeSource,894,,1202.42,WH-SYD,02 Jan 2024,In Stock
SKU-500126,Product 797,Software,Nova Wholesale,26,N/A,USD 120,WH-SYD,?,Low Stock
SKU-500797,Product,Office,Vertex Trading,159,9999,2224.11,WH-BNE,missing,Not Available
SKU-500798,Product 799,OFFICE,Metro Goods,500 units,136,"1.299,50",WH-MEL,2025/05/15,In Stock
SKU-500065,Product 66,Software,Vertex Trading,512,63,666.19,WH-BNE,-,In Stock
SKU-500757,123456,Software,GlobalParts,325,twenty,2170.57,WH-MEL,07-05-2023,Available
SKU-500801,Product 802,Office,Global Parts,542,86,AUD 500,WH-PER,27/03/2022,In Stock
SKU-500802,Product 803,Software,Global Parts,747,94,1945.67,N/A,21/06/2025,low
SKU-500803,Product 804,Software,Nova Wholesale,999999,-10,968.2,Sydney Warehouse,31/02/2026,In Stock
SKU-500804,Product,Office,Apex Supply,521,33,9999999,WH-PER,31/02/2026,INSTOCK
SKU-500805,Product 806,Accessories,Nova Wholesale,679,118,1896.08,WH-bne,04.01.2024,In Stock
SKU-500806,Product 807 ,Accessories,,183,40,9999999,WH-MEL,2021-04-23,In Stock
SKU-500807,Product 808,Software,123,380,36,USD 120,Melbourne WH,99-99-9999,unknown
SKU-500808,Product 809,Home,Vertex Trading,397,18,N/A,WH-ADE,09-20-2021,unknown
SKU-500809,Product 810,Home,Nova Wholesale,730,147,,unknown,24/04/2021,In Stock
SKU-500810,Product 811,electronics,Apex Supply,797,,618.96,wh-per ,2021-03-06,In Stock
NULL,Product 812,,Apex Supply,124,9999,1186.18,WH-MEL,2024-11-06,In Stock
SKU-500812,Product 813,Home,Metro Goods,470,33,515.05,WH-PER,07 Dec 2022,1
SKU-500813,Product 814,Office,Apex,N/A,88,2416.8,WH-BNE,10/11/2021,Low Stock
SKU-500814,Product 815,Accessories,PrimeSource,80,29,-250,WH-ADE,2026/01/16,In Stock
SKU-500815,Product 816,accessory,Global Parts,822,81,$99.99,WH-MEL,,0
SKU-500816,Product 817,Unknown,PrimeSource,618,114,"1,299.50",WH-MEL,2025-11-05,In Stock
SKU-500817,Product 818,Accessories,Metro Goods,707,17,,WH-PER,19/04/2025,LOW STOCK 
SKU-500818,Product 819,Office,Nova Wholesale,785,64,819.37,,2022-12-04,0
SKU-500819,Product 820,N/A, Vertex Trading,NaN,NaN,2202.48,WH-PER,04.10.2021,In Stock
NULL,Product 821,Software,Metro Goods,1O0,103,-250,wh-per ,2024/03/29,In Stock
SKU-500821,Product 822,Electronics,PrimeSource,143,9999,521.5,WH-ADE,01/09/2022,In Stock
SKU-????,Product 823,Accessories,Nova Wholesale,-50,"1,000",2039.85,WH-bne,2022/08/22,N/A
SKU-500823,Product 824,Office,Nova Wholesale,193,22,$99.99,WH-BNE,04-05-2024,In Stock
SKU-500824,Product 825,Office,Metro Goods,141,149,1108.47,Warehouse 1,20/07/2025,outofstock
SKU-500825,Product 826,Software,Apex Supply,1O0,92,10O.50,WH-PER,10/07/2021,In Stock
SKU-500826,Product 827,Software,Vertex Trading,284,50 units,2439.35,unknown,2025-05-06,unknown
SKU-500827,Product  828,Home & Living,Vertex Trading,999999,0,130.56,WH-PER,10-11-2021,In Stock
,123456,soft ware,PrimeSource,"1,200",124,839.39,N/A,?,In Stock
SKU-500829,Product 830,Electronics,Apex Supply,254,72,$99.99,Sydney Warehouse,18 Mar 2026,In Stock
SKU-500536,Product 831,Software,Nova Wholesale,N/A,1O,2496.73,WH-MEL,05/03/2024,In Stock
SKU-500831,product_name,Software,PrimeSource,999999,90,"1,299.50",WH-bne,?,In Stock
N/A,Product 833,Accessories,PrimeSource,ten,79,2310.08,WH-bne,09 Aug 2026,Low Stock
SKU-500833,Product 834,Office,Global Parts,341,twenty,1083.28,WH-bne,21 Nov 2024,Available
,N/A,electronics,Prime Source,311,74,USD 120,WH-MEL,   ,Available
SKU-500835,Product 836,Accessories,PrimeSource,160,129,1287.27,WH-ADE,NULL,In Stock
SKU-????,Product 837,Office,Prime Source,885,146,1602.23,WH-SYD,13/13/26,1
SKU-500652,Unknown Item,Unknown,Nova Wholesale,393,51,55.31,WH-SYD,-,In Stock
SKU-500838,Product 839,Accessories,Nova Wholesale,,130,FREE,WH-PER,31.12.2025,
SKU-500839,???,Accessories ,PrimeSource,85,102,2206.87,WH-ADE,04-23-2025,Low Stock
SKU-500840,Product 841,Software,Prime Source,69,126,110.89,WH-PER,2025/00/12,Low Stock
SKU-500841,Product 842,ELECTRONICS ,Metro Goods,NaN,66,-250,N/A,none,low
SKU-500842,Product 843,Electronics,GlobalParts,251,135,USD 120,WH-MEL,unknown,In Stock
SKU-500843,Product 844,electronic,Prime Source,100,67,1954.67,WH-ADE,06-29-2025,In Stock
SKU-500844,123456,Home,Vertex Trading,564,twenty,"1,299.50",WH-PER,19/01/2026,In Stock
SKU-500845,Product 846,Office,N/A,547,131,9999999,WH-ADE,03 Sep 2026,In Stock
SKU-500846,Product 847,Accessories,Apex Supply,249,126,2188.78,WH-SYD,2022/08/09,In Stock
SKU-500847,Product 848,Office,PrimeSource,566,N/A,"1,299.50",WH-BNE,08-19-2025,Available
SKU-500848,Product 849,Electronics,Metro Goods,483,141,451.1,ADE,2025/11/22,low
12345,Product 850,electronic,Prime Source,500 units,135,2253.24,WH-SYD,14 Dec 2025,In Stock
SKU-500850,Product 851,Home,Nova Wholesale,578,37,701.72,WH-SYD,-,In Stock
SKU-500851,Product 852,Software,Nova Wholesale,822,67,1132.06,WH-ADE,2026/05/11,in stock
N/A,Product 853,Software,PrimeSource,"1,200",148,261.72,Melbourne WH,not-a-date,INSTOCK
SKU-500853,Product 854,Home,Vertex Trading,1O0,143,1686.88,wh-per ,30/08/2024,In Stock
,Product,Home & Living,GlobalParts,N/A,43,725.42,WH-PER,19/01/2023,In Stock
SKU-500855,Product 856,Unknown,GlobalParts,445,15,731.68,WH-BNE,24 Dec 2022,In Stock
SKU-500856,Product 857,Electronics,Nova Wholesale,311,95,1842.76,WH-PER,23 Aug 2025,In Stock
SKU-500857,Product 858,Accessories,Metro Goods,NaN,120,1477.82,WH-MEL,2025-04-02,Low Stock
SKU-500858,Product 859,Home & Living,unknown,140,twenty,820.93,WH-MEL,11 Mar 2026,In Stock
SKU-500859,Product 860,Unknown,Prime Source,"1,200",77,370.72,WH-SYD,23 Feb 2021,In Stock
SKU-500860,???,N/A,Nova Wholesale,0.5,97,2109.05,WH-MEL,2022/03/03,In Stock
SKU-500861,Product 862,Software,Apex Supply,9,125,1151.19,WH-PER,12.04.2022,in stock
SKU-500862,Product 863,Accessories,PrimeSource,657,27,2175.55,Sydney Warehouse,2025/00/12,In Stock
SKU-500863,Product 864,office supplies,Vertex Trading,-50,NaN,2427.71,WH-SYD,03-13-2023,In Stock
SKU-500864,Product 865,Home,PrimeSource,999999,34,164.0,WH-PER,13/13/26,In Stock
SKU-500865,Product 866,N/A,Global Parts,233,1O,562.55,ADE,2026-05-31,In Stock
SKU 500072,Product 73,Software,Nova Wholesale,846,22,566.16,WH-MEL,2021/02/17,In Stock
SKU-500867,Product 868,Electronics,Metro Goods,448,135,398.2,WH-PER,31/02/2026,In Stock
SKU-500868,Product 869,Software,Vertex Trading,796,49,"1.299,50",WH-BNE,27 Apr 2022,low
SKU-500869,Product 870,Accessories,Vertex Trading,154,47,"1.299,50",WH-PER,09.09.2021,N/A
sku-500870,Product 871,Office,Metro Goods,212,50 units,9999999,WH-PER,18.12.2024,In Stock
SKU-500871,Product 872,Office,Apex Supply,602,57,338.15,WH-BNE,28 Dec 2024,In Stock
SKU-500872,Product 873,,Nova Wholesale,182,40,AUD 500,WH-PER,30 Jan 2022,1
SKU-500873,Product 874,Office,PrimeSource,682,67,953.91,WH-ADE,2026-13-44,In Stock
SKU-500874,,Accessories,Vertex Trading,722,88,1606.33,WH-ADE,20 Feb 2022,INSTOCK
SKU-500824,Product 825,Office,Metro Goods,141,149,1108.47,Warehouse 1,20/07/2025,outofstock
SKU-500876,Product 877,Accessories,Nova Wholesale,243,9999,2480.78,WH-bne,2022-04-11,unknown
SKU-500877,product_name,ELECTRONICS ,Global Parts,843,141,,WH-ADE,05/04/2023,In Stock
SKU-500878,Product 879,Office,Prime Source,550,95,2033.84,WH-bne,,
SKU-500879,Product 880,Office,Vertex Trading,"1,200",50 units,1057.47,N/A,2024-08-04,in stock
SKU-500880,Product 881,,Global Parts,65,117,FREE,N/A,17 Sep 2025,Low Stock
SKU-500881,PRODUCT 882,Unknown,Vertex Trading,449,1O,309.88,WH-MEL,2023/08/17,In Stock
SKU-500882,???,Software,N/A,42,91,FREE,WH-BNE,2025/00/12,
SKU-500290,Product 831,Software,Nova Wholesale,N/A,1O,2496.73,WH-MEL,05/03/2024,In Stock
SKU-500747,Product 748,Electronics,Apex,26,1O,1276.57,WH-BNE,,Low Stock
SKU-500885,N/A,Office,Nova Wholesale,246,101,800.66,WH-SYD,2025-11-03,outofstock
SKU-500886,Unknown Item,Accessories ,Vertex Trading,238,60,577.37,N/A,2025/07/05,In Stock
SKU-500887,Product 888,Office,Apex Supply,80,56,1129.55,Melbourne WH,2023/09/29,outofstock
SKU-500888,Product 889,Home & Living,Metro Goods,999999,,FREE,WH-ADE,07-29-2021,In Stock
SKU-500889,Product 890,Home,Vertex Trading,706,144,98.17,WH-PER,-,In Stock
SKU-500890,Product 891,Office,123,472,76,1935.74,Sydney Warehouse,13/13/26,unknown
SKU-500891,Product 892,Electronics,,863,50 units,1091.24,,2021-02-28,In Stock
NULL,Product 893,,Vertex Trading,523,64,USD 120,WH-MEL,?,In Stock
12345,Product 894,N/A,Apex Supply,779,18,116.43,Sydney Warehouse,2025/00/12,In Stock
SKU-500894,Product 895,Software,Apex,532,60,1907.41,WH-MEL,30/09/2022,Not Available
SKU-500895,N/A,Accessories,Nova,699,NaN,"2 500,00",N/A,09.03.2022,In Stock
SKU-500896,Product 897,electronics,Vertex Trading,430,,1216.12,unknown,2024-02-20,In Stock
SKU-500897,,Office,Nova Wholesale,,54,USD 120,WH-ADE,26 Aug 2024,In Stock
SKU-500898,Product 899,Accessories,Apex Supply,604,50,$99.99,WH-SYD,23 Jun 2025,In Stock
SKU-500899,Product 900,Office,Apex,318,0,,WH-MEL,2022-02-28,In Stock
SKU-500900,Product 901,Electronics,Apex Supply,607,105,"2 500,00",WH-MEL,25 May 2026,In Stock
SKU-500901,Product 902,Electronics,Global Parts ,684,92,2008.27,WH-bne,2026-08-26,outofstock
12345,Product 903,Electronics,PrimeSource,554,-10,,WH-SYD,01-01-2024,In Stock
sku-500903,Product 904,Office,Vertex Trading,NaN,135,N/A,SYD,2026-07-20,In Stock
SKU-500904,Product 905,Office,Metro Goods,629,50,1302.31,WH-ADE,10.02.2023,Not Available
SKU-500905,Product 906,Home,Prime Source,500 units,,1581.52,WH-MEL, ,In Stock
SKU-500906,Product 907,Home & Living,Global Parts,500 units,92,FREE,WH-BNE,23 Sep 2021,In Stock
SKU-????,Product 908,Electronics,PrimeSource,193,99,2393.52,WH-BNE,16/08/2022,In Stock
N/A,Product 596,Electronics,Metro Goods,1O0,9999,859.93,wh-per ,-,Low Stock
SKU-500909,Product 910,Home,Vertex Trading,1O0,120,-250,Melbourne WH, ,in stock
SKU-500910,Product 911,Accessories ,Global Parts,830,145,2491.86,Melbourne WH,10 Mar 2021,In Stock
SKU-500911,Product,Software,Metro Goods,386,"1,000",521.91,WH-SYD,20.01.2024,In Stock
SKU-500521,Product 522,Electronics,Vertex Trading,404,0,-250,Sydney Warehouse,2026-09-22,In Stock
SKU-500913,Product 914,Home,PrimeSource,71,128,2072.69,WH-PER,null,Low Stock
SKU-500914,???,Electronics,PrimeSource,754,95,1784.92,SYD,2023/01/30,In Stock
sku-500915,Product 916,Office,Vertex Trading,128,0,2125.8,SYD,29 Jun 2023,In Stock
SKU 500916,Unknown Item,Software,123,808,74,911.45,WH-ADE,04.05.2024,In Stock
SKU-500917,Product 918,Office,Global Parts,327,"1,000",1457.12,WH-MEL,02 Mar 2022,In Stock
SKU-500918,product_name,Software,Global Parts,431,9999,1439.04,WH-BNE,none,In Stock
SKU-500181,Product 920,Office,,-50,70,1065.15,WH-SYD,2025-12-14,INSTOCK
SKU-500920,Product 921,Home,Vertex Trading,ten,117,1144.52,WH-ADE,27 Oct 2024,N/A
SKU-500921,Product 922,OFFICE,,322,27,1211.78,WH-BNE,2022/12/08,In Stock
SKU-500922,Product 923,Office,Apex Supply,116,27,9999999,WH-PER,03.03.2024,1
SKU-500923,Product 924,Accessories,Metro Goods,N/A,38,FREE,WH-BNE,02-18-2026,In Stock
SKU-500924,Product 925,Accessories,Vertex Trading,N/A,96,,WH-SYD,00/00/0000,In Stock
N/A,Product 926,Accessories,Nova Wholesale ,-50,140,"1,299.50",WH-PER,2024-05-04,In Stock
SKU 500926,product_name,accessory,PrimeSource,ten,21,$99.99,WH-bne,12-05-2024,In Stock
SKU-500927,Product 928,electronics,Apex Supply,155,twenty,2127.32,WH-SYD,05-08-2023,In Stock
SKU-500045,Product 46,Office,Prime Source,898,141,1964.15,WH-SYD,2021-05-15,In Stock
SKU-500929,Product 930,Electronics,Global Parts,363,39,2081.74,N/A,01-17-2022,In Stock
SKU-500930,Product 931,Software,Nova Wholesale,576,113,1805.49,Melbourne WH,22/06/2026,N/A
SKU-500931,Unknown Item,electronic,,466,,914.73,WH-SYD,2022/04/26,Available
SKU-500932,123456,Office,Nova Wholesale,999999,-10,591.55,WH-ADE,09.02.2025,LOW STOCK 
SKU-500933,Product 934,Electronics,Nova Wholesale,1O0,N/A,1694.25,WH-BNE,10-30-2023,Low Stock
SKU-500934,Product 935,Software,Global Parts,,94,$99.99,WH-MEL,05.11.2025,In Stock
SKU-500935,Product 936,Software,Vertex Trading,428,116,2303.17,WH-ADE,missing,0
SKU-500936,Product 937,Accessories,Nova Wholesale,,41,1183.85,N/A,08.07.2024,In Stock
SKU-500937,Unknown Item,Electronics,PrimeSource,728,54,2409.34,WH-PER,26/07/2026,In Stock
SKU-500938,Product 939,Electronics,Global Parts,613,42,277.51,WH-BNE,23 Nov 2021,In Stock
SKU-500939,Product 940,Accessories,Nova Wholesale,NaN,44,2221.56,,10 Mar 2026,In Stock
SKU-500940,N/A,Electronics,Nova Wholesale,66,59,"1.299,50",Warehouse 1,09-29-2026,In Stock
SKU-500941,Product 942,Accessories ,Nova Wholesale,429,50 units,927.79,WH-BNE,N/A,In Stock
SKU-500942,Product 943,Home & Living,,318,73,"1,299.50",WH-PER,Feb 30 2025,outofstock
SKU-500943,Product 944,N/A,Vertex Trading,1O0,9999,USD 120,WH-ADE,2025/01/24,1
SKU-500944,product_name,Home,unknown,880,27,1518.15,,2023/03/30,In Stock
SKU-????,Product,Accessories,N/A,96,85,N/A,WH-BNE,missing,In Stock
sku-500946,Product 947,N/A,PrimeSource,137,0,1107.47,WH-SYD,2021/10/13,In Stock
SKU-500947,Product 948,accessory,Metro Goods,,137,323.1,WH-PER,16.04.2021,Low Stock
SKU-500948,Product 949,Home,,381,45,-250,WH-MEL,2024/06/25,Not Available
SKU-500949,Product,Software,Apex,46,120,1827.56,WH-ADE,   ,Low Stock
SKU-500950,Product,Software,Global Parts,717,50 units,$99.99,WH-BNE,10-25-2022,In Stock
SKU-500951,Unknown Item,Accessories,Global Parts,107,17,628.91,WH-BNE,99-99-9999,In Stock
SKU-500952,Product 953,,Metro Goods,504,70,1252.04,WH-BNE,2024-08-19,In Stock
SKU-500953,Product 954,Home,Nova Wholesale,-1,-10,539.63,Sydney Warehouse,2025/05/04,In Stock
SKU-500705,Product 706,Electronics,Vertex Trading,761,N/A,2083.91,WH-MEL,2023-05-01,In Stock
12345,???,Electronics,PrimeSource,,twenty,1978.08,WH-BNE,03-16-2022,In Stock
SKU-500956,Product 957,Accessories,Vertex Trading,222,117,866.68,WH-ADE,not-a-date,In Stock
SKU-500957,N/A,Office,Apex Supply,268,25,990.82,WH-SYD,99-99-9999,In Stock
N/A,product_name,Software,Global Parts,403,twenty,691.41,WH-BNE,07 Jan 2022,In Stock
SKU-500244,Product 960,Accessories,,999999,115,334.56,WH-ADE,29.07.2024,In Stock
SKU-500960,Product 961,Electronics,PrimeSource,486,50,788.17,WH-PER,2024-12-28,LOW STOCK 
SKU-500961,Product 962,Electronics,Global Parts,1O0,77,"2 500,00",WH-bne,10/05/2023,unknown
12345,Product 963,Electronics,Global Parts,528,NaN,USD 120,WH-PER,not-a-date,In Stock
SKU-500963,Product 964,ELECTRONICS ,Global Parts,999999,121,1346.54,WH-MEL,03.02.2024,outofstock
SKU-500964,N/A,Electronics,Vertex Trading,24,28,2145.68,WH-MEL,10-07-2022,Low Stock
NULL,,Office,Nova Wholesale,999999,45,1525.72,WH-ADE,25/11/2021,In Stock
SKU-500910,Product 911,Accessories ,Global Parts,830,145,2491.86,Melbourne WH,10 Mar 2021,In Stock
SKU-500967,Product 968,OFFICE,Metro Goods,844,1O,1558.44,WH-MEL,04.06.2023,In Stock
N/A,Product 969,Unknown,Global Parts,191,146,1525.94,Warehouse 1,?,In Stock
SKU-500969,Product 970,Electronics,Vertex Trading,624,91,645.44,WH-BNE,20/10/2024,In Stock
NULL,Product 971,office supplies,Nova,174,129,USD 120,unknown,06 Mar 2022,In Stock
SKU-500971,Product 972,Accessories,Global Parts,ten,122,21.68,WH-MEL,04-12-2023,In Stock
SKU-500972,,Accessories ,123,ten,124,1508.57,WH-ADE,2021-09-17,In Stock
SKU-500973,Product 974,N/A,Metro Goods,701,137,1835.29,unknown,18.02.2024,In Stock
SKU-500974,Product 975,Unknown,Nova Wholesale,0.5,16,1486.39,WH-bne,22/10/2023,0
SKU-500975,Product 976,Electronics,Vertex Trading,"1,200",133,"2 500,00",WH-BNE,03 Apr 2022,In Stock
SKU-500976,Product 977,,Metro Goods,-50,114,1158.74,WH-BNE,-,unknown
SKU-500977,Product 978,Accessories,Apex Supply,0.5,44,2138.57,WH-ADE,32 Jan 2025,Low Stock
SKU-500978,Product 979,Office,GlobalParts,658,137,2374.21,WH-MEL,11 Nov 2021,In Stock
sku-500687,Product 980,ELECTRONICS ,Global Parts,NaN,94,95.8,WH-ADE,2025-09-26,Low Stock
SKU-500980,,Home,Vertex Trading,685,106,9999999,Sydney Warehouse,13/13/26,In Stock
SKU-500981,Product 982,Office,Nova,-50,21,1751.92,WH-MEL,99-99-9999,In Stock
SKU-500582,,Accessories,Metro Goods,999999,103,1241.39,WH-ADE,,In Stock
N/A,N/A,office supplies,Global Parts,654,45,1500.28,WH-PER,2026-04-22,In Stock
SKU-500984,Product 985,Office,Nova,732,-10,1943.99,N/A,2021-05-14,In Stock
SKU 500985,Product 986,Home & Living,PrimeSource,0.5,127,813.9,Melbourne WH,2021-02-02,In Stock
SKU-500986,Product 987,Electronics,Apex,-1,-10,$99.99,WH-MEL,null,In Stock
SKU-500987,Product 988,Software,PrimeSource,185,23,511.58,unknown,2023-12-25,In Stock
sku-500988,Product 989,electronic,Apex Supply,504,114,2320.48,WH-MEL,08/08/2022,In Stock
,Product 990,N/A,Vertex Trading,585,73,FREE,WH-PER,05/01/2023,In Stock
SKU-500990,N/A,electronics,Metro Goods,149,,2496.98,WH-PER,07-08-2022,In Stock
NULL,Product 992,,,17,56,1250.01,WH-ADE,not-a-date,Not Available
SKU-500992,Product 993,Accessories ,Global Parts,,50 units,455.06,WH-SYD,,In Stock
SKU-500993,Product 994,Electronics,Nova Wholesale,892,60,1000.64,WH-ADE,03/12/2022,INSTOCK
SKU-500994,Product 995,Office,Nova Wholesale,-50,75,307.83,WH-bne,24 Jul 2021,OOS
SKU-500140,product_name,Home,Apex,835,44,2290.91,WH-MEL,23 May 2023,In Stock
SKU-500996,Product 997,Office,GlobalParts,313,134,FREE,WH-SYD,2025/00/12,In Stock
sku-500271,Product 998,Office,Apex,ten,0,"1.299,50",WH-BNE,2024/07/09,INSTOCK
SKU-500998,Product 999,Software,PrimeSource,317,9999,363.63,WH-PER,31/02/2026,in stock
SKU-500999,Product 1000,OFFICE,Nova Wholesale,565,150,294.6,Sydney Warehouse,07-12-2021,In Stock
SKU-501000,N/A,Software,Metro Goods,526,75,989.03,WH-PER,2025-10-27,In Stock
SKU-501001,Product 1002,Office,Prime Source,-1,1O,616.2,WH-MEL,2026-13-44,In Stock
SKU-501002,Product 1003,Office,Metro Goods,999999,-10,1925.0,WH-BNE,08-09-2025,In Stock
SKU-501003,???,Accessories ,Nova Wholesale,48,NaN,1761.58,WH-BNE,2023/10/25,Low Stock
SKU-501004,Product,ELECTRONICS ,Vertex Trading,320,0,2474.6,WH-ADE,,unknown
SKU-501005,Product 1006,Accessories,Vertex Trading,115,NaN,"1.299,50",WH-ADE,02.06.2024,Low Stock
SKU-501006,Product 1007,ELECTRONICS ,Apex Supply,117,109,AUD 500,ADE,2022-05-29,In Stock
SKU-501007,Product 1008,, Metro Goods,328,44,1618.76,N/A,09/10/2022,In Stock
SKU-501008,N/A,office supplies,Metro Goods,-1,,1416.12,WH-MEL,10.04.2022,In Stock
SKU-501009,???,Unknown,Vertex Trading,ten,56,9999999,WH-MEL,none,N/A
SKU-501010,Product 1011,Office,N/A,452,76,2427.65,WH-SYD,2023-08-06,In Stock
SKU-501011,product_name,Office,Nova Wholesale,999999,63,454.24,WH-PER,11.06.2025,In Stock
SKU-501012,  Product 1013  ,Software,Vertex Trading ,307,"1,000",2478.49,WH-BNE,2023/03/30,In Stock
12345,Product 1014,Software,Apex,420,62,2072.01,unknown,not-a-date,In Stock
SKU-500030,Product 1015,Accessories,PrimeSource,-1,N/A,1051.7,WH-BNE,2025/02/09,Available
12345,Product 1016,Electronics,Vertex Trading,360,-10,9999999,wh-per ,2026-02-31,In Stock
SKU-501016,Product 1017,Accessories ,Metro Goods,734,25,191.93,Sydney Warehouse,01/05/2024,In Stock
SKU-501017,Product 1018,Software, Global Parts,1O0,1O,N/A,ADE,16.01.2024,In Stock
SKU-501018,Product 1019,Accessories,,273,124,1921.93,Sydney Warehouse,11.01.2025,In Stock
SKU-500561,Product 1020,Home & Living,N/A,ten,24,2430.86,WH-BNE,24 Aug 2023,OOS
SKU-501020,Product 1021,office supplies,Metro Goods,680,0,1470.45,WH-SYD,15 Feb 2021,In Stock
SKU-501021,PRODUCT 1022,OFFICE,PrimeSource,ten,64,-250,unknown,2026-04-04,In Stock
SKU-501022,Product 1023,Accessories,GlobalParts,NaN,89,1104.61,N/A,25 Sep 2022,In Stock
N/A,,office supplies,PrimeSource,202,106,177.39,wh-per ,08-10-2024,In Stock
SKU-501024,Product 1025,Office,PrimeSource,423,1O,"1,299.50",WH-PER,2025-11-22,1
SKU-501025,Product 1026,electronics,Metro Goods,370,150,-250,WH-PER,20.06.2022,low
SKU-????,Product 1027,Accessories,Global Parts,68,122,1300.78,WH-BNE,09.05.2025,Not Available
SKU-501027, Product 1028,Home,Nova Wholesale,338,118,AUD 500,WH-PER,2022/09/13,
SKU-501028,Product 1029,Software,Vertex Trading,-1,39,1098.28,Melbourne WH,13/13/26,In Stock
N/A,Product 1030,N/A,Metro Goods,869,NaN,961.69,WH-PER,NA,In Stock
SKU-501030,Product 1031,Electronics,Nova Wholesale,310,1O,,WH-PER,2021-08-06,
SKU-501031,Product 1032,Software,Nova Wholesale,0.5,50 units,USD 120,WH-BNE,20.12.2025,In Stock
12345,Product 1033,Accessories,Nova Wholesale,826,128,1499.9,WH-BNE,26.07.2026,N/A
SKU-501033,Product,Unknown,Apex Supply,263,27,2004.7,WH-BNE,2022-07-25,In Stock
SKU-501034,Product 1035,electronics,Global Parts,389,51,364.04,WH-SYD,missing,in stock
sku-501035,Product 1036,Software,Prime Source,371,90,"2 500,00",Warehouse 1,10 Apr 2026,In Stock
SKU-501036,Product 1037,accessory,Vertex Trading,577,95,1719.8,WH-PER,2025-09-12,LOW STOCK 
SKU-501037,Product 1038,electronic,Apex Supply,333,37,USD 120,WH-bne,28.02.2021,In Stock
SKU-501038,Product 1039,Accessories,Nova Wholesale,763,-10,2369.22,WH-PER,none,
SKU-501039,Product 1040,electronics,Vertex Trading,500 units,116,897.49,WH-SYD,14/09/2023,In Stock
sku-501040,Product 1041,Electronics,Global Parts,743,52,1744.93,Warehouse 1,?,outofstock
SKU-501041,Product 1042,Accessories,Metro Goods,747,63,207.5,WH-ADE,21.01.2022,In Stock
SKU-501042,???,Software,Apex Supply,281,21,1525.47,Melbourne WH,NULL,In Stock
SKU-501043,Product 1044,Electronics,Global Parts,374,37,1243.42,WH-BNE,14.01.2024,Not Available
SKU-501044,Product 1045,Accessories,Apex Supply,ten,twenty,949.39,WH-PER,31/07/2026,In Stock
SKU-501045,Product 1046,Accessories,GlobalParts,0.5,1O,-250,WH-ADE,2021-01-23,In Stock
SKU-501046,Product,Electronics,123,999999,29,$99.99,ADE,2025/02/08,In Stock
SKU-501047,  Product 1048  ,Accessories,unknown,693,55,359.83,WH-BNE,2021-05-03,In Stock
sku-501048,Product 1049,office supplies,Apex Supply,,135,349.17,WH-ADE,03-26-2024,In Stock
SKU-500138,Product 1050,Unknown,Global Parts,599,49,815.57,WH-MEL,06.10.2024,outofstock
NULL,Product 1051,Office,PrimeSource,825,47,AUD 500,WH-SYD,2025/00/12,In Stock
SKU-501051,Product 1052,Accessories, PrimeSource,215,N/A,523.18,WH-PER,06-08-2023,In Stock
sku-501052,Product 1053,Home,Vertex Trading,841,18,AUD 500,WH-BNE,12.10.2024,In Stock
N/A,Product 1054,Electronics,Vertex Trading,158,143,-250,ADE,2025-05-03,In Stock
N/A,Product 1055,Accessories,Prime Source,1O0,55,1269.94,WH-ADE,2025-05-23,In Stock
SKU-501055,Product  1056,Accessories,Apex Supply,737,101,1887.36,WH-BNE,2026-13-44,In Stock
SKU-501056,N/A,Electronics, Nova Wholesale,576,1O,1161.0,WH-ADE,18 Apr 2024,In Stock
SKU-501057,Product 1058,Home,Vertex Trading,811,twenty,433.09,ADE,Feb 30 2025,In Stock
SKU-501058,Product 1059,Home,Nova Wholesale,847,45,N/A,Warehouse 1,2026-13-44,Available
SKU-501059,Product,Office,Global Parts,NaN,NaN,FREE,WH-SYD,Feb 30 2025,unknown
SKU-501060,Product 1061,ELECTRONICS ,Global Parts,274,0,1359.83,Sydney Warehouse,2022/05/11,OOS
SKU-501061,Product 1062,Office,Vertex Trading,71,18,"1,299.50",WH-ADE,not-a-date,In Stock
SKU-500502,,Office,Apex,0.5,NaN,255.05,WH-MEL,23 Jun 2022,In Stock
SKU-501063,Product 1064,Home,,0.5,48,10O.50,WH-bne,not-a-date,In Stock
SKU-501064,,Office,  Nova Wholesale  ,475,52,9999999,WH-PER,05-12-2021,In Stock
SKU-501065,Product 1066,Home,Nova Wholesale,NaN,-10,1507.22,WH-MEL,12-27-2023,In Stock
SKU-501066,Product 1067,Home,Metro Goods,422,0,-250,WH-PER,2021-05-16,In Stock
SKU-501067,N/A,Office,Global Parts,604,31,20.74,WH-ADE,27.04.2023,In Stock
SKU-501068,123456,Office,Apex Supply,446,18,9999999,Warehouse 1,11.12.2024,In Stock
SKU-501069,Product 1070,,PrimeSource,-1,83,929.13,WH-BNE,21/08/2024,In Stock
SKU-501070,123456,Accessories,Vertex Trading,500 units,103,154.39,WH-MEL,2022-02-06,In Stock
SKU-????,Product 1072,Unknown,GlobalParts,"1,200",,666.23,WH-PER,2021/12/15,In Stock
SKU-501072,Product 1073,Software,Nova Wholesale,472,97,1160.3,WH-ADE,11-27-2025,In Stock
SKU-501073,Product 1074,Accessories,Metro Goods,673,35,2169.89,WH-PER,2022-11-08,In Stock
SKU-501074,N/A,Electronics,Nova,281,95,1872.28,unknown,2021-08-25,In Stock
SKU-501075,???,Office,,500 units,9999,2242.54,,11-23-2021,In Stock
SKU-501076,Product 1077,Electronics,PrimeSource,999999,17,2213.67,WH-MEL,00/00/0000,In Stock
SKU-501077,Product 1078,Software,Vertex Trading,310,136,17.27,WH-MEL,2024-02-02,In Stock
SKU-501078,Product 1079,N/A,Apex Supply,279,1O,1349.2,unknown,null,low
SKU-501079,Product 1080,Unknown,Nova Wholesale,756,98,$99.99,WH-SYD,10.07.2024,In Stock
SKU-501080,Product 1081,Office,unknown,214,twenty,-250,WH-PER,04-09-2023,In Stock
SKU-501081,Product 1082,Software,Apex Supply,143,50 units,,WH-MEL,missing,In Stock
SKU-501082,Product 1083,Home & Living,Vertex Trading,466,137,FREE,WH-MEL,05/06/2025,In Stock
SKU-501083,Product 1084,Software,GlobalParts,450,0,10O.50,WH-PER,10-18-2023,OOS
SKU-501084,Product 1085,Software,Vertex Trading,N/A,,1001.11,WH-SYD,32 Jan 2025,In Stock
SKU-501085,Unknown Item,N/A,Global Parts,172,124,448.61,WH-BNE,2023-08-17,In Stock
SKU-501086,Product 1087,Software,Vertex Trading,670,91,228.81,WH-SYD,18/12/2024,In Stock
SKU-501087,Product 1088,Office,Global Parts,176,41,"1.299,50",WH-BNE,2025/02/24,N/A
SKU-501088,Product 1089,Electronics,123,283,9999,"1.299,50",WH-SYD,2023-08-14,In Stock
SKU-501089,Product,Office,,846,-10,1537.77,WH-SYD,06 Jul 2026,In Stock
SKU-501090,N/A,ELECTRONICS ,Apex,-1,103,N/A,WH-ADE,05.09.2024,0
SKU-501091,Product 1092,electronics,Nova Wholesale,1O0,16,1915.71,WH-MEL,2023/04/01,
SKU-501092,Product 1093,electronic,primesource,809,N/A,1892.36,WH-MEL,04-12-2026,In Stock
SKU-501093,Product 1094,Software,GlobalParts,401,24,677.98,WH-SYD,08 Apr 2022,In Stock
SKU-501094,???,Unknown,Metro Goods,620,83,"1,299.50",WH-ADE,08.06.2023,
SKU-500629,Product 630,Electronics,Global Parts,NaN,108,1772.7,wh-per ,07/10/2024,In Stock
SKU-501096,Product 1097,ELECTRONICS ,PrimeSource,408,58,1586.36,N/A,14 Jun 2021,In Stock
SKU-501097,???,Electronics,N/A,417,140,"1,299.50",ADE,29.08.2026,In Stock
SKU-501098,Product 1099,Accessories,Global Parts,NaN,1O,677.67,unknown,09-06-2026,OOS
SKU 501099,Product 1100,Electronics,Nova Wholesale,856,69,1271.93,WH-SYD,2021-06-08,N/A
SKU-501100,Product 1101,Home,GlobalParts,65,0,9999999,WH-MEL,2022/09/06,Low Stock
SKU-501101,123456,Office,Nova Wholesale,430,1O,2466.5,WH-SYD,   ,In Stock
SKU-501102,Product 1103,N/A,Global Parts,405,37,10O.50,WH-MEL,2025-09-11,unknown
SKU-501103,Product 1104,Home,Metro Goods,71,61,1435.84,N/A,NULL,In Stock
SKU-501104,Product 1105,Accessories,Metro Goods,999999,130,9999999,WH-MEL,07/02/2025,In Stock
sku-501105,product_name,Home,Apex Supply,-50,9999,32.94,WH-SYD,29 May 2024,N/A
SKU-501106,Product 1107,Electronics,Vertex Trading,431,115,908.11,WH-SYD,2026/05/25,In Stock
sku-501107,Product,Home,Nova Wholesale,711,66,N/A,WH-ADE,06 Dec 2024,In Stock
SKU-501108,Product 1109,Home,N/A,388,20,2156.45,WH-PER,2025/00/12,In Stock
SKU-501109,Product 1110,Electronics,unknown,811,108,9999999,WH-SYD,2021/03/17,In Stock
SKU-501110,Product 1111,Accessories,Metro Goods,121,N/A,1663.68,ADE,29/10/2025,Low Stock
SKU-501111,Product 1112,Office,Metro Goods,437,56,302.97,WH-BNE,15.08.2025,In Stock
SKU-501112,Product 1113,Office,Nova Wholesale,664,117,121.92,Melbourne WH,24/07/2026,1
SKU-501113,Product 1114,Office,Global Parts,541,1O,1445.09,Sydney Warehouse,08-21-2025,In Stock
SKU-501114,Product 1115,Software,Global Parts,834,134,670.55,WH-SYD,2022-11-13,In Stock
SKU-501115,N/A,electronic,Nova,627,19,903.03,,2021-09-25,LOW STOCK 
SKU-501085,Product 1117,Office,Apex Supply,832,18,1724.46,SYD,03-24-2023,unknown
SKU-501117,Product 1118,Electronics,Nova Wholesale,649,102,596.68,WH-MEL,22 Mar 2024,In Stock
SKU-501118,Product 1119,Accessories,Apex Supply,13,37,,wh-per , ,Low Stock
SKU-501119,Product 1120,Accessories,Nova Wholesale,231,52,578.71,Warehouse 1,2021-12-24,In Stock
SKU-501120,Unknown Item,Electronics,Global Parts,N/A,55,1257.11,WH-ADE,01-09-2023,In Stock
SKU-501121,Product,ELECTRONICS ,Nova,704,N/A,819.32,WH-MEL,17.01.2022,low
SKU-501122,Product 1123,Unknown,Apex Supply,723,27,2419.8,WH-MEL,unknown,In Stock
sku-501123,Product 1124,Office,Metro Goods,210,90,865.06,ADE,17/12/2022,
SKU-501124,Product 1125,Software,Global Parts,,50 units,"1.299,50",WH-MEL,?,LOW STOCK 
SKU-500552,Product 1126,Office,PrimeSource,-1,0,311.09,wh-per ,,In Stock
SKU 501126,Product 1127,OFFICE,Vertex Trading,877,102,2089.12,WH-PER,20/09/2024,In Stock
SKU-501127,Product 1128,Home,Global Parts,158,50 units,2495.89,WH-ADE,21.03.2023,1
SKU-501128,Product 1129,Accessories ,PrimeSource,816,139,2352.36,WH-SYD,2024-09-10,In Stock
12345,Product 1130,electronic,Vertex Trading,658,118,$99.99,WH-SYD,2024/10/25,OOS
SKU-501130,Product 1131,Software,PrimeSource,414,0,"2 500,00",wh-per ,2022/04/05,outofstock
sku-501131,Product 1132,Electronics,Vertex Trading,500 units,114,USD 120,WH-BNE,26/08/2021,outofstock
SKU-501132,Product,Home,Global Parts,121,89,79.58,WH-ADE,2023/12/15,In Stock
SKU-501133,Product,Home,Nova Wholesale,18,130,1517.26,,03-26-2026,Low Stock
SKU-501134,Product 1135,accessory,Apex Supply,177,37,"1.299,50",unknown,13 Jun 2025,outofstock
SKU-501135,Product 1136,,Nova Wholesale,500 units,148,2059.19,WH-BNE,,in stock
SKU-501136,123456,Electronics,Global Parts,500 units,27,1832.98,WH-ADE,2022-11-21,In Stock
SKU-501137,Product 1138,electronic,Vertex  Trading,522,139,-250,WH-SYD,2021-05-16,In Stock
SKU 501138,Product 1139,Home,GlobalParts,30,0,1571.62,wh-per ,06-28-2022,Not Available
SKU-501139,Product 1140,Accessories,Nova Wholesale,21,-10,2027.6,WH-SYD,11-03-2022,outofstock
SKU-501140,Product 1141,Accessories,Apex Supply,884,54,1158.02,Warehouse 1,2021/07/07,unknown
SKU-501141,Product 1142,N/A,Vertex Trading,877,56,1488.77,WH-SYD,03-31-2021,Not Available
NULL,Product 1143,Electronics,Global Parts,519,138,9999999,WH-PER,31/08/2025,In Stock
SKU-501143,,Software,Nova,528,28,1790.55,ADE,   ,In Stock
SKU-501144,Product 1145,electronics,Apex,549,61,FREE,WH-PER,18 Dec 2025,Not Available
SKU-501145,???,Home,Metro Goods,NaN,87,439.19,WH-BNE,02/06/2025,In Stock
SKU-501146,Product 1147,Electronics,PrimeSource,500 units,150,-250,WH-ADE,2021/08/10,In Stock
SKU-501147,Product 1148,Software,N/A,263,0,2282.9,WH-MEL,13/01/2023,unknown
SKU-501148,???,Software,Nova Wholesale,602,"1,000",1611.28,Sydney Warehouse,08 Oct 2025,In Stock
,Product 1150 ,soft ware,Metro Goods,696,84,"1.299,50",WH-ADE,null,In Stock
SKU-501150,Product 1151,electronics,Prime Source,999999,50 units,FREE,WH-MEL,13/13/26,Low Stock
SKU-501151,Product 1152,Electronics,GlobalParts,242,128,265.13,WH-ADE,null,In Stock
SKU-501152,Product 1153,ELECTRONICS ,Global Parts,589,71,377.57,WH-PER,12 Apr 2026,In Stock
SKU-501153,Product 1154,Accessories,Apex Supply,44,"1,000",1682.03,WH-BNE,03 Sep 2026,Low Stock
SKU-501154,Product 1155,Home & Living,Nova Wholesale,359,64,"1,299.50",WH-MEL,09.12.2022,0
SKU-501155,Product 1156,Accessories,Metro Goods,412,57,2240.72,WH-MEL,08-24-2025,outofstock
SKU-????,Product 1157,Unknown,Nova Wholesale,731,,1067.71,SYD,2025/00/12,unknown
SKU-????,product_name,Electronics,Nova,168,9999,443.61,WH-SYD,03/06/2021,In Stock
SKU-501158,Product 1159,Software,Vertex Trading,505,50 units,2000.31,Warehouse 1,06-29-2022,OOS
SKU-501159,Product 1160,Electronics,Apex Supply,,59,1629.74,WH-MEL,10-24-2025,In Stock
SKU-501160,Product 1161,Home,Nova Wholesale,266,32,295.93,WH-MEL,-,In Stock
SKU-501161,Product 1162,Home,N/A,399,62,947.46,WH-BNE,03 Aug 2025,Not Available
SKU-501162,Product 1163,Office,PrimeSource,442,122,"1,299.50",WH-ADE,27/04/2023,In Stock
,Product,Home & Living,GlobalParts,N/A,43,725.42,WH-PER,19/01/2023,In Stock
N/A,Product 1165,Electronics,Apex,813,143,1119.02,WH-PER,10-15-2021,In Stock
SKU-501165,Product 1166,Office,Apex,676,,$99.99,WH-PER,missing,In Stock
SKU-501166,Product 1167,Accessories,Metro Goods,30,115,1091.75,WH-ADE,NULL,Low Stock
SKU-501167,Product 1168,Software,Apex,563,86,"2 500,00",Sydney Warehouse,99-99-9999,In Stock
SKU-501168,Product 1169,Home,Apex,147,N/A,2317.23,WH-ADE,25/09/2023,
SKU-501169,Product 1170,Office,PrimeSource,487,99,691.4,WH-MEL,2022-11-11,In Stock
SKU-501170,Product 1171,Accessories ,Apex Supply,859,1O,1769.77,ADE,2023/09/21,In Stock
SKU-501171,Product 1172,Software,Vertex Trading,795,118,186.69,WH-PER,unknown,In Stock
SKU-501172,Product 1173,Home,Vertex Trading,626,119,"2 500,00",unknown,00/00/0000,In Stock
SKU-501173,Product 1174,accessory,Metro Goods,652,50 units,FREE,N/A,01-28-2026,In Stock
SKU 501174,Product 1175,Office,Vertex Trading,607,88,1333.99,WH-ADE,2025/07/11,Available
SKU-500856,Product 857,Electronics,Nova Wholesale,311,95,1842.76,WH-PER,23 Aug 2025,In Stock
SKU-501176,Product 1177,Office,PrimeSource,46,twenty,AUD 500,WH-BNE,N/A,Low Stock
sku-501177,N/A,Software,Global Parts,478,133,AUD 500,WH-PER,04 Jan 2024,In Stock
NULL,Product 1179,soft ware,Metro Goods,10,56,"1.299,50",WH-ADE,09-03-2025,Low Stock
SKU-501179,Product 1180,Electronics,  Apex Supply  ,294,76,388.07,unknown,null,0
NULL,???,soft ware,Nova,699,,225.11,WH-PER,2021-12-16,Not Available
SKU-501181,Product 1182,electronic,Global Parts,N/A,116,2086.71,N/A,11/01/2026,unknown
SKU-501182,Product 1183,Office,Global Parts,0.5,84,"2 500,00",N/A,null,unknown
SKU-501183,Product 1184,Office,Metro Goods,484,68,629.55,WH-SYD,2025-09-25,In Stock
SKU 501184,Product 1185,Software,GlobalParts,794,50 units,10O.50,WH-PER,2021-10-20,1
SKU-501185,Product 1186,accessory,Global Parts,"1,200",24,89.44,,2023-04-30,unknown
SKU-501186,Product 1187,Office,PrimeSource,273,138,2103.2,WH-SYD,missing,In Stock
SKU-501187,Product 1188,Office,Prime Source,253,30,"2 500,00",WH-BNE,08/07/2022,1
N/A,Product 1189,Accessories,Vertex Trading,318,80,$99.99,WH-PER,01/05/2024,In Stock
SKU-501189,Product 1190,N/A,  Nova Wholesale  ,852,46,425.87,SYD,Feb 30 2025,LOW STOCK 
,Product 1191,Accessories,unknown,679,39,1063.02,WH-BNE,,in stock
NULL,Product 1192,accessory,Nova Wholesale,N/A,32,1230.52,WH-BNE,missing,In Stock
SKU-501192,123456,Home,Metro Goods,327,69,"2 500,00",WH-ADE,26/10/2025,In Stock
SKU-501193,Unknown Item,Office,Vertex Trading,509,50 units,-250,WH-PER,01/07/2021,N/A
SKU-501194,Product 1195,Electronics,PrimeSource,369,9999,2279.31,WH-PER,22 Mar 2024,In Stock
SKU-500727,123456,accessory,Apex Supply,834,1O,1293.81,WH-SYD,07.10.2025,In Stock
sku-501196,N/A,Software,PrimeSource,-1,9999,-250,,2021/08/31,In Stock
NULL,Product 1198,Office,Global Parts,834,146,1815.38,WH-SYD,2024-01-07,In Stock
SKU-501198,Product 1199,Home,Metro Goods,153,71,"2 500,00",WH-MEL,2025/08/26,In Stock
SKU-501199,Product 1200,Electronics,Nova Wholesale,56,107,"2 500,00",WH-PER,04-27-2021,Low Stock
SKU-501200,Product 1201,Accessories ,Apex,250,40,1165.94,WH-ADE,2023/02/17,outofstock
SKU-501201,Product 1202,Unknown,Vertex Trading,212,137,585.01,ADE,2021/12/08,In Stock
SKU-501202,Product 1203,Home & Living,Apex Supply,125,56,2328.01,unknown,16/06/2022,In Stock
SKU-501203,Product 1204,Office,Nova Wholesale,459,60,1973.62,WH-ADE,-,In Stock
SKU-501204,Product 1205,Accessories,Global Parts,NaN,25,120.09,unknown,2025/06/13,In Stock
SKU-501205,Product 1206,Accessories ,,257,115,1867.84,WH-BNE,2026/01/24,In Stock
SKU-501206,N/A,Office,Metro Goods,0.5,49,2353.74,WH-PER,10/11/2024,low
SKU-501207,123456,Software,Metro Goods,253,93,1101.78,ADE,07.03.2024,In Stock
12345,123456,Home,Vertex Trading,597,0,"1.299,50",WH-PER,02-13-2026,In Stock
SKU-501209,product 1210,Software,Vertex Trading,858,45,1317.73,WH-BNE,2024-11-05,In Stock
SKU-501210,N/A,Home,Global Parts,804,117,767.54,WH-BNE,04-04-2022,In Stock
SKU-501211,Product 1212,Accessories,Metro Goods,-1,27,1021.19,WH-BNE,99-99-9999,Low Stock
SKU-501212,Product 1213,Electronics,Vertex Trading,NaN,108,304.84,WH-MEL,19.08.2021,In Stock
SKU-501213,Unknown Item,Home & Living,Nova Wholesale,83,76,601.6,WH-BNE,12 Jun 2024,Available
SKU-501214,Product 1215,Electronics,Vertex Trading,203,50 units,,,04 Mar 2026,In Stock
SKU-501215,123456,Home,unknown,785,104,1241.78,WH-BNE,09.07.2026,In Stock
SKU-501216,Product 1217,Home,Apex Supply,307,132,$99.99,WH-PER,06/08/2024,In Stock
SKU-501217,product_name,accessory,Nova Wholesale,NaN,50 units,1733.97,,2026-03-04,In Stock
SKU-501218,Product,Office,unknown,NaN,133,459.31,WH-BNE,2023-07-20,In Stock
NULL,Product 1220,electronic,unknown,136,95,2152.3,Melbourne WH,2024/11/30,In Stock
,Product 196,office supplies,PrimeSource,NaN,106,1111.05,WH-ADE,06.04.2023,outofstock
SKU-501221,Product 1222,soft ware,Nova Wholesale,545,150,FREE,WH-SYD,12-12-2024,In Stock
12345,Product 1223,Accessories,GlobalParts,546,119,1060.86,WH-ADE,03/08/2023,outofstock
SKU-501223,Product 1224,ELECTRONICS ,Vertex Trading,495,39,535.3,WH-PER,17.10.2021,N/A
SKU-501224,123456,Electronics,Prime Source,ten,40,USD 120,WH-BNE,not-a-date,Not Available
SKU-501225,Product 1226,Unknown,Apex,522,twenty,"1.299,50",WH-SYD,2021-04-06,In Stock
SKU-501226,Product 1227,office supplies,Nova,708,23,329.32,WH-PER,23.04.2024,In Stock
SKU-501227,Product 1228,Electronics,,575,twenty,9999999,WH-BNE,Feb 30 2025,In Stock
SKU-501228,Product 1229,Home & Living,Prime Source,NaN,9999,-250,WH-SYD,?,In Stock
SKU-501229,Product,Electronics,Global Parts,769,94,AUD 500,WH-BNE,2022/04/05,
SKU-501230,product_name,Office,Nova Wholesale,151,145,9.26,WH-BNE,01-27-2021,In Stock
SKU-500336,Product 337,Home,Apex,624,98,47.2,WH-PER,11/04/2026,OOS
SKU-501232,Product 1233,Home,Global Parts,571,144,"1.299,50",,11-03-2025,In Stock
SKU-501233,product_name,Electronics,Global Parts,546,149,662.48,WH-MEL,27.10.2021,In Stock
SKU-501234,Product 1235,,,177,"1,000",FREE,SYD,14/07/2025,In Stock
SKU-501235,Product 1236,Office,Nova Wholesale,352,97,2433.53,WH-BNE,25 Mar 2024,low
SKU-500924,Product,electronic,Vertex Trading,153,0,"1.299,50",WH-MEL,Feb 30 2025,In Stock
SKU-501237,Unknown Item,Home,Apex Supply,217,81,"1,299.50",WH-SYD,99-99-9999,in stock
SKU-501238,Product 1239,ELECTRONICS ,PrimeSource,500 units,26,FREE,Sydney Warehouse,06-24-2026,In Stock
SKU-501239,Unknown Item,Software,vertex trading,452,101,$99.99,WH-SYD,2023-03-01,In Stock
SKU-501240,Product 1241,Accessories,Vertex Trading,625,-10,149.17,WH-MEL,none,In Stock
SKU-501241,Unknown Item,Accessories,Nova Wholesale,296,149,1539.47,WH-PER,03/05/2025,In Stock
SKU-501242,Product 1243,Home,Apex Supply,895,96,1682.51,WH-SYD,unknown,In Stock
SKU-501243,Product 1244,N/A,Nova Wholesale,152,9999,-250,WH-PER,24/12/2022,In Stock
sku-501244,Product 1245,,Nova Wholesale,723,87,540.88,WH-PER,2026/03/11,In Stock
SKU-501245,???,Software,Nova,842,52,540.49,WH-PER,11 Apr 2022,In Stock
SKU-501246,Product 1247,soft ware,123,1O0,132,398.44,WH-MEL,16 Feb 2023,In Stock
SKU-501247,Product 1248,Electronics,Metro Goods,361,78,296.64,unknown,30 Oct 2021,
SKU-501248,Product 1249,Software,Vertex Trading,592,92,297.02,unknown,08.01.2021,In Stock
SKU-501249,Product 1250,Accessories,Vertex Trading,304,0,507.67,WH-BNE,none,In Stock
SKU-501250,Product 1251,OFFICE,Nova Wholesale,0.5,147,33.31,WH-MEL,03-23-2024,In Stock
N/A,Product 1252,Home,Nova Wholesale,37,"1,000",AUD 500,WH-bne,2021/12/20,OOS
SKU-501252,Product 1253,Accessories,123,214,-10,,WH-PER,   ,In Stock
SKU-501253,Product 1254,soft ware,Nova Wholesale,63,129,USD 120,WH-PER,Feb 30 2025,LOW STOCK 
SKU-501254,Product 1255,electronic,Apex Supply,0.5,48,9999999,WH-SYD,00/00/0000,Available
SKU-501255,123456,Office,Metro Goods,343,15,1768.25,WH-BNE,07 Aug 2021,In Stock
SKU-501256,Product 1257,Accessories,Prime Source,500 units,1O,401.29,Sydney Warehouse,2023-10-20,In Stock
SKU-501257,Product 1258,electronics,Vertex Trading,-1,22,205.43,WH-ADE,23/07/2025,In Stock
12345,Product 1259,Home & Living,Metro Goods,N/A,50 units,2048.2,WH-bne,23/04/2025,Available
SKU-501259,123456,Software,Global Parts,1O0,50 units,784.98,WH-SYD,2022-07-04,In Stock
12345,Product 1261,Accessories,PrimeSource,156,117,1753.33,WH-PER,05/04/2022,low
SKU-????,Product 1262,,Global Parts,423,twenty,-250,Melbourne WH,05-03-2022,In Stock
SKU-500260,,Electronics,Vertex Trading,500 units,30,2154.9,WH-ADE,missing,In Stock
SKU-501263, Product 1264,Software,Apex Supply,32,123,1253.11,WH-SYD,26.03.2025,LOW STOCK 
SKU-501264,Product 1265,electronic,Apex Supply,796,102,1450.3,WH-MEL,2024-09-22,In Stock
SKU-501265,Product 1266,Software,PrimeSource,813,85,9999999,WH-BNE,2025/00/12,In Stock
SKU-501266,Product 1267,Home,Nova,N/A,90,,WH-SYD,24 Feb 2026,In Stock
SKU-500949,???,Unknown,GlobalParts,184,78,"1,299.50",WH-SYD,?,In Stock
SKU-????,Product 1269,Software,unknown,663,140,1227.16,WH-BNE,26.04.2022,INSTOCK
N/A,N/A,Software,Metro Goods,91,53,2242.12,WH-ADE,31/02/2026,In Stock
SKU-501270,Product 1271,Home,N/A,-50,111,USD 120,WH-ADE,31.10.2021,Low Stock
SKU-501271,Product 1272,Home,Vertex Trading,230,"1,000",1086.58,WH-MEL,20.07.2023,In Stock
,N/A,Unknown,Global Parts,N/A,150,878.22,WH-BNE,11.11.2024,0
SKU-501273,Product 1274,Home,Nova Wholesale,113,150,814.77,WH-BNE,22/12/2025,Low Stock
SKU-501274,Product 1275,Electronics,Nova Wholesale,795,-10,814.6,WH-PER,2026-13-44,In Stock
SKU-501275,Product,OFFICE,Vertex Trading,898,0,114.64,WH-PER,99-99-9999,In Stock
sku-501276,,Software,Apex Supply,690,50 units,1401.51,WH-PER,NA,In Stock
SKU-501277,Product 1278,N/A,Global Parts,1O0,N/A,$99.99,WH-ADE,06-18-2022,Low Stock
SKU-501278,Product 1279,Accessories,Vertex Trading,500 units,NaN,821.74,WH-BNE,00/00/0000,In Stock
SKU-501279,???,Software,Metro Goods,650,64,1890.09,WH-BNE,2024/05/26,in stock
SKU-501280,Product 1281,Home,PrimeSource,609,43,"1.299,50",WH-SYD,missing,In Stock
SKU-500944,Product 1282,ELECTRONICS ,Metro Goods,294,15,355.46,WH-ADE,2023/03/23,In Stock
SKU-501282,Product 1283,electronics,Apex,243,146,1881.3,WH-BNE,2024-08-09,In Stock
SKU-501283,Product,Software,PrimeSource,107,twenty,140.83,WH-PER,04-08-2026,Low Stock
SKU-501284,Product 1285,Office,Apex Supply,285,15,AUD 500,ADE,20 Mar 2022,In Stock
SKU-501285,Product 1286,Home,GlobalParts,599,129,995.02,WH-MEL,2022-03-21,N/A
SKU-501286,Product 1287,Accessories,Nova Wholesale,999999,,2175.71,WH-SYD,19 Sep 2022,Low Stock
SKU-501287,Product 1288,Home,Nova Wholesale,641,116,1315.43,WH-MEL,24/05/2025,In Stock
,Product 1289,Electronics,PrimeSource,30,59,1963.27,ADE,2026/06/15,Low Stock
SKU 501289,Product 1290,electronics,PrimeSource,"1,200",N/A,2340.19,WH-PER,02.03.2022,In Stock
SKU-501290,Product 1291,OFFICE,Global Parts,0.5,"1,000",AUD 500,WH-ADE,2024/07/03,In Stock
SKU-501291,Product 1292,Office,Nova Wholesale,,0,10O.50,WH-PER,22 Sep 2022,In Stock
SKU-501292,,Accessories,Global Parts,137,136,1373.99,WH-BNE,30 Aug 2021,low
SKU-501293,Product 1294,Accessories,Vertex Trading,ten,-10,1816.26,WH-BNE,03/01/2024,Available
SKU-501294,Product 1295,electronics,Nova Wholesale,583,NaN,1367.93,Warehouse 1,2023-07-13,In Stock
SKU-501295,Product,Software,PrimeSource,-1,19,419.94,WH-SYD,-,In Stock
SKU-501296,Product 1297,Software,PrimeSource,692,0,2055.39,WH-MEL,09.12.2023,In Stock
,Product 1298,Accessories ,123,496,33,110.33,WH-MEL,01 Nov 2023,unknown
NULL,  Product 1299  ,Software,Global Parts,72,91,1479.36,WH-SYD,02.10.2022,Low Stock
NULL,Product 1300,accessory,Global Parts,24,9999,1036.75,WH-BNE,19.03.2025,OOS
SKU-501300,N/A,Home,Nova Wholesale,481,109,1642.96,unknown,25 Jul 2024,In Stock
SKU-501301,Product 1302,Office,PrimeSource,N/A,1O,2041.4,WH-SYD,2022-03-01,In Stock
SKU-501302,Product 1303,Office,123,815,91,AUD 500,WH-BNE,01.08.2021,In Stock
SKU-501124,Product 1304,soft ware,Global Parts,668,62,89.58,WH-PER,N/A,In Stock
SKU-501304,Product 1305,Office,Global Parts,585,twenty,"1,299.50",WH-SYD,99-99-9999,In Stock
SKU-501305,???,soft ware,Prime Source,,twenty,9999999,Melbourne WH,missing,In Stock
SKU-501306,123456,Unknown,Nova Wholesale,100,138,2497.46,SYD,13/13/26,outofstock
SKU-501307,Product 1308,Electronics,Nova Wholesale,999999,43,414.4,WH-MEL,2021/05/18,INSTOCK
SKU-501308,Unknown Item,Software,123,792,62,179.79,WH-MEL,2025/04/22,unknown
SKU-501309,Product 1310,Software,PrimeSource,120,90,9999999,WH-ADE,08-25-2021,unknown
SKU-501310,Product 1311,ELECTRONICS ,Nova,36,NaN,1802.48,WH-PER,32 Jan 2025,Low Stock
SKU-501311,Product 1312,Office,Apex Supply,ten,82,"2 500,00",WH-ADE,2026-02-31,In Stock
SKU-501312,Product 1313,Electronics,Vertex Trading,1O0,117,1896.9,WH-ADE,NULL,In Stock
SKU-501313,Product 1314,Software,Nova Wholesale,"1,200",63,2306.85,WH-SYD,2022-11-29,OOS
SKU-501314,Product 1315,Electronics,Global  Parts,-50,95,FREE,WH-ADE,29/03/2022,in stock
SKU-501315,Product 1316,Accessories,Nova Wholesale,197,-10,216.35,WH-MEL,07/11/2023,low
SKU 501316,PRODUCT 1317,Software,Metro Goods,775,138,535.94,WH-MEL,10-11-2023,unknown
SKU-501317,Product 1318,Electronics,Nova,N/A,128,FREE,WH-SYD,unknown,In Stock
SKU-500969,Product 1319,Software,Nova,,43,N/A,ADE,2024/02/19,In Stock
SKU-501319,123456,Home,Apex Supply,106,21,-250,N/A,25 Sep 2025,In Stock
SKU-????,Product 1321,accessory,PrimeSource,NaN,95,2173.54,WH-MEL,07-26-2023,In Stock
SKU-501321,123456,Office,Apex Supply,232,143,2046.73,WH-PER,2024/07/29,In Stock
SKU-501322,Product 1323 ,Software,Metro Goods,1O0,52,342.43,Warehouse 1,27/11/2025,In Stock
SKU-501323,Product 1324,Accessories,Apex Supply,112,,1382.26,WH-ADE,24 Jun 2024,N/A
SKU-????,Product 1325,Accessories,Nova Wholesale,790,49,1950.82,WH-SYD,2021/06/05,In Stock
SKU-501325,Product 1326,Electronics,Apex Supply,847,89,"2 500,00",WH-SYD,2026-03-30,In Stock
SKU-501326,Product 1327,OFFICE,Nova Wholesale,461,93,1866.07,WH-SYD,21.09.2022,In Stock
SKU-501327,Unknown Item,Accessories,Apex,225,130,124.25,WH-PER,00/00/0000,In Stock
SKU-501328,Product 1329,Home,Metro Goods,,132,-250,WH-SYD,06-25-2025,In Stock
sku-501329,Product 1330,Home & Living,Vertex Trading,120,twenty,390.57,WH-ADE,N/A,In Stock
SKU-501330,Product 1331,Software,Metro Goods,378,22,982.4,WH-ADE,03/04/2023,In Stock
SKU-501331,Product 1332,Office,Nova Wholesale,867,N/A,9999999,WH-PER,29.07.2024,In Stock
SKU-501332,N/A,Accessories,Nova Wholesale,500 units,NaN,787.38,WH-SYD,02 Jun 2021,OOS
SKU-501333,Product 1334,Unknown,Apex,550,twenty,788.43,,2026/03/25,In Stock
SKU-501334,Product 1335,office supplies,unknown,999999,97,1193.7,SYD,15.12.2025,In Stock
SKU-501335,Product 1336,Accessories,Apex Supply,302,,2096.21,WH-BNE,2024-01-24,In Stock
SKU-501336,Product 1337,Office,Metro Goods,0.5,1O,"1.299,50",unknown,26/07/2025,1
SKU-501337,Product 1338,ELECTRONICS ,Apex Supply,753,23,AUD 500,Sydney Warehouse,25/02/2025,In Stock
SKU-501338,Product 1339,Office,Global Parts,51,117,1846.51,WH-SYD,25 Jan 2026,Low Stock
SKU-501339,Product 1340,Office,Metro Goods,0.5,92,1799.14,WH-PER,00/00/0000,In Stock
SKU-501340,Product 1341,Electronics,Global Parts,215,37,1352.36,WH-BNE,02.10.2026,In Stock
SKU-501341,123456,Electronics,PrimeSource,258,1O,AUD 500,WH-BNE,2025/09/07,1
SKU 501342,Product 1343,Electronics,Metro Goods,38,22,426.96,WH-BNE,2023/08/11,In Stock
N/A,Product 1344,Electronics,GlobalParts,280,129,787.86,WH-SYD,2025/06/18,outofstock
SKU-501128,Product 1345,Electronics,Apex Supply,244,21,2109.29,unknown,17/04/2022,In Stock
SKU-501345,Product 1346,Home & Living,Nova Wholesale,780,39,1339.19,WH-PER,00/00/0000,In Stock
SKU-????,Product 1347,Accessories,123,562,125,,WH-bne,23/11/2023,In Stock
SKU-501347,Product 1348,Accessories,Vertex Trading,308,30,"2 500,00",WH-SYD,08/05/2025,low
12345,123456,Electronics,GlobalParts,NaN,111,1940.19,Melbourne WH,NA,In Stock
SKU-501349,Product 1350,Home,PrimeSource,494,18,540.28,WH-bne,06-16-2024,In Stock
SKU-501350,Product 1351,N/A,PrimeSource,56,113,2488.0,WH-ADE,16.06.2026,Not Available
SKU-501351,Product 1352,Accessories,Metro Goods,-1,42,843.84,WH-ADE,24 Apr 2021,In Stock
SKU-501352,123456,Home & Living,Global Parts,750,147,581.84,WH-SYD,2025-10-19,LOW STOCK 
SKU-501353,123456,accessory,PrimeSource,-50,19,,WH-BNE,05-15-2022,In Stock
SKU-501354,Product 1355,Software,Vertex Trading,293,81,1867.42,WH-ADE,2026-13-44,In Stock
12345,???,Electronics,Metro Goods,,45,-250,WH-BNE,2023-08-26,In Stock
SKU-501356,123456,electronics,Nova Wholesale,,118,N/A,unknown,09/03/2024,In Stock
N/A,Product 1358,Software,Nova Wholesale,887,N/A,"1,299.50",WH-MEL,2023/07/20,N/A
,Product 1359,Software,Global Parts,-1,131,1499.88,N/A,2025/11/05,In Stock
SKU-500998,Product 999,Software,PrimeSource,317,9999,363.63,WH-PER,31/02/2026,in stock
SKU-501360,,Software,Nova Wholesale,210,89,FREE,WH-BNE,16.03.2022,Not Available
,123456,Accessories,Global Parts,"1,200",45,2210.45,wh-per ,2023/06/23,In Stock
SKU-501362,Product 1363,Office,Prime Source,873,147,2474.4,WH-BNE,2026-03-27,In Stock
SKU-501363,Product 1364,Electronics,PrimeSource,51,17,"2 500,00",WH-PER,2022-02-26,In Stock
SKU-501364,Product 1365,Home,PrimeSource,479,146,567.24,wh-per ,31.01.2021,In Stock
,N/A,Electronics,unknown,-50,123,N/A,N/A,missing,In Stock
SKU-501366,product_name,accessory,Metro Goods,365,78,2447.04,WH-ADE,01.01.2022,In Stock
SKU-????,product_name,Accessories ,Metro Goods,785,34,"1,299.50",WH-SYD,08.10.2024,In Stock
SKU-501368,Product 1369,Accessories,Apex Supply,1O0,96,1926.82,WH-SYD,13.04.2024,In Stock
SKU-501369,???,Office,Apex Supply,611,39,1496.25,ADE,08.04.2025,1
SKU-501370,123456,Software,Nova Wholesale,,43,2151.38,WH-BNE,15.08.2022,In Stock
SKU-501371,Product,Accessories,Nova,636,,836.63,SYD,05-05-2024,Not Available
SKU-500862,product_name,Electronics,Global Parts,72,36,-250,WH-SYD,22/11/2025,In Stock
SKU-500637,Product 638,N/A,Nova Wholesale,NaN,-10,1513.05,SYD,32 Jan 2025,In Stock
N/A,Product 1375,Home,GlobalParts,483,34,,WH-ADE,none,In Stock
SKU-501375,Product 1376,Accessories,Global Parts,443,9999,FREE,WH-ADE,2023/09/18,In Stock
SKU 501376,Product 1377,Home,Global Parts,-1,95,N/A,Sydney Warehouse,00/00/0000,In Stock
SKU-501377,Product 1378,Home & Living,Vertex Trading,664,123,2114.18,WH-PER,03-08-2024,in stock
12345,Product 1379,Software,Nova Wholesale,2,102,"2 500,00",WH-BNE,2025/00/12,Low Stock
SKU-501379,N/A,Software,Apex Supply,-1,146,AUD 500,WH-PER,05 Jan 2023,outofstock
SKU-501380,Product 1381,Accessories,Apex Supply,326,,2091.07,WH-SYD,N/A,OOS
SKU-501381,Product 1382,accessory,Apex  Supply,0.5,38,10O.50,Warehouse 1,02.12.2025,Available
SKU-501382,Product 1383,Electronics,Metro Goods,"1,200",54,2046.12,Sydney Warehouse,missing,INSTOCK
SKU-501383,,office supplies,PrimeSource,253,N/A,-250,WH-MEL,2021-06-27,outofstock
SKU-501384,Product 1385,OFFICE,PrimeSource,189,34,69.95,WH-bne,unknown,In Stock
SKU-501385,Product 1386,Office,Global Parts,672,109,390.69,WH-BNE,07.10.2024,In Stock
12345,Product 1387,Unknown,Apex Supply,131,20,250.61,WH-BNE,25/05/2025,N/A
sku-500046,Product 1388,Home,Metro Goods,855,32,$99.99,wh-per ,25/04/2026,In Stock
SKU-501388,Product 1389,soft ware,PrimeSource,-50,9999,1748.02,WH-ADE,2025-01-19,outofstock
SKU-500055,Unknown Item,Accessories,123,394,NaN,AUD 500,WH-ADE,2022/03/23,outofstock
SKU-501390,Product 1391,Home,Apex Supply,625,0,1826.19,wh-per ,2024-09-25,In Stock
sku-501391,Product 1392,Home & Living,Metro Goods,875,148,1095.16,WH-MEL,13/13/26,In Stock
SKU-501392,Product,N/A,Global Parts,376,50 units,FREE,WH-BNE,12-30-2024,N/A
SKU-501393,,Office,PrimeSource,N/A,92,447.27,WH-ADE,2022-04-21,In Stock
SKU-501394,Product  1395,Electronics,PrimeSource,877,9999,847.38,Warehouse 1,21.09.2021,In Stock
SKU-501395,Product 1396,,Global Parts,251,149,-250,WH-bne,07-10-2021,In Stock
SKU-501396,Product 1397,Accessories,Metro Goods,286,128,729.79,WH-PER,NA,Available
SKU-501397,Product 1398,Office,PrimeSource,N/A,126,1766.13,WH-SYD,30 May 2022,In Stock
SKU-501398,Product 1399,Electronics,Nova Wholesale,362,43,1061.62,WH-MEL,2026/05/26,In Stock
SKU-500585,Product 586,electronics,Global Parts ,"1,200","1,000",10O.50,WH-ADE,2025/00/12,In Stock
SKU-501400,Product 1401,N/A,Apex,334,88,1550.16,Warehouse 1,2021-10-29,In Stock
SKU-501124,Product 1125,Software,Global Parts,,50 units,"1.299,50",WH-MEL,?,LOW STOCK 
SKU-501402,Product 1403,Office,Metro Goods,854,86,1753.03,WH-PER,26/02/2022,In Stock
SKU-501403,Product 1404,Home,Metro Goods,280,23,1988.5,WH-MEL,2021-03-27,In Stock
SKU-????,Product 1405,ELECTRONICS ,Metro Goods,10,47,1352.44,WH-ADE,2022/05/25,Low Stock
12345,Product 1406,Office,Apex Supply,NaN,52,FREE,WH-ADE,02.12.2023,outofstock
SKU-501406,Product 1407,Electronics,Global Parts,318,126,1142.32,WH-MEL,2024/10/31,In Stock
SKU-501407,Product 1408,Office,PrimeSource,812,36,1321.35,WH-PER,-,In Stock
SKU-501408,,office supplies,PrimeSource,999999,90,415.16,WH-PER,21.05.2025,low
SKU-501409,Product 1410,Home,Metro Goods,999999,76,1536.96,ADE,31.08.2021,In Stock
SKU-501410,Product 1411,electronics,Nova Wholesale,21,76,,WH-SYD,   ,Low Stock
SKU-????,Product 1412,Office,Apex Supply,361,72,274.04,WH-SYD,2024-01-06,in stock
SKU-????,Product 1413,Home,Apex Supply,715,46,1344.72,WH-BNE,30.11.2025,In Stock
,Product 1414,office supplies,Nova Wholesale,43,150,2487.08,WH-MEL,27/07/2023,Low Stock
SKU-501414,Product 1415,Home,123,999999,107,,Warehouse 1,10.12.2021,In Stock
SKU-501415,N/A,electronics,Metro Goods,500 units,121,"1,299.50",WH-SYD,2026-02-31,In Stock
SKU-501416,Product 1417,Software,GlobalParts,473,40,2449.74,WH-BNE,04/02/2021,In Stock
SKU-501417,Product 1418,Accessories,PrimeSource,N/A,115,-250,Sydney Warehouse,N/A,INSTOCK
SKU-501418,Product 1419,Home,Metro Goods,856,twenty,768.93,WH-SYD,30.04.2024,INSTOCK
SKU 501419,Product 1420,Unknown,Vertex Trading,"1,200",65,2398.76,WH-ADE,07-16-2024,In Stock
SKU-501420,Product 1421,Accessories ,Metro Goods,-50,50 units,1701.49,WH-MEL,?,OOS
SKU-501421,Product 1422,Office,Prime Source,N/A,74,35.17,WH-SYD,13 Feb 2023,In Stock
SKU-501422,Product 1423,Office,PrimeSource,580,30,684.92,WH-ADE,04-23-2023,
SKU-501423,Product 1424,Accessories,unknown,,116,1133.09,Sydney Warehouse,N/A,In Stock
sku-501424,Product 1425,Software,Metro Goods,786,122,9999999,WH-PER,00/00/0000,In Stock
SKU-501425,Product 1426,Office,Vertex Trading,128,NaN,10O.50,WH-ADE,2023-05-02,Low Stock
SKU-501426,Product 1427,N/A,PrimeSource,664,9999,1003.15,WH-ADE,16 Mar 2025,in stock
SKU-501427,N/A,Home,Apex Supply,550,140,"1,299.50",N/A,not-a-date,In Stock
SKU-501428,Product 1429,N/A,Metro Goods,ten,142,2333.34,WH-PER,25/04/2025,In Stock
SKU-501429,Product 1430,Electronics,Apex Supply,-50,1O,1161.05,Melbourne WH,09-13-2025,In Stock
SKU-501430,???,accessory,N/A,184,9999,1176.31,Melbourne WH,28 May 2021,In Stock
SKU-501431,Product 1432,Software,PrimeSource,-1,49,1180.76,WH-ADE,17 Dec 2024,In Stock
SKU-501432,Product 1433,Office,Apex Supply,,52,9999999,wh-per ,   ,In Stock
SKU-501433,Product 1434,Electronics,PrimeSource,500 units,1O,1015.81,WH-ADE,2026-02-31,outofstock
SKU-501434,Product 1435,Home,Global Parts,352,N/A,1122.51,WH-BNE,27 Nov 2023,In Stock
SKU-501435,123456,Office,Vertex Trading,-1,"1,000",59.4,WH-BNE,2021-07-10,In Stock
SKU-501436,Product 1437,Home,N/A,719,149,"1.299,50",WH-MEL,06/03/2021,In Stock
N/A,Product 1438,Accessories,PrimeSource,659,118,1396.16,WH-BNE,   ,In Stock
SKU-501438,Product 1439,N/A,Vertex Trading,999999,34,855.25,N/A,2021-02-24,In Stock
NULL,???,Accessories,Nova Wholesale,NaN,,"1.299,50",WH-PER,2022-05-14,LOW STOCK 
SKU-501440,Product 1441,Home,Metro Goods,593,119,1076.28,WH-BNE,12-06-2022,In Stock
SKU-501441,Product 1442,Electronics,Prime Source,,129,586.9,WH-MEL,2024/05/18,Not Available
SKU-501442,product_name,Accessories,Apex Supply,529,,1684.42,WH-MEL,07 Oct 2021,In Stock
SKU-501443,product_name,Electronics,PrimeSource,76,50,1183.26,WH-ADE,24/09/2021,In Stock
SKU-501444,Product 1445,Accessories ,Nova,452,116,1868.68,WH-PER,2023-04-05,In Stock
SKU 501445,Product 1446,electronics,Nova,548,15,10O.50,WH-ADE,2024/10/18,in stock
N/A,Product 1447,Electronics,PrimeSource,220,124,820.13,WH-ADE,2026-01-19,In Stock
,Product 1448,Electronics,Global Parts,-50,52,2361.36,WH-BNE, ,In Stock
SKU-501448,123456,Home & Living,Global Parts,801,127,1479.31,WH-ADE,2026-06-30,In Stock
SKU-501449,???,Accessories,Apex Supply,465,NaN,9999999,N/A,2024-07-02,In Stock
SKU-501450,???,Office,GlobalParts,440,123,1604.88,ADE,03/03/2021,In Stock
SKU-501451,Product 1452,Home,Nova Wholesale,500 units,144,921.28,wh-per ,Feb 30 2025,Low Stock
NULL,Product 1453,Office,Global Parts,465,94,315.81,ADE,02.05.2021,In Stock
NULL,???,electronic,Vertex Trading,608,"1,000",2449.01,WH-BNE,20.02.2024,In Stock
SKU-501454,Product 1455,Accessories,Global Parts,680,147,,WH-PER,,In Stock
SKU-501455,123456,Accessories,Metro Goods,NaN,0,150.95,Warehouse 1,01-10-2022,In Stock
SKU-500563,Product 1457,Accessories,Nova Wholesale,,127,706.43,WH-BNE,2026-07-07,Not Available
sku-501457,Product 1458,soft ware,Vertex Trading,500 units,twenty,500.83,WH-MEL,2021-07-18,In Stock
SKU-501458,Product 1459,Home & Living,Metro Goods,776,94,1475.58,N/A,07-25-2023,In Stock
SKU-501459,Product 1460,,PrimeSource,160,123,1986.23,WH-ADE,09-08-2024,low
SKU-501460,Product 1461,Accessories ,Global Parts,559,140,FREE,wh-per ,30.10.2025,OOS
SKU-501461,N/A,accessory,Metro Goods,773,130,-250,WH-BNE,03-25-2025,unknown
SKU-500362,Product 1463,Home & Living,unknown,500 units,87,$99.99,WH-SYD,28 Oct 2023,low
SKU-501463,Product 1464,Office,Global Parts,778,twenty,1787.25,WH-ADE,2026-13-44,low
12345,product_name,Home,Metro Goods,999999,75,891.15,WH-PER,05.04.2026,unknown
SKU-501465,product_name,Accessories,Global Parts,NaN,9999,818.31,WH-SYD,08-01-2021,In Stock
SKU-????,Product 1467,soft ware,Apex Supply,894,116,FREE,WH-ADE,,outofstock
SKU-501467,PRODUCT 1468,Software,Metro Goods,ten,65,$99.99,WH-BNE,,In Stock
SKU-501468,product 1469,Software,Vertex Trading,886,26,FREE,WH-MEL,-,In Stock
SKU-501469,Product 1470,Accessories,Vertex Trading,398,65,890.62,WH-PER,09/03/2023,outofstock
SKU-501470,Product 1471,Software,Nova Wholesale,999999,24,1426.23,WH-MEL,2022/08/24,In Stock
12345,Product 1472,Software,Apex,548,144,AUD 500,WH-bne,02.12.2022,in stock
SKU-501472,Product 1473,accessory,Vertex Trading,NaN,0,506.92,ADE,-,Low Stock
N/A,123456,Office,Metro Goods,759,149,1860.57,,2021-02-07,1
SKU-501474,Product 1475,Accessories,Apex Supply,59,74,"2 500,00",WH-SYD,not-a-date,Low Stock
SKU-501475,Product 1476,Unknown,Metro Goods,150,90,N/A,WH-ADE,32 Jan 2025,In Stock
SKU-501476,Product,N/A,Global Parts,1O0,90,"1.299,50",WH-PER,04-18-2026,In Stock
SKU-500572,Product 1478,Home,Nova Wholesale,N/A,15,2439.68,WH-BNE,09-25-2023,In Stock
SKU-501478,Product 1479,Software,Metro Goods,1O0,100,523.55,WH-SYD,07.01.2026,In Stock
SKU-501479,Unknown Item,,PrimeSource,-1,93,867.97,WH-MEL,none,In Stock
N/A,Product,Accessories ,GlobalParts,318,37,"1.299,50",Melbourne WH,N/A,In Stock
SKU 501481,Product 1482,Electronics,Nova Wholesale,267,48,150.05,Warehouse 1,2023/05/22,In Stock
SKU-501482,Product 1483,Home & Living,Global Parts,102,95,896.58,WH-MEL,06.10.2024,INSTOCK
SKU-500042,Product 43,Accessories,Apex Supply,382,29,321.89,WH-ADE,13/13/26,In Stock
SKU-501484,Product 1485,Home,,683,77,1937.68,WH-ADE,28 Sep 2026,In Stock
SKU-501485,Product 1486,Software,Apex Supply,160,23,1064.53,ADE,2024-06-10,
SKU-501486,Product 1487,Accessories,PrimeSource,"1,200","1,000",1722.55,WH-PER, ,low
SKU-501487,Product 1488,ELECTRONICS ,Apex Supply,ten,46,1976.21,WH-SYD,N/A,Not Available
SKU 501488,Product 1489,Electronics,PrimeSource,872,141,176.01,WH-MEL,12.03.2025,In Stock
SKU-501489,Product 1490 ,electronic,Metro Goods,N/A,29,1957.9,Melbourne WH,02.07.2022,LOW STOCK 
SKU-501490,Product 1491,Accessories,Vertex Trading,586,64,2181.79,WH-MEL,missing,In Stock
SKU-501491,Product 1492,Electronics,PrimeSource,525,80,335.01,WH-PER,2024-08-27,INSTOCK
SKU-501492,,Electronics,PrimeSource,349,17,274.83,WH-BNE,16.09.2023,In Stock
SKU-501218,Product,Office,unknown,NaN,133,459.31,WH-BNE,2023-07-20,In Stock
SKU-501494,N/A,Electronics,Metro Goods,374,50 units,782.62,wh-per ,06-04-2025,In Stock
SKU-501495,Product 1496,Software,Apex Supply,999999,106,"2 500,00",ADE,11.04.2023,In Stock
SKU-501496,Product 1497,electronic,Metro Goods,606,N/A,2294.26,WH-SYD,Feb 30 2025,In Stock
SKU-501497,PRODUCT 1498,accessory,unknown,999999,114,1381.09,SYD,2026-03-12,In Stock
SKU-501498,Product 1499,OFFICE,Apex Supply,123,31,682.7,WH-BNE,27 Apr 2023,In Stock
SKU-501499,Product 1500,Software,PrimeSource,836,103,186.33,WH-MEL,2024/07/17,In Stock
NULL,Product 1501,Electronics,PrimeSource,587,22,2476.16,WH-ADE,02 Aug 2023,outofstock
SKU-501501,N/A,Home,Prime Source,500 units,99,439.29,WH-SYD,04-02-2023,0
SKU-501502,Product 1503,N/A,Apex Supply,999999,116,N/A,WH-ADE,21.06.2023,In Stock
SKU-501503,Product 1504,Accessories,PrimeSource,680,49,1405.76,WH-MEL,2025/11/24,In Stock
N/A,Product 1505,Accessories,PrimeSource,880,110,898.95,WH-SYD,null,In Stock
SKU-500207,Product 208,ELECTRONICS ,PrimeSource,275,119,775.18,ADE,21.08.2026,In Stock
N/A,,Home,Vertex Trading,999999,43,429.25,WH-MEL,20.12.2025,low
SKU-501507,Product 1508,Accessories,Metro Goods,302,NaN,"2 500,00",WH-ADE,?,In Stock
,Product 1509,Software,Nova,208,124,36.12,WH-BNE,16.09.2024,In Stock
SKU-501509,Product 1510,Software,Apex Supply,-1,17,AUD 500,WH-ADE, ,In Stock
,123456,Home & Living,GlobalParts,732,25,1325.6,WH-SYD,02-01-2024,outofstock
SKU-500690,Product 691,Office,Vertex Trading,640,111,381.38,wh-per ,2023-02-01,
SKU-501512,123456,Office,Vertex Trading,661,101,262.04,WH-PER,02 Sep 2023,In Stock
SKU-500824,Product 825,Office,Metro Goods,141,149,1108.47,Warehouse 1,20/07/2025,outofstock
12345,Product 1515,Accessories,Metro Goods,708,71,N/A,WH-bne,14/10/2023,Available
SKU-501515,Product 1516,Software,Prime Source,22,54,2136.31,WH-BNE,?,Low Stock
SKU-501516,Product 1517,Home,GlobalParts,483,53,-250,WH-ADE,NULL,In Stock
sku-501517,Product 1518,Home,Apex Supply,136,0,927.84,WH-ADE,2025/09/24,low
SKU-501518,Product 1519,Accessories,unknown,86,38,990.81,N/A,2021-07-04,In Stock
SKU-501519,Product 1520,Electronics,Nova,210,81,USD 120,WH-MEL,2022-08-15,In Stock
N/A,Product 1521,Accessories ,Metro Goods,793,9999,$99.99,WH-BNE,22.07.2023,
SKU-501521,Product 1522,Office,Apex Supply,,45,1901.7,wh-per ,not-a-date,In Stock
SKU-501522,N/A,Home,Metro Goods,600,129,1269.07,WH-BNE,Feb 30 2025,unknown
SKU-501523,123456,ELECTRONICS ,Apex,N/A,NaN,232.56,WH-ADE,2026-08-23,unknown
SKU-501524,Product 1525,Office,Apex Supply,109,0,9999999,WH-ADE,2021-11-28,0
SKU-501525,Product 1526,Electronics,Nova Wholesale,601,75,1309.94,WH-BNE,2023-06-05,In Stock
SKU-501526,Product 1527,Home & Living,Metro Goods,847,84,706.46,WH-ADE,2022-03-21,In Stock
12345,Product 1528,Software,Global Parts,1O0,140,395.88,WH-SYD,2025-03-14,In Stock
sku-501528,Product 1529,Office,Vertex Trading,246,"1,000",1324.54,WH-PER,2024/02/01,In Stock
SKU-501529,123456,N/A,Global Parts,830,106,1083.39,N/A,25 Jun 2022,In Stock
SKU-500041,product_name,soft ware,Vertex Trading,347,92,AUD 500,WH-MEL,13/13/26,In Stock
SKU-501531,PRODUCT 1532,Office,Metro Goods,75,132,75.36,WH-BNE,2024/07/08,Low Stock
SKU 501532,Product 1533,Accessories,Apex Supply,588,33,$99.99,WH-MEL,00/00/0000,In Stock
SKU-501533,Product 1534,Accessories,PrimeSource,0.5,26,1268.49,WH-BNE,2024-03-04,In Stock
SKU-501534,product_name,N/A,Metro Goods,696,48,1681.85,WH-ADE,15 Sep 2025,N/A
SKU-501535,Product 1536,,Nova Wholesale,426,27,-250,Warehouse 1,2025-07-17,In Stock
SKU-501536,Product 1537,Office,Apex Supply,508,NaN,118.52,ADE,31 Jul 2021,In Stock
NULL,Product 1538,Home,GlobalParts,-1,50 units,USD 120,WH-BNE,11-11-2024,outofstock
12345,Unknown Item,electronic,Global Parts,134,53,242.13,WH-ADE,29/05/2025,INSTOCK
SKU-501539,Product 1540,Home,Metro Goods,213,54,"2 500,00",SYD,none,In Stock
SKU-501540,???,Electronics,VERTEX TRADING,383,9999,1116.41,WH-SYD,01-20-2021,unknown
SKU-501541,Product 1542,Electronics,Global Parts,431,113,USD 120,WH-PER,2021-07-12,
,123456,Software,Global Parts,N/A,65,-250,WH-PER,04/02/2026,In Stock
SKU-501543,Product 1544,Electronics,Apex Supply,699,1O,"1,299.50",unknown,missing,0
SKU-501544,Product 1545,Software,PrimeSource,-50,88,778.99,unknown,01/04/2023,Available
12345,Product 1546,office supplies,Global Parts,573,134,663.18,Warehouse 1,,LOW STOCK 
SKU 501546,product_name,Software,Nova,834,48,702.81,WH-PER,2021/09/23,In Stock
NULL,Product 1548,electronic,PrimeSource,"1,200",N/A,1891.97,ADE,02.10.2021,In Stock
SKU-501548,Product 1549,Software,GlobalParts,337,47,107.45,Sydney Warehouse,null,OOS
SKU-501549,Product 1550,Electronics,Global Parts,1O0,86,157.54,WH-SYD,not-a-date,In Stock
SKU-501550,Product 1551,Office,unknown,682,-10,452.94,WH-SYD,14 Jul 2026,1
sku-501551,Product 1552,Software,,NaN,28,445.04,unknown,07-24-2021,In Stock
SKU-501552,Product 1553,Electronics,Vertex Trading,603,50 units,USD 120,WH-SYD,28/08/2024,OOS
SKU-501553,123456,Electronics,PrimeSource,N/A,69,1405.41,Warehouse 1,05-17-2025,Low Stock
SKU-501554,Product 1555,Accessories,GlobalParts,12,50 units,N/A,WH-SYD,N/A,Low Stock
sku-501555,Product 1556,Home & Living,Global Parts,822,112,688.7,N/A,2025-07-30,In Stock
SKU-501556,Product 1557,Office,unknown,487,-10,1519.76,WH-ADE,14/04/2021,In Stock
SKU-501557,Product 1558,Software,Apex Supply,515,89,1071.13,WH-BNE,13/13/26,OOS
SKU-501558,N/A,Accessories,Apex,331,133,9999999,WH-MEL,19 Feb 2023,In Stock
SKU-501559,Product 1560,Home,Global Parts,213,48,FREE,WH-ADE,2025/01/25,In Stock
SKU-501560,Product 1561,Accessories,Apex Supply,857,80,825.28,SYD,not-a-date,In Stock
SKU-501561,???,Electronics,Metro Goods,194,112,474.42,WH-ADE,2025/10/15,In Stock
12345,Product 1563,N/A,Nova Wholesale,,137,"1,299.50",WH-bne,13/13/26,In Stock
NULL,Product 1564,Electronics,Apex Supply,555,63,130.0,WH-ADE,08-13-2022,In Stock
SKU-501564,???,Electronics,PrimeSource,48,85,2022.66,Warehouse 1,04.05.2021,Low Stock
SKU-501565,Product 1566,Unknown,Vertex Trading,562,1O,1606.23,WH-SYD,2022-11-30,In Stock
SKU-501566,Product 1567,Office,Nova Wholesale,561,75,"1,299.50",WH-SYD,not-a-date,0
SKU-501567,Product 1568,Accessories,Metro Goods,N/A,,2493.37,Melbourne WH,2024/01/28,In Stock
SKU-501568,Product 1569,N/A,Vertex Trading,667,130,888.61,WH-ADE,null,In Stock
SKU-500719,Product 720,Electronics,Vertex Trading,1O0,87,318.28,WH-MEL,23 Dec 2021,In Stock
SKU 501570,Product 1571,Electronics,Metro Goods,176,1O,-250,WH-MEL,17.08.2024,In Stock
SKU-501571,Product 1572,Electronics,Prime Source,1O0,35,318.71,,31/10/2022,INSTOCK
,Product 1573,Accessories,Nova,840,72,-250,WH-MEL,2025/05/06,low
SKU 501573,Product 1574,Electronics,PrimeSource,532,N/A,1153.64,WH-MEL,14/09/2025,In Stock
SKU-501574,Product 1575,soft ware,GlobalParts,469,70,N/A,WH-PER,2025/02/12,In Stock
SKU-501575,Product 1576,Home,Vertex Trading,243,78,2486.04,WH-PER,02/08/2026,In Stock
SKU-501576,Product 1577,Electronics,Apex Supply,500 units,131,,WH-SYD,21 Apr 2024,In Stock
SKU-501577,Product 1578,Software,Nova Wholesale,810,123,2275.64,WH-SYD,2021-11-24,Available
SKU-501578,Product 1579,Office,Apex Supply,-50,21,2308.23,WH-bne,2022/02/11,In Stock
SKU-501579,Product 1580,Accessories,Nova Wholesale,608,26,AUD 500,unknown,none,In Stock
SKU-501580,Product 1581,Software,Metro Goods,NaN,NaN,314.72,WH-ADE,22.09.2026,In Stock
SKU-501581,Product 1582,Home,Nova Wholesale,604,57,1449.43,WH-SYD,07-02-2023,low
SKU-501582,Product 1583,Accessories,GlobalParts,"1,200",19,440.6,WH-BNE,2021-06-09,In Stock
SKU-501583,Product 1584,N/A,Apex Supply,474,26,1789.89,WH-SYD,   ,In Stock
SKU-501584,,OFFICE,apex supply,N/A,116,"1.299,50",WH-PER,11/09/2026,In Stock
SKU-501585,Product 1586,Software,Nova Wholesale,72,22,763.31,ADE,04-13-2022,In Stock
SKU-501586,Product 1587,Office,Prime Source,218,129,1928.91,WH-MEL,31/02/2026,
SKU-501587,Product 1588,Electronics,Global Parts,118,17,417.05,WH-BNE,28 Jan 2025,In Stock
N/A,123456,office supplies,Metro Goods,160,72,1055.38,WH-SYD,23.11.2024,In Stock
SKU-501589,Product 1590,Software,Vertex Trading,160,103,1713.65,WH-SYD,10.09.2024,In Stock
SKU-501590,Product 1591,Accessories,Apex Supply,158,56,"1,299.50",WH-BNE,2021/10/30,In Stock
SKU-501591,Product 1592,OFFICE,N/A,529,93,579.99,WH-MEL,23 Apr 2021,In Stock
SKU-500994,Product 1593,Electronics,Nova,865,80,906.01,WH-PER,19 Aug 2024,In Stock
SKU-501593,Product 1594,Electronics,GlobalParts,510,twenty,FREE,WH-SYD,2022-02-12,In Stock
SKU-501594,Product 1595,Accessories,PrimeSource,348,77,622.8,WH-MEL,13.04.2026,In Stock
SKU-501595,Product 1596,Accessories,123,319,30,N/A,WH-ADE,N/A,In Stock
SKU-501596,N/A,Office,PrimeSource,466,66,1736.79,WH-BNE,2022-01-14,In Stock
SKU-501597,Product 1598,Electronics,PrimeSource,109,92,930.99,WH-SYD,26 Jul 2026,0
SKU-501598,N/A,Electronics,Metro Goods,358,122,1799.29,wh-per ,,outofstock
SKU-501535,Product 1536,,Nova Wholesale,426,27,-250,Warehouse 1,2025-07-17,In Stock
SKU-501600,N/A,N/A,,884,106,443.83,WH-MEL,19/06/2025,Not Available
SKU-501601,Product 1602,office supplies,unknown,199,132,2238.57,WH-ADE,2025-03-30,In Stock
SKU-501602,Product 1603,Office,Global Parts,733,138,1851.32,wh-per ,2021/08/11,in stock
SKU-501603,Product 1604,,Prime Source,139,0,,SYD,32 Jan 2025,In Stock
SKU-501604,Product 1605,Home,Global Parts,870,N/A,$99.99,WH-SYD,2025/00/12,In Stock
SKU-501605,Product,accessory,Prime Source,850,105,1498.27,WH-SYD,25 Aug 2023,In Stock
12345,Product 1607,ELECTRONICS ,Vertex Trading,-50,114,269.74,ADE,06-08-2026,Low Stock
SKU-501607,Product 1608,Home,Prime Source,592,87,1051.91,WH-ADE,11-03-2024,In Stock
SKU-????,Product 1609,office supplies,Nova Wholesale,335,1O,2179.41,WH-MEL,NULL,unknown
SKU-501609,N/A,Accessories,PrimeSource,785,71,2495.8,WH-PER,09-02-2021,In Stock
SKU-501610,Product 1611,Accessories,Nova Wholesale,776,26,2473.01,WH-MEL,21/11/2025,In Stock
SKU-501611,Product 1612,Software,Metro Goods ,,74,35.0,WH-BNE,09/11/2023,In Stock
SKU-501612,Product  1613,electronics,Apex Supply,0.5,116,1590.38,WH-SYD,2025-11-10,OOS
SKU-501613,Product 1614,soft ware,Apex Supply,83,112,$99.99,WH-MEL,Feb 30 2025,Low Stock
SKU-501614,Product 1615,Electronics,Apex Supply,NaN,20,1677.23,WH-MEL,31.12.2021,In Stock
SKU-501615,,Software,Vertex Trading,640,39,843.3,WH-BNE,06.05.2021,In Stock
SKU-501616,123456,soft ware,Vertex Trading,786,146,USD 120,unknown,   ,low
SKU-501617,,Office,Vertex Trading,316,78,"1.299,50",WH-PER,2026-04-02,in stock
SKU-501618,N/A,soft ware,Apex Supply,539,95,1300.53,,99-99-9999,In Stock
SKU-????,Product 1620,Accessories ,Nova Wholesale,521,1O,1905.99,WH-MEL,17.10.2022,Available
sku-501620,Product 1621,Accessories,Global Parts,117,35,AUD 500,WH-BNE,02-08-2026,In Stock
SKU-501621,Product 1622,accessory,Metro Goods,122,127,10O.50,WH-ADE, ,Low Stock
SKU-501622,Product 1623,OFFICE,Nova,189,80,331.29,SYD,2022-07-31,In Stock
NULL,Product 1624,Home,Nova Wholesale,NaN,66,"2 500,00",,07/06/2023,In Stock
SKU-501624,Product 1625,Software,Nova Wholesale,999999,70,AUD 500,WH-SYD,15.09.2024,low
SKU-501625,Product 1626,Electronics,Global Parts,89,115,1467.49,Melbourne WH,21 Dec 2023,Low Stock
SKU-500851,Product 852,Software,Nova Wholesale,822,67,1132.06,WH-ADE,2026/05/11,in stock
N/A,???,Electronics,Vertex Trading,863,75,"2 500,00",WH-MEL,2025/06/14,In Stock
SKU-501628,123456,Office,PrimeSource,57,60,1288.73,WH-SYD,04-23-2021,Low Stock
,???,Office,Apex Supply,894,,$99.99,WH-BNE,2024/11/15,In Stock
SKU-501630,Product 1631,Office,Metro Goods,577,64,1683.03,WH-ADE,   ,In Stock
SKU-501631,Product 1632,Office,Apex Supply,208,9999,216.65,WH-SYD,16.06.2022,
SKU-501632,Product 1633,Accessories ,Nova,104,29,"1,299.50",WH-PER,09 Jan 2023,outofstock
SKU-501633,Product 1634,Software,Vertex Trading,-50,93,10O.50,WH-MEL,05.05.2022,outofstock
SKU 501634,Product 1635,Software,Metro Goods,-50,80,85.35,WH-PER,31.07.2026,In Stock
SKU-501635,Product 1636,Electronics,PrimeSource,845,87,1275.39,WH-ADE,2026-13-44,In Stock
SKU-501636,Product 1637,electronic,unknown,135,47,258.83,WH-ADE,2025/02/15,In Stock
SKU-500419,Product 420,Home,Vertex Trading,444,93,"1,299.50",unknown,10 Dec 2022,In Stock
SKU-501638,Product 1639,electronic,Apex Supply,0.5,45,1578.25,WH-PER,10.08.2026,In Stock
SKU 501639,Product 1640,electronic,Nova Wholesale,821,0,AUD 500,WH-MEL,2026/04/14,1
SKU-????,Product 1641,N/A,Vertex Trading,676,64,-250,WH-MEL,09.09.2023,outofstock
SKU-501641,Product 1642,soft ware,GlobalParts,777,124,N/A,ADE,null,INSTOCK
SKU-501642,Product 1643,N/A,Nova Wholesale,621,46,934.28,Melbourne WH,22.09.2026,in stock
SKU-501549,Unknown Item,ELECTRONICS ,Metro Goods,,52,2147.27,WH-PER,11-20-2024,unknown
SKU-501644,Product 1645,Home & Living,Vertex Trading,230,N/A,FREE,WH-SYD,2025/05/23,In Stock
SKU-????,product_name,,PrimeSource,113,twenty,,WH-PER,06-17-2023,N/A
SKU-501646,Product 1647,Home,Apex Supply,863,64,FREE,WH-BNE,23 May 2025,1
SKU-501647,123456,electronics,Metro Goods,568,108,FREE,WH-ADE,2025/00/12,In Stock
SKU-501648,N/A,Home,Apex Supply,,104,"1.299,50",WH-PER,03 Jan 2023,In Stock
SKU-501649,Product,Accessories,Apex Supply,,19,1140.14,WH-BNE,00/00/0000,in stock
SKU 501650,Product 1651,Electronics,Apex Supply,500 units,0,646.44,Melbourne WH,18.09.2023,
SKU-501651,Product 1652,OFFICE,PrimeSource,289,96,,WH-MEL,02-02-2024,In Stock
SKU-501652,Product 1653,Electronics,Metro Goods,74,107,775.91,WH-PER,13.08.2022,Low Stock
SKU-501653,Product 1654,Accessories,Vertex Trading,408,9999,569.93,WH-SYD,16/03/2024,In Stock
SKU-501654,Product 1655,Home,Metro Goods,N/A,99,1371.01,N/A,,Low Stock
SKU-501655,,N/A,N/A,199,84,2075.16,WH-ADE,20/09/2021,In Stock
SKU-501656,Product 1657,Electronics,Vertex Trading,999999,150,1527.24,WH-ADE,missing,In Stock
SKU-501657,Product 1658,Software,Nova Wholesale,99,144,9999999,WH-PER,2022-12-23,Low Stock
SKU-501658,Product 1659,Accessories,Apex Supply,768,twenty,922.07,WH-MEL,22 Jan 2021,In Stock
SKU-501659,Product 1660,Unknown,PrimeSource,751,94,281.0,WH-ADE,2023-02-27,In Stock
SKU-501660,123456,Software,PrimeSource,724,twenty,263.75,unknown,09/04/2023,In Stock
SKU 501661,Product 1662,Electronics,Metro Goods ,N/A,106,84.54,WH-SYD,01-15-2023,
SKU-501662,Product 1663,Electronics,Apex Supply,297,62,547.54,WH-BNE,2025/00/12,In Stock
SKU-501663,Product 1664,Home,Apex Supply,460,114,2141.98,WH-ADE,2026-13-44,0
SKU-501664,Product 1665,N/A,Nova Wholesale,347,146,507.08,Sydney Warehouse,28.08.2025,LOW STOCK 
SKU 501665,Product 1666,Home,Metro Goods,192,1O,484.89,WH-PER,11-13-2023,In Stock
SKU-501666,Product 1667,Electronics,Prime Source,1O0,93,10O.50,WH-MEL,2022-04-09,In Stock
sku-501667,Product 1668,Software,Nova Wholesale,475,67,2078.84,WH-PER,2026/01/13,In Stock
SKU-501668,Product 1669,Accessories,Metro Goods,361,79,,WH-ADE,,In Stock
SKU-501669,Product 1670,soft ware,Vertex Trading,481,111,2356.14,WH-ADE,01/11/2021,In Stock
SKU-501670,Product,OFFICE,Nova Wholesale,-1,77,233.84,WH-PER,Feb 30 2025,In Stock
SKU-501671,Product 1672,Software,,ten,89,2214.89,WH-PER,2021-06-07,In Stock
SKU-500130,Product 131,Unknown,PrimeSource,617,51,2138.87,,none,In Stock
SKU-501673,Product 1674,,PrimeSource,227,108,1264.35,WH-ADE,2021-11-25,
SKU-500557,Product 1675,Office,GlobalParts,371,23,"2 500,00",wh-per ,NA,In Stock
SKU-501675,Product 1676,office supplies,Apex Supply,500 units,134,"2 500,00",,null,In Stock
SKU-501676,Product 1677,Accessories,,256,59,289.38,WH-SYD,13/11/2023,outofstock
SKU-501677,Product 1678,Unknown,N/A,1O0,twenty,2149.04,WH-SYD,22/08/2022,unknown
12345,Product 1679,Accessories,Apex Supply,0.5,67,2308.95,WH-MEL,29.01.2023,In Stock
SKU-501679,Product 1680,Software,Vertex Trading,,109,9999999,WH-PER,21/03/2021,in stock
SKU-501055,Product  1056,Accessories,Apex Supply,737,101,1887.36,WH-BNE,2026-13-44,In Stock
SKU-500436,Product 437,Office,Vertex Trading,NaN,23,366.32,WH-BNE,2022/03/19,In Stock
SKU-501682,Product 1683,Software,Global Parts,644,48,914.75,WH-PER,04-08-2024,In Stock
SKU-501683,Product 1684,Home,Apex Supply,115,75,10O.50,WH-MEL,05-15-2021,In Stock
sku-501684,product_name,ELECTRONICS ,Metro Goods,152,9999,1541.27,WH-PER,22 May 2021,In Stock
SKU-501685,Product 1686,Electronics,Nova Wholesale,595,148,2363.67,WH-BNE,09.04.2022,INSTOCK
12345,Product 1687,Home & Living,Nova Wholesale,279,60,514.79,Melbourne WH,2023/02/06,In Stock
SKU-500767,Product 768,Accessories ,PrimeSource,530,83,829.51,WH-PER,00/00/0000,unknown
SKU-501688,product_name,electronic,Global Parts,383,134,1499.85,WH-PER,2021/06/14,In Stock
SKU-501689,???,Office,Nova Wholesale,,104,226.05,WH-BNE,2025-09-12,Low Stock
SKU-501690,  Product 1691  ,Electronics,Nova Wholesale,-1,71,610.0,WH-BNE,,in stock
SKU-501691,Product 1692,Unknown,Vertex Trading,606,131,N/A,WH-PER,18 Mar 2024,In Stock
SKU-????,Product 1693,Accessories ,Vertex Trading,587,39,2421.43,WH-ADE,02/07/2025,INSTOCK
SKU-501693,Product 1694,Home & Living,Nova,"1,200",62,USD 120,WH-BNE,99-99-9999,In Stock
SKU-501694,Product 1695,Software,Vertex Trading,N/A,N/A,855.72,WH-MEL,99-99-9999,Not Available
SKU-501695,Product 1696,Electronics,Prime Source,227,148,,WH-MEL,2021-02-05,in stock
SKU-501696,Product 1697,Electronics,PrimeSource,-50,89,"1,299.50",WH-MEL,02-05-2023,In Stock
12345,product_name,Home,nova wholesale,834,-10,1605.31,WH-MEL,2026-13-44,OOS
SKU-501698,Product 1699,N/A,Nova Wholesale,216,111,,WH-MEL,Feb 30 2025,In Stock
SKU-501699,Product 1700,Electronics,,738,22,10O.50,WH-SYD,19/02/2023,In Stock
SKU-501700,Product 1701,Accessories,Metro Goods,1O0,117,2333.97,WH-BNE,missing,In Stock
SKU-501701,Product 1702,Office,Vertex Trading,-1,116,1584.28,WH-SYD,28/08/2022,In Stock
SKU-500005,Product 1703,Software,unknown,349,139,9999999,Sydney Warehouse,-,Not Available
SKU-501703,Product 1704,Office,Vertex Trading,1O0,39,466.65,WH-BNE,22/01/2022,In Stock
SKU-501704,N/A,Home & Living,Metro Goods,710,84,N/A,WH-SYD,09/08/2021,In Stock
SKU-501705,Product 1706,Office,Global Parts,817,20,N/A,WH-ADE,03-16-2024,In Stock
SKU-501706,Product,Accessories,Metro Goods,522,147,1141.79,WH-BNE,2022/03/20,In Stock
N/A,Product 1708,Software,Apex Supply,-50,79,1481.14,WH-PER,12/07/2025,In Stock
SKU-501708,Product 1709,electronic,Global Parts,0.5,27,1081.83,WH-MEL,15 Sep 2026,In Stock
SKU-501709,Product 1710,Software,PrimeSource,777,41,677.6,WH-bne,?,In Stock
SKU-501710,Unknown Item,office supplies,Apex Supply,654,,1250.14,WH-bne,99-99-9999,In Stock
SKU-501711,Product 1712,Electronics,Prime Source,258,141,1681.48,,2024/04/10,In Stock
SKU-501321,123456,Office,Apex Supply,232,143,2046.73,WH-PER,2024/07/29,In Stock
SKU-501713,Product 1714,office supplies,Metro Goods,678,131,2154.49,WH-MEL,20 Mar 2021,In Stock
SKU-501714,Product 1715,Home & Living,Vertex Trading,N/A,N/A,179.24,WH-SYD,04-04-2022,in stock
SKU-501715,Unknown Item,Electronics,Global Parts,866,50 units,1728.5,Sydney Warehouse,2026-02-31,In Stock
NULL,Product 1717,Software,Prime Source,28,119,297.6,WH-SYD,13/13/26,Low Stock
SKU-501717,Product 1718,Home,Vertex Trading,-1,118,N/A,Warehouse 1,19/12/2025,N/A
12345,Product 1719,Unknown,Apex Supply,273,twenty,"1,299.50",WH-PER,31/02/2026,In Stock
SKU-501719,Product 1720,Electronics,Nova Wholesale,55,33,$99.99,WH-bne,2026-02-31,Not Available
SKU-501720,???,Office,Apex Supply,242,99,57.09,WH-MEL,2025-08-31,
SKU-500427,  Product 428  ,electronic,Nova Wholesale,173,17,1484.21,WH-MEL,09-20-2022,In Stock
SKU-501722,Product 1723,Software,Apex Supply,860,63,659.02,WH-SYD,04 Sep 2022,Not Available
SKU-501723,Product 1724,Home,Global Parts,664,103,-250,Warehouse 1,03/08/2024,In Stock
sku-501724,Product 1725,Office,Prime Source,588,91,"2 500,00",WH-PER,20/09/2023,In Stock
SKU-501725,Product 1726,Home & Living,Global Parts,92,0,1896.7,WH-ADE,31/02/2026,In Stock
12345,123456,Home,N/A,694,75,2185.51,WH-ADE,2026-02-31,
SKU-501727,Product 1728,Electronics,Apex Supply,655,0,1399.95,SYD,11-30-2021,In Stock
SKU 501728,,Electronics,N/A,,"1,000",10O.50,WH-SYD,none,In Stock
SKU-501729,Product 1730,Electronics,PrimeSource,436,135,1857.05,unknown,31/02/2026,In Stock
SKU-501730,Product 1731,Software,Vertex Trading,210,75,1622.66,WH-bne,2021-12-25,In Stock
SKU-501731,Product 1732,,PrimeSource,"1,200",27,165.81,WH-ADE,2026/03/06,In Stock
SKU-501732,Product 1733,Home,Apex Supply,344,60,239.81,Melbourne WH,01-29-2024,In Stock
,Unknown Item,Accessories,Nova Wholesale,289,-10,"2 500,00",Warehouse 1,2026-02-31,Available
SKU-501734,Product 1735,,Metro Goods,202,106,376.89,WH-ADE,2025/02/15,Not Available
SKU-501735,Product 1736,Home,GlobalParts,743,126,1311.28,WH-PER,16 Sep 2021,In Stock
SKU-501736,Product 1737,Electronics,Nova Wholesale,143,twenty,9999999,WH-PER,27/07/2022,In Stock
SKU-501737,Product 1738,Software,Apex,500 units,70,1093.35,WH-SYD,99-99-9999,in stock
SKU-501738,Product 1739,Office,Vertex Trading,755,32,1851.32,WH-ADE,13 Feb 2024,
SKU-501739,Product 1740,electronic,PrimeSource,0.5,123,$99.99,WH-BNE,13/13/26,OOS
SKU-501740,Product 1741,,GlobalParts,116,NaN,1988.63,unknown,missing,outofstock
SKU-501741,Product 1742,Electronics,Apex,N/A,137,122.25,Warehouse 1,04 Sep 2021,In Stock
SKU-501742,Product 1743,office supplies,123,179,135,USD 120,Sydney Warehouse,2022/12/15,In Stock
sku-501743,Product 1744,Unknown,PrimeSource,662,46,1618.43,SYD,03 Aug 2026,low
SKU-501744,,Office,Apex Supply,NaN,55,N/A,WH-SYD,19.08.2022,In Stock
SKU-501745,Product 1746,Electronics,Vertex Trading,320,0,2052.97,Melbourne WH,none,In Stock
SKU-501746,Product 1747,Home,Apex Supply,1O0,0,1451.08,WH-SYD,2023/06/06,In Stock
SKU-501747,product_name,office supplies,Apex Supply,677,73,1726.55,ADE, ,In Stock
SKU-501748,Product 1749,OFFICE,Global Parts,572,55,1492.88,WH-bne,30 Oct 2021,LOW STOCK 
SKU-501749,Product 1750,accessory,123,333,86,36.84,SYD,   ,in stock
SKU-501750,Product 1751,Unknown,Apex Supply,-1,52,544.92,WH-MEL, ,In Stock
SKU-501751,Product 1752,Accessories,123,108,39,2398.87,ADE,2025/01/25,In Stock
SKU-501752,Product 1753,,Nova,ten,-10,1272.06,WH-PER,08-06-2026,N/A
SKU-501753,Product 1754,Software,N/A,710,54,10O.50,WH-SYD,05-28-2024,In Stock
SKU-501754,Product 1755,office supplies,Metro Goods,N/A,49,1556.62,WH-bne,14.02.2026,In Stock
SKU-501755,123456,Accessories,Global Parts,759,,300.68,,15.01.2024,In Stock
SKU-501756,Product 1757,Home,Metro Goods,334,113,443.31,ADE,07-07-2021,In Stock
SKU-????,product_name,Electronics,Global Parts,465,68,985.07,WH-MEL,12.03.2024,In Stock
SKU-501758,Product 1759,Accessories,Vertex Trading,758,85,1164.5,,2025/10/21,In Stock
SKU-501759,Product 1760,,Vertex Trading,888,83,$99.99,WH-MEL,25 Mar 2023,In Stock
SKU-501760,Product 1761,N/A,Apex Supply,890,"1,000",765.59,WH-ADE,2025/00/12,In Stock
SKU-501761,Product 1762,Accessories,unknown,691,100,1315.62,WH-BNE,31/03/2025,In Stock
SKU-501762,Product 1763,Accessories,Apex Supply,N/A,34,1816.34,WH-ADE,09-11-2026,OOS
SKU-501763,Product 1764,Electronics,PrimeSource,"1,200",-10,1559.23,WH-SYD,05 Dec 2022,In Stock
SKU-501764,product_name,Office,123,403,144,2104.48,WH-MEL,2025/02/18,In Stock
SKU-501765,???,Office,Apex Supply,168,N/A,1142.54,ADE,30 Mar 2024,In Stock
SKU-501766,???,N/A,Metro Goods,81,"1,000",522.52,WH-ADE,2024-01-08,N/A
SKU-501767,Product 1768,Accessories,PrimeSource,-50,1O,2467.6,WH-ADE,2022/08/19,In Stock
SKU-501768,Product 1769,Accessories,Nova Wholesale,8,87,1997.86,WH-PER,2021-01-27,0
SKU-501769,Product 1770,Home,Apex Supply,771,127,716.68,WH-MEL,2024-09-19,In Stock
SKU-500149,Product 150,Electronics,Nova Wholesale,338,27,124.56,ADE,15.09.2022,In Stock
SKU-501771,Product 1772,Electronics,Metro Goods,321,31,1506.06,unknown,07-26-2021,In Stock
SKU-501772,Product 1773,ELECTRONICS ,Apex Supply,-1,29,1240.7,N/A,2022-07-11,unknown
SKU-501773,Product 1774,Electronics,GlobalParts,635,146,,WH-MEL,08 Feb 2022,In Stock
SKU-501774,Product 1775,Software,Nova Wholesale,114,0,1279.39,WH-MEL,2023/10/18,In Stock
SKU-501775,,Electronics,Global Parts,385,106,$99.99,WH-ADE,29 May 2026,OOS
SKU-501776,Product 1777,OFFICE,Metro Goods,"1,200",94,1181.65,ADE,24 May 2025,In Stock
SKU-501777,???,Accessories,N/A,1O0,twenty,2262.84,WH-BNE,27.05.2022,unknown
SKU-500242,???,Office,Global Parts,494,17,56.72,WH-MEL,03 May 2024,In Stock
12345,Product 1780,soft ware,Vertex Trading,NaN,45,953.08,WH-SYD,N/A,In Stock
SKU-501780,Product 1781,Accessories ,Vertex Trading,251,,"1,299.50",WH-BNE,NULL,In Stock
SKU-501781,Product 1782,Accessories,GlobalParts,849,16,1941.67,WH-SYD,20 Feb 2026,In Stock
SKU-501782,Product 1783,Software,unknown,195,90,1982.82,WH-SYD,21.07.2021,
SKU-500432,Product 433,Office,Metro Goods,82,63,305.38,Melbourne WH,02.11.2025,1
SKU-501784,Product 1785,Accessories ,Apex,438,119,74.83,WH-BNE,2025-10-19,LOW STOCK 
SKU-501785,???,Software,Vertex Trading,27,63,740.18,WH-MEL,05-28-2026,Low Stock
SKU-501786,Product 1787,Accessories,Metro Goods,865,47,"1,299.50",WH-SYD,03 Apr 2021,In Stock
SKU-501787,Product 1788,Electronics,123,746,142,FREE,Sydney Warehouse,20/07/2023,In Stock
SKU-501788,product_name,,  Vertex Trading  ,0.5,NaN,1099.95,WH-BNE,11-07-2021,In Stock
SKU-501789,Product 1790,electronic,Vertex Trading,833,57,"1.299,50",Sydney Warehouse,   ,In Stock
SKU-501790,Product 1791,Electronics,Prime Source,833,133,"1,299.50",Melbourne WH,,In Stock
SKU-501791,123456,Office,PrimeSource,999999,71,1276.99,WH-PER,2026/05/01,In Stock
SKU-????,Product 1793,,Prime Source,849,37,N/A,WH-ADE,2024/03/27,In Stock
SKU-501793,???,soft ware,,,104,2243.19,WH-BNE,2025/07/21,Low Stock
SKU-501794,Unknown Item,electronic,PrimeSource,536,98,1786.44,WH-BNE,2021/03/29,In Stock
SKU-501795,Product 1796,Electronics,Apex Supply,-1,78,$99.99,WH-ADE,N/A,In Stock
N/A,Product 1797,Office,Apex Supply,191,92,1824.26,WH-MEL,03/10/2023,In Stock
SKU-501797,Product 1798,Electronics,Metro Goods,510,74,"1.299,50",WH-MEL,16 May 2024,outofstock
SKU-501798,Product 1799,electronics,Metro Goods,1O0,N/A,773.55,WH-MEL,2023-06-02,In Stock
SKU-501799,Product 1800,Software,Vertex Trading,NaN,49,USD 120,WH-MEL,06 Feb 2025,In Stock
SKU-501800,???,Home,Global Parts,495,15,2335.13,WH-ADE,12-03-2025,In Stock
SKU-501801,Product 1802,Electronics,,-1,106,2489.66,WH-MEL,2026/04/17,outofstock
SKU-501802,???,Accessories,,NaN,112,1570.37,wh-per ,21/02/2026,In Stock
SKU-501803,Product 1804,Accessories,Apex Supply,77,61,905.68,WH-BNE,2022-11-14,N/A
SKU-501804,Product 1805,Electronics,Metro Goods,49,78,2147.11,WH-BNE,31/02/2026,Low Stock
SKU-501805,,Accessories,primesource,783,78,786.48,WH-PER,N/A,1
SKU-501806,Product 1807,Unknown,Vertex Trading,455,50 units,,Sydney Warehouse,missing,In Stock
SKU-501807,Product 1808,Home & Living,Apex,-50,104,10O.50,WH-MEL,2024-02-16,In Stock
SKU-501808,Product 1809,Software,Global Parts,318,137,1306.38,WH-SYD,06-17-2021,In Stock
SKU-501809,Product 1810,soft ware,N/A,-1,101,N/A,WH-SYD,31.10.2022,low
SKU-501810,Product 1811,Electronics,Vertex Trading,461,109,"1.299,50",WH-ADE,unknown,In Stock
SKU-500674,Unknown Item,Accessories,Global Parts,"1,200",136,AUD 500,WH-MEL,2025/00/12,In Stock
SKU-????,Product 1813,electronic,Metro Goods,N/A,47,216.28,WH-SYD,2023/02/21,In Stock
SKU-501813,Product 1814,accessory,Vertex Trading,527,51,2180.88,Warehouse 1,,In Stock
SKU-501814,Product 1815,Accessories,Vertex Trading,N/A,0,1259.83,ADE,08-17-2026,In Stock
SKU-501815,Product 1816,Software,Nova Wholesale,336,112,1289.55,WH-BNE,2026-13-44,In Stock
12345,Product 1817,Home,Nova Wholesale,378,46,"1.299,50",WH-ADE,2022-06-14,In Stock
SKU-501817,Product 1818,Accessories,Vertex Trading,999999,NaN,2038.53,ADE,13/13/26,In Stock
SKU-501818,Product 1819,ELECTRONICS ,Nova Wholesale,203,1O,24.31,WH-ADE,29.06.2025,In Stock
SKU-501819,product_name,Accessories,Apex Supply,284,84,-250,WH-bne,99-99-9999,In Stock
SKU-501820,N/A,Office,Apex,451,111,,WH-PER,31/02/2026,In Stock
SKU-501821,Product 1822,Electronics,Vertex Trading,114,50 units,29.01,,11-14-2024,In Stock
SKU-501822,Product 1823,Accessories,Nova Wholesale,,,252.4,WH-ADE,25 Nov 2025,LOW STOCK 
SKU-501823,Product 1824,Accessories,Apex Supply,1O0,1O,861.3,WH-BNE,2025/00/12,unknown
12345,N/A,Office,Metro Goods,62,9999,906.94,WH-bne,2024/07/30,Low Stock
SKU-500879,Product 1826,electronic,Apex Supply,175,76,122.92,WH-BNE,05.02.2021,In Stock
SKU-501826,Product 1827,Software,123,79,1O,10O.50,WH-bne,NULL,Low Stock
SKU-501827,Product 1828,Home,Global Parts,838,"1,000","1.299,50",WH-PER,NULL,In Stock
SKU-501828,Product 1829,Accessories,Vertex Trading,824,9999,1696.86,WH-BNE,unknown,In Stock
SKU-501829,Product 1830,Electronics,Nova,-1,,298.63,WH-MEL,2021-08-06,Not Available
12345,Product 614,Software,Metro Goods,73,78,1770.58,WH-MEL,2021/11/13,Low Stock
SKU-501831,Product 1832,Electronics,Metro Goods,682,9999,1638.89,WH-PER,2025-01-01,0
SKU-501832,Product 1833,Software,Nova Wholesale,0.5,45,1951.84,WH-MEL,2026-02-31,In Stock
SKU-501833,Product 1834,N/A,GlobalParts,408,81,1742.03,WH-SYD,26 Sep 2023,In Stock
12345,Product 1835,accessory,Global Parts,686,93,952.02,WH-ADE,2024/12/14,In Stock
SKU-501835,Product 1836,Accessories,PrimeSource,N/A,54,375.55,wh-per ,13/10/2021,In Stock
SKU-????,Product 1837,office supplies,PrimeSource,254,NaN,"2 500,00",WH-ADE,2026-05-09,In Stock
SKU-501837,,Accessories,Apex  Supply,N/A,56,10O.50,WH-PER,2024/01/04,In Stock
SKU-501838,Product 1839,Home & Living,PrimeSource,335,100,186.76,WH-BNE,?,in stock
N/A,Product 1840,Software,GlobalParts,NaN,-10,,WH-PER,02-05-2024,In Stock
12345,Product 1841,Office,unknown,209,60,1137.96,WH-SYD,03-02-2022,In Stock
SKU-501781,Product 1782,Accessories,GlobalParts,849,16,1941.67,WH-SYD,20 Feb 2026,In Stock
SKU-501842,Product,electronic,unknown,350,42,1148.94,WH-PER,05-03-2021,In Stock
SKU-501843,Product 1844,Accessories,PrimeSource,1O0,94,2492.03,WH-SYD,17.08.2022,Not Available
,Product 1845,Office,Global Parts,684,145,2459.33,WH-PER,2023/06/03,OOS
SKU-501845,Product 1846,accessory,PrimeSource,860,140,"1.299,50",WH-PER,2026-02-31,In Stock
SKU-501846,Product 1847,Software,Global Parts,840,9999,"2 500,00",WH-BNE,06-03-2026,In Stock
SKU-501847,Product 1848,Home,Apex Supply,389,N/A,1076.5,WH-MEL,2025-01-23,In Stock
SKU-501848,Product 1849,Electronics,PrimeSource,1O0,43,1254.75,WH-BNE,01-26-2024,In Stock
SKU-501849,Product 1850,Accessories,,476,24,"2 500,00",WH-PER,,In Stock
SKU-501850,Product 1851,Software,Global Parts,16,83,1447.83,WH-ADE,07-08-2023,Low Stock
SKU-501851,Product 1852,Electronics,PrimeSource,,137,"2 500,00",WH-ADE,02-01-2024,0
SKU-501852,Product 1853,Accessories,Vertex Trading,-50,136,1539.57,WH-BNE,01-26-2024,In Stock
SKU-501853,Product 1854,soft ware,Nova Wholesale,,50 units,1573.59,WH-PER,2022-01-01,In Stock
SKU-501854,Product 1855,Home & Living,Apex Supply,N/A,142,2373.62,WH-MEL,09.12.2023,In Stock
SKU-501855,N/A,Home,Apex Supply,402,68,"1,299.50",,04-21-2025,LOW STOCK 
SKU-501856,Product,Home,Metro Goods,"1,200",73,1594.5,WH-bne,05 Apr 2025,1
SKU-501857,Product 1858,,,500 units,19,1375.56,WH-SYD,07 Apr 2022,outofstock
SKU-501858,Product 1859,Accessories,N/A,856,53,"1,299.50",WH-ADE,2025/04/19,low
SKU-501859,Product 1860,Software,Nova Wholesale,825,105,"1.299,50",WH-PER,23 Jul 2023,In Stock
SKU-501860,Product 1861,Electronics, Metro Goods,160,twenty,1779.98,WH-PER,2026/09/04,In Stock
SKU-501861,Product 1862,Software,Nova Wholesale,38,1O,1926.77,wh-per ,2023/08/06,Low Stock
SKU-501862,Product 1863,Home,Apex Supply,N/A,NaN,1220.66,WH-PER,32 Jan 2025,In Stock
SKU-501863,Product 1864,Accessories,GlobalParts,0.5,150,866.87,WH-PER,none,Low Stock
SKU-501864,Product 1865,Home,Global Parts,52,119,,WH-bne,19.07.2025,Low Stock
sku-501865,Product 1866,Home,Global Parts,705,60,1256.15,WH-BNE,02-01-2021,OOS
SKU-501866,123456,Software,PrimeSource,"1,200",49,729.76,WH-MEL,NA,In Stock
N/A,Product 1868,Home, Metro Goods,483,50 units,85.17,WH-BNE,none,Available
SKU-501868,Product 1869,Home,Apex Supply,781,52,1464.22,,2021-05-13,In Stock
,Product 1870,Software,Metro Goods,646,114,1850.49,WH-PER,   ,In Stock
SKU-500994,Product 1871,Home & Living,Apex Supply,148,0,1935.55,WH-BNE,10 Feb 2023,In Stock
12345,Product 1872,Home,Nova Wholesale,684,113,"1,299.50",WH-BNE,2024/01/23,In Stock
SKU-501872,Product 1873,electronics,Nova Wholesale,287,"1,000",FREE,Warehouse 1,03-23-2022,OOS
SKU-501873,Product 1874,Accessories,Nova Wholesale,769,27,1492.39,WH-PER,12.02.2021,In Stock
N/A,Product 1875,N/A,123,453,56,1928.19,WH-MEL,2026-02-31,In Stock
SKU-501875,Product 1876,,unknown,-50,36,FREE,Sydney Warehouse,11 Jan 2024,In Stock
SKU-501876,Product 1877,Accessories,PrimeSource,573,29,2291.12,WH-BNE,03.06.2026,In Stock
SKU-501877,Product 1878,Accessories ,Vertex Trading,N/A,106,846.12,WH-BNE,23.12.2025,In Stock
SKU-501878,Product 1879,Software,N/A,387,99,1380.14,WH-MEL,31/02/2026,0
SKU-501879,Product 1880,Home,Global Parts,687,NaN,1394.86,Melbourne WH,2025-07-02,
SKU 501880,Product 1881,Electronics,Vertex Trading,745,50 units,"1,299.50",WH-SYD,20/12/2025,In Stock
SKU-501881,Product,Home,Apex Supply,854,15,1182.22,WH-SYD,-,In Stock
SKU-501882,Product 1883,Office,Nova Wholesale,N/A,94,724.35,WH-MEL,NA,outofstock
SKU-501883,Product 1884,Accessories,Vertex Trading,500 units,143,1876.48,WH-PER,2023-01-25,0
SKU-501884,Product 1885,accessory,Global Parts,N/A,20,1182.44,WH-BNE,04/02/2022,In Stock
SKU-501885,Product 1886,ELECTRONICS ,PrimeSource,ten,53,$99.99,,2024/01/15,low
SKU-501886,product_name,Home,Nova Wholesale,606,56,329.3,WH-PER,30 Jan 2023,In Stock
SKU 501887,123456,Accessories,N/A,707,47,2032.2,N/A,22/12/2023,In Stock
sku-501888,Product 1889,Unknown,Apex Supply,499,125,10O.50,WH-PER,,in stock
SKU 501889,Product 1890,Home,Metro Goods,665,NaN,USD 120,WH-MEL,32 Jan 2025,
SKU-501890,Product 1891,Home,N/A,428,34,1902.8,WH-PER,2025/07/16,In Stock
N/A,Product 1892,Electronics,Apex,536,64,10O.50,WH-ADE,17/08/2024,N/A
,Product 1893,Office,Global Parts,596,NaN,1362.85,WH-PER,2025/00/12,In Stock
SKU-501893,,Accessories,Global Parts,150,91,390.75,WH-bne,17.04.2021,in stock
SKU-501894,Product 1895,Software,Vertex Trading,507,83,"2 500,00",WH-MEL,2021-10-09,In Stock
,Product 1896,Software,Apex Supply,255,82,1180.34,WH-BNE,13/07/2023,In Stock
SKU-501896,N/A,office supplies,N/A,640,30,2030.02,WH-SYD,2024/08/21,in stock
SKU-501897,Product 1898,office supplies,Metro Goods,"1,200",32,1438.47,WH-ADE,2022/05/10,In Stock
SKU-501898,Product 1899,Office,Vertex Trading,59,125,314.91,Melbourne WH,Feb 30 2025,Low Stock
SKU-501899,Product 1900,Software,Apex Supply,651,twenty,2031.53,WH-MEL,30.06.2023,In Stock
,Product 792,Home,Apex,512,N/A,"1,299.50",WH-ADE,31/02/2026,In Stock
SKU-501901,???,office supplies,Apex,626,56,569.13,WH-BNE,2025-06-28,In Stock
SKU-501902,Product 1903,Accessories,PrimeSource,446,105,10O.50,WH-BNE,-,In Stock
SKU-501903,product_name,Software,Vertex Trading,-1,16,379.14,WH-BNE,null,In Stock
SKU-501904,Product 1905,Electronics,Nova Wholesale,762,112,9999999,WH-SYD,08-30-2026,In Stock
SKU-501905,Product 1906,Accessories,123,36,140,847.03,WH-PER,N/A,Low Stock
N/A,product_name,Electronics,Vertex Trading,194,50 units,"1.299,50",WH-BNE,2026-13-44,N/A
SKU-501907,Product 1908,Home & Living,,633,38,1132.09,wh-per ,11-06-2023,In Stock
SKU-501908,Product 1909,Home & Living,PrimeSource,821,"1,000",548.82,WH-PER,09-19-2024,In Stock
NULL,???,Accessories,Metro Goods,297,49,204.63,WH-MEL,N/A,In Stock
SKU-501910,Product 1911,Home & Living,Apex,232,N/A,2340.46,WH-bne,2022-04-08,In Stock
SKU-501911,Product 1912,Software,Metro Goods,286,114,,WH-BNE,NA,OOS
SKU-501912,Product 1913,Accessories,Apex Supply,1O0,118,$99.99,WH-ADE,?,In Stock
SKU-501913,Product 1914,Electronics,PrimeSource,769,71,,WH-SYD,22/02/2025,In Stock
SKU-500874,,Accessories,Vertex Trading,722,88,1606.33,WH-ADE,20 Feb 2022,INSTOCK
SKU-501915,123456,Office,Global Parts,78,twenty,$99.99,WH-bne,not-a-date,Low Stock
SKU-501916,Product 1917,Accessories,Apex Supply,462,27,-250,WH-PER,31/02/2026,In Stock
SKU-501917,Product 1918,Office,PrimeSource,825,77,304.66,WH-BNE,N/A,Available
12345,Product 1919,OFFICE,Metro Goods,ten,20,1666.06,WH-ADE,05.01.2026,In Stock
SKU-501919,Product 1920,Home,Nova Wholesale,216,"1,000",-250,WH-ADE,2023/10/29,1
SKU-501920,Product 1921,Office,Vertex Trading,NaN,103,2065.55,WH-PER,07.01.2023,In Stock
SKU-501921,Product 1922,Software,Global Parts,764,137,1066.61,Warehouse 1,08-24-2023,In Stock
SKU 501570,Product 1571,Electronics,Metro Goods,176,1O,-250,WH-MEL,17.08.2024,In Stock
SKU-501923,Product 1924,,Global Parts,137,109,2138.67,WH-BNE,NULL,In Stock
SKU-501924,Product 1925,electronics,PrimeSource,471,143,1555.86,WH-MEL,2021-12-26,In Stock
SKU-501925,Product 1926,electronics,Apex Supply,204,86,2245.6,Warehouse 1,-,outofstock
SKU-501926,Product 1927,,Metro Goods,288,38,1203.23,WH-ADE,05/09/2022,In Stock
SKU-501171,Product 1172,Software,Vertex Trading,795,118,186.69,WH-PER,unknown,In Stock
SKU-501928,Product 1929,Home,unknown,235,90,195.16,WH-SYD,17 May 2021,In Stock
SKU-501929,Product 1930,Software,Vertex Trading,581,100,AUD 500,ADE,08-23-2024,In Stock
SKU-501232,Product 1233,Home,Global Parts,571,144,"1.299,50",,11-03-2025,In Stock
SKU-501931,Product 1932,N/A,Nova Wholesale,1O0,76,1532.01,SYD, ,In Stock
SKU-501932,Product 1933,Office,GlobalParts,NaN,twenty,$99.99,WH-ADE,2021/06/21,In Stock
SKU-501933,Product 1934,Home,Prime Source,1O0,51,AUD 500,WH-BNE,2022/05/26,In Stock
SKU-501934,Product 1935,Office,GlobalParts,199,50,2310.97,ADE,2025-10-04,0
SKU-501935,N/A,Office,Prime Source,NaN,139,,Warehouse 1,2026-05-18,Low Stock
SKU-501936,Product 1937,soft ware,Metro Goods,898,112,$99.99,WH-ADE,29.07.2023,In Stock
SKU-501937,???,Home,Apex Supply,883,135,FREE,WH-ADE,missing,In Stock
SKU-501938,Product 1939,Home,PrimeSource,764,71,115.61,Sydney Warehouse,16.08.2023,In Stock
SKU-501939,Product 1940,Office,Global Parts,574,NaN,1161.47,WH-MEL,24 Sep 2026,
SKU-501940,???,Office,123,612,49,1692.09,ADE,2026-02-31,In Stock
SKU-501941,Product 1942,Software,PrimeSource,747,91,2287.75,wh-per ,08/12/2024,In Stock
SKU-501942,Product 1943,Software,Nova,153,50 units,,WH-ADE,2025-09-25,In Stock
SKU-501943,Product 1944,Accessories ,Apex,0.5,71,1432.67,WH-BNE,09-16-2024,In Stock
SKU-501944,Product 1945,Home,Metro Goods,ten,twenty,1295.59,WH-PER,unknown,In Stock
sku-501945,Product 1946,Office,PrimeSource,300,100,-250,WH-MEL,32 Jan 2025,In Stock
SKU-501946,Product 1947,Electronics,PrimeSource,700,31,2037.88,WH-SYD,none,In Stock
SKU-501947,123456,Software,Nova Wholesale,693,,FREE,WH-SYD,Feb 30 2025,In Stock
SKU-501948,Product 1949,Accessories,Global Parts,814,101,1981.78,WH-PER,30/06/2022,low
SKU-501949,Product 1950,Electronics,Apex Supply,97,142,1525.55,WH-BNE,01/08/2022,OOS
N/A,N/A,Home & Living,Nova Wholesale,406,145,"2 500,00",WH-MEL,,In Stock
12345,Product 1952,Home,Apex Supply,-1,78,"2 500,00",WH-SYD,2024/12/20,In Stock
SKU-501952,Product 1953,Accessories,PrimeSource,371,129,USD 120,WH-ADE,2026-02-31,outofstock
SKU-501953,Product 1954,Electronics,Metro Goods,340,-10,USD 120,unknown,09-27-2023,OOS
SKU 501954,123456,Office,N/A,672,NaN,2321.39,WH-SYD,99-99-9999,In Stock
SKU-501955,Product 1956,Accessories,PrimeSource,-1,104,597.4,WH-PER,2026/08/16,In Stock
SKU-501956,Product 1957,soft ware,Metro Goods,NaN,32,1462.94,WH-PER,2025-08-27,In Stock
SKU-501957,Product 1958,Home,Vertex Trading,575,125,"1,299.50",SYD,2022/09/24,In Stock
sku-501958,Product 1959,Home,123,615,124,820.7,WH-PER,12-09-2023,OOS
SKU-501959,Product 1960,Electronics,Nova Wholesale,356,81,9999999,WH-ADE,2025/02/16,In Stock
SKU-501960,???,Accessories,PrimeSource,37,68,9999999,WH-BNE,31/02/2026,Low Stock
SKU-501961,,Software,PrimeSource,"1,200",,USD 120,Melbourne WH,02/01/2024,In Stock
SKU-501962,Product 1963,ELECTRONICS ,Nova Wholesale,,50 units,452.42,ADE,03/03/2021,
SKU-501963,Product 1964,office supplies,Apex Supply,261,49,10O.50,WH-BNE,2022/01/25,In Stock
SKU-501964,Product 1965,Electronics,Nova Wholesale,496,90,1971.22,WH-MEL,01.02.2025,outofstock
SKU-501965,Unknown Item,Office,PrimeSource,302,9999,"1,299.50",WH-ADE,31/01/2021,In Stock
SKU-501966,Product 1967,,GlobalParts,264,40,1499.61,N/A,27 Nov 2025,N/A
SKU-501967,Product 1968,Electronics,Vertex Trading,200,,9999999,wh-per ,2022/02/16,0
SKU-501968,Product 1969,,PrimeSource,21,130,1280.38,WH-PER,none,Low Stock
SKU-501969,Product 1970,Software,Apex Supply,27,73,2415.19,WH-BNE,N/A,Low Stock
sku-501970,Product 1971,Software,Nova Wholesale,ten,98,323.83,SYD,NULL,
SKU-501971,Product 1972,Software,Metro Goods,"1,200",0,"1.299,50",WH-BNE,03 Jul 2022,
SKU-501972,,Office,Global Parts,NaN,124,1832.59,WH-bne,13 Jan 2023,In Stock
SKU-501973,Product 1974,N/A,Metro Goods,-1,24,657.99,N/A,25.03.2021,1
SKU-501974,Product 1975,Office,Vertex Trading,,58,2429.89,WH-SYD,05-28-2025,In Stock
SKU-501975,Product 1976,Home & Living,PrimeSource,500 units,twenty,780.36,WH-MEL,26/01/2026,In Stock
SKU-501976,Product 1977,Accessories ,,651,141,"1.299,50",WH-PER,01/10/2021,OOS
SKU-501977,N/A,Accessories ,Nova Wholesale,897,147,1367.12,SYD,25 Apr 2024,In Stock
SKU-501978,Product  1979,Software,Apex Supply,611,50 units,6.66,WH-PER,2022-11-18,In Stock
NULL,Product 1980,Electronics,N/A,397,32,9999999,unknown,01-25-2026,In Stock
SKU-501980,123456,,Nova Wholesale,999999,149,924.57,WH-SYD,09/11/2025,In Stock
SKU-501981,Product 1982,ELECTRONICS ,Apex Supply,731,64,1834.46,WH-bne,2026-06-26,outofstock
SKU-500055,product_name,electronics,Vertex Trading,-50,NaN,-250,WH-MEL,2023/02/18,N/A
SKU-501983,product_name,Home,Prime Source,436,75,1851.72,WH-BNE,2025/02/06,In Stock
NULL,Product 1985,Home,PrimeSource,587,,9999999,WH-SYD,2025-02-13,In Stock
SKU-501985,Product 1986,Home,Metro Goods,708,41,"1,299.50",WH-BNE,23.08.2025,In Stock
SKU-501986,Product 1987,Home,GlobalParts,171,N/A,1004.92,WH-BNE,2023/10/08,In Stock
SKU-501987,Product 1988,Software,Nova Wholesale,500 units,115,2244.07,WH-MEL,2023-09-14,Available
SKU-501988,Product 1989,Office,Vertex Trading,31,144,,Sydney Warehouse,2021/12/17,Low Stock
SKU-500405,Product,Accessories,Nova Wholesale,86,19,315.7,Melbourne WH,12/05/2025,low
SKU-501990,Product 1991,Software,Global Parts,439,1O,,WH-ADE,?,In Stock
SKU-501136,Product 1992,Software,Global Parts,-1,136,601.34,WH-PER,16.06.2023,In Stock
SKU-501992,Product 1993,office supplies,,352,"1,000",2074.48,WH-SYD,09 Apr 2022,0
SKU-501993,Product,Office,PrimeSource,51,"1,000",73.52,WH-MEL,2021/06/19,Low Stock
SKU-500546,Product 1995,Home,Global Parts,181,141,FREE,WH-ADE,,In Stock
SKU-501995,Product 1996,Home,Metro Goods,-1,65,1092.6,wh-per ,unknown,in stock
SKU-501996,Product 1997,Electronics,Nova Wholesale,-1,,1168.67,unknown,?,In Stock
SKU-501997,Product 1998,Office,PrimeSource,306,132,102.12,WH-MEL,11 Jul 2025,In Stock
SKU-501998,Product 1999,Accessories ,Apex Supply,75,31,1410.83,WH-PER,01/03/2026,In Stock
sku-501999,Product 2000,Office,Apex Supply,607,148,10O.50,WH-ADE,10/08/2022,in stock
,Product 2001,Accessories,PrimeSource,233,136,2430.97,WH-SYD,missing,In Stock
SKU-502001,,Software,Nova,N/A,NaN,608.09,WH-BNE,2024/04/02,INSTOCK
SKU-502002,Product 2003,Software,Global Parts,215,N/A,1265.06,N/A,null,In Stock
SKU-502003,Product,Software,Apex Supply,858,41,1357.62,WH-ADE,18 Jun 2022,0
SKU-502004,Product 2005,Accessories,unknown,,NaN,154.79,WH-ADE,2025/09/04,In Stock
SKU-502005,Product 2006,Software,Vertex Trading,477,0,783.41,,32 Jan 2025,In Stock
SKU-502006,Product 2007,Accessories,Nova Wholesale,541,138,2398.84,WH-PER,2026-13-44,In Stock
SKU-502007,Product 2008,Accessories ,Nova Wholesale,697,50 units,1202.08,WH-SYD,09-16-2021,INSTOCK
SKU-????,Product 2009,Home,Nova Wholesale,384,129,$99.99,SYD,19/04/2025,In Stock
SKU-502009,Product 2010,Software,Global Parts,,NaN,"1.299,50",WH-ADE,08-11-2022,In Stock
SKU-502010,Product 2011,Electronics,Global Parts,799,1O,875.23,unknown,01 Jun 2025,In Stock
SKU-502011,Product 2012,Software,Global Parts,443,1O,USD 120,WH-BNE,11-26-2025,In Stock
SKU-501769,Product 2013,Accessories,Nova Wholesale,ten,,1043.66,unknown,unknown,In Stock
SKU-502013,product_name,Home,Apex Supply,NaN,105,-250,WH-SYD,30/01/2025,In Stock
,Product 2015,Home,Global Parts,708,15,479.41,WH-MEL,06 Nov 2021,In Stock
SKU-502015,Product 2016,accessory,PrimeSource,139,41,2376.5,WH-PER,04/08/2022,In Stock
SKU-502016,Product 2017,Electronics,Nova Wholesale,166,61,691.0,WH-MEL,N/A,In Stock
SKU-502017,Product 2018,OFFICE,Apex Supply,459,1O,2324.89,WH-ADE,2026-09-22,In Stock
SKU-502018,Product 2019,Home,Nova Wholesale,,140,924.54,Warehouse 1,04-15-2023,Low Stock
SKU-502019,Product 2020,Electronics,Global Parts,250,141,"2 500,00",WH-PER,2024-02-13,In Stock
SKU-502020,123456,Office,Global Parts,472,1O,9999999,unknown,30 Oct 2023,N/A
N/A,Product,Home,Global Parts,999999,1O,1701.69,unknown,2026-04-23,In Stock
SKU-502022,,Accessories ,Apex Supply,30,130,2075.95,WH-bne,03.07.2026,Low Stock
SKU-502023,Product 2024,Accessories,Vertex Trading,270,"1,000","1.299,50",WH-SYD,not-a-date,low
SKU-500006,Product 7,Office,Apex Supply,818,102,AUD 500,WH-ADE,2023/12/08,In Stock
SKU-502025,Product 2026,Software,,131,70,1405.49,N/A,2026-02-31,In Stock
SKU-502026,Product 2027,Home,N/A,15,125,1997.8,WH-ADE, ,Low Stock
NULL,???,Accessories,Nova Wholesale,NaN,,"1.299,50",WH-PER,2022-05-14,LOW STOCK 
NULL,Product 2029,accessory,Vertex Trading,396,122,888.08,Melbourne WH,2022-04-28,In Stock
SKU-502029,Product 2030,Accessories,Global Parts,296,120,,WH-MEL,01 Nov 2021,outofstock
SKU-502030,Product 2031,Electronics,Apex,511,37,-250,unknown,unknown,In Stock
SKU-502031,Unknown Item,Home,Vertex Trading,N/A,85,1103.54,WH-PER,2022-07-13,In Stock
SKU-502032,Product 2033,Software,PrimeSource,178,21,1996.57,WH-BNE,18/05/2022,In Stock
sku-502033,Product 2034,OFFICE,PrimeSource,754,,1076.35,WH-SYD,32 Jan 2025,In Stock
SKU-502034,,Accessories,Apex,743,135,1151.26,WH-SYD,12-06-2021,LOW STOCK 
SKU-502035,Product,Office,Vertex Trading,-50,82,1507.62,WH-ADE,26.03.2024,In Stock
SKU-502036,Product 2037,Home,Nova Wholesale,30,92,282.37,ADE,   ,Low Stock
SKU-502037,Product 2038,Software,GlobalParts,1O0,134,-250,WH-ADE,06/11/2022,In Stock
SKU-502038,N/A,Software,Nova Wholesale,331,134,9999999,WH-PER,21 Mar 2023,in stock
SKU-502039,product_name,Office,PrimeSource,265,79,995.02,WH-ADE,27.09.2021,In Stock
SKU-502040,Product 2041,Electronics,Metro Goods,1O0,146,1975.82,Warehouse 1,13/13/26,Available
SKU-502041,Product 2042 ,Accessories,Global Parts,774,64,716.62,WH-SYD,2026/04/21,In Stock
SKU-502042,Product 2043,Accessories ,Global Parts,ten,9999,840.98,WH-BNE,04.10.2023,1
SKU-502043,Product 2044,Accessories,Apex Supply,381,119,939.4,ADE,13 Oct 2021,In Stock
SKU-502044,Product 2045,Office,Apex Supply,672,106,1146.84,Sydney Warehouse,2025-01-09,1
SKU-502045,Product,Electronics,Nova,393,30,1558.19,WH-PER,05-04-2023,Not Available
SKU-502046,Product 2047,Accessories ,Global Parts,57,50 units,2227.47,Sydney Warehouse,2025/08/09,in stock
SKU-502047,Product 2048,OFFICE,Apex Supply,411,98,FREE,WH-SYD,13/13/26,In Stock
12345,Product 2049,Accessories,Apex Supply,-50,131,FREE,WH-MEL,Feb 30 2025,In Stock
SKU-502049,Product 2050,Accessories,Nova Wholesale,555,42,1321.59,WH-MEL,07/06/2025,In Stock
SKU-502050,Product 2051,Office,Nova Wholesale,608,30,786.15,Sydney Warehouse,31/02/2026,outofstock
SKU 502051,Product 2052,Unknown,Metro Goods,"1,200",21,549.1,WH-PER,null,In Stock
SKU-502052,Product 2053,Electronics,PrimeSource,224,109,1396.1,WH-BNE,08 Jul 2021,In Stock
N/A,???,Software,N/A,999999,9999,USD 120,WH-BNE,30.09.2023,Not Available
SKU-502054,,Electronics,Metro Goods,541,,865.76,WH-SYD,   ,In Stock
SKU-502055,Product,ELECTRONICS ,Apex Supply,336,55,1708.52,,23 Feb 2022,In Stock
SKU-502056,Product 2057,Electronics,Global Parts,88,NaN,9999999,Sydney Warehouse,05 Apr 2024,Not Available
sku-502057,Product 2058,Home & Living,Apex Supply,421,124,1452.65,WH-ADE,2025-06-09,In Stock
SKU-502058,product_name,electronics,Apex Supply,353,15,2102.7,,Feb 30 2025,In Stock
SKU-502059,Product 2060,N/A,Apex Supply,172,67,513.28,Warehouse 1,16 Dec 2025,INSTOCK
SKU-502060,Product 2061,Home,Apex Supply,111,75,"1,299.50",WH-SYD,2022/08/08,In Stock
SKU-502061,Product 2062,Office,Vertex Trading,-50,125,N/A,WH-PER,31/02/2026,In Stock
SKU-502062,Product 2063,accessory,Metro Goods,742,twenty,AUD 500,WH-bne,01.02.2021,In Stock
SKU-502063,,Software,Vertex Trading,171,139,152.35,Melbourne WH,2025/06/10,low
SKU-502064,Product 2065,office supplies,Apex Supply,750,-10,$99.99,Sydney Warehouse,03-18-2022,1
SKU-502065,123456,ELECTRONICS ,Apex Supply,425,93,76.37,WH-PER,2026-13-44,In Stock
SKU-502066,Product 2067,Electronics,Nova Wholesale,216,30,698.08,WH-SYD,2024-03-24,In Stock
12345,Product 2068,Electronics,Nova Wholesale,882,45,450.59,WH-PER,23.10.2021,In Stock
SKU-502068,Product 2069,,Nova Wholesale,275,twenty,676.39,WH-MEL,NA,Available
SKU-502069,Product 2070,ELECTRONICS ,Vertex Trading,-1,42,N/A,WH-PER,17/04/2026,Low Stock
SKU-502070,Product 2071,Home,Apex Supply,647,71,1553.25,SYD,2021-03-18,Available
12345,Product 2072,Office,Nova Wholesale,NaN,106,"1.299,50",WH-ADE,2025-09-29,Low Stock
SKU-502072,Product 2073,Accessories,Metro Goods,653,112,818.63,WH-SYD,2025-12-28,In Stock
SKU-502073,123456,electronic,PrimeSource,862,16,578.09,WH-SYD,2025-12-22,in stock
SKU-502074,Product 2075,soft ware,GlobalParts,786,146,$99.99,WH-SYD,2021/08/08,In Stock
SKU-502075,Product 2076,OFFICE,Nova,805,46,AUD 500,SYD,missing,In Stock
SKU-502076,123456,Electronics,Metro Goods,"1,200",NaN,"1.299,50",WH-PER,2021-02-14,
SKU-502077,Product 2078,Home,Metro Goods,"1,200",48,1016.06,unknown, ,In Stock
SKU-502078,,Accessories,Metro Goods,350,,755.95,wh-per ,none,In Stock
,Product 2080,Accessories ,Prime Source,296,150,1884.54,WH-PER,not-a-date,In Stock
SKU-502080,Product 2081,Software,PrimeSource,215,0,1027.03,WH-SYD,14/06/2024,In Stock
SKU-502081,Product 2082,Electronics,GlobalParts,839,147,AUD 500,WH-PER,2023/06/20,In Stock
NULL,Unknown Item,Accessories,Prime Source,"1,200",133,1292.98,,15.02.2025,In Stock
SKU-500406,Product 2084,Home,Global Parts,205,27,2356.93,wh-per ,07-07-2026,unknown
SKU-502084,Product 2085,ELECTRONICS ,Global Parts,718,N/A,1840.04,WH-BNE,31/02/2026,In Stock
SKU-502085,Product 2086,Home & Living,Metro Goods,-1,,2404.07,WH-MEL,30.08.2026,In Stock
SKU-502086,Product 2087,Software,Metro Goods,709,20,,ADE,13 Aug 2024,In Stock
SKU-502087,Product 2088,Electronics,Global Parts,"1,200",91,997.0,,99-99-9999,Not Available
SKU-502088,Product,office supplies,Metro Goods,730,71,1033.49,WH-ADE,07/05/2025,In Stock
NULL,product_name,Software,Global Parts,41,,USD 120,unknown,01-04-2021,Low Stock
SKU-502090,Product 2091,Accessories ,Metro Goods,NaN,99,1762.66,WH-SYD,2023-01-31,in stock
NULL,Product 2092,electronic,Global Parts,,"1,000",FREE,WH-BNE,unknown,In Stock
SKU-502092,Product 2093,electronics,PrimeSource,702,52,9999999,WH-MEL,NA,In Stock
SKU-502093,Product 2094,Accessories,Global  Parts,552,122,1198.02,WH-SYD,06 Feb 2024,INSTOCK
SKU-502094,Product 2095,Home & Living,N/A,550,43,2432.1,WH-BNE,10-23-2024,In Stock
SKU-502095,Product 2096,Office,Nova Wholesale,26,55,10O.50,,2025/10/03,Low Stock
12345,Product 2097,Home,Metro Goods,519,32,9999999,WH-bne,2023-03-02,In Stock
NULL,Unknown Item,Accessories,Apex Supply,635,81,2046.23,WH-BNE,02/10/2023,1
SKU-502098,N/A,Home,Apex Supply,"1,200",67,1413.02,wh-per ,2021-12-31,In Stock
SKU-502099,???,,Nova Wholesale,0.5,37,,WH-SYD,28.01.2023,INSTOCK
SKU-500148,???,electronic,123,707,20,1755.18,WH-BNE,2025-02-16,N/A
SKU-502101,Product 2102,Accessories,unknown,1O0,39,9999999,WH-PER,23/03/2022,In Stock
SKU-502102,Product 2103,Accessories,Global Parts,476,128,N/A,WH-ADE,N/A,In Stock
SKU-502103,Unknown Item,Accessories,PrimeSource,755,89,797.11,WH-PER,2022-10-02,In Stock
SKU-502104,Product 2105,electronic,Nova Wholesale,376,41,2467.68,,11-05-2022,unknown
SKU-502105,Product 2106,Accessories,PrimeSource,,50 units,2346.91,WH-SYD,NA,In Stock
SKU-502106,Product 2107,Home,123,500 units,29,1158.83,WH-MEL,07.02.2025,In Stock
SKU-502107,Product 2108,Accessories,unknown,503,47,,WH-MEL,13/13/26,In Stock
SKU 502108,,Accessories,unknown,228,25,215.15,WH-MEL,26 Jan 2026,In Stock
SKU-502109,Product 2110,Home,Nova Wholesale,138,23,58.26,WH-MEL,2025-09-03,In Stock
SKU-502110,Product 2111,Software,Vertex Trading,482,NaN,113.16,WH-MEL,11 Mar 2026,unknown
SKU-502111,Product 2112,Home,Apex Supply,189,68,2365.95,WH-SYD,02-14-2024,In Stock
SKU-502112,Product 2113,Electronics,Apex Supply,-1,49,N/A,WH-MEL,31/02/2026,LOW STOCK 
SKU-501944,Product 2114,Unknown,Apex Supply,367,106,2411.8,wh-per ,2022-11-06,In Stock
SKU-502114,Product 2115,N/A,Metro Goods,-50,N/A,2499.03,WH-MEL,04 Aug 2026,In Stock
SKU-502115,Product 2116,N/A,Vertex Trading,-50,79,1530.42,WH-SYD,,In Stock
SKU-502116,Product 2117,Accessories ,Apex Supply,269,twenty,FREE,WH-ADE,11 May 2021,outofstock
SKU-502117,Unknown Item,Office,PrimeSource,886,107,,WH-BNE,?,Not Available
12345,Product 2119,Accessories,Apex Supply,634,23,1629.28,Melbourne WH,08-26-2026,
12345,Product 2120,Home,Global Parts,500 units,18,$99.99,WH-BNE,24 Dec 2022,In Stock
SKU-502120,Product 2121,Accessories,Global Parts,149,103,1965.87,WH-MEL,2025/00/12,In Stock
SKU-502121,Product 2122,Electronics,PrimeSource,-1,29,2344.84,Sydney Warehouse,NA,In Stock
SKU-502122,Product 2123,Accessories,123,217,-10,1620.02,WH-MEL,01 Sep 2024,In Stock
SKU-502123,Product 2124,,Vertex Trading,-1,74,"1.299,50",WH-MEL,?,Not Available
SKU-502124,Product 2125,Accessories,Nova,875,61,1706.33,WH-SYD,10.02.2024,In Stock
SKU-502125,Product 2126,Office,Global Parts,741,21,1522.57,WH-BNE,NA,In Stock
SKU-502126,Product 2127,Electronics,unknown,504,24,1579.1,WH-SYD,31.03.2026,Available
SKU-502127,Product 2128,Software,Apex Supply,500 units,110,173.67,WH-ADE,03-11-2021,In Stock
SKU 502128,???,Accessories,Nova Wholesale,431,131,1225.4,Sydney Warehouse,04 Mar 2022,In Stock
N/A,Product 2130,Home,Metro Goods,386,106,,WH-bne,2025/00/12,In Stock
SKU-502130,Product,Electronics,Metro Goods,748,90,1968.01,WH-MEL,03-27-2022,In Stock
SKU-501223,Product 1224,ELECTRONICS ,Vertex Trading,495,39,535.3,WH-PER,17.10.2021,N/A
SKU-502132,Product 2133,Unknown,Apex Supply,152,121,,WH-SYD,01-24-2025,In Stock
SKU-502133,Product 2134,Software,Nova,660,115,535.44,unknown,30 Jan 2021,OOS
SKU-502134,Product 2135,Home & Living,Metro Goods,500,0,1988.33,WH-ADE,29 Nov 2022,In Stock
SKU-502135,???,,Metro Goods,999999,NaN,2211.98,WH-MEL,missing,In Stock
SKU-502136,Product 2137,Accessories,Vertex Trading,501,25,1862.68,wh-per ,30.01.2024,In Stock
SKU-502137,Product 2138,Electronics,Apex,246,115,747.76,WH-MEL,2025-10-31,LOW STOCK 
SKU-502138,N/A,Office,123,999999,17,1604.1,WH-BNE,2025/00/12,In Stock
SKU-502139,Product 2140,Office,N/A,999999,86,"2 500,00",WH-MEL,?,In Stock
SKU-502140,product 2141,Software,Nova Wholesale,803,55,FREE,WH-ADE,10 Jan 2022,In Stock
SKU-502141,N/A,Software,PrimeSource,216,twenty,1559.67,WH-PER,   ,In Stock
SKU-502142,Product 2143,Accessories,Metro Goods,487,142,,Warehouse 1,2026-05-28,
SKU-502143,Unknown Item,Accessories,Prime Source,0.5,125,AUD 500,WH-MEL,18 May 2025,in stock
SKU-502144,Product 2145,soft ware,Apex Supply,193,9999,AUD 500,WH-MEL,2023/01/06,In Stock
SKU-502145,Unknown Item,Home,Apex,"1,200",36,1653.38,unknown,24/01/2024,in stock
SKU-502146,Product,Accessories,,475,21,1624.74,WH-ADE,19/01/2023,In Stock
SKU-501031,Product 1032,Software,Nova Wholesale,0.5,50 units,USD 120,WH-BNE,20.12.2025,In Stock
SKU-502148,Product 2149,Office,Nova Wholesale,0.5,30,860.13,WH-BNE,14/09/2023,In Stock
SKU-502149,Product 2150,Software,Apex Supply,N/A,48,708.4,WH-BNE,2024/01/16,In Stock
SKU-502150,Product 2151,Home,Nova Wholesale,567,115,2298.93,unknown,30.03.2025,In Stock
SKU-500640,Product 2152,Home,Vertex Trading,417,142,1750.12,WH-PER,01.01.2023,Not Available
SKU-502152,123456,Software,PrimeSource,664,0,894.81,WH-BNE,2024/10/02,In Stock
SKU-502153,product_name,Accessories ,Vertex Trading,170,23,USD 120,WH-PER,25 Apr 2026,In Stock
SKU-502154,Product 2155,Accessories ,123,142,22,473.59,WH-bne,31/02/2026,In Stock
SKU-502155,Product 2156,accessory,PrimeSource,180,115,1473.71,WH-MEL,11 Sep 2026,In Stock
SKU-502156,Product 2157,,unknown,143,0,2008.08,WH-bne, ,In Stock
SKU-502157,Product 2158,Software,Nova Wholesale,768,35,732.82,WH-MEL,11-30-2025,outofstock
SKU-502158,Product 2159,Home,Nova Wholesale,1O0,40,127.99,WH-BNE,26.05.2024,In Stock
SKU-502159,Product 2160,Home,unknown,337,135,771.95,WH-ADE,2026-02-31,low
SKU-????,Product 2161,Office,Vertex Trading,259,twenty,-250,WH-MEL,?,In Stock
SKU-502161,Product 2162,Home & Living,GlobalParts,1O0,85,1742.05,WH-MEL,NULL,In Stock
SKU-502162,Product 2163,office supplies,Vertex Trading,276,150,1859.29,WH-MEL,07-03-2025,1
NULL,Product 2164 ,Home,PrimeSource,260,NaN,,WH-ADE,NA,1
SKU-502164,Product 2165,Home,123,519,15,1553.86,WH-ADE,11.03.2021,In Stock
SKU-502165,product_name,Electronics,123,371,59,$99.99,WH-SYD,03/03/2026,outofstock
SKU-502166,Product 2167,Accessories,Global Parts,463,twenty,"1,299.50",WH-MEL,28.09.2021,In Stock
SKU-502167,Product 2168,accessory,123,0.5,83,AUD 500,WH-MEL,2023/08/15,low
SKU-502168,Product 2169,ELECTRONICS ,Nova  Wholesale,811,50 units,2292.17,WH-MEL,06-08-2023,In Stock
SKU-502169,Product 2170,soft ware,Global Parts,453,,110.59,WH-SYD,08-05-2022,In Stock
SKU-502170,Product 2171,Office,N/A,124,30,2282.46,WH-SYD,13/13/26,In Stock
12345,Product 1835,accessory,Global Parts,686,93,952.02,WH-ADE,2024/12/14,In Stock
SKU-502172,Product 2173,Electronics,Metro Goods,500 units,103,"2 500,00",WH-ADE,27 Jul 2023,In Stock
SKU-502173,123456,Unknown,Apex Supply,415,76,754.76,WH-BNE,2025/12/11,LOW STOCK 
SKU-502174,Unknown Item,N/A,Apex Supply,284,43,1548.96,WH-PER,11/03/2021,In Stock
SKU-502175,Product 2176,electronics,unknown,561,117,2220.9,WH-MEL,27.02.2022,In Stock
sku-502176,Product 2177,Electronics,,279,"1,000",2224.26,Sydney Warehouse,2021/06/26,In Stock
SKU-502177,Product 2178,Home & Living,PrimeSource,494,46,1162.11,WH-bne,2026/04/30,In Stock
SKU-????,Product 2179,Office,Apex Supply,257,146,544.31,WH-MEL,11/12/2022,In Stock
SKU-502179,Product 2180,ELECTRONICS ,Global Parts,-50,132,1258.49,WH-SYD,2022-05-15,In Stock
SKU 502180,Product 2181,Home,Global Parts,10,86,881.59,Warehouse 1,05 Oct 2021,Available
,,Unknown,Nova Wholesale,73,92,1218.82,WH-MEL,2026/06/23,0
SKU-502182,Product 2183,Office,Nova,N/A,-10,1647.54,WH-PER,2026-05-13,OOS
SKU-502183,Product 2184,Electronics,Vertex Trading,-1,9999,228.64,WH-ADE,2021/10/03,In Stock
SKU-502184,Product 2185,Unknown,Prime Source,847,96,"1.299,50",WH-MEL,?,In Stock
SKU 502185,Product 2186,Office,Vertex Trading,526,21,2164.79,WH-PER,32 Jan 2025,In Stock
SKU-502186,Product 2187,office supplies,unknown,606,,"1.299,50",WH-MEL,06 Jan 2022,Available
SKU-502187,Product 2188,Software,PrimeSource,612,0,704.76,wh-per ,14/07/2025,In Stock
SKU-501967,product_name,Electronics,GlobalParts,,111,890.29,WH-BNE,2022/09/04,INSTOCK
SKU-502189,Product 2190,OFFICE,unknown,999999,twenty,1925.53,WH-ADE,NA,low
SKU-502190,Product 2191,Software,Apex,0.5,23,,WH-PER,02-11-2024,in stock
SKU-502191,Product 2192,N/A,PrimeSource,1O0,61,290.04,SYD,2025/00/12,In Stock
SKU-502192,Product 2193,Accessories,Nova Wholesale,473,142,1002.08,Sydney Warehouse,none,In Stock
SKU-500494,Product 2194,Office,Metro Goods,479,103,119.14,WH-BNE,2022-12-01,In Stock
SKU-502194,Product 2195,Home,PrimeSource,121,50 units,2238.49,WH-SYD,28.08.2022,In Stock
SKU-502195,Product 2196,soft ware,Nova Wholesale,821,127,2444.34,WH-SYD,2026-13-44,In Stock
SKU-502196,Product 2197,Electronics,Metro Goods,0.5,,306.39,WH-ADE,   ,In Stock
SKU-502197,Product,Home,Metro Goods,880,87,121.53,Sydney Warehouse,24.03.2026,In Stock
SKU-502198,product_name,N/A,Apex Supply,1O0,26,"1.299,50",WH-BNE,11/08/2026,In Stock
SKU-502199,Product 2200,office supplies,Metro Goods,290,104,9999999,WH-ADE,null,In Stock
SKU-502200,123456,ELECTRONICS ,Nova,404,129,1505.35,WH-BNE,2022/10/24,Available
SKU-502201,Product 2202,Unknown,Metro Goods,327,17,2384.56,WH-SYD,30/01/2022,in stock
SKU-500840,Product 841,Software,Prime Source,69,126,110.89,WH-PER,2025/00/12,Low Stock
SKU-502203,Product 2204,Home,PrimeSource,25,1O,2131.1,WH-bne,06.09.2024,Low Stock
SKU-502204,Product 2205,Home,Prime Source,-50,-10,1483.25,,08-12-2023,In Stock
SKU-502205,N/A,ELECTRONICS ,Apex Supply,725,N/A,200.7,WH-SYD,19.03.2025,In Stock
SKU-502206,Product 2207,Home,Nova Wholesale,,48,1721.59,WH-BNE,12.05.2026,Available
SKU-502207,Unknown Item,Electronics,Nova Wholesale,679,52,49.41,WH-ADE,30/04/2023,In Stock
N/A,123456,Accessories,Apex Supply,500 units,100,"1,299.50",WH-SYD,?,In Stock
SKU-502209,Product 2210,Home,,234,0,206.98,WH-PER,02/10/2024,In Stock
SKU-502210,Product 2211,Electronics,Global Parts,ten,103,1374.92,WH-bne,2023/02/05,Available
SKU-502211,,ELECTRONICS ,Global Parts,144,37,1767.43,WH-BNE,03-07-2023,unknown
SKU-502212,Product 2213,electronic,Metro Goods,"1,200",31,1622.81,WH-BNE,08.05.2022,In Stock
SKU-502213,???,office supplies,Prime Source,"1,200",102,1740.8,SYD,11-14-2021,In Stock
SKU-502214,Product 2215,Office,PrimeSource,-50,119,982.75,WH-ADE,23.11.2022,Low Stock
SKU-????,Product 2216,accessory,GlobalParts,1O0,77,32.37,Sydney Warehouse,2025/00/12,In Stock
SKU-502216,Product 2217,Accessories,Metro Goods,1O0,NaN,849.97,WH-MEL,28.03.2026,In Stock
SKU-502217,Product 2218,Accessories,Prime Source,367,0,2224.15,WH-BNE,32 Jan 2025,In Stock
SKU-502218,Product 2219,Accessories,Vertex Trading,N/A,61,USD 120,WH-SYD,2026-02-31,In Stock
SKU-502219,???,Software,Vertex Trading,159,87,2442.61,Warehouse 1,01-04-2021,In Stock
SKU-502220,123456,Software,PrimeSource,590,78,,WH-SYD,30 Apr 2025,In Stock
SKU-502070,Product 2071,Home,Apex Supply,647,71,1553.25,SYD,2021-03-18,Available
NULL,,Home & Living,Global Parts,455,9999,1550.76,WH-BNE,2021-10-22,In Stock
SKU-502223,Product 2224,Unknown,Vertex Trading,543,63,-250,WH-BNE,none,In Stock
sku-502224,Product 2225,Home,PrimeSource,762,9999,FREE,unknown,11 Apr 2021,In Stock
SKU-502225,PRODUCT 2226,electronics,Apex Supply,426,115,1505.43,WH-SYD,09.11.2022,In Stock
SKU-502226,Product 2227,Office,Global Parts,1O0,twenty,"1,299.50",WH-ADE,2025-04-17,INSTOCK
SKU-502227,Product 2228,Accessories,123,515,0,1200.76,WH-ADE,12-03-2021,In Stock
SKU-502228,Product 2229,Electronics,Apex Supply,0.5,twenty,310.87,N/A,09/03/2024,In Stock
SKU-502229,Product 2230,Office,Apex Supply,370,88,1820.2,WH-PER,2021-03-06,In Stock
NULL,123456,N/A,PrimeSource,"1,200",92,84.86,WH-MEL,03-16-2025,in stock
SKU-502231,Product 2232,Electronics,Prime Source,722,116,1135.62,WH-PER,08 Nov 2023,In Stock
SKU-502232,Product 2233,Office,Global Parts,131,50 units,1473.52,WH-BNE,10-08-2023,Low Stock
SKU 502233,???,electronics,PrimeSource,1O0,141,10O.50,ADE,05.03.2026,In Stock
SKU-502234,???,Accessories,Global Parts,374,65,1753.46,N/A,2024-06-17,In Stock
SKU-502235,Product 2236,electronic,PrimeSource,1O0,100,USD 120,WH-PER,01-30-2022,In Stock
SKU-502236,N/A,accessory,Metro Goods,-50,,111.89,WH-bne,02 Aug 2022,In Stock
SKU-502237,product_name,Accessories,Metro Goods,603,146,9999999,WH-MEL,,unknown
SKU-502238,???,Accessories,GlobalParts,520,133,AUD 500,WH-ADE,2026-08-17,N/A
SKU-502239,Product 2240,office supplies,Vertex Trading,560,83,FREE,WH-SYD,2026-02-31,In Stock
SKU-502240,Product 2241,OFFICE,Nova,ten,34,1940.59,WH-BNE,Feb 30 2025,In Stock
SKU-502241,123456,Software,PrimeSource,277,34,"2 500,00",WH-ADE,32 Jan 2025,1
SKU-502242,Product 2243,Office,Apex Supply,740,-10,USD 120,WH-SYD,2021/11/14,In Stock
SKU-502243,Product 2244,Accessories,Vertex Trading,411,24,9999999,WH-ADE,07.03.2022,In Stock
SKU-502244,Product 2245,Software,PrimeSource,112,48,2325.57,WH-SYD,24.03.2026,In Stock
SKU-502245,Product 2246,Accessories,Vertex Trading,405,19,1816.68,WH-PER,13/13/26,1
SKU-502246,product_name,Electronics,Apex Supply,593,71,2486.34,WH-BNE,06-18-2021,outofstock
SKU-502247,Product 2248,Accessories ,N/A,511,114,10O.50,WH-SYD,20/11/2024,In Stock
SKU-502248,Product,Office,Metro Goods,816,31,250.05,WH-SYD,2022-01-27,In Stock
12345,Product 2250,soft ware,Metro Goods,129,"1,000",1589.03,WH-MEL,2021-09-04,Low Stock
SKU-502250,Product 2251,Software,Apex Supply,500 units,122,AUD 500,WH-ADE,2025-03-10,In Stock
SKU-501890,Product 2252,Accessories ,Apex Supply,641,,-250,WH-PER,01.12.2021,Available
SKU-502252,Product 2253,Accessories ,Prime Source,658,104,"1.299,50",WH-ADE,15.04.2021,In Stock
SKU-502253,Product 2254,Accessories,Prime Source,98,twenty,94.04,WH-BNE,15/01/2021,Low Stock
SKU-502254,Product 2255,Electronics,Apex Supply,999999,73,2454.46,WH-BNE,32 Jan 2025,In Stock
SKU-502255,Product 2256,Electronics,Global Parts,598,50,72.01,WH-ADE,10 Mar 2021,In Stock
SKU-502256,Product 2257,Electronics,PrimeSource,843,twenty,9999999,,08-13-2021,In Stock
,Product,Software,N/A,732,145,1405.99,SYD,2022/09/19,LOW STOCK 
SKU-502258,Product 2259,Electronics,Apex Supply,NaN,116,1373.56,SYD,15 Dec 2022,In Stock
NULL,Product 2260,N/A,N/A,286,77,2130.41,unknown,null,In Stock
SKU-502260,Product 2261,,Nova,651,86,AUD 500,WH-ADE,04-01-2021,In Stock
SKU-502261,Product 2262,Accessories ,Prime Source,500,34,856.64,WH-BNE,not-a-date,In Stock
sku-502262,Product 2263,electronic,Global Parts,815,119,AUD 500,WH-SYD,2021/12/27,N/A
SKU-502263,Product 2264,Electronics,Nova Wholesale,N/A,58,308.92,ADE,10-28-2022,In Stock
SKU-502264,Product 2265,Software,Vertex Trading,-1,9999,82.71,WH-PER,02-02-2023,Low Stock
SKU-502265,Product 2266,Software,Global Parts,66,31,FREE,N/A,2021-09-25,In Stock
SKU-502266,Product 2267,Unknown,Nova Wholesale,377,35,1697.81,WH-ADE,2023-05-18,In Stock
SKU-502267,Product 2268,OFFICE,GlobalParts,382,42,32.18,SYD,2022/09/06,In Stock
SKU-502268,Product 2269,Electronics,Nova Wholesale,42,22,FREE,WH-BNE,03 Jan 2024,unknown
SKU-502269,N/A,Home,Nova Wholesale,749,31,USD 120,Melbourne WH,20.06.2021,In Stock
N/A,Product 2271,Home,Nova Wholesale,585,81,2250.42,WH-PER,10-27-2023,In Stock
SKU-502271,Product 2272,Electronics,Metro Goods,495,146,N/A,WH-MEL,null,In Stock
SKU-502272,Product,Home,N/A,NaN,63,"2 500,00",N/A,29 Oct 2024,In Stock
SKU-502273,Product 2274,Home,Apex Supply,-50,78,1710.37,WH-BNE,2021/10/26,In Stock
SKU-502274,Product,Office,PrimeSource,-50,84,1306.37,WH-PER,2022-03-28,Low Stock
sku-502275,PRODUCT 2276,Electronics,Metro Goods,ten,30,914.58,WH-PER,07-29-2025,In Stock
SKU-502276,Product 2277,Home,Vertex Trading,118,N/A,1662.09,WH-BNE,24 Nov 2024,In Stock
SKU-502277,Unknown Item,Accessories,Nova Wholesale,999999,124,"1,299.50",WH-PER,16/07/2026,In Stock
SKU-502278,Product 2279,Accessories ,Nova Wholesale,154,"1,000","1,299.50",WH-MEL,16/09/2026,
SKU-502279,Product 2280,Home,Global Parts,16,47,"1,299.50",unknown,04.06.2021,0
SKU-????,Product 2281,Electronics,Vertex Trading,252,-10,$99.99,WH-BNE,03-16-2022,In Stock
sku-500510,Product 511,Accessories,Nova Wholesale,317,115,USD 120,,2026-08-29,In Stock
SKU-502282,???,OFFICE,Vertex Trading,772,121,$99.99,SYD,18/03/2026,In Stock
SKU-502283,???,Accessories,Prime Source,216,50,1032.36,unknown,2025/00/12,In Stock
12345,Product 2285,N/A,PrimeSource,999999,92,1685.19,WH-PER,13/04/2025,OOS
SKU-502285,123456,electronic,Metro Goods,583,,2354.86,wh-per ,2024-02-04,In Stock
N/A,Product 2287,Accessories ,Apex Supply,458,126,"2 500,00",,2021-05-26,Available
N/A,Product 2288,ELECTRONICS ,Vertex Trading,721,9999,703.89,WH-BNE,99-99-9999,In Stock
SKU-502288,Product 2289,soft ware,Nova Wholesale,739,59,1340.64,WH-MEL,02-04-2023,In Stock
SKU-502289,Product 2290,Accessories,Global Parts,209,127,2178.8,WH-PER,2021-03-08,In Stock
SKU-502290,Product 2291,Home,PrimeSource,30,"1,000",28.42,WH-PER,28/05/2021,INSTOCK
SKU-502291,Product 2292,Accessories,PrimeSource,ten,100,$99.99,WH-PER,2022/09/13,Low Stock
SKU-502292,Product 2293,Office,Global Parts,351,twenty,782.6,Melbourne WH,2021/11/26,In Stock
SKU-502293,Product 2294,Office,Apex Supply,,101,345.5,WH-PER,04 Feb 2026,1
sku-502294,Product 2295,Home & Living,Global Parts,614,1O,49.96,N/A,2025-02-05,OOS
SKU-502295,Product 2296,Electronics,,472,132,10O.50,WH-BNE,31/02/2026,In Stock
SKU-502296,Product 2297,soft ware,Vertex Trading,878,76,1637.58,WH-PER,09-25-2022,Not Available
SKU-502297,Product 2298,Home,Vertex Trading,848,91,USD 120,WH-SYD,24.06.2023,In Stock
SKU-502298,Product 2299,Accessories,Nova Wholesale,845,15,1512.11,WH-ADE,30.09.2025,In Stock
SKU-502299,Product 2300,Accessories ,Apex Supply,652,NaN,"1.299,50",WH-PER,Feb 30 2025,In Stock
SKU-502300,Product,Software,Vertex Trading,370,100,1381.43,WH-PER,?,
SKU-502301,Product 2302,Electronics,Nova,577,twenty,443.74,WH-MEL,2021/04/04,In Stock
SKU-502302,Product,ELECTRONICS ,Apex Supply,18,-10,$99.99,WH-SYD,2022/01/30,Low Stock
SKU-502303,Product 2304,Accessories,Nova,814,"1,000",1081.29,WH-ADE,2026-02-31,In Stock
SKU-502304,Product 2305,Home & Living,Metro Goods,2,104,410.81,WH-BNE,2021/10/19,Low Stock
SKU-502305,Product 2306,OFFICE,Global Parts,409,122,1333.16,SYD,2025/10/12,LOW STOCK 
SKU-502306,Product 2307,accessory,Apex Supply,443,-10,241.78,N/A,07-05-2025,In Stock
SKU-502307,Product 2308,Software,  Apex Supply  ,319,68,1812.5,WH-BNE,31/02/2026,in stock
SKU-502308,Product 2309,,Prime Source,143,100,"2 500,00",WH-ADE,31/02/2026,In Stock
SKU 502309,Product 2310,ELECTRONICS ,Vertex Trading,471,44,826.08,WH-PER,none,In Stock
SKU-502310,Product 2311,Home & Living,Global Parts,59,76,1242.99,WH-MEL,2021/09/03,Low Stock
SKU-502311,Product 2312,N/A,Metro Goods,236,"1,000",2286.92,WH-SYD,04-17-2022,In Stock
SKU-502312,Product 2313,Home,Apex Supply,269,86,1051.06,WH-PER,02/09/2025,In Stock
SKU-501823,Product 2314,Office,APEX SUPPLY,999999,91,2099.42,WH-BNE,11-23-2023,Available
SKU-502314,,electronic,Vertex Trading,765,89,1586.08,WH-BNE,23/03/2021,In Stock
SKU-????,Unknown Item,,Nova Wholesale,781,twenty,223.01,wh-per ,29.06.2026,In Stock
SKU-????,Product 2317,Accessories,Metro Goods,607,"1,000",51.89,WH-SYD,27 Jul 2021,In Stock
sku-502317,Product 2318,Accessories,Global Parts,524,92,-250,Sydney Warehouse,missing,In Stock
N/A,Product 2319,Accessories,Nova Wholesale,1O0,108,223.65,WH-MEL,05-25-2025,in stock
SKU-????,Product 2320,Accessories,Nova Wholesale,"1,200",23,1948.08,WH-PER,missing,In Stock
NULL,Product 2321,Accessories,Nova Wholesale,555,92,2319.74,N/A, ,In Stock
SKU-502321,Product 2322,Office,primesource,122,104,2092.35,WH-PER,29 Oct 2024,In Stock
SKU-502322,Product 2323,soft ware,PrimeSource,855,116,2327.24,WH-SYD,19.11.2022,In Stock
12345,Product 2324,ELECTRONICS ,Vertex Trading,-1,74,2413.0,,20/05/2021,In Stock
SKU-502324,Product 2325,Electronics,Apex Supply,N/A,,1739.2,WH-MEL,missing,In Stock
SKU-502325,Product 2326,office supplies,unknown,"1,200",74,N/A,WH-SYD,18/03/2026,In Stock
SKU-502326,Product 2327,Office,123,485,NaN,2350.61,WH-MEL,08-10-2026,In Stock
SKU-502327,Product 2328,Unknown,GlobalParts,348,142,2474.86,WH-SYD,N/A,In Stock
SKU-502328,Product 2329,Office,Metro Goods,818,63,1569.19,WH-PER,03-22-2021,In Stock
12345,Product 2330,Office,Apex Supply,891,68,1169.44,WH-SYD,2023-02-21,in stock
SKU-502330,Product 2331,Software,Global Parts,510,72,1196.83,Warehouse 1,07-18-2021,In Stock
SKU-502327,Product 2332,Software,,999999,30,10O.50,WH-MEL,2026/07/06,In Stock
SKU-502332,,Electronics,Apex Supply,313,70,1498.2,WH-BNE,2021-12-23,outofstock
SKU-502333,Product 2334,Home & Living,Metro Goods,,83,"1.299,50",WH-BNE,13/13/26,In Stock
SKU 502334,Product,Software,123,21,146,888.5,WH-SYD,99-99-9999,
SKU-502335,Product 2336,Home,Apex Supply,524,50 units,222.6,WH-ADE,11-27-2023,In Stock
SKU-502336,Unknown Item,Home,Nova Wholesale,776,25,FREE,WH-BNE,2026-13-44,In Stock
SKU-502337,Product 2338,accessory,Global Parts,597,62,"1,299.50",WH-PER,2021-08-13,In Stock
SKU-502338,Product 2339,Software,GlobalParts,391,20,2380.46,WH-ADE,2021/01/16,In Stock
SKU-502339,Product 2340,OFFICE,N/A,1O0,100,N/A,WH-ADE,05.02.2025,In Stock
SKU-502340,Product 2341,OFFICE,PrimeSource,764,55,1439.32,Sydney Warehouse,-,In Stock
SKU-502341,Product 2342,Software,Metro Goods,789,9999,158.72,WH-SYD,NULL,low
SKU-502342,Product 2343,,Metro Goods,"1,200",46,1270.88,WH-ADE,11-11-2021,In Stock
SKU-502343,Product 2344,electronic,Apex Supply,308,136,867.77,,2022-11-12,In Stock
SKU-502344,Product 2345,Office,N/A,425,NaN,2321.32,WH-bne,26.04.2023,In Stock
SKU-502345,123456,Home,Vertex Trading,NaN,N/A,2010.14,WH-PER,15 Sep 2022,LOW STOCK 
SKU-502346,Product 2347,Accessories ,Global Parts,1O0,68,AUD 500,WH-BNE,21 Jun 2022,N/A
SKU-502347,Product 2348,Software,GlobalParts,492,"1,000",373.75,WH-SYD,27 Aug 2024,outofstock
SKU-502348,Product 2349,Electronics,Metro Goods,165,29,2387.23,wh-per ,02-23-2024,
SKU-502349,123456,Office,,489,131,2257.51,WH-ADE,N/A,LOW STOCK 
SKU-502350,???,Software,Vertex Trading,127,1O,987.57,WH-PER,2021-03-13,In Stock
SKU-502351,Product 2352,Office,Nova Wholesale,1O0,54,433.45,,2021/11/02,Available
NULL,Product 2353,Software,Apex Supply,680,135,"1.299,50",WH-BNE,09-04-2025,in stock
SKU-502353,Product 2354,electronic,GlobalParts,-50,22,844.01,WH-PER,2024-10-30,In Stock
SKU-502354,Product 2355,Software,Metro Goods,701,124,2162.93,WH-SYD,03-06-2022,
SKU-502355,product_name,Office,Nova Wholesale,-50,1O,1283.6,WH-ADE,2022/07/04,OOS
12345,Product 2357,Software,Global Parts,200,NaN,721.6,WH-ADE,not-a-date,In Stock
12345,,Electronics,Global Parts,340,110,2377.76,WH-PER,19 Jan 2023,Available
SKU-502358,Product 2359,Accessories,Apex Supply,593,144,814.42,Warehouse 1,2023/02/14,In Stock
SKU-502359,Product 2360,Software,N/A,648,61,2278.22,WH-SYD,2026-02-31,LOW STOCK 
SKU-502360,Product 2361,,Vertex Trading,476,104,828.32,WH-BNE,17.11.2025,In Stock
SKU-502361,Product 2362,Software,Global Parts,608,53,2414.28,Warehouse 1,2023/04/12,In Stock
SKU-502362,Product 2363,Electronics,Metro Goods,500 units,16,-250,WH-BNE,02 May 2021,In Stock
,Product 1359,Software,Global Parts,-1,131,1499.88,N/A,2025/11/05,In Stock
SKU-502364,N/A,soft ware,PrimeSource,286,20,2058.7,WH-PER,2021-06-26,In Stock
SKU-502365,Product 2366,Home,N/A,NaN,87,422.63,WH-ADE,10 Jun 2022,In Stock
SKU-502366,Product 2367,Home & Living,Nova Wholesale,604,125,476.21,Warehouse 1,2022-08-31,In Stock
SKU-502367,Product 2368,electronic,Metro Goods,569,146,"1,299.50",WH-ADE,08/11/2024,In Stock
SKU-502368,Product 2369,Software,,21,137,421.03,Sydney Warehouse,2024-08-06,Low Stock
SKU-502369,Product 2370,Software,Vertex Trading,628,62,"1.299,50",SYD,16 Apr 2025,Available
SKU-502370,product_name,Office,Apex,0.5,102,957.05,WH-ADE,02-10-2023,In Stock
SKU-502371,N/A,Software,N/A,57,101,2189.48,ADE,NULL,Low Stock
12345,Product 2373,N/A,Nova,445,60,1459.54,WH-ADE,NULL,In Stock
SKU 502373,Product 2374,Home,Prime Source,406,125,1283.26,Melbourne WH,00/00/0000,LOW STOCK 
SKU-502374,Product 2375,Office,Vertex Trading,49,135,,unknown,05.04.2024,Low Stock
N/A,Product 2376,Accessories,Global Parts,349,40,1145.47,WH-PER,2022/09/14,Not Available
SKU-502376,Product 2377,Office,Apex Supply,486,"1,000",1101.18,WH-BNE,15 Jun 2023,N/A
SKU-502377,Product 2378,Home,Nova Wholesale,659,34,10O.50,WH-PER,2025/04/29,In Stock
SKU-502378,Product 2379,Office,Vertex Trading,558,48,408.55,WH-BNE,missing,In Stock
SKU-502379,Product,Accessories,Metro Goods,NaN,0,2194.12,N/A,07-22-2022,low
N/A,,Home & Living,Metro Goods,383,1O,2194.74,WH-BNE,02 Dec 2022,In Stock
SKU-502381,Product,Home,Metro Goods,658,9999,591.34,WH-bne,?,In Stock
SKU-502382,Product 2383,Office,Prime Source,103,63,1826.86,WH-MEL,18/11/2025,In Stock
SKU-502383,Product 2384,N/A,PrimeSource,524,0,2481.3,Melbourne WH,18.10.2021,In Stock
SKU-502384,Product 2385,soft ware,Apex Supply,57,100,1021.79,unknown,12-21-2024,Low Stock
SKU-????,Product 2386,Office,Vertex Trading,388,34,40.29,WH-MEL,99-99-9999,In Stock
SKU-502386,Product 2387,Accessories,Metro Goods,510,87,"2 500,00",WH-BNE,09.05.2024,0
SKU-502387,Product 2388,Software,PrimeSource,248,,1918.27,WH-SYD,04-21-2024,In Stock
SKU-502388,Product,accessory,Apex,435,75,USD 120,WH-BNE,,In Stock
SKU-502389,Product 2390,Software,PrimeSource,639,105,"1.299,50",wh-per ,05/10/2021,In Stock
SKU-502390,Product 2391,Home & Living,GlobalParts,500 units,1O,157.3,WH-ADE,,In Stock
SKU-502391,Product 2392,Software,PrimeSource,124,87,FREE,WH-BNE,2026/05/30,INSTOCK
SKU-502392,Product 2393,electronic,Nova,121,0,AUD 500,WH-MEL,2022-06-03,In Stock
SKU-502393,???,Unknown,Apex Supply,416,82,1487.23,WH-BNE,2023/02/20,In Stock
SKU-502394,Product 2395,N/A,N/A,NaN,128,FREE,WH-MEL,2026-02-01,In Stock
SKU-502395,Product 2396,Accessories,PrimeSource,846,125,628.08,WH-ADE,2023/12/16,In Stock
SKU-501209,Product 2397,Home,Apex Supply,508,twenty,$99.99,WH-SYD,12 Jan 2026,OOS
SKU-502397,???,Accessories,Metro Goods,0.5,0,2306.96,Warehouse 1,2021/05/20,In Stock
SKU-502398,Product 2399,Electronics,Apex Supply,400,"1,000",1889.31,unknown,09-10-2023,In Stock
SKU-502399,N/A,Home & Living,Vertex Trading,34,129,402.85,WH-MEL,07 Jan 2026,Low Stock
SKU-502400,product 2401,Software,Global Parts,318,36,$99.99,SYD,08-22-2023,In Stock
SKU-502401,Product 2402,Electronics,Global Parts,N/A,19,1604.18,WH-BNE,2023/08/29,In Stock
SKU-502402,Product 2403,Accessories,,-1,40,542.25,WH-BNE,2022/11/04,In Stock
12345,Product 2404,Unknown,Global Parts,999999,47,1196.54,WH-BNE,13/13/26,In Stock
SKU-502404,Product 2405,soft ware,Apex Supply,638,29,1626.58,WH-SYD,13/13/26,In Stock
SKU-502405,???,Accessories ,,373,95,482.14,WH-BNE,2024/11/10,In Stock
SKU-502406,Product 2407,accessory,Global Parts,491,58,1003.05,WH-ADE,2021/11/16,
SKU-502407,Product 2408,Office,Vertex Trading,708,twenty,USD 120,WH-ADE,08-31-2021,1
SKU-502408,Product 2409,Office,Metro Goods,361,1O,1929.71,WH-BNE,21.10.2024,unknown
sku-500692,Product 693,soft ware,Global Parts,308,21,AUD 500,Sydney Warehouse,06.02.2022,In Stock
SKU-502410,Product 2411,Accessories,123,273,26,2025.33,WH-SYD,09-15-2021,In Stock
SKU-502411,Product 2412,Home,Nova,788,-10,FREE,WH-PER,03-31-2022,In Stock
SKU-502412,Product 2413,accessory,Nova Wholesale,368,NaN,1246.01,WH-PER,2023-08-22,In Stock
SKU-500641,Product 2414,Home & Living,Global Parts,,116,33.5,N/A,99-99-9999,In Stock
SKU-502414,Product 2415,Office,Global Parts,409,63,1956.62,WH-PER,,In Stock
SKU-500750,,Electronics,Metro Goods,402,87,237.49,WH-PER,?,In Stock
SKU-502416,Product 2417,Software,Nova Wholesale,284,127,2326.92,WH-ADE,14/03/2024,In Stock
SKU-502417,N/A,Home,Apex Supply,0.5,"1,000","1.299,50",WH-PER,24.07.2023,LOW STOCK 
SKU-502418,Product 2419,,Global Parts,796,131,1066.21,WH-MEL, ,In Stock
SKU-502419,Product 2420,Accessories,Vertex Trading,118,-10,2430.47,N/A,   ,unknown
SKU-502420,product_name,Office,Metro Goods,10,74,2058.92,WH-SYD,13/13/26,Low Stock
NULL,Product 2422,Software,N/A,719,89,2366.79,WH-MEL,2021-06-11,Available
SKU-502422,Product 2423,Accessories,Metro Goods,191,48,1500.29,WH-PER,13.04.2024,In Stock
SKU-502423,Product 2424,office supplies,Apex Supply,500 units,128,2352.25,WH-MEL,06-19-2026,In Stock
SKU-502424,Product 2425,Home,Apex Supply,"1,200",50 units,1679.76,WH-ADE,21 Apr 2024,In Stock
,Product 2426,Office,Nova Wholesale,704,twenty,608.06,N/A,NA,In Stock
SKU-502426,Product 2427,Electronics,unknown,140,125,1225.33,N/A,2025/00/12,outofstock
SKU-502427,N/A,Electronics,Nova Wholesale,244,37,1424.03,WH-PER,2021-11-12,In Stock
SKU-502428,Product,Home,Global Parts,262,35,1538.35,WH-SYD,21/05/2024,N/A
N/A,Product 2430,Accessories ,PrimeSource,814,87,$99.99,WH-MEL,10-05-2022,In Stock
SKU-502430,???,Accessories ,Apex Supply,500 units,88,10O.50,WH-SYD,28 Feb 2024,In Stock
SKU-502431,Product 2432,Office,PrimeSource,562,NaN,975.94,WH-BNE,03-16-2024,Available
SKU-502432,Product 2433,Software,Global Parts,279,50 units,1194.55,WH-SYD,05.12.2023,In Stock
SKU-502433,,Office,PrimeSource,0.5,twenty,1181.76,WH-MEL,11.02.2022,0
sku-502434,Product 2435,OFFICE,Global Parts,500 units,39,2085.49,N/A,04.12.2021,In Stock
SKU-502435,Unknown Item,Electronics,123,225,105,"1.299,50",WH-MEL,01-14-2024,In Stock
SKU-502436,Product 2437 ,,Apex Supply,1O0,NaN,1104.38,WH-SYD,2026-05-06,In Stock
SKU-502437,Product 2438,Electronics,,ten,NaN,2179.57,WH-SYD,2022-03-22,In Stock
SKU-502438,product_name,Electronics,PrimeSource,N/A,-10,2085.73,WH-PER,99-99-9999,Low Stock
SKU-502439,Product 2440,Home,Apex,878,121,1870.18,WH-PER,13/13/26,In Stock
SKU-502440,Product 2441,Accessories,Global Parts,607,132,$99.99,WH-SYD,,In Stock
SKU-502441,Product 2442,Home,N/A,833,138,10O.50,WH-SYD,06-05-2024,In Stock
SKU-502442,Product 2443,Home,Apex Supply,892,0,"2 500,00",WH-MEL,2024-08-07,In Stock
SKU-502443,Product 2444,Software,123,500 units,128,759.06,WH-PER,02.02.2026,Not Available
SKU-502444,N/A,Software,Metro Goods,751,40,AUD 500,WH-PER,2025-06-17,In Stock
SKU-502445,Unknown Item,Software,Nova Wholesale,274,N/A,-250,,08-03-2022,In Stock
SKU-502446,PRODUCT 2447,Electronics,PrimeSource,373,75,527.83,WH-BNE,null,In Stock
SKU-502447,Product 2448,Accessories,Prime Source,567,71,9999999,WH-BNE,13/13/26,In Stock
SKU-502448,  Product 2449  ,Office,Prime Source,61,9999,780.9,WH-bne,Feb 30 2025,Available
N/A,Product,Accessories ,GlobalParts,318,37,"1.299,50",Melbourne WH,N/A,In Stock
SKU-502450,Unknown Item,Electronics,Apex Supply,223,,123.56,Melbourne WH,10.04.2024,OOS
SKU-502451,Product 2452,Office,PrimeSource,657,0,191.54,WH-BNE,03-05-2022,In Stock
SKU-502452,Product 2453,Electronics,PrimeSource,471,82,420.46,WH-ADE,13.07.2026,In Stock
SKU-502453,Product 2454,Home & Living,Global Parts,427,NaN,2156.27,WH-MEL,2022/11/09,In Stock
SKU-502454,Product 2455,Home,Global Parts,448,43,1784.84,Warehouse 1,none,In Stock
SKU-502455,,Home,Apex Supply,872,99,10O.50,Sydney Warehouse,2026-02-31,In Stock
12345,product_name,Home,Nova,530,"1,000",1369.13,WH-SYD,not-a-date,1
N/A,Product 2458,Unknown,Global Parts,6,78,$99.99,WH-SYD,29 Jun 2024,Low Stock
SKU-501837,,Accessories,Apex  Supply,N/A,56,10O.50,WH-PER,2024/01/04,In Stock
SKU-????,N/A,Office,Global Parts,753,45,2397.51,ADE,2024-03-22,In Stock
SKU-502460,Product 2461,Electronics,Nova Wholesale,330,"1,000",AUD 500,WH-SYD,15 May 2025,N/A
NULL,Product 2462,Software,Vertex Trading,248,,2071.02,N/A,04/10/2024,Available
SKU-502462,Product 2463,Home,Prime Source,650,115,612.29,Melbourne WH,2022-10-05,In Stock
SKU-502463,Product 2464,Home,Global Parts,736,twenty,647.27,WH-SYD,04.03.2022,In Stock
SKU-502464,Product 2465,Software,unknown,999999,57,651.54,WH-SYD,31/02/2026,LOW STOCK 
,Product 2466,Electronics,Nova Wholesale,-1,93,82.6,N/A,21 Apr 2025,In Stock
SKU-502466,Product 2467,OFFICE,Prime Source,122,42,FREE,WH-MEL,28/02/2023,unknown
SKU-502467,Product 2468,Office,APEX SUPPLY,-1,125,"2 500,00",WH-ADE,25.08.2026,In Stock
SKU-502468,Product 2469,,Apex,693,54,1529.65,WH-MEL,15 Apr 2023,INSTOCK
SKU-502469,,Accessories,PrimeSource,N/A,102,753.35,WH-SYD,07-10-2023,In Stock
SKU-500104,Product 105,soft ware,Global Parts,,9999,"1,299.50",WH-ADE,,In Stock
SKU-502471,,Home,PrimeSource,64,16,$99.99,WH-ADE,01/07/2025,In Stock
SKU 502472,PRODUCT 2473,Office,Nova Wholesale,835,118,1239.03,ADE,00/00/0000,In Stock
NULL,Product 2474,Accessories,Apex Supply,627,46,"1.299,50",Melbourne WH,2023/11/24,In Stock
SKU-502474,Unknown Item,Accessories,Apex Supply,N/A,111,1864.19,WH-PER,none,In Stock
SKU-502475,???,Accessories ,Vertex Trading,"1,200",-10,2008.93,WH-BNE,25.03.2026,In Stock
SKU-502476,Product 2477,Home,Prime Source,459,79,1503.7,wh-per ,12-29-2021,In Stock
,Product 2478,Office,Prime Source,781,,"1.299,50",WH-MEL,31.05.2025,in stock
SKU-502478,product_name,N/A,Nova Wholesale,N/A,"1,000",89.87,WH-MEL,31/10/2025,In Stock
SKU-502479,Product 2480,office supplies,Metro Goods,398,100,1511.96,WH-MEL,2025/03/01,Available
,Product 2481,accessory,PrimeSource,482,117,USD 120,WH-MEL,03 Jul 2023,
SKU-502481,Product 2482,Home,unknown,,126,405.95,WH-SYD,32 Jan 2025,In Stock
SKU-502482,Product 2483,soft ware,Nova Wholesale,372,58,2391.47,WH-SYD,missing,In Stock
SKU-502483,Product  2484,Software,Apex Supply,685,58,FREE,Warehouse 1,unknown,In Stock
SKU-500054,Product 55,office supplies,Global Parts,999999,24,9999999,WH-PER,,In Stock
SKU-502485,Product 2486,ELECTRONICS ,Global Parts,-50,96,606.84,WH-ADE,09/03/2022,
12345,Product 2487,Home,Vertex Trading,838,"1,000",1841.58,WH-BNE,32 Jan 2025,In Stock
SKU-502487,Product 2488,soft ware,Apex Supply,312,116,1786.34,N/A,2025/10/02,LOW STOCK 
SKU-502488,Product 2489,Home,PrimeSource,151,40,1059.1,WH-SYD,20/09/2023,In Stock
SKU-502489,Product 2490,electronic,Nova Wholesale,329,9999,"2 500,00",WH-PER,10 Sep 2021,0
SKU-502490,Product 2491,Software,Vertex Trading,359,59,"1,299.50",WH-SYD,2021/07/05,Available
SKU-502491,product_name,soft ware,Nova,0.5,twenty,"1,299.50",Melbourne WH,32 Jan 2025,Not Available
SKU-502492,Product 2493,soft ware,Metro Goods,485,44,"2 500,00",WH-MEL,21/06/2021,Available
SKU-502493,Product 2494,Software,Apex Supply,797,83,2318.21,WH-ADE,24 May 2022,In Stock
SKU-502494,Product 2495,electronics,Nova,668,43,$99.99,WH-BNE,N/A,N/A
SKU-502495,Product 2496,Electronics,Metro Goods,,50,1925.98,Melbourne WH,28 Aug 2025,In Stock
SKU-502496,N/A,Office,Nova Wholesale,574,NaN,,WH-SYD,04 Jul 2025,In Stock
SKU-502497,Product 2498,Office,Nova,340,,N/A,WH-ADE,2023-01-21,Available
N/A,Product 2499,Accessories,PrimeSource,134,132,2217.84,Sydney Warehouse,02 Dec 2025,In Stock
SKU-501849,Product 1850,Accessories,,476,24,"2 500,00",WH-PER,,In Stock
SKU-????,Product 2501,Software,Nova Wholesale,844,28,1759.83,WH-ADE,13.02.2023,
SKU-502501,Product 2502,,Apex Supply,"1,200",127,1253.39,WH-MEL,2022/03/05,In Stock
SKU-502502,Product 2503,Electronics,Nova Wholesale,288,119,-250,WH-ADE,21/05/2022,unknown
SKU-502503,Product  2504,Home,123,-50,53,107.86,WH-MEL,2024-02-27,outofstock
SKU-502504,Product 2505,Electronics,Metro Goods,49,17,772.12,WH-MEL,31/02/2026,In Stock
SKU-502471,,Home,PrimeSource,64,16,$99.99,WH-ADE,01/07/2025,In Stock
SKU-502506,Product 2507,Unknown,Nova Wholesale,653,25,1044.11,WH-PER,07.02.2022,LOW STOCK 
SKU-502507,Product 2508,Electronics,Prime Source,44,120,2399.76,Melbourne WH,none,Low Stock
sku-502508,Product,soft ware,Nova Wholesale,776,50 units,658.04,WH-ADE,   ,In Stock
SKU-502509,Product 2510,Office,Metro Goods,658,64,"1,299.50",WH-ADE,11-14-2023,In Stock
SKU-502510,Product 2511,Software,Nova Wholesale,230,106,733.43,,NA,In Stock
SKU-502511,Product 2512,office supplies,Vertex Trading,890,115,9999999,WH-MEL,04 Feb 2021,Not Available
SKU-502512,Product 2513,Office,PrimeSource,215,109,938.92,,11-05-2024,In Stock
sku-502513,product_name,Office,,810,150,FREE,WH-PER,31 Aug 2026,In Stock
SKU-502514,,Electronics,Apex Supply,NaN,62,N/A,WH-SYD,15/06/2024,LOW STOCK 
SKU-502515,Product 2516,Software,PrimeSource,541,9999,1999.76,WH-bne,18 Jun 2021,In Stock
SKU 502516,Product 2517,Electronics,Nova Wholesale,605,twenty,359.64,WH-MEL,25 Oct 2021,In Stock
SKU-502517,Product 2518,office supplies,Vertex Trading,999999,-10,637.22,WH-BNE,09 Sep 2022,In Stock
SKU-502518,Product 2519,Electronics,Nova Wholesale,218,122,1770.23,WH-BNE,missing,In Stock
SKU-502519,Product 2520,Accessories,Global Parts,999999,59,2454.99,WH-SYD,07.12.2023,In Stock
SKU-502520,Product 2521,Accessories,PrimeSource,-1,82,2033.47,ADE,03-27-2024,In Stock
SKU-502521,Product 2522,Software,Nova Wholesale,95,134,9999999,WH-MEL,11-13-2023,Low Stock
SKU-502522,product_name,Office,PrimeSource,736,93,1272.3,ADE,2024-04-25,In Stock
SKU-502523,Product 2524,Accessories,Prime Source,187,83,556.97,wh-per ,21/10/2024,In Stock
sku-502524,Product 2525,Home,PrimeSource,440,120,1355.89,Melbourne WH, ,In Stock
SKU-502525,N/A,Software,PrimeSource,1O0,18,372.05,N/A,18.11.2023,In Stock
SKU-502526,Product 2527,accessory,Global Parts,79,49,$99.99,WH-ADE,04-15-2022,outofstock
SKU-502527,,Home & Living,Metro Goods,"1,200",79,301.14,WH-ADE,2023-02-15,In Stock
SKU-502528,Product 2529,Software,PrimeSource,,84,362.11,WH-MEL,08-21-2022,In Stock
SKU-502529,123456,electronics,Nova Wholesale,5,106,"2 500,00",SYD,27/01/2025,Low Stock
SKU-502530,Product 2531,Accessories,Global Parts,ten,"1,000",9999999,WH-ADE,2026-08-01,Available
12345,123456,soft ware,Apex,NaN,NaN,980.61,ADE,-,In Stock
SKU-502532,Product 2533,Accessories,Metro Goods,573,80,2204.08,unknown,2023/05/12,Not Available
SKU-502533,Product 2534,Electronics,Metro Goods,NaN,124,1107.47,WH-PER,2025/00/12,In Stock
SKU-502534,Product 2535,Electronics,Vertex Trading,-50,86,1895.2,,31 Jul 2021,N/A
SKU-502535,Product 2536,Software,Nova Wholesale,257,41,634.56,wh-per ,2025-10-05,In Stock
SKU-502536,Product 2537,Home,Apex Supply,999999,N/A,N/A,WH-PER,01.05.2025,In Stock
N/A,Product 2538,Office,Nova Wholesale,1O0,59,193.77,,unknown,LOW STOCK 
SKU-502538,Product 2539,Office,Vertex Trading,"1,200",143,797.38,WH-bne,none,INSTOCK
SKU-502539,product 2540,Accessories,Global Parts,1,40,"1,299.50",WH-PER,07-03-2024,Low Stock
SKU-502540,Product 2541,electronic,Vertex Trading,,1O,170.47,WH-MEL,09-12-2021,In Stock
SKU-502541,Product 2542,Office,GlobalParts,675,75,628.5,WH-PER,19/04/2026,In Stock
sku-502542,Product 2543,Software,Nova Wholesale,306,43,1737.55,WH-PER,2025-05-22,outofstock
SKU-502543,Product 2544,Accessories,Apex Supply,89,1O,N/A,WH-SYD,11.01.2024,Low Stock
,???,Office,Apex,"1,200",56,390.15,WH-PER,NULL,In Stock
SKU-????,Product 2546,Office,Global Parts,ten,47,360.06,SYD,11.07.2026,0
SKU-502546,Product 2547,Accessories,Metro Goods,145,113,1523.36,WH-SYD,2026-13-44,In Stock
sku-502547,Product 2548,Software,Global Parts,704,46,1944.51,WH-MEL,2021/10/26,LOW STOCK 
SKU-502548,product_name,Electronics,Nova,252,35,663.37,WH-SYD,10-23-2021,In Stock
SKU-502549,Product 2550,Software,Apex Supply,310,36,2224.02,N/A,2023-03-28,In Stock
SKU-502550,Product 2551,Office,Vertex Trading,1O0,60,390.14,WH-MEL,01.04.2023,In Stock
SKU-502551,Product 2552,Accessories,123,-50,135,$99.99,Warehouse 1,01.02.2025,In Stock
SKU-502552,Product 2553,Software,PrimeSource,526,68,1478.31,WH-ADE,06/07/2026,In Stock
SKU-502553,Product 2554,electronics,unknown,885,60,1193.72,WH-ADE,2023-02-15,In Stock
SKU-502554,Product 2555,Software,Nova Wholesale,715,115,2289.19,unknown,18 Apr 2021,In Stock
SKU-501794,Product 2556,Home,Apex Supply,882,9999,1603.31,WH-SYD,2022-02-02,In Stock
SKU-502556,Product 2557,Home,Nova Wholesale,371,67,1410.44,WH-ADE,2026-02-31,In Stock
SKU-502557,Product 2558,Home & Living,Apex Supply,748,119,"1,299.50",WH-ADE,2022-04-26,In Stock
SKU-502558,Product 2559,,Nova Wholesale,-50,131,1014.78,Melbourne WH,23.06.2021,Low Stock
SKU-502559,Product 2560,Accessories,Metro Goods,N/A,132,712.46,WH-ADE,2024/12/18,in stock
SKU-502560,Product,Unknown,Vertex Trading,139,50 units,394.74,WH-MEL,2025/00/12,1
sku-502561,Product 2562,Software,Metro Goods,647,-10,"1,299.50",ADE,21 Apr 2022,In Stock
12345,Product 527,Software,N/A,21,-10,1234.86,WH-MEL,,outofstock
SKU-502563,Product 2564,ELECTRONICS ,Metro Goods,ten,117,2058.42,WH-MEL,2022-03-21,unknown
SKU-502564,Product 2565,Home,PrimeSource,ten,-10,1003.41,WH-MEL,2025/00/12,In Stock
SKU-502565,Product 2566,Home,Vertex Trading,313,45,2290.15,WH-SYD,   ,In Stock
SKU-502566,???,Office,Global Parts,"1,200",NaN,$99.99,wh-per ,99-99-9999,In Stock
SKU-502567,Product 2568,Office,Metro Goods,204,76,"1.299,50",WH-BNE,2023-02-19,In Stock
SKU-502568,Product 2569,Home,Nova Wholesale,NaN,1O,1957.29,Melbourne WH,2024/11/29,
NULL,Product,Accessories,Prime Source,461,25,1676.34,WH-ADE,10-31-2022,
SKU-502570,N/A,Software,PrimeSource,ten,15,445.89,WH-ADE,02 May 2023,In Stock
SKU-502571,Product 2572,soft ware,Prime Source,318,96,1572.7,WH-BNE,2022/01/05,INSTOCK
SKU-502572,Product 2573,Home,unknown,"1,200","1,000",287.42,WH-PER,05-03-2023,In Stock
NULL,Product 2574,Office,Vertex Trading,"1,200",110,2100.2,WH-SYD,28/09/2024,In Stock
SKU-502574,Product 2575,Office,PrimeSource,862,1O,1467.4,WH-BNE,08-31-2021,In Stock
SKU-????,Product 2576,Office,Apex Supply,500 units,1O,10O.50,WH-ADE,07 Sep 2023,In Stock
SKU-502576,Product 2577,Accessories,Vertex Trading,709,59,1082.99,WH-BNE,2022/02/22,In Stock
SKU-502577,Product 2578,Unknown,Global Parts,854,62,395.99,SYD, ,Not Available
SKU-502578,N/A,Office,PrimeSource,N/A,50 units,51.97,WH-MEL,06-01-2021,In Stock
SKU-502579,Product 2580,Office,Global Parts,825,NaN,415.16,WH-PER,32 Jan 2025,In Stock
SKU-502580,Product 2581,soft ware,123,326,95,1135.18,WH-BNE,2025/00/12,Not Available
SKU 502581,Unknown Item,Office,Nova Wholesale,21,69,253.48,WH-BNE,04-15-2025,
SKU-502582,Product 2583,Electronics,Global Parts,139,125,105.75,WH-BNE,2026/07/12,In Stock
SKU-502583,Product 2584,Office,Vertex Trading,825,95,2305.8,WH-PER,12-04-2025,in stock
SKU-502584,,Accessories,Apex Supply,860,41,974.02,Sydney Warehouse,2023-10-19,In Stock
SKU-502585,Product 2586,office supplies,Global Parts,875,51,10O.50,WH-ADE,2023-08-04,In Stock
SKU-502586,Product 2587,Home,Global Parts,27,127,127.6,N/A,06 Jan 2026,Low Stock
SKU-502587,123456,Software,Nova Wholesale,177,43,1417.58,WH-ADE,NULL,In Stock
SKU-502588,Product 2589,Software,Apex Supply,544,95,643.46,WH-bne,05/12/2024,In Stock
SKU-502589,Product 2590,Accessories,unknown,742,134,34.46,WH-PER,03.08.2023,In Stock
SKU-502590,Product 2591,OFFICE,PrimeSource,"1,200",75,1795.89,WH-MEL,2022/09/11,In Stock
SKU 502591,Product 2592,office supplies,Apex,258,65,AUD 500,WH-BNE,2023/09/21,In Stock
SKU-502592,Product 2593,office supplies,Metro Goods,429,27,1992.75,WH-ADE,26 Sep 2023,In Stock
SKU-500162,Product 163,Electronics,GlobalParts,600,150,784.2,WH-ADE,24.02.2024,
SKU-502594,Product 2595,Accessories,Nova Wholesale,277,105,558.58,WH-ADE,2021/11/10,In Stock
SKU-500858,Product 859,Home & Living,unknown,140,twenty,820.93,WH-MEL,11 Mar 2026,In Stock
SKU-502596,Product 2597,Software,Global Parts,,50,"2 500,00",WH-BNE,32 Jan 2025,In Stock
SKU-502597,Product 2598,Accessories,Global Parts,712,81,629.28,WH-SYD,NA,In Stock
SKU-502598,Unknown Item,Electronics,Vertex Trading,1O0,50 units,1502.54,WH-MEL,99-99-9999,outofstock
SKU-502599,Product 2600,Office,Apex Supply,500 units,134,1467.66,WH-PER,2025/00/12,In Stock
SKU-502600,Product 2601,N/A,Global Parts,256,130,10O.50,WH-MEL,none,In Stock
SKU-502601,Product 2602,Office,PrimeSource,N/A,66,978.67,WH-PER,12/02/2024,Low Stock
SKU-502602,Product 2603,Electronics,Global Parts,0.5,NaN,649.84,WH-SYD,20 Nov 2023,In Stock
SKU-502603,Product 2604,electronic,123,999999,NaN,2244.16,WH-BNE,2026-13-44,Not Available
12345,Product 2605,Home,PrimeSource,0.5,86,890.5,WH-MEL,2024/12/31,In Stock
SKU-502605,Product 2606,electronic,Vertex Trading,299,36,1716.78,WH-MEL,?,1
SKU-502606,Product 2607,Accessories ,Nova Wholesale,ten,77,1299.03,N/A,00/00/0000,In Stock
SKU-502607,product_name,Accessories ,Vertex Trading,260,60,10O.50,WH-SYD,25/04/2025,In Stock
SKU-502608,Product 2609,office supplies,Vertex Trading,685,twenty,2292.13,WH-PER,2026-07-18,LOW STOCK 
SKU-502609,Product 2610,Electronics,Global Parts,705,61,2242.25,WH-PER,2026/06/02,In Stock
SKU-502610,123456,Electronics,Global Parts,500 units,94,1014.28,WH-BNE,10-20-2024,In Stock
SKU-502611,product_name,Home,Global Parts,231,twenty,-250,WH-ADE,2024-04-14,outofstock
SKU 502612,Product 2613,Office,Nova Wholesale,54,28,,WH-BNE,unknown,In Stock
SKU-502613,Product 2614,Electronics,Vertex Trading,ten,52,1723.95,WH-SYD,2023-08-28,In Stock
SKU-502614,Product 2615,OFFICE,Prime Source,467,25,381.72,WH-ADE,29/10/2024,in stock
SKU-502615,Product 2616,Software,GlobalParts,NaN,58,"2 500,00",Warehouse 1,20.08.2024,In Stock
SKU 502616,product_name,Home & Living,Apex Supply,NaN,81,"1.299,50",WH-PER,11.11.2022,In Stock
SKU-502617,,N/A,Metro Goods,78,97,FREE,WH-ADE,2025-10-14,Low Stock
12345,Product 2619,Home,Apex Supply,495,50 units,1565.62,WH-MEL,06/11/2022,In Stock
SKU-500041,Product 2620,Home,Global Parts,239,116,2482.68,WH-SYD,12-30-2021,In Stock
SKU-502620,Product 2621,Home,Apex,-50,50 units,228.13,WH-MEL,NULL,In Stock
SKU-502621,123456,office supplies,Vertex Trading,335,0,790.17,wh-per ,NULL,In Stock
SKU-500130,Product 131,Unknown,PrimeSource,617,51,2138.87,,none,In Stock
SKU-502623,Product 2624,N/A,123,500 units,N/A,55.45,WH-MEL,2022/07/01,In Stock
SKU-502624,product_name,Home,PrimeSource,NaN,twenty,$99.99,WH-ADE,07/05/2021,Not Available
SKU-502625,Product 2626,Electronics,Apex Supply,414,1O,1969.92,WH-BNE,NA,low
12345,123456,Home, Apex Supply,111,75,AUD 500,unknown,01-08-2021,In Stock
SKU-502627,,Office,unknown,4,85,FREE,SYD,10.02.2021,Low Stock
SKU-502628,Product 2629,Home,Global Parts,NaN,138,104.7,WH-BNE,null,N/A
SKU-502629,Product,Home & Living,Nova Wholesale,1O0,17,1165.04,N/A,2026-03-09,In Stock
SKU-502630,Product 2631,Home & Living,PrimeSource,371,9999,212.92,WH-ADE,31/02/2026,In Stock
SKU-????,Product 2632,Electronics,  Nova Wholesale  ,463,N/A,N/A,WH-SYD,09-23-2025,outofstock
SKU-502632,N/A,Home,Metro Goods,110,9999,10O.50,WH-PER,2024/01/18,In Stock
SKU-502633,Product 2634,Office,Apex,-1,114,"1.299,50",ADE,22.08.2021,In Stock
SKU-500922,Product 923,Office,Apex Supply,116,27,9999999,WH-PER,03.03.2024,1
SKU-502635,Product 2636,Office,unknown,784,9999,1176.41,WH-PER,2024/02/07,In Stock
12345,Product 2637,Accessories,Nova,206,94,857.79,N/A,22 Sep 2024,In Stock
SKU-502637,Product 2638,Accessories,Global Parts,338,"1,000",684.02,WH-MEL,30/05/2022,In Stock
SKU-502638,Product 2639,Electronics,Prime Source,558,85,70.13,WH-PER,02-23-2026,In Stock
SKU-502639,Product 2640,OFFICE,Apex Supply,304,"1,000",1969.35,Sydney Warehouse,10/01/2023,In Stock
SKU-502640,product_name,Software,Apex Supply,500 units,135,40.03,WH-PER, ,LOW STOCK 
SKU-502641,Product 2642,Software,Prime Source,891,63,1960.29,ADE,missing,In Stock
SKU-502642,Product 2643,Software,PrimeSource,N/A,twenty,"1.299,50",WH-SYD, ,Low Stock
SKU-502643,Product 2644,Office,Global Parts,166,52,1415.11,WH-BNE,2024-01-14,In Stock
SKU 502644,Product 2645,Accessories,Metro Goods,745,37,183.44,WH-PER,2021-03-05,In Stock
sku-502645,Product 2646,soft ware,Apex Supply,760,52,1014.12,WH-SYD,2026-05-12,OOS
SKU 502646,Product 2647,Accessories,Metro Goods,,103,1159.79,Sydney Warehouse,2023-09-21,In Stock
SKU-????,Product 2648,office supplies,,-50,63,N/A,WH-ADE,06 Jan 2026,In Stock
SKU-502648,Product,Home,,894,84,10O.50,WH-MEL,18/12/2021,In Stock
SKU-502649,Product 2650,OFFICE,Apex Supply,NaN,40,1689.28,WH-MEL,23 Jan 2023,In Stock
SKU-502650,Product 2651,Home & Living,Nova Wholesale,-1,122,"1.299,50",WH-SYD,00/00/0000,In Stock
SKU-502651,Product 2652,Home,Metro Goods,371,94,FREE,WH-SYD,2022-06-07,In Stock
SKU-502652,Product 2653,Accessories,123,307,126,2340.9,WH-bne,2026/05/13,In Stock
SKU-502653,Product 2654,OFFICE,PrimeSource,421,102,"2 500,00",WH-MEL,07-08-2025,In Stock
SKU-502654,Product 2655,Electronics,GlobalParts,433,47,1470.6,WH-PER,13/13/26,In Stock
SKU-502655,Product 2656,Home,Nova Wholesale,120,18,1728.92,WH-MEL,2022-09-09,in stock
SKU-502656,Product 2657,Electronics,Nova Wholesale,731,NaN,644.33,Melbourne WH,18/07/2025,Not Available
SKU-502657,Product 2658,Software,Global Parts,999999,31,2269.39,WH-BNE,07-16-2026,0
SKU-502658,,Home,Global Parts,NaN,104,10O.50,Warehouse 1,2023-06-02,In Stock
SKU-502659,Product 2660,electronic,Vertex Trading,600,16,"1,299.50",WH-MEL,2026-02-31,in stock
SKU-502660,Product 2661,Office,Global Parts,377,34,891.02,WH-MEL,27/02/2026,low
SKU-502661,Product 2662,Electronics,Vertex Trading,244,147,536.92,WH-BNE,   ,0
SKU-502662,123456,,PrimeSource,520,88,FREE,WH-PER,22 Nov 2024,In Stock
SKU-502663,N/A,Accessories,Apex Supply,500 units,96,"1,299.50",WH-MEL,17.07.2022,0
SKU-502664,Product 2665,Home,Nova Wholesale,328,50 units,10O.50,WH-PER,,In Stock
SKU-502665,Product 2666,office supplies,123,171,116,2341.69,WH-ADE,2026-02-31,in stock
SKU-502666,Product 2667,Accessories,Nova Wholesale,-50,124,USD 120,WH-PER,2021/12/30,Low Stock
sku-502667,Product 2668,Accessories,Nova Wholesale,500 units,91,746.32,WH-MEL,2022-12-07,INSTOCK
SKU-502668,Product 2669,Home,Nova,999999,106,1390.5,wh-per ,2022-05-06,In Stock
SKU-500026,Product 27,soft ware,N/A,446,9999,433.22,WH-bne,12-13-2021,In Stock
SKU-502670,Product 2671,Electronics,Global Parts,0.5,NaN,"2 500,00",Warehouse 1,03-11-2025,in stock
SKU-502671,Product 2672,Office,PrimeSource,839,149,2142.02,N/A,NA,In Stock
SKU-502672,Product 2673,Unknown,PrimeSource,182,65,358.99,WH-PER,13.05.2022,In Stock
SKU-502673,Product 2674,Software,PrimeSource,,50 units,USD 120,WH-MEL,28/09/2026,Low Stock
SKU-502674,Product 2675,Accessories,Apex Supply,793,127,2009.65,WH-MEL,20.10.2023,In Stock
SKU-502675,Unknown Item,Electronics,Prime Source,131,77,1034.52,wh-per ,09/02/2024,In Stock
SKU-502676,Product 2677,electronics,PrimeSource,839,NaN,638.12,WH-SYD,?,Available
SKU-502483,Product 2678,ELECTRONICS ,Prime Source,734,126,2277.87,WH-SYD,19/10/2022,In Stock
SKU-502678,123456,accessory,PrimeSource,104,N/A,AUD 500,WH-SYD,26/11/2025,In Stock
SKU-502679,Product 2680,Office,Vertex Trading,267,64,-250,WH-BNE,2025/00/12,Not Available
SKU-502680,Product 2681,Home,Nova Wholesale,999999,"1,000",754.12,WH-BNE,2024-01-29,In Stock
SKU-502681,???,N/A,Global Parts,888,83,795.48,WH-PER,null,In Stock
SKU 502682,Product 2683,ELECTRONICS ,Nova,496,144,,WH-PER,?,Not Available
SKU-502517,Product 2518,office supplies,Vertex Trading,999999,-10,637.22,WH-BNE,09 Sep 2022,In Stock
SKU-502684,Product 2685,Accessories,Vertex Trading,"1,200",103,1495.5,SYD, ,In Stock
SKU-502685,Product 2686,Software,PrimeSource,723,77,2441.61,WH-BNE,2025/05/29,0
SKU-502686,Product 2687,Office,Global Parts,631,NaN,1592.71,wh-per ,10/05/2024,outofstock
SKU-502687,Product 2688,Electronics,N/A,-1,116,1735.77,WH-BNE,2021-07-13,In Stock
SKU-502688,Product 2689,Software,PrimeSource,0.5,92,830.42,unknown,12 Apr 2021,In Stock
SKU-502689,Product 2690,electronic,Vertex Trading,500 units,76,USD 120,WH-MEL,2021-04-24,In Stock
SKU-502690,Product 2691,electronic,Metro Goods,500 units,"1,000",2382.55,WH-MEL,26/07/2026,In Stock
sku-502691,Product 2692,Electronics,global parts,0.5,131,"1.299,50",WH-PER,2025/06/27,outofstock
SKU-502692,Product 2693,Electronics, PrimeSource,69,70,773.9,unknown,2026/03/19,Low Stock
SKU 502693,Product 2694,Software,123,677,81,2019.06,unknown,2021-04-24,In Stock
SKU-502694,Product 2695,Office,Nova Wholesale,251,"1,000",1281.44,WH-SYD,04-10-2026,In Stock
SKU-502695,Product 2696,Home,,683,119,912.56,WH-SYD,NULL,1
SKU-502696,N/A,ELECTRONICS ,123,438,48,2311.28,WH-ADE,06.08.2022,In Stock
SKU-502697,Product 2698,Home & Living,Metro Goods,"1,200",50 units,156.21,WH-BNE,2025-08-27,In Stock
SKU-502698,123456,OFFICE,PrimeSource,0.5,52,162.49,WH-PER,06-29-2026,In Stock
SKU-????, Product 2700,Home,Metro Goods,134,42,350.72,WH-ADE,08-28-2022,In Stock
SKU-502700,N/A,Software,Metro Goods,0.5,34,FREE,WH-MEL,09.07.2026,0
,Product 2702,soft ware,Vertex Trading,888,37,224.83,WH-ADE,02-13-2025,In Stock
SKU-502702,,ELECTRONICS ,Vertex Trading,NaN,62,295.05,,2025-03-23,1
,Product 2704,Electronics,Vertex Trading,999999,109,"2 500,00",WH-MEL,31/02/2026,0
SKU-502704,Product 2705,Software,Apex Supply,153,83,324.7,WH-PER,25 Apr 2025,low
SKU-502705,Product 2706,Accessories ,Apex Supply,999999,59,2452.68,WH-BNE, ,In Stock
SKU-502706,Product 2707,Accessories,Metro Goods,373,97,487.52,WH-PER, ,In Stock
SKU-502707,Product 2708,Electronics,Global Parts,501,"1,000",9999999,WH-PER,11-17-2023,In Stock
SKU-502708,Product 2709,Accessories,Prime Source,559,31,1275.56,WH-ADE,2025-05-29,In Stock
SKU-502709,123456,N/A,Metro Goods,64,148,FREE,Warehouse 1,04.10.2021,Low Stock
SKU-502710,PRODUCT 2711,Accessories,Nova Wholesale,871,79,USD 120,WH-SYD,99-99-9999,In Stock
SKU-502711,Product 2712,Electronics,METRO GOODS,566,twenty,384.69,WH-MEL,2025-02-21,In Stock
SKU-502712,Product 2713,Office,Metro Goods,500 units,121,1763.29,WH-SYD,03.05.2023,In Stock
SKU-502713,product_name,Accessories,Vertex Trading,307,46,683.75,WH-ADE,01-10-2021,1
SKU 502714,Product 2715,Home,Prime Source,1O0,49,"2 500,00",unknown,05.02.2022,In Stock
SKU-????,Product 2716,Electronics,Global Parts,403,140,10O.50,wh-per ,unknown,In Stock
SKU-502716,Product 2717,Software,PrimeSource,660,108,"1.299,50",WH-BNE,Feb 30 2025,In Stock
SKU-502717,Product,Software,Apex Supply,125,19,31.76,WH-BNE,01.01.2023,In Stock
SKU-502718,Product 2719,electronics,GlobalParts,496,1O,821.64,WH-PER,2024/10/25,In Stock
SKU-502719,???,Home,unknown,235,99,AUD 500,WH-PER,2026-07-03,
SKU-500001,Product 2721,OFFICE,unknown,614,72,740.98,WH-SYD,unknown,In Stock
SKU-502721,Product 2722,Accessories,Vertex Trading,ten,49,$99.99,Warehouse 1,2025/04/20,In Stock
,Product 2723,Software,Apex Supply,500 units,116,466.78,WH-MEL,11-02-2021,In Stock
SKU-502723,Product 2724,Office,Global Parts,-50,"1,000",601.81,N/A, ,In Stock
SKU-502724,Product 2725,Office,Apex Supply,557,15,$99.99,SYD,04 Jan 2022,In Stock
SKU-502725,Product 2726,office supplies,Apex Supply,429,0,-250,Sydney Warehouse,2026-02-31,In Stock
SKU-502726,Product 2727,Electronics,Apex Supply,500 units,63,130.52,WH-ADE,2023-06-19,In Stock
SKU-502727,Product 2728,Home,123,"1,200",95,611.39,WH-ADE,missing,INSTOCK
SKU-502728,Product 2729,Office,Apex Supply,0.5,50 units,10O.50,WH-SYD,2026-13-44,In Stock
SKU-502729,Product 2730,Electronics,Vertex Trading,796,114,940.97,Melbourne WH,20.02.2021,In Stock
SKU-502730,???,Electronics,Apex Supply,999999,26,1800.55,WH-BNE,07-11-2024,unknown
SKU-501470,Product 1471,Software,Nova Wholesale,999999,24,1426.23,WH-MEL,2022/08/24,In Stock
SKU-502732,Product 2733,Software,Prime Source,880,75,1284.7,WH-ADE,none,
SKU-502733,Product 2734,Accessories,Vertex Trading,626,115,"1,299.50",WH-MEL,31/01/2026,In Stock
SKU-502734,Product 2735,Accessories,Global Parts,500 units,48,1564.02,WH-ADE,31/02/2026,N/A
SKU-502735,Product 2736,Electronics,Metro Goods,873,119,1496.94,WH-MEL,13 Aug 2024,In Stock
SKU-502736,Product 2737,ELECTRONICS ,N/A,688,41,813.83,WH-ADE,10 Jan 2025,low
SKU-502737,Product 2738,Accessories,123,654,89,,WH-BNE,11.02.2022,In Stock
SKU-502738,Product,ELECTRONICS ,Nova,1O0,9999,9999999,WH-SYD,NULL,1
SKU-????,Product,Software,Metro Goods,1O0,92,663.23,WH-ADE,2022/12/26,OOS
N/A,Product 2741,ELECTRONICS ,Metro Goods,13,83,,WH-SYD,none,Low Stock
SKU-502741,PRODUCT 2742,OFFICE,Nova Wholesale,473,NaN,"1,299.50",Melbourne WH,23.02.2024,In Stock
SKU-502742,Product 2743,office supplies,Global Parts,"1,200",9999,"1.299,50",WH-PER,04/09/2022,In Stock
sku-502743,N/A,electronics,Prime Source,597,44,2396.85,WH-MEL,unknown,LOW STOCK 
SKU-502744,Product 2745 ,Home,Apex Supply,NaN,twenty,1043.98,WH-SYD,2021/01/26,In Stock
N/A,Product 2746,Home,Apex Supply,487,76,1691.37,WH-MEL,24.11.2024,In Stock
SKU-502746,Unknown Item,Home,Vertex Trading,56,47,1982.42,WH-BNE,17.07.2025,In Stock
SKU-502747,Product 2748,Home,PrimeSource,581,0,1559.1,WH-MEL,30/10/2023,In Stock
SKU-502748,Product 2749,Office,Metro Goods,403,82,75.02,,null,In Stock
SKU-502749,Unknown Item,soft ware,Apex Supply,554,50 units,FREE,WH-BNE,18 May 2022,In Stock
SKU-502750,N/A,Software,Global Parts,526,89,"1,299.50",WH-ADE,2026-02-31,In Stock
SKU-????,product_name,Electronics,metro goods,398,NaN,AUD 500,WH-ADE,Feb 30 2025,
SKU-502752,Product 2753,Software,GlobalParts,846,86,540.36,WH-PER,20 Jan 2022,in stock
SKU-502753,Product 2754,Home & Living,Nova Wholesale,806,88,N/A,WH-SYD,25/05/2025,In Stock
,Product 2755,N/A,Vertex Trading,84,78,"1.299,50",WH-bne,32 Jan 2025,0
SKU-502755,Product 2756,N/A,Nova,603,1O,"1.299,50",WH-MEL,2022-03-15,In Stock
SKU-502756,Product 2757,soft ware,Global Parts,854,25,-250,Sydney Warehouse,NA,In Stock
SKU-502757,Product 2758,electronic,Apex Supply,NaN,27,AUD 500,Melbourne WH,23 Oct 2024,OOS
SKU-502758,Product 2759,Software,Vertex Trading,999999,73,34.04,WH-ADE,20.11.2024,In Stock
SKU-502759,Product 2760,Home,Nova,554,110,386.15,WH-SYD,28 Mar 2022,In Stock
SKU-502760,???,OFFICE,Prime Source,798,98,1536.58,WH-SYD,2022-07-12,OOS
SKU-502761,Product 2762,Unknown,Apex Supply,599,"1,000",1957.08,WH-PER,2025-04-10,N/A
SKU-502762,???,Software,Apex Supply,395,71,353.91,WH-BNE,unknown,In Stock
SKU 502763,Product 2764,,Nova Wholesale,247,31,USD 120,,07 May 2023,In Stock
SKU-502764,???,,PrimeSource,388,NaN,48.49,WH-SYD,23 Sep 2021,OOS
SKU-500563,Product 2766,electronics,Vertex Trading,0.5,106,2318.04,WH-SYD,18/07/2025,outofstock
SKU-500844,123456,Home,Vertex Trading,564,twenty,"1,299.50",WH-PER,19/01/2026,In Stock
12345,Product 2768,Software,Vertex Trading,753,N/A,2210.97,WH-SYD,2022-03-04,
SKU-502768,Product 2769,Home,,114,NaN,1957.38,WH-MEL,26 Nov 2023,In Stock
SKU-502769,Product 2770,Electronics,Global Parts,695,113,"1.299,50",WH-bne,10.10.2022,outofstock
SKU-502239,Product 2771,OFFICE,Metro Goods,464,109,1862.06,WH-ADE,2023-04-21,In Stock
SKU-502771,Product 2772,electronic,N/A,369,NaN,2345.62,WH-SYD,2023/06/15,In Stock
SKU-502772,Product 2773,N/A,Global Parts,527,N/A,AUD 500,WH-ADE,08/06/2024,In Stock
SKU-502773,Product 2774,Electronics,Nova Wholesale,304,57,678.24,WH-PER,07-10-2021,In Stock
SKU-502774,Product 2775,Home,Nova Wholesale,89,1O,744.28,WH-SYD,13.01.2026,In Stock
SKU-501912,Product 2776,ELECTRONICS ,Vertex Trading,N/A,1O,1639.66,N/A,07 Feb 2021,In Stock
SKU-502776,Product 2777,Software,Apex Supply,412,19,9999999,SYD,28 Aug 2026,In Stock
SKU-502777,Product 2778,,Apex Supply,331,24,1248.86,WH-MEL,2025/05/13,In Stock
N/A,,accessory,Apex Supply,722,twenty,AUD 500,N/A,15.04.2022,In Stock
SKU-????,Product 1262,,Global Parts,423,twenty,-250,Melbourne WH,05-03-2022,In Stock
NULL,Product 2781,Office,Vertex Trading,111,100,1969.55,ADE,2025-01-02,In Stock
SKU-502781,Product 2782,Office,Global Parts,349,131,1347.98,WH-SYD,28 Aug 2025,In Stock
SKU-502782,123456,Home & Living,123,701,98,"1,299.50",SYD,N/A,low
NULL,Product 2784,electronics,PrimeSource,798,23,1316.93,WH-bne,23/10/2021,Available
SKU-501065,Product 1066,Home,Nova Wholesale,NaN,-10,1507.22,WH-MEL,12-27-2023,In Stock
SKU 502785,Product 2786,N/A,Vertex Trading,47,132,AUD 500,,2021/06/03,Low Stock
NULL,Product 2787,Accessories,Apex Supply,999999,121,1850.24,WH-BNE,04.02.2022,1
NULL,product_name,Accessories,Nova Wholesale,757,50 units,484.11,wh-per ,10-31-2023,In Stock
SKU-502442,Product 2443,Home,Apex Supply,892,0,"2 500,00",WH-MEL,2024-08-07,In Stock
SKU-502789,Product 2790,Software,Global Parts,-50,37,"2 500,00",WH-BNE,02.09.2023,Available
SKU-502790,Product 2791,Electronics,unknown,48,56,1627.16,WH-ADE,99-99-9999,Low Stock
SKU-502791,Product 2792,Home,PrimeSource,500 units,35,,Sydney Warehouse,2025/00/12,In Stock
NULL,Product 2793,Software, Vertex Trading,351,1O,1192.49,WH-MEL,2023-04-23,0
SKU-502793,Product 2794,Software,PrimeSource,778,34,1783.66,WH-MEL,31/08/2021,
SKU-502794,Product 2795,Home,Apex,774,99,"2 500,00",Melbourne WH,2025-03-01,In Stock
SKU-502795,Product 2796,Home & Living,Metro Goods,168,50 units,195.3,Melbourne WH,04.06.2025,In Stock
SKU-502796,Product,ELECTRONICS ,PrimeSource,893,54,103.63,WH-PER,2024/05/16,In Stock
SKU-502264,Product 2798,Software,Apex Supply,579,53,2061.86,WH-MEL,2025-09-06,In Stock
SKU-502798,Product 2799,Office,Vertex Trading,301,35,2278.26,WH-MEL,10/01/2023,In Stock
SKU-502799,Product 2800,Home,Apex Supply,516,124,1906.08,Warehouse 1,10-04-2021,In Stock
SKU-502800,Product 2801,Software,Nova Wholesale,492,N/A,325.14,unknown,2023-07-06,N/A
NULL,Product 2802,electronics,Apex Supply,ten,140,70.3,WH-MEL,12-27-2025,In Stock
SKU-502802,Product 2803,Home,Nova Wholesale,869,,9999999,WH-ADE,28/09/2025,outofstock
SKU-502803,Product 2804,accessory,PrimeSource,500 units,33,10O.50,WH-ADE,2023/04/10,In Stock
SKU-502804,Product 2805,Software,Global Parts,330,46,USD 120,WH-BNE,2024-07-14,In Stock
SKU-502805,Product,Accessories,Metro Goods,239,95,AUD 500,WH-MEL,22.09.2021,unknown
SKU-502806,Product 2807,Accessories,Global Parts,N/A,9999,1833.98,,none,In Stock
SKU-502807,Product 2808,Software,,537,88,FREE,N/A,22.06.2022,In Stock
SKU-502808,Product 2809,Software,Apex Supply,,NaN,1978.18,SYD,null,INSTOCK
SKU-502809,Product 2810,Home,Vertex Trading,113,NaN,886.28,WH-bne,07-04-2022,In Stock
SKU-502810,Product 2811,Office,unknown,-50,1O,1630.37,unknown,2023/06/09,OOS
SKU-502811,Product 2812,OFFICE,PrimeSource,855,20,1123.2,WH-ADE,15 Sep 2022,In Stock
SKU-502812,Product 2813,Accessories,Global Parts,178,,617.22,WH-BNE,2022/02/13,low
NULL,Product 2814,Home,Global Parts,5,-10,2103.45,WH-bne,27.05.2022,Low Stock
SKU-502814,Product 2815,Office,N/A,1O0,31,682.59,WH-ADE,12-16-2025,outofstock
SKU-502815,Product 2816,Accessories,Global Parts,272,38,2386.16,WH-PER,none,In Stock
SKU-502816,Product 2817,Home,Vertex Trading,412,34,AUD 500,WH-BNE,18/05/2023,Available
NULL,Product 2818,office supplies,Apex,,38,"1,299.50",SYD,03-26-2025,In Stock
12345,,Home & Living,Nova Wholesale,-50,83,197.25,SYD,?,Low Stock
SKU-502819,???,Unknown,Nova Wholesale,135,0,63.26,WH-PER,22 Aug 2025,In Stock
SKU-502820,Product 2821,Office,Metro Goods,355,55,2161.86,WH-ADE,?,outofstock
SKU-502821,Product 2822,Home,Nova Wholesale,413,126,1783.56,wh-per ,03-25-2026,INSTOCK
SKU-502389,Product,OFFICE,Apex Supply,"1,200",106,2257.39,WH-SYD,-,In Stock
SKU-502823,Product 2824,Unknown,Global Parts,39,0,1876.81,WH-ADE,2025-05-16,LOW STOCK 
SKU-502824,Product 2825,Office,Global Parts,429,56,27.69,WH-BNE,10 Oct 2021,1
SKU-502825,Product 2826,OFFICE,PrimeSource,676,101,1351.06,WH-SYD,   ,In Stock
SKU-502826,Product 2827,Software,PrimeSource,864,29,1345.36,unknown,09.04.2021,In Stock
SKU-502827,???,Software,Global Parts,-50,9999,1172.91,SYD,26 Aug 2023,In Stock
SKU-502828,Product 2829,Accessories,N/A,"1,200",79,N/A,WH-bne,10.09.2025,In Stock
SKU-502829,Product 2830,Office,Vertex Trading,609,119,1220.76,WH-PER,08-02-2023,In Stock
12345,???,soft ware,Vertex Trading,242,69,1348.3,WH-PER,19/05/2025,In Stock
SKU 502831,Product 2832,Office,Vertex Trading,845,0,,WH-SYD,28 May 2025,In Stock
SKU-502832,product_name,Office,Apex Supply,262,50,,WH-SYD,01.08.2021,In Stock
NULL,Product 2834,N/A,Apex,318,143,AUD 500,WH-ADE,16.01.2024,low
SKU-501028,Product 1029,Software,Vertex Trading,-1,39,1098.28,Melbourne WH,13/13/26,In Stock
SKU-502835,Product 2836,Software,Nova Wholesale,108,60,FREE,,04-14-2025,In Stock
SKU-502836,N/A,electronics,Nova,506,50 units,2426.24,WH-PER,2022-12-01,In Stock
SKU-502837,Product 2838,Home,Global Parts,NaN,77,"1,299.50",WH-MEL,09/02/2022,Low Stock
SKU-501000,N/A,Software,Metro Goods,526,75,989.03,WH-PER,2025-10-27,In Stock
SKU-502839,Product,Home & Living,Prime Source,464,1O,"2 500,00",unknown,17/11/2023,In Stock
SKU-502840,Product 2841,Accessories ,Nova,670,107,$99.99,WH-MEL,08-01-2021,In Stock
SKU-502841,Product 2842,Accessories ,Nova Wholesale,"1,200",122,9999999,WH-MEL,Feb 30 2025,In Stock
SKU-502842,Product 2843,Software,Vertex Trading,669,35,1172.42,WH-ADE,04/04/2025,In Stock
SKU-502843,Product 2844,Home,Global Parts,417,32,1926.05,WH-MEL,?,OOS
SKU-502844,Product 2845,Office,Prime Source,N/A,9999,"2 500,00",WH-SYD,2024-02-27,In Stock
SKU-502845,Product 2846,Office,Global Parts,569,52,168.89,WH-PER,17 Jan 2026,In Stock
SKU-502846,Product 2847,Unknown,123,N/A,22,USD 120,Melbourne WH,25.06.2024,unknown
SKU-502847,Product 2848,Office,Global Parts,241,19,924.87,WH-MEL,2022-04-19,In Stock
SKU-502848,Product 2849,Home,Nova  Wholesale,808,0,2032.39,WH-ADE,2022-03-09,In Stock
SKU-502849,  Product 2850  ,soft ware,Metro Goods,688,39,1799.59,WH-BNE,unknown,Available
SKU-502850,Product,Office,Metro Goods,513,41,$99.99,WH-BNE,12-12-2024,In Stock
N/A,Product 2852,electronics,Metro Goods,693,116,769.92,WH-MEL,-,INSTOCK
SKU-502852,Product 2853,Electronics,Nova Wholesale,1O0,126,"2 500,00",WH-MEL,2023-10-09,INSTOCK
SKU-502853,Product 2854,office supplies,Metro Goods,N/A,60,$99.99,N/A,NULL,1
SKU-502854,Product 2855,Office,Nova,685,145,1554.53,N/A,2024/06/07,In Stock
SKU-502855,Product 2856,Home,unknown,187,94,823.73,WH-PER,28.02.2021,In Stock
SKU-502856,Product 2857,Electronics,Prime Source,N/A,"1,000",764.48,WH-PER,06-10-2026,In Stock
SKU-502857,Product 2858,Electronics,Nova Wholesale,NaN,63,581.98,WH-ADE,missing,In Stock
SKU-502858,Product 2859,electronic,Metro Goods,593,40,506.61,WH-PER,04 Apr 2025,In Stock
SKU-502859,Product 2860,Electronics,Vertex Trading,55,0,,WH-BNE,24/05/2024,LOW STOCK 
SKU-502860,N/A,soft ware,Vertex Trading,404,NaN,951.68,WH-ADE,05/01/2022,In Stock
,???,Home,Metro Goods,676,47,624.43,WH-SYD,03/05/2024,0
SKU-502862,Product 2863,Software,Prime Source,843,83,1716.05,WH-bne,04/06/2024,unknown
SKU-502863,Product 2864,electronics,PrimeSource,853,30,1358.69,WH-BNE,08.04.2021,In Stock
SKU-502864,Product 2865,Software,unknown,136,-10,1736.31,WH-bne,04 Oct 2023,In Stock
SKU-502865,Product 2866,Accessories,Nova Wholesale,485,123,680.57,Sydney Warehouse,12-04-2024,0
SKU-502866,Product 2867,Office,Nova Wholesale,624,129,AUD 500,WH-ADE,12 Sep 2023,1
SKU-502867,,Software,Nova Wholesale,449,142,153.85,ADE,2021/06/17,In Stock
SKU-502868,Product 2869,soft ware,Metro Goods,8,74,1854.08,WH-BNE,2023-10-29,Low Stock
SKU-502869,Product 2870,Electronics,Prime Source,81,119,2243.13,WH-PER,   ,Low Stock
SKU-502870,Product 2871,,Metro Goods,76,41,735.34,SYD,11 May 2021,In Stock
SKU-502871,Product 2872,Office,Metro Goods,309,1O,258.4,WH-ADE,15/07/2025,0
N/A,Product 2538,Office,Nova Wholesale,1O0,59,193.77,,unknown,LOW STOCK 
SKU-502873,Product 2874,Electronics,Metro Goods,194,144,2023.97,WH-PER,none,in stock
SKU-502874,Product 2875,Electronics,Metro Goods,999999,25,N/A,ADE,NA,In Stock
SKU-502875,,Home,Nova Wholesale,821,86,"2 500,00",Melbourne WH,03-10-2021,In Stock
SKU-502876,Product 2877,Home,PrimeSource,865,38,10O.50,WH-PER,NULL,In Stock
SKU-502877,Product 2878,Office,Global Parts,354,42,-250,N/A,2025/11/25,In Stock
SKU-502878,Product 2879,N/A,Vertex Trading,310,134,2278.34,,20/01/2022,In Stock
SKU-502879,Product,Office,Vertex Trading,886,9999,733.12,WH-SYD,05-02-2023,In Stock
SKU-502880,Product 2881,Office,Nova Wholesale,0.5,102,9999999,WH-BNE,05-01-2026,In Stock
12345,Product 2882,Office,Metro Goods,318,0,475.86,WH-ADE,09-02-2023,N/A
SKU-502882,Product 2883,electronic,Global Parts,177,25,984.12,Sydney Warehouse,04/07/2024,In Stock
SKU-500181,Product 182,Home,Global Parts,157,110,USD 120,WH-bne,13.07.2021,Available
SKU-502884,Product 2885,office supplies,Apex Supply,1O0,,1389.94,ADE,2025/00/12,In Stock
SKU-502885,Product 2886,Office,Global Parts,371,150,1541.34,WH-SYD,2021/03/20,In Stock
SKU-502886,Product,Electronics,PrimeSource,-1,65,2379.0,wh-per ,   ,In Stock
SKU-502887,123456,Software,123,660,9999,410.0,WH-PER,2024-11-02,In Stock
SKU-502888,Product 2889,Office,Apex Supply,40,104,FREE,ADE,12-03-2024,Low Stock
,Product 2890,electronics,Vertex Trading,390,0,2256.25,WH-PER,25/12/2021,In Stock
SKU-502890,???,Accessories,Nova Wholesale,609,NaN,"1,299.50",WH-PER,12-18-2025,N/A
SKU-502891,Product 2892,Office, Vertex Trading,254,"1,000",,WH-ADE,2021/10/02,In Stock
SKU-502892,Product 2893,N/A,Global Parts,760,"1,000",USD 120,WH-SYD,2024-10-20,In Stock
SKU-502893,Product 2894,Accessories,Vertex Trading,0.5,-10,1793.37,ADE,26/03/2024,In Stock
SKU-502894,Unknown Item,Electronics,PrimeSource,61,96,945.81,WH-SYD,31/02/2026,1
SKU-502895,product 2896,Home,123,35,90,"1.299,50",wh-per ,07 Dec 2024,low
SKU-502896,Product 2897,Electronics,Metro Goods,872,108,277.95,WH-SYD,14.11.2021,outofstock
SKU 502897,Product 2898,Office,unknown,704,40,N/A,WH-BNE,04-04-2026,In Stock
12345,,Electronics,PrimeSource,370,16,270.28,WH-ADE,22 May 2024,low
SKU-500090,product 2900,Accessories,Nova Wholesale,999999,73,933.19,WH-SYD,   ,In Stock
,Product 2901,Accessories,Nova Wholesale,663,NaN,9999999,WH-ADE,12-31-2022,0
SKU-502901,Product 2902,Accessories,Global Parts,48,28,294.28,Melbourne WH,03.08.2021,In Stock
SKU-502902,Product 2903,Software,Prime Source,425,81,1656.89,WH-SYD,09 Sep 2022,In Stock
SKU-502903,Product 2904,Software,Nova Wholesale,685,106,2115.68,WH-SYD,NA,In Stock
SKU-500661,Product 2905,,PrimeSource,498,144,AUD 500,WH-MEL,NULL,In Stock
NULL,Product 2906,Home,Apex Supply,247,132,N/A,WH-MEL,NA,In Stock
SKU-502906,Product 2907,Accessories,Vertex Trading,ten,102,-250,WH-ADE,10 Aug 2024,Low Stock
SKU-502907,Product 2908,Accessories ,N/A,546,twenty,1259.49,WH-BNE,14/03/2021,In Stock
SKU-502908,Product 2909,Home,Metro Goods,617,0,2322.97,WH-bne,08-10-2025,In Stock
SKU-502909,Product 2910,Electronics,Nova Wholesale,N/A,57,641.3,WH-PER,2022-07-05,In Stock
SKU-502910,Product 2911,Home,Apex Supply,488,96,"1.299,50",WH-MEL,15 Sep 2023,INSTOCK
SKU-502911,Product 2912,Home,Global Parts,317,105,9999999,WH-BNE,09-21-2021,In Stock
SKU-502912,Product,Software,Nova Wholesale,670,64,1475.56,WH-MEL,99-99-9999,low
SKU-502913,Product 2914,Software,Vertex Trading,283,114,"2 500,00",WH-BNE,2021/03/07,
SKU-502914,Product 2915,Electronics,Vertex Trading,381,41,334.45,WH-BNE,25/11/2024,OOS
SKU-502915,Product 2916,electronics,123,999999,137,2183.7,WH-MEL,   ,In Stock
N/A,Product,accessory,PrimeSource,229,32,1477.67,Sydney Warehouse,2025/00/12,0
SKU-502917,Product 2918,electronic,Vertex Trading,608,140,488.21,WH-BNE,10-21-2022,N/A
SKU-502918,Unknown Item,Home,Vertex Trading,709,79,1889.22,WH-SYD,14.12.2024,In Stock
SKU 502919,Product 2920,Accessories ,Nova Wholesale,813,145,979.39,WH-MEL, ,Available
N/A,Product 2921,Accessories ,Apex Supply,0.5,149,744.1,WH-MEL,01-26-2021,In Stock
SKU-502921,Product 2922,Software,Metro Goods,52,53,AUD 500,WH-ADE,null,Low Stock
SKU-502922,Product 2923,office supplies,PrimeSource,370,53,1379.0,WH-SYD,32 Jan 2025,OOS
SKU-502923,Product,OFFICE,Global Parts,1O0,,139.39,WH-PER,2025-05-25,in stock
SKU-502924,Product 2925,N/A,Global Parts,39,"1,000",1758.91,WH-bne,2023-09-20,Low Stock
SKU-502925,N/A,Electronics,,-1,9999,AUD 500,unknown,24/09/2024,In Stock
SKU-502926,Product 2927,N/A,Global Parts,"1,200",106,995.23,WH-BNE,2024/10/08,In Stock
SKU-502927,product_name,N/A,Vertex Trading,816,35,73.59,WH-ADE,2022-09-10,0
SKU-502928,Product 2929,Office,N/A,"1,200",twenty,AUD 500,WH-ADE,20.04.2022,LOW STOCK 
SKU-502929,Product 2930,Software,123,695,120,,WH-ADE,unknown,In Stock
SKU-502930,Product 2931,accessory,unknown,588,30,1453.0,Sydney Warehouse,25.11.2025,
SKU-502931,???,Accessories,Nova Wholesale,"1,200",119,-250,WH-ADE,2024-05-29,In Stock
SKU-502932,Product 2933,Accessories,Global Parts,,twenty,1166.8,WH-MEL,08/05/2024,INSTOCK
SKU-502933,Product 2934,Home,Apex Supply,432,1O,9.97,WH-ADE,21.06.2022,In Stock
SKU-502934,Product 2935,ELECTRONICS ,PrimeSource,NaN,twenty,2238.3,Melbourne WH,2023/02/10,In Stock
SKU-502935,Product 2936,Home,,1O0,51,$99.99,WH-PER,31/02/2026,In Stock
SKU-502936,Product 2937,Electronics,Metro Goods,516,64,$99.99,WH-ADE,none,In Stock
SKU-????,Product 2938,Software,unknown,62,66,179.41,,2022/06/02,Low Stock
SKU-502938,Product 2939,ELECTRONICS ,Metro Goods,573,22,2169.81,WH-PER,2021/02/11,In Stock
SKU-502939,123456,Accessories,Apex Supply,444,20,247.79,Warehouse 1,unknown,In Stock
SKU-502940,Product 2941,Home,Vertex Trading,149,124,FREE,Sydney Warehouse,01-07-2023,In Stock
SKU-502941,Product 2942,Home,Nova Wholesale,512,104,2233.71,SYD,13/13/26,In Stock
SKU-502942,Product 2943,OFFICE,Vertex Trading,ten,33,1562.84,wh-per ,29.03.2025,In Stock
SKU-502943,Product 2944,Accessories,Vertex Trading,595,29,USD 120,WH-SYD,11/03/2025,In Stock
12345,product_name,Software,GlobalParts,204,76,2266.74,WH-SYD,10/05/2022,unknown
SKU-502945,Product 2946,office supplies,Global Parts,153,102,208.49,SYD,2024/12/27,unknown
SKU-502946,Product 2947,Accessories,Nova Wholesale,625,92,1146.95,WH-ADE,NA,In Stock
SKU-502947,Product,Electronics,Vertex Trading,731,NaN,312.27,unknown,27.07.2025,In Stock
SKU-502948,Product 2949,Office,Metro Goods,272,"1,000",2123.07,WH-BNE,none,In Stock
SKU-502949,Product 2950,ELECTRONICS ,PrimeSource,731,96,1291.04,WH-MEL,missing,In Stock
12345,Product 2951,Software,123,N/A,146,1698.47,WH-SYD,15/06/2025,Low Stock
SKU-502951,Product 2952,Electronics,Vertex Trading,-50,"1,000",1745.56,WH-BNE,09-04-2021,Available
SKU-502952,Product 2953,Accessories,Prime Source,1O0,39,2112.2,WH-MEL,?,In Stock
SKU-502953,Product 2954,Office,123,116,140,1490.74,WH-ADE,28/08/2023,Low Stock
SKU-502954,Product 2955,Home,Global Parts,145,123,N/A,Melbourne WH, ,In Stock
SKU-502955,Product 2956,Electronics,Global Parts,-50,44,1714.2,WH-SYD,,In Stock
SKU-502956,123456,Home,Global Parts,513,44,2242.59,WH-BNE,12-19-2023,In Stock
sku-502524,Product 2525,Home,PrimeSource,440,120,1355.89,Melbourne WH, ,In Stock
SKU-502958,Product 2959,Home,Apex Supply,228,131,866.16,WH-ADE,27.06.2023,In Stock
SKU-502959,Product 2960,Office,GlobalParts,,NaN,164.22,WH-ADE,NULL,In Stock
SKU-502960,Product 2961,Office,Nova Wholesale,644,84,N/A,WH-PER,04-30-2022,In Stock
SKU-502961,product_name,Electronics,Vertex Trading,1O0,62,390.82,WH-SYD,01 Aug 2023,In Stock
SKU-500640,Product 2963,Accessories,Nova Wholesale,604,19,2397.83,WH-SYD,2021/06/27,low
SKU-502963,Product 2964,electronics,Nova Wholesale,889,twenty,FREE,WH-BNE,24 Jan 2025,outofstock
SKU-502964,Product 2965,Home,Global Parts,ten,83,N/A,WH-BNE,26 Jan 2022,LOW STOCK 
SKU-502965,Product 2966,,unknown,N/A,,"2 500,00",WH-BNE,2021-04-12,In Stock
SKU-502966,Product 2967,soft ware,N/A,,135,1782.06,Warehouse 1,2024-08-11,In Stock
SKU-502967,Product 2968,Electronics,Global Parts,802,twenty,833.29,WH-SYD,99-99-9999,In Stock
SKU-502968,Product 2969,Home,PrimeSource,468,57,1260.63,WH-SYD,2025-09-04,In Stock
SKU-502969,Product 2970,Office,Nova Wholesale,441,1O,1644.27,WH-BNE,09 Mar 2024,In Stock
SKU-502970,123456,Accessories,Vertex Trading,884,35,404.61,Melbourne WH,NA,In Stock
SKU-502971,Unknown Item,Accessories,Vertex Trading,803,146,1965.79,Sydney Warehouse,2023-07-19,In Stock
SKU-502972,Product 2973,Home,PrimeSource,334,149,"2 500,00",WH-ADE,2023/12/24,Not Available
SKU-502973,Product 2974,Unknown,Prime Source,308,60,1555.99,Warehouse 1,23 Apr 2025,INSTOCK
SKU-502974,Product 2975,Office,Metro Goods,798,9999,1487.42,Melbourne WH,00/00/0000,In Stock
SKU-502975,Product 2976,Accessories,N/A,166,twenty,2203.8,unknown,2021-02-06,In Stock
SKU-502976,product_name,Home,N/A,666,32,112.34,ADE,2026-06-23,In Stock
SKU-502977,???,accessory,Apex,"1,200",twenty,2199.04,WH-BNE,2025-02-17,In Stock
SKU 502978,Product 2979,Electronics,Vertex Trading,669,125,1054.84,Melbourne WH,none,In Stock
SKU-502979,Product 2980,Accessories ,Nova Wholesale,214,-10,2259.07,,05-30-2025,in stock
SKU-502980,Product 2981,OFFICE,Apex Supply,759,56,1082.13,unknown,not-a-date,INSTOCK
SKU-502981,N/A,Home,Vertex Trading,241,75,1354.8,WH-BNE,06-28-2025,In Stock
SKU-502982,Product 2983,Home,Nova,245,-10,USD 120,,09-14-2026,INSTOCK
SKU-502442,Product 2984,Software,Apex Supply,-50,98,FREE,WH-MEL,31/02/2026,
SKU-502984,Product 2985,Office,Vertex Trading,310,27,184.76,WH-SYD,03.07.2026,
SKU-502985,Product,Accessories,Prime Source,261,N/A,1347.35,WH-ADE,11-12-2023,in stock
N/A,123456,electronic,Apex,776,19,756.02,WH-SYD,2023-11-06,unknown
SKU-502987,Product 2988,Accessories,GlobalParts,500 units,118,955.71,WH-SYD,2024/02/19,LOW STOCK 
SKU-????,Product 2989,electronic,Metro Goods,1O0,59,417.26,Sydney Warehouse,28/03/2025,In Stock
SKU-502989,???,N/A,Apex Supply,700,95,FREE,WH-ADE,12-27-2024,In Stock
SKU 502990,Product 2991,Accessories,GlobalParts,715,57,2332.46,WH-BNE,21/01/2025,In Stock
SKU-501239,Unknown Item,Software,vertex trading,452,101,$99.99,WH-SYD,2023-03-01,In Stock
SKU-502992,Product 2993,Office,Global Parts,508,119,1836.13,WH-BNE,07/09/2026,OOS
SKU-502993,Product 2994,Software,PrimeSource,828,140,2335.77,WH-MEL,16.09.2023,In Stock
SKU-502994,Product 2995,ELECTRONICS ,Global Parts,999999,138,2472.69,WH-MEL,2022/02/19,
SKU-502995,N/A,OFFICE,Metro Goods,836,65,643.63,SYD,unknown,OOS
SKU-502996,Product 2997,Home & Living,PrimeSource,877,N/A,1031.56,WH-SYD,01.07.2021,low
SKU-502997,Product 2998,electronic,Global Parts,596,133,453.95,Sydney Warehouse,02-11-2026,In Stock
SKU-502998,Product 2999,accessory,Nova Wholesale,227,-10,AUD 500,WH-SYD,2026-02-31,
SKU-502999,Product 3000,Software,GlobalParts,869,9999,USD 120,WH-bne,2021/07/04,In Stock
SKU-503000,???,Electronics,Apex Supply,283,92,1102.18,WH-PER,2024/01/25,In Stock
SKU-503001,,electronics,Nova Wholesale ,463,NaN,44.9,WH-PER,14.06.2023,In Stock
SKU-503002,123456,Software,123,677,29,1938.0,WH-PER,25.02.2025,Available
SKU-503003,Unknown Item,Accessories,Prime Source,304,-10,,WH-MEL,21 Oct 2024,In Stock
SKU-503004,Product 3005,Accessories,Metro Goods,701,9999,AUD 500,WH-BNE,2021/04/06,INSTOCK
N/A,Product 3006,Home,Nova,567,34,2097.03,WH-ADE,23 May 2023,In Stock
SKU-503006,Product 3007,Home,PrimeSource,606,150,,WH-SYD,2026-03-01,In Stock
SKU-503007,Product 3008,office supplies,Vertex Trading,647,96,972.33,WH-ADE,05-31-2022,In Stock
SKU-503008,Product 3009,Office,unknown,337,42,AUD 500,WH-SYD,-,In Stock
SKU-503009,Product 3010,accessory,,223,139,$99.99,WH-SYD,unknown,Available
SKU-503010,Product 3011,electronics,GlobalParts,801,49,897.73,WH-ADE,17 Dec 2025,In Stock
SKU-503011,Product 3012,Office,Vertex Trading,440,48,"1.299,50",WH-BNE,11-14-2023,In Stock
SKU-503012,Product 3013,electronic,Apex Supply,136,26,47.04,ADE,30/04/2026,1
SKU-503013,???,Accessories ,Nova Wholesale,135,75,1926.48,WH-BNE,missing,In Stock
sku-503014,Product 3015,Home,N/A,-50,45,"2 500,00",WH-MEL,2024-05-08,In Stock
SKU-503004,Product 3005,Accessories,Metro Goods,701,9999,AUD 500,WH-BNE,2021/04/06,INSTOCK
SKU-503016,product_name,Accessories ,Vertex Trading,131,"1,000",726.85,WH-ADE,24 Dec 2025,0
SKU-503017,Product 3018,N/A,N/A,1O0,45,-250,WH-PER,09-27-2025,INSTOCK
SKU-503018,Product 3019,Electronics,Nova Wholesale,629,127,1542.23,WH-PER,00/00/0000,LOW STOCK 
SKU-503019,Product,Accessories ,Vertex Trading,855,140,1790.81,WH-MEL,NA,In Stock
SKU-503020,Product 3021,Electronics,nova wholesale,539,95,,unknown,27.07.2022,In Stock
SKU-503021,Product 3022,Home,Metro Goods,382,N/A,1176.63,WH-BNE,07.02.2026,In Stock
SKU-503022,Product 3023,electronic,Nova Wholesale,999999,106,2435.37,WH-PER,NULL,In Stock
NULL,Product 3024,Electronics,PrimeSource,112,1O,104.54,WH-ADE,22 Aug 2025,Low Stock
SKU-503024,Product 3025,Electronics,Nova Wholesale,705,43,1690.39,WH-ADE,03 Apr 2022,In Stock
SKU-503025,Product 3026,ELECTRONICS ,Nova Wholesale,252,1O,1355.42,unknown,29 Jan 2024,In Stock
12345,Product 3027,Accessories,PrimeSource,500 units,84,N/A,WH-BNE,2021/07/07,OOS
12345,Product 3028,electronics,Apex Supply,1O0,1O,9999999,Warehouse 1,2024-09-06,0
SKU-503028,Product 3029,electronic,123,483,50 units,407.64,WH-MEL,13/13/26,LOW STOCK 
SKU-503029,Product 3030,Office,Global Parts,692,144,9999999,WH-ADE,13/13/26,In Stock
SKU-503030,Product 3031,Office,Vertex Trading,685,32,2145.93,WH-MEL,06/08/2023,in stock
SKU-503031,123456,Office,PrimeSource,174,148,,WH-bne,2022/03/27,In Stock
SKU 503032,Product 3033,ELECTRONICS ,Apex Supply,673,"1,000",1448.71,WH-MEL,07-31-2022,In Stock
SKU-503033,Product 3034,Home,Apex Supply,822,69,471.28,WH-ADE,01.10.2025,OOS
SKU 503034,Product 3035,electronics,Vertex Trading,805,103,236.97,wh-per ,07 Sep 2023,OOS
SKU-503035,product_name,Office,Global Parts,146,104,1024.9,wh-per ,12/07/2026,In Stock
SKU-503036,Product 3037,Home & Living,Nova Wholesale,ten,58,"1.299,50",WH-MEL,04-13-2026,INSTOCK
SKU-503037,Product 3038,Office,Metro Goods,719,,362.79,WH-PER,02-03-2026,OOS
SKU-502346,Product 2347,Accessories ,Global Parts,1O0,68,AUD 500,WH-BNE,21 Jun 2022,N/A
NULL,Product 3040,Software,Nova Wholesale,191,0,220.65,WH-bne,26/11/2025,In Stock
SKU-503040,Product 3041,Accessories,Nova Wholesale,565,142,AUD 500,WH-SYD,2025-04-08,In Stock
SKU-503041,Product 3042,Software,Nova Wholesale,754,1O,1262.59,WH-SYD,2021-10-16,outofstock
SKU-503042,Product 3043,Accessories,VERTEX TRADING,"1,200",144,9999999,Melbourne WH,2023/11/26,low
SKU-503043,Product 3044,Accessories,Prime Source,636,150,N/A,WH-BNE,   ,Not Available
SKU-503044,Product 3045,accessory,Apex,500 units,106,235.35,WH-MEL,27 Feb 2024,In Stock
SKU-503045,Product 3046,accessory,Apex Supply,828,94,383.52,WH-MEL,2026/08/08,0
SKU-503046,Product 3047,office supplies,Global Parts,641,56,2388.82,WH-SYD,29.07.2021,In Stock
SKU-503047,Product  3048,Software,Apex Supply,893,24,10O.50,WH-ADE,2023/03/05,In Stock
SKU-503048,Product 3049,Unknown,123,865,45,"2 500,00",WH-MEL,32 Jan 2025,
SKU-503049,Product 3050,soft ware,PrimeSource,746,98,-250,WH-bne,Feb 30 2025,N/A
12345,Product 3051,Home,Prime Source,999999,109,"2 500,00",WH-MEL,27.12.2022,In Stock
SKU-503051,Product 3052,Software,PrimeSource,331,138,1486.49,ADE,2022/03/19,In Stock
SKU-501241,Unknown Item,Accessories,Nova Wholesale,296,149,1539.47,WH-PER,03/05/2025,In Stock
SKU-503053,Product 3054,OFFICE,Apex,775,29,529.46,WH-SYD,NULL,In Stock
12345,Product 3055,accessory,Nova Wholesale,394,NaN,2059.97,N/A,,In Stock
SKU-503055,Product 3056,electronic,Global Parts,419,52,2310.53,Warehouse 1,29.07.2021,low
SKU-503056,Product 3057,Accessories,Apex Supply,423,138,763.91,WH-PER,12.05.2025,In Stock
SKU-503057,Product 3058,soft ware,Nova Wholesale,N/A,39,2324.08,WH-MEL,31/02/2026,In Stock
SKU-503058,Product 3059,Office,  Metro Goods  ,N/A,149,1573.72,Melbourne WH,07 Feb 2023,1
SKU-503059,123456,Home,Apex Supply,136,106,1710.42,WH-PER,2023/03/22,In Stock
SKU-503060,Product 3061,soft ware,Global Parts,697,144,,WH-PER,32 Jan 2025,In Stock
SKU-501849,Product 1850,Accessories,,476,24,"2 500,00",WH-PER,,In Stock
sku-503062,Product 3063,accessory,Metro Goods,102,"1,000",1222.36,WH-PER,05 Apr 2022,outofstock
SKU-503063,Product 3064,Office,PrimeSource,500 units,63,1116.42,unknown,2021/04/10,In Stock
NULL,Product 3065,Accessories,Global Parts,259,84,-250,WH-ADE,17 Aug 2022,
SKU 503065,Product 3066,electronic,Nova Wholesale,463,1O,827.74,WH-ADE,04/02/2022,In Stock
SKU-503066,Product 3067,Accessories,Nova Wholesale,262,105,1200.79,WH-PER,Feb 30 2025,
SKU-503067,Product 3068,Electronics,Apex Supply,626,76,1194.69,WH-PER,13/13/26,In Stock
SKU-503068, Product 3069,Accessories ,Apex Supply,454,141,"2 500,00",WH-SYD,2023-03-26,In Stock
SKU-503069,Product 3070,Home,Vertex Trading,55,76,533.19,Melbourne WH,06 Sep 2021,Low Stock
SKU-503070,Product 3071,accessory,Vertex Trading,267,86,,WH-MEL,06-12-2022,In Stock
SKU-503071,Product 3072,Home,unknown,665,68,967.72,unknown,22/01/2026,In Stock
SKU-503072,Product 3073,Electronics,Vertex Trading,1O0,147,254.21,WH-PER,2023/04/23,In Stock
,Product 3074,Home,PrimeSource,0.5,50 units,2113.97,WH-bne,11 Mar 2022,low
SKU-503074,Product 3075,Software,Apex Supply,855,32,USD 120,wh-per ,2021/03/05,In Stock
SKU-503075,Product 3076,Office,Apex Supply,190,22,"2 500,00",SYD,06 Jul 2021,
12345,Product 3077,Accessories,Global Parts,0.5,97,481.38,unknown,2025-04-21,In Stock
SKU-503077,Unknown Item,Accessories ,Prime Source,535,0,692.76,unknown,10-05-2021,in stock
sku-503078,Product 3079,Electronics,,440,90,1402.44,wh-per ,04-29-2021,In Stock
SKU-503079,Product 3080,Software,PrimeSource,-50,,1728.29,WH-MEL,05-19-2021,LOW STOCK 
SKU-503080,Product 3081,Home,Apex Supply,243,137,"1,299.50",WH-SYD,20/09/2022,In Stock
SKU-503081,Product 3082,Accessories ,,324,134,2429.2,Sydney Warehouse,20.11.2023,LOW STOCK 
SKU-503082,Product 3083,Software,Nova Wholesale,999999,139,FREE,WH-PER,16 Feb 2025,Low Stock
SKU-503083,Product 3084,OFFICE,Nova,273,54,-250,WH-BNE,2023-08-03,in stock
SKU-500350,Product 351,Software,unknown,106,119,1527.14,WH-PER,29.07.2022,Low Stock
SKU-503085,Product 3086,electronics,Metro Goods,781,88,1234.83,WH-ADE,05-16-2024,In Stock
SKU-503086,Product 3087,Electronics,Nova Wholesale,861,N/A,-250,WH-MEL,2022-09-27,N/A
SKU-503087,Product 3088,Office,nova wholesale,438,24,"1.299,50",WH-ADE,NA,In Stock
SKU-503088,Product 3089,Software,Nova Wholesale,593,128,2285.79,N/A,13/13/26,Available
SKU-503089,Product 3090,Electronics,Global Parts,785,twenty,1245.45,Melbourne WH,2022/02/03,In Stock
SKU-503090,Product 3091,Electronics,,-1,twenty,1212.21,unknown,2022/12/13,In Stock
SKU-503091,Product 3092,Office,PrimeSource,,45,1998.7,WH-MEL,04-30-2026,
SKU-503092,Product 3093,electronic,,1,46,1672.18,WH-SYD,01 Dec 2024,Low Stock
sku-503093,Product 3094,Electronics,PrimeSource,566,9999,2149.09,Warehouse 1,01.09.2021,In Stock
SKU-503094,Product 3095,Home,N/A,47,150,$99.99,WH-BNE,20/07/2023,Low Stock
SKU-503095,???,Electronics,Nova,587,125,1687.34,WH-MEL,19.09.2026,
SKU-503096,123456,Home,GlobalParts,105,64,"2 500,00",WH-SYD,04/03/2026,unknown
SKU-503097,Product 3098,Software,PrimeSource,388,103,1231.46,WH-SYD,25.05.2021,In Stock
SKU-503098,Product 3099,Office,unknown,658,60,2337.25,SYD,24/03/2023,In Stock
SKU-503099,Product 3100,electronic,,874,104,43.67,WH-BNE,02/03/2026,In Stock
SKU-503100,Product 3101,Home,GlobalParts,,50 units,1378.18,WH-PER,2024-05-27,In Stock
SKU-????,Product 3102,Accessories ,Apex Supply,293,99,312.71,WH-ADE,28.01.2026,In Stock
SKU-503102,Product 3103,Electronics,Vertex Trading,585,41,1218.41,N/A,2026/03/09,In Stock
NULL,,Software,Metro Goods,865,142,191.23,WH-MEL,2026-02-31,outofstock
SKU-501036,Product 1037,accessory,Vertex Trading,577,95,1719.8,WH-PER,2025-09-12,LOW STOCK 
SKU-503105,Product 3106,soft ware,123,321,1O,N/A,WH-ADE,13/09/2022,In Stock
SKU-503106,Product 3107,Office,,635,29,"1.299,50",WH-ADE,07-04-2024,In Stock
SKU-503107,Product 3108,Software,Nova Wholesale,267,115,$99.99,WH-SYD,2022/11/21,In Stock
SKU-503108,Product 3109,Office,Metro Goods,48,100,863.77,WH-PER,missing,Low Stock
SKU-503109,Product 3110,electronic,Vertex Trading,595,133,1535.0,WH-PER,06.07.2022,In Stock
SKU-503110,Product 3111,Accessories,Metro Goods,596,31,2096.56,WH-BNE,2025-10-20,In Stock
SKU 503111,Unknown Item,,Metro Goods,1O0,104,1653.19,WH-PER, ,In Stock
SKU-503112,Product 3113,Home & Living,PrimeSource,801,33,"2 500,00",WH-PER,15/01/2025,unknown
SKU-503113,Product 3114,Home,Global Parts,N/A,94,-250,WH-BNE,07-25-2025,In Stock
SKU-503114,Product 3115,,Nova Wholesale,-50,70,FREE,WH-PER,06.10.2022,In Stock
SKU-503115,product_name,Software,Global Parts,N/A,114,98.89,SYD,2024/10/31,In Stock
SKU-503116,Product 3117,office supplies,Vertex Trading,594,92,"2 500,00",WH-SYD,2022-08-16,Available
SKU-503117,Product 3118,Software,Global Parts,820,9999,1147.69,WH-ADE,25/05/2026,Not Available
SKU-503118,Product 3119,Electronics,Apex Supply,250,NaN,9999999,WH-ADE,23.10.2022,In Stock
SKU-503119,Product 3120,Electronics,Metro Goods,784,,9999999,WH-SYD,01/07/2026,In Stock
SKU-503120,Product 3121,Software,Vertex Trading,203,,"1,299.50",,2023/10/02,In Stock
12345,Product 3122,Software,Apex Supply,575,1O,USD 120,ADE,12-07-2025,Not Available
SKU-503122,Product 3123,Software,Metro Goods,1O0,138,2427.4,WH-PER,09-30-2024,In Stock
SKU-503123,Product 3124,electronic,Vertex Trading,360,104,9999999,Warehouse 1,2022-01-03,In Stock
SKU-500728,Product 729,Home & Living,Vertex Trading,484,NaN,29.69,WH-MEL,30 Nov 2025,In Stock
SKU-503125,Product 3126,Electronics,Apex,411,,56.1,Warehouse 1,2024-05-12,In Stock
SKU-503126,Product 3127,Office,N/A,286,25,882.25,WH-PER,01 Jul 2022,In Stock
SKU-500694,product_name,Home,PrimeSource,16,-10,1179.85,Melbourne WH,2023/12/27,Low Stock
SKU-503128,Product 3129,Office,Nova Wholesale,731,20,1853.02,WH-BNE,10-16-2023,low
SKU-503129,N/A,Home,123,323,62,USD 120,WH-BNE,23 Jan 2026,In Stock
SKU-503130,Product 3131,electronic,Apex Supply,632,63,1478.73,WH-SYD,13/11/2023,In Stock
SKU-503131,,Home,PrimeSource,ten,81,-250,wh-per ,Feb 30 2025,In Stock
SKU-503132,Product 3133,N/A,123,1O0,26,9999999,WH-BNE,2025/00/12,LOW STOCK 
SKU-503133,Product 3134,Electronics,Metro  Goods,138,94,FREE,WH-SYD,12/02/2026,In Stock
N/A,Product 3135,N/A,PrimeSource,40,24,1069.98,WH-BNE,10 Mar 2024,low
SKU-503135,Product 3136,electronics,Metro Goods,0.5,88,10O.50,WH-ADE,12 Apr 2023,Not Available
12345,Unknown Item,Home,Global Parts,243,125,USD 120,WH-ADE,   ,In Stock
SKU-503137,Product 3138,electronics,Metro Goods,123,N/A,10O.50,WH-ADE,15/09/2025,In Stock
SKU-503138,Product 3139,Software,PrimeSource,1,116,929.19,WH-PER,none,Low Stock
SKU-503139,,Software,Vertex Trading,597,,782.48,WH-MEL,09 May 2025,low
SKU-503140,Product 3141,Software,Nova Wholesale,44,twenty,2282.32,SYD,16 Jul 2022,Low Stock
SKU-503141,Product 3142,Home,Apex Supply,276,50 units,440.37,N/A,12.07.2021,unknown
SKU-503142,Product 3143,Accessories,PrimeSource,193,125,886.23,wh-per ,2025/05/10,In Stock
N/A,???,Unknown,Vertex Trading,772,80,1813.68,WH-BNE,04 Jul 2022,LOW STOCK 
SKU-503144,Product 3145,electronics,Prime Source,886,"1,000",607.5,WH-ADE,30/05/2021,In Stock
SKU-503145,123456,Accessories,Metro Goods,138,,$99.99,Melbourne WH,2021/08/13,In Stock
SKU-503146,Product 3147,Software,,689,19,2137.4,WH-BNE,31/02/2026,In Stock
SKU-503147,Product 3148,Accessories,Apex Supply,784,140,897.97,WH-PER,2025/09/15,In Stock
SKU-503148,Product 3149,Electronics,Vertex Trading,256,N/A,-250,WH-MEL,10-08-2025,In Stock
N/A,Product 3150,Accessories,Nova Wholesale,784,"1,000",2465.27,N/A,NA,In Stock
SKU-503150,Product 3151,Home,Global Parts,446,48,833.27,WH-PER,25.04.2024,In Stock
SKU-503151,Product 3152,Software,Metro Goods,1O0,137,"2 500,00",WH-ADE,2021-11-26,
SKU-503152,Product 3153,Software,Apex Supply,"1,200",121,231.88,Warehouse 1,19 Jan 2022,In Stock
SKU-503153,Product,Office,PrimeSource,-50,78,2256.32,WH-MEL,,In Stock
SKU-503154,123456,Office,Nova Wholesale,406,146,111.02,wh-per ,13/13/26,1
SKU-503155,Product,soft ware,Nova Wholesale,847,87,AUD 500,WH-PER,,In Stock
SKU-503156,product_name,Home,Nova,319,73,2481.37,WH-BNE,23 Apr 2024,In Stock
SKU-503157,Product 3158,Software,Metro Goods,751,44,432.45,Sydney Warehouse,not-a-date,In Stock
SKU-503158,Product 3159,Home,Vertex Trading,348,24,"1,299.50",WH-PER,01/07/2026,In Stock
SKU-503159,Product 3160,Office,Nova Wholesale,,35,FREE,WH-SYD,2025-09-21,
SKU-503160,Product 3161,,Metro Goods,1O0,106,1088.6,WH-SYD,2022-10-04,In Stock
SKU-503161,Product 3162,Unknown, Global Parts,,22,2134.62,WH-SYD,2022-08-22,In Stock
SKU-503162,Product 3163,accessory,unknown,119,130,,wh-per ,05-27-2024,Low Stock
SKU-503163,Product 3164,Software,Vertex Trading,403,36,2427.39,SYD,NULL,In Stock
SKU-503164,Product 3165,Accessories,Metro Goods,812,96,1148.18,WH-PER,2026-02-31,LOW STOCK 
SKU-503165,Product 3166,OFFICE,GlobalParts,NaN,117,2371.81,WH-PER,2025-06-03,Available
SKU-503166,Product 3167,Software,Vertex Trading,N/A,N/A,1380.18,WH-BNE,2023/03/08,In Stock
SKU-503167,Product 3168,Home,Vertex Trading,590,50 units,588.96,WH-SYD,2026-06-09,In Stock
SKU-503168,Product 3169,Software,Nova Wholesale,418,24,1642.29,WH-PER,29 Jan 2026,In Stock
SKU 503169,Product 3170,Electronics,123,260,95,1755.33,Melbourne WH,2026-13-44,In Stock
12345,Product 3171,Office,Global Parts,,150,899.14,WH-SYD,08.01.2025,In Stock
SKU-503171,Product 3172,Accessories,Global Parts,46,108,129.16,N/A,27 Jun 2022,OOS
SKU-503172,Product 3173,Accessories,unknown,-50,139,872.26,WH-BNE,08.03.2025,In Stock
NULL,Product 3174,Accessories,Global Parts,893,15,USD 120,WH-MEL,32 Jan 2025,In Stock
SKU-503174,Product 3175,Software, Nova Wholesale,546,37,,WH-PER,?,In Stock
SKU-503175,Product 3176,Accessories,Metro Goods,ten,NaN,564.14,WH-MEL,25/07/2023,In Stock
SKU-503176,Product 3177,electronics,Apex Supply,1O0,26,1468.53,,08-23-2021,INSTOCK
SKU-503177,Product 3178,Home,PrimeSource,659,44,9999999,unknown,08-10-2024,N/A
SKU-503178,Product,accessory,Nova Wholesale,NaN,51,1573.83,WH-SYD,20 Feb 2025,In Stock
SKU-503179,Product 3180,Office,Nova Wholesale,-1,32,1806.27,WH-BNE,06.05.2021,In Stock
sku-503180,Product 3181,Office,PRIMESOURCE,847,139,$99.99,WH-ADE,30/06/2022,In Stock
SKU-503181,Product 3182,Office,GlobalParts,244,136,571.97,WH-ADE,2021-06-04,Available
12345,Product 3183,Accessories ,Vertex Trading,37,0,723.53,WH-PER,29.06.2024,Low Stock
SKU-503183,Product,Home,Prime Source,999999,47,2348.31,WH-ADE,2023/06/17,In Stock
SKU-503184,Product 3185,N/A,Nova Wholesale,112,twenty,1549.28,WH-SYD,01-16-2022,In Stock
sku-503185,Product 3186,office supplies,Metro Goods,238,66,,WH-PER,2022/11/06,In Stock
SKU-503186,Product 3187,Electronics,Global Parts,253,39,2377.41,SYD,unknown,In Stock
SKU-503187,product_name,Office,PrimeSource,"1,200",NaN,2482.15,WH-PER,2025/00/12,Available
SKU-503188,Product 3189,Electronics,GlobalParts,9,45,39.6,wh-per ,08.05.2025,Low Stock
SKU-503189,product_name,Office,PrimeSource,629,72,1169.72,ADE,08/08/2023,In Stock
SKU-503190,Product 3191,Electronics,N/A,500 units,90,2347.91,Sydney Warehouse,2024-09-25,In Stock
SKU-503191,Product 3192,Home & Living,Metro Goods,NaN,50 units,2265.08,WH-BNE,27 Dec 2021,In Stock
SKU-503192,Product 3193,Electronics,123,44,72,37.86,WH-SYD,04-21-2024,Low Stock
SKU-503193,Product 3194,Software,PrimeSource,407,97,402.98,WH-MEL,-,In Stock
SKU-503194,Product 3195,Accessories,Nova Wholesale,500 units,121,558.5,WH-BNE,2025/12/27,In Stock
SKU-503195,Product 3196,Accessories,123,726,57,N/A,WH-BNE,2025/01/27,In Stock
SKU-502902,Product 2903,Software,Prime Source,425,81,1656.89,WH-SYD,09 Sep 2022,In Stock
SKU-503197,123456,Electronics,Nova Wholesale,478,74,"1,299.50",wh-per ,Feb 30 2025,In Stock
SKU-503198,Product 3199,Software,Nova,67,102,968.2,Sydney Warehouse,32 Jan 2025,Low Stock
SKU-503199,???,Office,Global Parts,229,97,267.45,WH-MEL,06.10.2024,In Stock
SKU-503200,Product 3201,Home,Vertex Trading,NaN,66,2154.59,WH-PER,19.05.2025,In Stock
SKU-503201,Product 3202,N/A,unknown,229,1O,1661.53,WH-SYD,2026/08/31,N/A
SKU-501524,Product 1525,Office,Apex Supply,109,0,9999999,WH-ADE,2021-11-28,0
SKU-503203,Unknown Item,Electronics,Vertex Trading,653,35,USD 120,WH-BNE,20/03/2024,In Stock
SKU-503204,123456,Office,Metro Goods ,779,"1,000",392.15,unknown,2025/04/22,In Stock
sku-503205,,Software,Apex Supply,ten,121,2349.43,WH-SYD,2021/01/27,In Stock
SKU-503206,Product 3207,Software,PrimeSource,167,135,1814.22,N/A,2022/03/10,In Stock
SKU-503207,Product 3208,Accessories,Global Parts,0.5,1O,1723.68,WH-BNE,09-10-2021,Low Stock
SKU-????,Product 3209,Unknown,Nova Wholesale,183,1O,FREE,unknown,2025-04-04,In Stock
SKU-503209,Product 3210,Electronics,PrimeSource,,27,"1.299,50",WH-SYD,02/05/2024,In Stock
SKU-503210,Product 3211,Office,GlobalParts,247,23,2247.7,wh-per ,03 Nov 2025,In Stock
SKU-501211,Product 1212,Accessories,Metro Goods,-1,27,1021.19,WH-BNE,99-99-9999,Low Stock
SKU-500148,Product 149,Home & Living,Nova Wholesale,NaN,"1,000",2470.71,WH-MEL,25/07/2026,Low Stock
SKU-503213,Product 3214,soft ware,Vertex Trading,N/A,twenty,9999999,WH-BNE,not-a-date,In Stock
12345,Product 3215,Home,Apex Supply,419,94,1493.36,WH-BNE,31 Jan 2024,In Stock
SKU-503215,Product 3216,Software,Vertex Trading,87,130,2422.5,ADE,29/05/2024,in stock
SKU-503216,Product 3217,Electronics,Apex Supply,,114,2451.48,Melbourne WH,NULL,INSTOCK
SKU-503217,Product 3218,Accessories,Nova Wholesale,138,130,10O.50,Warehouse 1,07 Sep 2022,In Stock
SKU-503218,Product 3219,Electronics,Global Parts,415,0,530.88,WH-MEL,23.03.2021,In Stock
sku-503219,???,Software,Apex Supply,188,96,184.05,Sydney Warehouse,2026-02-31,In Stock
SKU-503220,Product 3221,Home & Living,N/A,"1,200",148,AUD 500,WH-SYD,2021/03/14,OOS
SKU-????,Product 3222,Office,Global Parts,869,78,2213.13,WH-BNE,02.06.2023,N/A
SKU 503222,Product 3223,Office,GlobalParts,125,35,1936.51,WH-BNE,24/08/2024,OOS
SKU-503223,product_name,Electronics,Vertex Trading,847,111,1397.96,WH-BNE,01/12/2021,In Stock
SKU-503224,,Office,Global Parts,355,56,2305.29,WH-ADE,2024/06/06,In Stock
SKU-503225,Product 3226,Software,PrimeSource,463,97,-250,WH-SYD,NULL,Available
SKU 503226,Product 3227,office supplies,Nova Wholesale,574,124,1044.59,WH-ADE,2026-02-31,unknown
SKU-503227,Product 3228,Accessories ,Prime Source,208,N/A,$99.99,WH-MEL,03-16-2026,In Stock
SKU-503228, Product 3229,Home,Vertex Trading,12,80,2490.35,WH-PER,2022-08-16,Low Stock
SKU-503229,,OFFICE,Vertex Trading,544,58,1155.32,WH-ADE,31.05.2023,In Stock
SKU-503230,Product 3231,,Global Parts,586,70,2329.11,WH-PER,2024/05/19,In Stock
SKU-503231,Product 3232,soft ware,Vertex Trading,-1,112,447.19,WH-ADE,unknown,In Stock
SKU-503232,Product 3233,OFFICE,Prime Source,132,"1,000",412.35,WH-BNE,08-22-2022,In Stock
SKU-503233,Product 3234,Accessories,Metro Goods,590,24,AUD 500,WH-ADE,2025/07/10,In Stock
SKU-503234,Product 3235,Home,N/A,528,75,582.88,WH-MEL,2025-08-30,LOW STOCK 
SKU-503235,Product 3236,Office,Apex Supply,427,80,FREE,WH-bne,missing,In Stock
SKU-503236,Unknown Item,Home & Living,Nova Wholesale,566,147,2240.45,WH-SYD,2021/11/09,In Stock
SKU-503237,Product 3238,office supplies,Nova Wholesale,115,128,9999999,Sydney Warehouse,2023/09/05,N/A
SKU-503238,Product 3239,Electronics,Nova,306,NaN,1585.53,WH-ADE,19.04.2025,In Stock
SKU-503239,Product 3240,Office,Global Parts,536,55,FREE,WH-PER,2025/00/12,In Stock
SKU-503240,Product 3241,Home,PrimeSource,148,50,$99.99,WH-SYD,,In Stock
SKU-503241,Product 3242,Home,Nova Wholesale,100,138,1165.28,WH-MEL,15/01/2025,Low Stock
SKU-503242,Product 3243,Accessories,PrimeSource,-1,30,1874.26,WH-BNE,05 Oct 2022,In Stock
SKU-503243,Product 3244,N/A,Nova Wholesale,807,105,1600.88,WH-bne, ,In Stock
SKU-503244,Product 3245,Office,Nova Wholesale,31,0,356.83,WH-ADE,09/06/2025,
SKU-503245,Product 3246,Office,Nova Wholesale,122,NaN,2152.92,WH-PER,27.05.2023,1
SKU-503246,Product 3247,Office,Metro Goods,793,137,1446.58,WH-BNE,unknown,INSTOCK
SKU-503247,Product 3248,soft ware,Apex Supply,350,41,10O.50,WH-SYD,2022/05/26,
SKU-503248,Product 3249,accessory,PrimeSource,999999,95,1289.07,WH-BNE,30 Nov 2023,Low Stock
SKU-????,Product,N/A,PrimeSource,"1,200",50,1174.02,WH-BNE, ,In Stock
SKU-503250,Product 3251,soft ware,Apex,68,9999,21.29,WH-ADE,2025-12-30,N/A
SKU 503251,Product 3252,Home,,694,140,508.94,WH-PER,04-24-2023,outofstock
SKU-503252,,Home & Living,Metro Goods,22,64,326.37,WH-MEL,2026/06/04,Low Stock
SKU 503253,Product 3254,Electronics,PrimeSource,10,25,863.07,Sydney Warehouse,32 Jan 2025,Low Stock
SKU-503254,Product 3255,Office,Metro Goods,261,77,2059.3,WH-PER,12-10-2024,In Stock
SKU-????,Product 3256,office supplies,PrimeSource,530,66,"2 500,00",WH-BNE,31.07.2024,In Stock
SKU 503256,Product 3257,Office,unknown,154,-10,,WH-PER,00/00/0000,In Stock
SKU-503257,Product 3258,Office,Vertex Trading,71,82,715.4,WH-BNE,2023-08-29,INSTOCK
SKU-503258,Product 3259,Unknown,Nova Wholesale,710,"1,000",,WH-ADE,03-03-2021,0
SKU-503259,Product 3260,ELECTRONICS ,Metro Goods,218,9999,AUD 500,WH-SYD,   ,In Stock
SKU-503260,Product 3261,Home,Metro Goods,221,-10,,WH-BNE,07/08/2021,In Stock
SKU-503261,Unknown Item,Electronics,unknown,463,NaN,-250,WH-PER,11 May 2021,In Stock
SKU-503262,???,Accessories,Apex,224,NaN,1935.8,WH-BNE,26 Dec 2021,In Stock
SKU-503263,Unknown Item,Accessories ,Apex Supply,NaN,NaN,10O.50,WH-ADE,09-01-2025,unknown
SKU-503264,Unknown Item,Accessories,Vertex Trading,1O0,50 units,USD 120,WH-ADE,unknown,Not Available
SKU-503265,,Home,Vertex Trading,765,52,USD 120,WH-MEL,31/02/2026,In Stock
N/A,  Product 3267  ,Electronics,unknown,1O0,9999,8.07,WH-ADE,04-17-2023,in stock
SKU-503267,Product 3268,Accessories,Vertex Trading,317,149,9999999,WH-SYD,N/A,In Stock
SKU-503268,Product 3269,Software,Vertex Trading,552,37,34.97,WH-PER,15 Nov 2024,In Stock
SKU-????,Product 3270,ELECTRONICS ,N/A,326,111,9999999,WH-SYD,04/02/2022,in stock
SKU-503270,Product 3271,Accessories,PrimeSource,336,0,2030.93,,2021/02/06,In Stock
SKU-503271,Product 3272,Office,Nova Wholesale,3,0,10O.50,WH-SYD,09-19-2023,in stock
SKU-503272,Product 3273,Accessories,PrimeSource,837,68,2138.03,ADE,2024-07-05,In Stock
SKU-503273,product_name,Electronics,Nova Wholesale,685,132,1512.08,WH-MEL,2021/01/27,In Stock
SKU-503274,Product 3275,Software,Metro Goods,885,N/A,291.48,WH-BNE,Feb 30 2025,low
SKU-503275,Unknown Item,Software,Global Parts,479,140,760.04,WH-ADE,06/09/2022,In Stock
SKU-503276,Product 3277,Home,Apex Supply,469,142,411.6,WH-BNE,29 May 2023,In Stock
SKU-503277,Product 3278,Accessories,Metro Goods,-1,27,2266.68,WH-SYD,2021-04-16,Low Stock
SKU-500456,product_name,Office,Nova Wholesale,1O0,0,416.08,WH-MEL,05/12/2025,low
SKU-503279,Product 3280,Home,N/A,509,16,659.79,WH-PER,02 Dec 2023,
SKU-503280,Product 3281,Home,Apex,ten,74,2216.53,WH-PER,2026-02-02,In Stock
SKU-503281,,Electronics,unknown,"1,200",46,9999999,WH-ADE,05-20-2023,In Stock
SKU-503282,Product 3283,Electronics,Apex Supply,ten,51,AUD 500,WH-MEL,NA,In Stock
SKU-503283,,electronics,PrimeSource,746,42,1372.62,WH-BNE,2025/00/12,Available
SKU-503284,Product 3285,Home,Metro Goods,83,80,FREE,WH-PER,23/04/2026,In Stock
SKU-503285,Product 3286,soft ware,Global  Parts,9,101,2479.43,WH-ADE,2026-08-18,Low Stock
SKU-503286,Product 3287,Accessories,PrimeSource,"1,200",19,2013.01,unknown,24 Jul 2021,In Stock
SKU 503287,123456,Office,Apex Supply,999999,twenty,1868.33,unknown,04-02-2022,in stock
SKU-503288,Product 3289,Electronics,Apex,1O0,43,1434.68,,2025/00/12,1
NULL,Product 3290,Office,Global Parts,465,143,1065.82,WH-bne,11.07.2026,0
SKU-503060,product 3291,Electronics,Vertex Trading,1O0,100,,WH-ADE,28/11/2022,N/A
SKU-503291,Product 3292,Home,PrimeSource,260,,2061.78,WH-MEL,10-03-2024,Available
NULL,Product 3293,Home,Apex Supply,727,63,2142.42,WH-PER,05-03-2021,In Stock
SKU-503293,Product 3294,Software,Global Parts,665,44,364.28,Sydney Warehouse,N/A,In Stock
SKU-503294,Product 3295,Office,PrimeSource,458,140,375.25,WH-MEL,21/12/2024,In Stock
SKU-503295,Product 3296,Electronics,Nova Wholesale,589,94,375.73,Warehouse 1,14 Feb 2021,OOS
12345,Product 3297,Electronics,Metro Goods,198,66,1649.9,Warehouse 1,2023-09-12,unknown
SKU-503297,Product 3298,,PrimeSource,N/A,60,2329.72,WH-SYD,99-99-9999,Available
SKU-????,Product 3299,Home,Vertex Trading,588,29,61.08,WH-ADE,2023/01/18,In Stock
SKU-503299,Product 3300,Electronics,Nova Wholesale,842,56,9999999,WH-ADE,2023/05/03,In Stock
SKU-503300,Product 3301,,Nova Wholesale,762,109,N/A,WH-bne,08-28-2026,In Stock
SKU-503301,Unknown Item,Electronics,Nova Wholesale,377,118,FREE,WH-BNE,24.06.2024,unknown
SKU-503302,N/A,Accessories,Vertex Trading,-1,67,39.73,WH-MEL,2025/00/12,LOW STOCK 
SKU-503303,Product 3304,Home,Nova Wholesale,162,44,2350.67,WH-PER,12-19-2025,In Stock
SKU-503304,Product 3305,Accessories ,Vertex Trading,213,73,-250,WH-BNE,23 Jan 2024,In Stock
SKU-503305,Product 3306,Home,Apex Supply,760,-10,2490.03,Warehouse 1,08-22-2023,In Stock
SKU-503306,123456,,Metro Goods,0.5,95,1941.57,WH-BNE,2023/02/02,In Stock
SKU-503307,123456,Unknown,Metro Goods,NaN,26,134.16,WH-MEL,2021-08-20,In Stock
SKU-503308,Product 3309,Accessories ,Global Parts,-50,70,-250,WH-ADE,15 Dec 2021,OOS
sku-503309,Product 3310,Home,Nova Wholesale,,"1,000",164.26,WH-BNE,32 Jan 2025,unknown
12345,Product 3311,N/A,Global Parts,430,91,233.92,WH-ADE,14.01.2022,In Stock
SKU-503311,Product 3312,Electronics,Metro Goods,284,57,AUD 500,WH-ADE,16/08/2023,
SKU-503312,Product 3313,Accessories ,Nova Wholesale,257,76,,WH-SYD,unknown,In Stock
SKU-503313,Product 3314,Office,unknown,855,68,AUD 500,unknown,04-01-2022,In Stock
SKU-500826,Product 827,Software,Vertex Trading,284,50 units,2439.35,unknown,2025-05-06,unknown
SKU-503315,Product,Software,PrimeSource,236,65,1655.91,WH-BNE,2025-10-09,In Stock
SKU-503316,Unknown Item,Electronics,Apex Supply,683,1O,AUD 500,WH-MEL,2024/04/02,In Stock
SKU-????,Product 3318,Accessories,Apex Supply,558,,AUD 500,Melbourne WH,NA,In Stock
SKU-503318,Product 3319,Software,Nova Wholesale,1O0,61,1387.55,WH-BNE,16.03.2024,In Stock
SKU-????,product_name,Electronics,metro goods,398,NaN,AUD 500,WH-ADE,Feb 30 2025,
SKU-503320,,office supplies,N/A,1O0,121,1250.38,WH-PER,2024/01/27,
SKU-503321,Product 3322,Office,Apex Supply,340,123,"1.299,50",WH-ADE,06 Feb 2021,
sku-503322,Product 3323,Software,PrimeSource,26,54,1325.73,WH-BNE,17 Sep 2022,Low Stock
SKU-503323,123456,Home,Metro Goods,378,110,1521.43,WH-SYD,2023/10/17,In Stock
NULL,Product  3325,electronic,GlobalParts,124,108,2375.32,WH-ADE,01/01/2023,In Stock
SKU-503325,Product 3326,Home,PrimeSource,N/A,96,157.96,Melbourne WH,32 Jan 2025,OOS
SKU-503326,Product 3327,Home,Nova Wholesale,338,124,1216.12,WH-SYD,2025-11-18,In Stock
SKU-503327,Unknown Item,Software,Apex Supply,512,54,1021.5,WH-BNE,32 Jan 2025,In Stock
SKU-503328,Product 3329,electronics,Apex  Supply,459,27,USD 120,WH-BNE,2025-04-15,0
SKU-503329,???,OFFICE,Vertex Trading,204,23,"1,299.50",WH-BNE,13/13/26,Available
SKU-????,Product 3331,Accessories ,Nova Wholesale,751,126,633.99,WH-SYD,2025/00/12,In Stock
SKU-503331,product_name,Office,PrimeSource,61,78,2304.38,WH-ADE,04-02-2023,Low Stock
SKU-????,???,electronics,Nova Wholesale,500 units,137,-250,WH-PER,2021-04-06,in stock
SKU-503333,Product 3334,Home,PrimeSource,NaN,75,755.03,WH-PER,23/11/2023,In Stock
SKU-503334,,Electronics,Apex Supply,604,57,116.65,WH-ADE,31 Mar 2024,outofstock
N/A,product_name,Accessories,Prime Source,-1,twenty,1047.1,WH-ADE,30/01/2021,OOS
SKU-503336,Product 3337,soft ware,Apex Supply,-1,111,1978.78,WH-BNE,unknown,In Stock
SKU-503337,Product 3338,Electronics,PrimeSource,,39,AUD 500,WH-bne,10-17-2025,In Stock
sku-503338,Product 3339,Electronics,Vertex Trading,111,67,1124.55,WH-SYD,2026-02-31,In Stock
SKU-503339,Product 3340,Home,Apex Supply,999999,123,1873.98,Melbourne WH,2026-02-31,0
SKU-503340,Product 3341,Office,Apex Supply,674,25,147.12,N/A,09.12.2021,in stock
SKU-503341,Product 3342,ELECTRONICS ,123,888,37,10O.50,WH-ADE,11 Jun 2024,In Stock
SKU-????,,ELECTRONICS ,Apex Supply,186,85,1185.1,wh-per ,32 Jan 2025,In Stock
NULL,Product 3344,Software,123,798,1O,"1,299.50",ADE,2023/05/04,In Stock
SKU-503344,Product 3345,Home,Apex Supply,248,93,1879.71,WH-BNE,N/A,In Stock
SKU-503345,Product 3346,Electronics,apex supply,544,0,1035.46,WH-BNE,25/08/2026,In Stock
sku-503346,Product 3347,N/A,Vertex Trading,"1,200",25,1933.09,unknown,null,1
SKU-????,Product 3348 ,electronic,,670,73,USD 120,WH-MEL,11-26-2022,Not Available
N/A,123456,Electronics,Vertex Trading,112,109,"2 500,00",WH-SYD,05-09-2025,In Stock
SKU-503349,N/A,Software,Metro Goods,241,68,1205.41,WH-BNE,02.01.2021,In Stock
SKU-503350,Product 3351,N/A,Vertex Trading,581,70,1269.46,WH-PER,06.12.2021,In Stock
SKU-503351,123456,Unknown,PrimeSource,223,128,1335.0,WH-PER,not-a-date,In Stock
SKU-503352,Product 3353,Accessories,Metro Goods,642,136,749.27,WH-SYD,,In Stock
SKU-503353,Product 3354,Electronics,Metro Goods,293,120,1739.45,WH-SYD,2021-04-24,In Stock
SKU-503354,Product 3355,Home,Vertex Trading,609,-10,AUD 500,SYD,21 Mar 2025,In Stock
SKU-503355,123456,soft ware,Metro Goods,682,65,1551.7,WH-MEL,2025/00/12,INSTOCK
SKU-503356,123456,Accessories,Nova,NaN,50 units,AUD 500,WH-MEL,05/05/2026,1
SKU-503357,Product 3358,Home,Apex Supply,623,23,2284.95,WH-SYD,07.12.2023,Available
SKU-503358,Product 3359,Accessories,Prime Source,-1,NaN,650.48,WH-ADE,2026-05-20,OOS
SKU-503359,Product 3360,Electronics,Nova Wholesale,593,71,9999999,WH-BNE,32 Jan 2025,Not Available
SKU-503360,product_name,Office,Nova Wholesale,770,N/A,393.11,WH-bne,24/07/2024,In Stock
NULL,Product 3362,Home,Nova Wholesale,779,97,USD 120,WH-MEL,04.05.2022,In Stock
SKU-503362,Product 3363,accessory,Apex Supply,NaN,113,1876.23,Melbourne WH,09/01/2023,In Stock
,Product 3364,Accessories,Metro Goods,642,41,590.65,Melbourne WH,missing,Available
SKU-503364,Product 3365,Home,Apex,296,52,1018.79,WH-BNE,31/02/2026,
SKU-503365,Product 3366,Office,Prime Source,780,69,2201.43,WH-MEL,2025/12/29,In Stock
SKU-503366,Product 3367,Office,PrimeSource,"1,200",150,1973.1,WH-SYD,02.08.2021,In Stock
SKU-503367,Product 3368,Software,Vertex Trading,523,126,,WH-PER,15 Aug 2023,Available
sku-503368,Product 3369,Software,Nova Wholesale,310,134,1719.49,WH-ADE,01-20-2023,LOW STOCK 
SKU-503369,Product 3370,soft ware,Metro Goods,588,1O,825.41,WH-PER,,In Stock
N/A,Unknown Item,Accessories ,Vertex Trading,669,0,2278.73,WH-ADE,07.10.2021,In Stock
NULL,Product 3372,Software,  Nova Wholesale  ,131,30,796.19,WH-MEL,28 Mar 2022,In Stock
SKU-503372,Product 3373,Accessories,N/A,253,124,AUD 500,WH-ADE,2022/09/02,Not Available
SKU 503373,Product 3374 ,soft ware,Nova,412,115,AUD 500,WH-PER,2024/05/31,In Stock
SKU-503374,???,Accessories,N/A,,109,1648.79,,2025/00/12,Not Available
SKU-503375,product_name,soft ware,Global Parts,685,1O,2059.73,Warehouse 1,16/01/2025,N/A
12345,Product 3377,soft ware,Apex Supply,623,53,"1,299.50",WH-BNE,21.10.2024,In Stock
SKU-503377,Product 3378,Accessories,Nova Wholesale,,127,2457.38,WH-BNE,09-02-2024,In Stock
SKU-503378,Product 3379,office supplies,Metro Goods,714,50 units,1249.65,WH-SYD,23 Sep 2021,In Stock
SKU-503379,Product 3380,ELECTRONICS ,Vertex Trading,827,34,1260.08,Warehouse 1,31 Jul 2021,In Stock
SKU-503380,Product 3381,Software,Nova Wholesale,377,86,-250,WH-SYD,2025/06/07,In Stock
SKU-503381,Product 3382,Electronics,GlobalParts,999999,"1,000",1415.94,WH-MEL,N/A,Low Stock
NULL,Product 3383,ELECTRONICS ,Nova Wholesale,30,"1,000",526.06,WH-PER,2022/12/15,Low Stock
SKU-503383,Product 3384,Home,Nova,371,50 units,59.95,WH-BNE,12 Feb 2024,In Stock
SKU-503384,???,soft ware,Prime Source,638,38,1862.46,WH-ADE,26.04.2023,In Stock
NULL,Product 3386,Electronics,Nova Wholesale,469,twenty,AUD 500,WH-ADE,2024/01/14,1
SKU-503386,Product 3387,electronic,Nova Wholesale,165,42,-250,WH-BNE,03-11-2022,1
SKU-503387,Product 3388,N/A,unknown,407,97,N/A,WH-ADE,2025/10/17,In Stock
SKU-503388,Product 3389,Home,PrimeSource,135,101,N/A,WH-BNE,01/05/2026,unknown
SKU-503389,Product 3390,Accessories ,Nova Wholesale,ten,125,1331.58,ADE,13.10.2025,In Stock
SKU-503390,Product,Accessories,Vertex Trading,152,113,639.46,WH-ADE,2024-06-30,In Stock
SKU-503391,Product,Home,Apex Supply,274,21,AUD 500,WH-SYD,08/08/2023,Not Available
SKU-503392,product_name,Home,N/A,358,113,2139.57,WH-PER,13.12.2023,In Stock
SKU-503393,Product 3394,Office,Global Parts,18,twenty,616.15,wh-per , ,Low Stock
SKU-503394,Product 3395,Accessories,Nova,226,136,2102.62,Warehouse 1,24.11.2021,In Stock
SKU-503395,Product 3396,Home,Vertex Trading,380,140,N/A,WH-ADE,20.05.2025,In Stock
SKU-503396,Product 3397,soft ware,Global Parts,151,1O,857.75,WH-PER,not-a-date,In Stock
SKU-502419,Product 2420,Accessories,Vertex Trading,118,-10,2430.47,N/A,   ,unknown
SKU-500731,Product 732,Unknown,Nova Wholesale,366,15,2049.79,WH-SYD,2026/04/03,In Stock
SKU-503399,Product 3400,Accessories ,PrimeSource,714,,1203.98,WH-MEL,06.11.2024,Not Available
SKU-503400,product_name,Accessories,Apex,175,NaN,1793.97,WH-SYD,2024/12/25,In Stock
12345,Product 3402,Accessories,,999999,147,588.26,Warehouse 1,26.07.2022,
SKU-503402,Product 3403,Electronics,Global Parts,419,49,41.41,WH-PER,06-05-2024,In Stock
sku-503403,Product 3404,Electronics,Prime Source,NaN,49,1428.87,WH-MEL,06/12/2022,In Stock
SKU-503404,Product 3405,Home & Living,Apex,837,0,"1,299.50",WH-BNE,29 Aug 2024,Not Available
SKU-503405,Product 3406,Office,Nova Wholesale,728,104,AUD 500,Sydney Warehouse,2026-02-31,In Stock
SKU-503406,N/A,Accessories,Nova,263,45,9999999,WH-ADE,02-20-2021,In Stock
SKU-503407,???,Accessories,Vertex Trading,N/A,74,"1,299.50",WH-BNE,2021-12-16,Low Stock
SKU-503408,Product 3409,Office,Metro Goods,813,110,AUD 500,WH-SYD,20 Mar 2023,1
N/A,Product 3410,N/A,,999999,50 units,"1,299.50",Warehouse 1,2025/00/12,low
SKU-503410,Product 3411,accessory,Vertex Trading,865,-10,1234.01,Melbourne WH,N/A,In Stock
SKU-503411,Product 3412,Accessories,N/A,262,17,709.41,WH-MEL,20.04.2025,outofstock
SKU-503412,Product 3413,Electronics,Nova Wholesale,666,52,1748.77,WH-BNE,06 May 2022,In Stock
,product_name,,Nova,95,0,299.06,WH-MEL,Feb 30 2025,OOS
N/A,Product 3415,Accessories,Apex Supply,882,65,419.24,WH-BNE,2022-01-11,In Stock
SKU-503415,Product 3416,Software,GlobalParts,32,1O,2069.89,WH-MEL,19 Oct 2022,Low Stock
SKU-503416,N/A,Software,PrimeSource,23,68,568.64,SYD,2024/03/22,Low Stock
SKU-503417,Product 3418,Software,Nova Wholesale,ten,48,15.82,WH-PER,01/03/2024,In Stock
SKU-503418,product_name,Office,PrimeSource,145,1O,2257.26,WH-ADE,11 Aug 2026,1
SKU-503419,Product 3420,Accessories,Metro Goods,789,128,536.06,Warehouse 1,2022-08-15,In Stock
SKU-503420,Product 3421,Accessories,PrimeSource,471,74,100.98,WH-PER,28/07/2022,N/A
NULL,Product 3422,Unknown,Vertex Trading,75,47,469.06,WH-PER,2024/09/17,Available
SKU-503422,Product 3423,Accessories,Metro Goods,-50,82,1719.46,Warehouse 1,00/00/0000,INSTOCK
SKU-503423,Product 3424,,Global Parts,102,43,2103.85,WH-MEL,23/04/2026,In Stock
SKU-503424,Product 3425,Accessories,Apex,,111,1668.55,WH-ADE,10.11.2021,In Stock
SKU-503425,Product 3426,Electronics,,845,96,9999999,WH-ADE,2022/10/05,In Stock
SKU-503426,Product 3427,Software,Global Parts,640,NaN,USD 120,WH-BNE,13/13/26,In Stock
SKU-503427,Product 3428,Electronics,Nova Wholesale,105,132,"1,299.50",WH-MEL,2023/06/19,Not Available
SKU-503428,Product 3429,Home,Global Parts,757,19,2105.05,SYD,06/09/2023,In Stock
SKU-503429,Product 3430,Office,Apex,182,120,1838.4,WH-BNE,2026-03-21,In Stock
SKU 503430,product_name,Electronics,Vertex Trading,500 units,52,"2 500,00",WH-ADE,07-09-2022,LOW STOCK 
SKU-503431,???,Unknown,Metro Goods,576,55,FREE,wh-per ,NULL,In Stock
SKU-503432,Product 3433,Office,Metro Goods,999999,26,USD 120,ADE,?,0
SKU-503433,product_name,Office,Vertex  Trading,-1,117,9999999,WH-PER,24/09/2022,Low Stock
SKU-503434,Product 3435,Accessories,Global Parts,500 units,75,522.91,WH-PER,09/09/2024,In Stock
SKU-502506,Product 2507,Unknown,Nova Wholesale,653,25,1044.11,WH-PER,07.02.2022,LOW STOCK 
SKU-503436,Product 3437,Software,Apex Supply,401,119,AUD 500,WH-BNE,?,In Stock
SKU 503437,Product 3438,Accessories,Global Parts,500 units,16,1879.04,WH-MEL,26 Nov 2021,In Stock
SKU-503438,Product 3439,Accessories,Apex Supply,825,24,1824.84,WH-SYD,2026/07/18,
SKU-502895,Product 3440,ELECTRONICS ,Global Parts,525,1O,USD 120,WH-MEL,21/10/2021,In Stock
SKU 503440,,OFFICE,N/A,-1,1O,N/A,WH-BNE,none,Not Available
SKU-503441,Product 3442,Office,Global Parts,131,"1,000",USD 120,WH-PER,2023-01-22,In Stock
SKU-502216,Product 2217,Accessories,Metro Goods,1O0,NaN,849.97,WH-MEL,28.03.2026,In Stock
SKU-503443,Product 3444,Home,Apex,280,124,1761.01,WH-BNE,10-09-2025,low
SKU-503444,Product 3445,Office,Vertex Trading,394,112,2168.76,WH-PER,01/03/2021,In Stock
SKU-503445,Product  3446,Electronics,Global Parts,37,85,1877.62,WH-ADE,11.04.2022,Low Stock
SKU-503446,Product 3447,Accessories,Global Parts,NaN,50 units,1107.73,WH-MEL,22.08.2022,Not Available
SKU-503447,Product 3448,Office,METRO GOODS,458,0,"1,299.50",WH-MEL,2022-12-10,In Stock
SKU-503448,Product 3449,accessory,Global Parts,502,101,1925.57,ADE,2022/10/12,In Stock
N/A,Product 3450,Accessories,,208,96,2435.48,WH-BNE,04 May 2025,INSTOCK
N/A,Product 3451,Home,Global Parts,-50,53,$99.99,WH-SYD,2026-03-25,In Stock
SKU-503451,N/A,Electronics,Global Parts,ten,52,-250,WH-PER,27/11/2022,In Stock
SKU-503452,Product 3453,Home,Prime Source,391,77,568.25,WH-ADE,06-07-2024,In Stock
SKU-503453,Product 3454,Accessories,,218,N/A,1922.13,unknown, ,In Stock
SKU-500153,Product 3455,Software,  PrimeSource  ,ten,38,312.71,WH-PER,07-16-2023,In Stock
SKU-503455,product_name,Electronics,Vertex Trading,594,141,,WH-BNE,unknown,In Stock
SKU-503456,Product 3457,Electronics,Metro Goods,757,140,$99.99,Melbourne WH,21 Jan 2026,0
SKU-503457,Product 3458,Office,PrimeSource,59,121,1876.51,WH-SYD,2025-10-13,Low Stock
SKU-503458,Product 3459,Electronics,PrimeSource,724,117,744.82,WH-PER,05/09/2021,In Stock
sku-503459,Product 3460,electronic,Vertex Trading,1O0,63,1289.93,WH-PER,11.10.2023,In Stock
SKU-503460,123456,Software,Prime Source,246,0,361.31,wh-per ,13 Nov 2024,In Stock
SKU-501145,???,Home,Metro Goods,NaN,87,439.19,WH-BNE,02/06/2025,In Stock
SKU-500841,Product 842,ELECTRONICS ,Metro Goods,NaN,66,-250,N/A,none,low
SKU-501928,Unknown Item,Accessories ,PrimeSource,661,16,174.33,WH-PER,05/03/2021,OOS
SKU-503464,Product 3465,Home,GlobalParts,ten,26,746.38,WH-SYD,2023/04/04,In Stock
SKU-503465,Product 3466,office supplies,Nova Wholesale,780,50 units,"2 500,00",WH-SYD,10.06.2021,
SKU-????,Product 2716,Electronics,Global Parts,403,140,10O.50,wh-per ,unknown,In Stock
SKU-503467,Product 3468,Software,Vertex Trading,155,132,173.8,WH-ADE,07/01/2021,In Stock
SKU-503468,Product 3469,Accessories,unknown,-1,56,1033.14,WH-BNE,2026/05/09,low
sku-500689,,Home & Living,N/A,NaN,79,1804.19,WH-MEL,27.07.2022,In Stock
SKU-????,Product 3471,Electronics,Apex Supply,170,95,1818.23,WH-PER,17/10/2022,In Stock
SKU-503471,Product 3472,Accessories,GlobalParts,869,32,10O.50,WH-BNE,2025-12-05,In Stock
SKU-503472,Product 3473,Accessories,PrimeSource,223,120,"1,299.50",WH-ADE,NULL,Not Available
SKU-503473,Product 3474,Home & Living,Metro Goods,692,NaN,$99.99,WH-PER,2021/09/20,outofstock
SKU-503474,Product 3475,Office,Vertex Trading,413,68,2331.0,unknown,07-07-2021,In Stock
SKU-503475,Product 3476,ELECTRONICS ,Apex Supply,462,143,9999999,WH-ADE,20.02.2023,In Stock
SKU-503476,Product 3477,ELECTRONICS ,Prime Source,N/A,NaN,907.39,WH-SYD,21/06/2023,In Stock
SKU-503477,Product 3478,accessory,Global Parts,837,66,1487.24,WH-MEL,2024-09-26,In Stock
SKU-503478,Product 3479,soft ware,Nova Wholesale,78,104,279.52,WH-ADE,2025/11/20,Low Stock
SKU-503479,Product 3480,N/A,Vertex Trading,500 units,51,1372.54,WH-BNE,31/02/2026,In Stock
SKU-503480,Product 3481,Accessories,PrimeSource,169,125,1386.4,Warehouse 1,none,In Stock
SKU 503481,Product 3482,Unknown,Metro Goods,23,48,2110.67,WH-BNE,2024/03/30,Low Stock
SKU-503482,N/A,Software,PrimeSource,443,50 units,1069.91,,23 Jan 2024,In Stock
NULL,Product 3484,Office,Vertex Trading,269,22,1430.51,WH-ADE,31/02/2026,OOS
SKU-503484,N/A,Accessories,Apex Supply,464,0,,WH-SYD,25/03/2026,In Stock
SKU-503485,N/A,ELECTRONICS ,,57,59,781.42,Sydney Warehouse,19/02/2024,Low Stock
SKU-503486,Product 3487,Unknown,Global Parts,856,110,2105.78,WH-MEL,2026-05-01,In Stock
SKU-503487,,Office,unknown,625,20,FREE,WH-BNE,2023/08/17,In Stock
SKU-503488,Product 3489,office supplies,Vertex Trading,758,21,"2 500,00",WH-ADE,15/10/2022,In Stock
SKU-503489,Product 3490,soft ware,Apex Supply,N/A,127,303.45,WH-ADE,03 Dec 2023,In Stock
SKU-503490,Product 3491,Office,PrimeSource,614,71,N/A,WH-BNE,02.12.2025,In Stock
SKU-503491,Product 3492,Software,Metro Goods,345,95,2228.65,WH-ADE,07/01/2023,outofstock
SKU-503492,Product 3493,Software,Global Parts,560,44,1738.52,WH-ADE,NULL,In Stock
SKU-503493,N/A,Home,Nova,ten,NaN,59.12,WH-BNE,06/07/2021,In Stock
,Product 3495,Home,PrimeSource,35,70,552.4,WH-SYD,2022-02-13,Not Available
SKU-500998,Product 3496,Office,Metro Goods,820,53,945.18,SYD,2023-05-23,In Stock
SKU-503496,Product 3497,Office,Vertex Trading,734,73,1901.42,WH-PER,2026/01/05,In Stock
SKU-503497,product_name,Accessories,Metro Goods,353,NaN,667.55,WH-MEL,2026-08-07,1
SKU-503498,Product 3499,Office,Apex Supply,,86,"1,299.50",Melbourne WH,07 Oct 2025,In Stock
NULL,Product 3500,N/A,Nova Wholesale,527,-10,1337.26,WH-SYD,2023/07/10,In Stock
SKU-????,Product 3501,accessory,Nova,284,93,100.89,WH-ADE,2022-04-27,INSTOCK
SKU-503501,Product 3502 ,Home,Metro Goods,22,115,192.22,WH-PER,2021/07/10,Low Stock
SKU-503502,Product 3503,Electronics,PrimeSource,422,90,867.88,WH-BNE,02.05.2023,1
SKU-503503,Product,Accessories,Vertex Trading,538,126,1113.24,WH-ADE,01 Sep 2025,In Stock
SKU-503504,Product 3505,soft ware,Metro Goods,780,55,1048.2,WH-ADE,10 Apr 2021,In Stock
SKU-503505,N/A,electronics,Metro Goods,897,63,738.78,WH-MEL,28.10.2021,In Stock
SKU-503506,,soft ware,Nova Wholesale,868,84,348.85,WH-SYD,99-99-9999,low
SKU-503507,Unknown Item,Software,Nova,817,113,-250,WH-BNE,08-07-2023,In Stock
NULL,Product 3509,Accessories ,Metro Goods,124,116,806.48,WH-MEL,Feb 30 2025,In Stock
SKU-503509,Unknown Item,Software,Nova,51,N/A,2017.34,WH-PER,08 Mar 2026,Low Stock
SKU-503510,Product 3511,Software,Apex Supply,86,N/A,85.44,WH-MEL,02 Sep 2025,INSTOCK
SKU-503511,Product 3512,electronic,Vertex Trading,689,NaN,1332.57,WH-PER,12 Oct 2022,1
SKU-503512,Product 3513,Office,Nova,500 units,N/A,N/A,Sydney Warehouse,-,In Stock
SKU-503513,Product 3514,Software,PrimeSource,885,86,1165.08,WH-MEL,31/02/2026,OOS
N/A,Product 3515,accessory,Prime Source,299,twenty,824.47,WH-BNE,11/12/2025,in stock
SKU-503515,Product 3516,Electronics,Nova,5,83,69.32,WH-PER,12 Feb 2024,
NULL,Product 3517,Accessories,Nova,865,85,153.13,WH-MEL,14.02.2021,In Stock
,Product 3518,Office,  Vertex Trading  ,999999,NaN,607.31,WH-BNE,12-22-2024,In Stock
SKU-503518,,Office,PrimeSource,843,56,"1.299,50",WH-SYD,02/09/2021,In Stock
SKU-????,Product 3520,electronics,PrimeSource,ten,NaN,AUD 500,WH-BNE,13.01.2021,LOW STOCK 
SKU-503520,Product 3521,Electronics,PrimeSource,831,"1,000",2347.04,WH-PER,2025-02-24,Available
SKU-503521,Product 3522,ELECTRONICS ,PrimeSource,999999,"1,000",1187.68,WH-MEL,2023/11/14,Low Stock
SKU-503522,Product 3523,Home & Living,Primesource,550,61,"1,299.50",WH-SYD,04-08-2024,In Stock
SKU-503523,Product 3524,Home,Global Parts,610,136,571.45,WH-bne,05.06.2025,In Stock
SKU-503524,Unknown Item,N/A,Metro Goods,147,96,2324.05,Sydney Warehouse,01 Jun 2025,In Stock
SKU-503525,Product 3526,Software,Vertex Trading,N/A,128,2090.01,WH-ADE,NULL,In Stock
SKU-503526,Product 3527,Software,Global Parts,"1,200",99,528.59,WH-ADE,31/02/2026,In Stock
SKU-503527,Product 3528,office supplies,Global Parts,856,62,1395.14,WH-BNE,19.03.2025,LOW STOCK 
SKU-503528,N/A,Electronics,Metro Goods,-1,103,647.58,WH-MEL,12 Apr 2024,Available
SKU-503529,Product 3530,Accessories,N/A,296,142,2468.57,WH-BNE,,Available
SKU-503530,Product 3531,Home & Living,PrimeSource,522,141,$99.99,unknown,2025/03/31,N/A
SKU-503531,Product 3532,OFFICE,Metro Goods,791,61,1567.38,WH-ADE,none,In Stock
SKU-503532,Product 3533,Software,Nova Wholesale,589,94,1605.78,WH-SYD,2021/02/16,low
12345,N/A,Home,Vertex Trading,759,93,1710.03,WH-MEL,2025-06-16,In Stock
SKU-503534,Product 3535,Software,PrimeSource,49,9999,FREE,Melbourne WH,00/00/0000,0
SKU-503535,,Office,Metro Goods,0.5,102,,WH-ADE,unknown,In Stock
SKU-503536,Product 3537,accessory,PrimeSource,380,135,USD 120,WH-BNE,2026/02/08,In Stock
,Product 3538,Home,PrimeSource,298,29,1027.64,WH-MEL,2023/05/14,outofstock
SKU-503538,Product 3539,Home,,697,-10,655.13,ADE,27/12/2022,In Stock
SKU-501296,Product 3540,Electronics,Metro Goods,20,150,2495.69,WH-BNE,03-24-2026,Low Stock
SKU-503540,Product 3541,Electronics,Metro Goods,57,1O,2489.4,WH-MEL,17 Nov 2024,outofstock
SKU-503541,Product 3542,Software,Apex Supply,ten,,2474.6,WH-MEL,NA,0
12345,Product 3543,Unknown,  Apex Supply  ,412,91,86.41,WH-SYD,08/10/2023,LOW STOCK 
SKU-503543,Product 3544,Electronics,Nova Wholesale,,17,164.7,WH-MEL,not-a-date,0
SKU-503544,123456,Home,PrimeSource,0.5,107,1429.42,WH-MEL,30 Mar 2025,In Stock
SKU-503545,123456,electronic,Vertex Trading,256,60,630.61,WH-SYD,99-99-9999,In Stock
SKU 503546,Product 3547,Home,Vertex Trading,614,twenty,881.7,WH-MEL,,LOW STOCK 
SKU-503547,Product 3548,Home & Living,Vertex Trading,-50,104,213.9,WH-PER,not-a-date,0
SKU-503548,Product 3549,Unknown,Metro Goods,999999,79,2066.8,ADE,unknown,Not Available
SKU-503549,Product 3550,Office,GlobalParts,715,98,1154.68,WH-ADE,23/10/2024,N/A
SKU-????,Product 3551,Electronics,Metro Goods,-1,22,1749.44,WH-PER,none,In Stock
SKU-????,Product 3552,Electronics,Vertex Trading,361,-10,134.25,WH-ADE,11.04.2024,In Stock
SKU-????,Product 3553,Electronics,Global Parts,427,50 units,905.79,WH-SYD,32 Jan 2025,In Stock
SKU-503553,Product 3554,Office,123,1O0,0,132.01,WH-PER,00/00/0000,In Stock
SKU-503554,Product 3555,soft ware,PrimeSource,804,138,1697.62,unknown,19.09.2021,LOW STOCK 
SKU-503555,Product 3556,Electronics,Metro Goods,790,132,"1.299,50",WH-PER,07.11.2021,In Stock
SKU-503556,Product 3557,Home,Metro Goods,611,21,1480.62,WH-BNE,31/02/2026,In Stock
SKU-503557,Product 3558,Office,Nova Wholesale,228,twenty,903.97,WH-PER,27 Oct 2022,In Stock
SKU-503558,Product 3559,Office,PrimeSource,596,68,146.09,SYD,2026/08/05,In Stock
SKU-503559,Product 3560,Office,Nova Wholesale,-1,92,1289.95,WH-MEL,18/12/2025,In Stock
NULL,Product 3561,Electronics,Metro Goods,640,48,2055.81,WH-ADE,2022/09/03,In Stock
SKU-503561,Product 3562,Home,Apex Supply,213,101,1971.77,WH-MEL,2026-02-31,
SKU-503562,Product 3563,Software,Apex Supply,0.5,117,2486.05,WH-PER,2024-05-26,Low Stock
SKU-503563,Product 3564,Home,Metro Goods,827,104,-250,WH-MEL,05-05-2021,In Stock
SKU-503564,Product 3565,Accessories,N/A,57,75,10O.50,SYD,2025-08-11,OOS
SKU-????,Product 3566,Home,N/A,ten,73,1864.92,WH-ADE,01 Apr 2023,In Stock
SKU-503566,Product 3567,electronics,Metro Goods,226,143,1144.18,WH-BNE,2021-04-26,In Stock
SKU-503567,Product 3568,accessory,Apex Supply,415,50 units,485.69,wh-per , ,In Stock
12345,Product 3569,Accessories,Vertex Trading,522,123,606.99,WH-ADE,N/A,Available
SKU-503569,Product 3570,Home,Apex,1O0,95,1165.13,WH-bne,NA,
SKU-503570,Product 3571,Accessories,Apex Supply,864,0,1424.27,WH-ADE,12/05/2022,In Stock
SKU-503571,Product 3572,soft ware,PrimeSource,62,51,2168.19,WH-SYD,09 Feb 2023,1
SKU-503572,Product 3573,Software,nova wholesale,648,30,2058.22,WH-MEL,07-08-2025,In Stock
SKU-503573,Product 3574,accessory,Prime Source,500 units,136,10O.50,Sydney Warehouse,21/07/2024,In Stock
SKU-503574,,Electronics,PrimeSource,645,27,1118.5,WH-ADE,2022-08-19,LOW STOCK 
N/A,Product 3576,Accessories,Apex,394,85,"1,299.50",WH-BNE,03-14-2023,In Stock
SKU-503576,Product 3577,Software,Metro Goods,197,60,2015.49,WH-SYD,13 Aug 2026,In Stock
SKU-503577,Product 3578,Software,GlobalParts,-50,50 units,2315.82,WH-BNE,2023/04/01,In Stock
SKU-503578,,electronic,Vertex Trading,84,,1677.33,WH-BNE,03-06-2021,Low Stock
SKU-503579,Product 3580,Accessories,unknown,599,130,1617.02,WH-BNE,2023-10-12,In Stock
SKU-503580,N/A,Accessories,Vertex Trading,ten,78,1984.28,WH-MEL,2025-05-30,Not Available
N/A,Product 1438,Accessories,PrimeSource,659,118,1396.16,WH-BNE,   ,In Stock
SKU-503582,Product,Unknown,Vertex Trading,631,0,1266.95,WH-BNE,2022/06/26,1
SKU-503583,Product 3584,electronics,Nova,171,140,1434.48,WH-BNE,2025-09-20,LOW STOCK 
SKU-503584,,Accessories,Global Parts,606,0,$99.99,WH-PER,21/03/2021,In Stock
SKU-501988,???,accessory,PrimeSource,565,140,1917.26,WH-MEL,2024/03/16,in stock
SKU-503586,Product 3587,Accessories,PrimeSource,N/A,138,2301.05,WH-BNE,26/03/2023,In Stock
12345,Product 3122,Software,Apex Supply,575,1O,USD 120,ADE,12-07-2025,Not Available
SKU-503588,,Accessories,GlobalParts,60,73,1400.12,WH-BNE,2025-11-12,in stock
SKU-503589,Unknown Item,Accessories,Global Parts,569,113,-250,WH-SYD,2026/08/30,In Stock
SKU-503590,Product 3591,Software,,372,,2461.98,WH-SYD,unknown,In Stock
SKU-503591,Product 3592,Accessories ,Nova Wholesale,41,80,1046.16,WH-PER,30/04/2024,Low Stock
SKU 502785,Product 2786,N/A,Vertex Trading,47,132,AUD 500,,2021/06/03,Low Stock
SKU-503593,Product 3594,office supplies,Metro Goods,663,59,FREE,WH-PER,2026/04/11,In Stock
SKU-503594,Product 3595,Office,Nova Wholesale,161,144,AUD 500,WH-SYD,19/11/2025,Not Available
SKU-503595,Product 3596,Home,Vertex Trading,39,9999,AUD 500,WH-SYD,09-29-2026,Low Stock
SKU-503596,Product 3597,soft ware,GlobalParts,581,48,,ADE,16.07.2026,Available
SKU-503597,Product 3598,Office,,729,146,1074.62,WH-BNE,14/09/2026,In Stock
SKU-503598,Product 3599,Electronics,Apex,852,131,,WH-ADE,08 Apr 2024,In Stock
SKU-503599,product_name,soft ware,Nova Wholesale,848,N/A,1162.47,N/A,2021/06/02,In Stock
SKU-503600,Product 3601,Office,Nova Wholesale,877,50 units,467.23,WH-ADE,2022/08/15,In Stock
SKU-503601,Product 3602,Home,Global Parts,94,27,1862.05,WH-SYD,04/01/2024,Available
SKU-503602,Product 3603,Electronics,Metro Goods,,47,2368.05,,10 May 2026,Low Stock
SKU-503603,Product 3604,Home,PrimeSource,-50,0,"2 500,00",WH-BNE,2026-13-44,In Stock
SKU-503604,Product 3605,Home & Living,unknown,497,46,371.17,WH-bne,32 Jan 2025,outofstock
SKU-503605,Product 3606,Software,Nova,343,1O,1384.41,WH-SYD,2021-06-02,In Stock
SKU-503606,Product,Accessories,Global Parts,N/A,54,838.66,WH-MEL,14 Feb 2022,In Stock
SKU-503607,Product,OFFICE,Apex Supply,303,N/A,-250,WH-BNE,20/02/2026,In Stock
SKU-503608,Product 3609,ELECTRONICS ,GlobalParts,500 units,43,1425.75,WH-SYD,25/04/2024,In Stock
SKU-503609,Product 3610,Accessories,N/A,228,"1,000",696.1,WH-MEL,2023-06-19,In Stock
SKU-503610,Product 3611,soft ware,Apex Supply,438,55,1940.17,Sydney Warehouse,03/03/2023,In Stock
12345,Product 3612,Electronics,PrimeSource,521,83,USD 120,WH-SYD,   ,In Stock
SKU-503612,123456,,Nova Wholesale,784,127,140.81,WH-BNE,04-17-2022,In Stock
SKU-503613,Product 3614,Home,PrimeSource,711,58,"1,299.50",WH-ADE,   ,In Stock
SKU 503614,123456,Office,,43,128,1250.73,WH-SYD,07-11-2023,Low Stock
SKU-503615,Product 3616,Home,unknown,511,69,1505.44,WH-bne,NA,In Stock
SKU-503616,Product 3617,Unknown,Prime Source,0.5,18,920.39,WH-ADE,2021-10-12,In Stock
SKU-503086,Product 3087,Electronics,Nova Wholesale,861,N/A,-250,WH-MEL,2022-09-27,N/A
SKU-503618,Product 3619,Software,123,-1,55,1255.62,WH-PER,03 Mar 2022,In Stock
SKU-500481,Unknown Item,electronics,Metro Goods,877,136,1558.96,Melbourne WH,NA,0
SKU-503620,Product 3621,N/A,Nova Wholesale,859,100,AUD 500,Sydney Warehouse,   ,In Stock
SKU-503621,Product 3622,electronics,Vertex Trading,,141,2302.43,WH-MEL,2021-08-31,In Stock
SKU-503622,Product 3623,Software,Metro Goods,216,"1,000",2307.42,WH-ADE,2023-11-30,in stock
SKU-502331,product_name,Home,Vertex Trading,999999,,380.13,WH-MEL,2026-09-08,Low Stock
SKU-503624,Product 3625,Accessories,Apex Supply,500 units,60,1363.29,Melbourne WH,13/13/26,In Stock
SKU-503625,Product 3626,OFFICE,PrimeSource,46,85,9999999,WH-ADE,null,Low Stock
SKU-500357,Product 358,Software,Nova Wholesale,613,111,1289.97,WH-MEL,25.02.2022,In Stock
SKU-503627,Product 3628,Home,Vertex Trading,247,28,979.63,WH-BNE,2025/04/20,In Stock
SKU-503628,product_name,Office,Vertex Trading,797,98,1701.25,WH-bne,13/13/26,In Stock
SKU-503629,Product 3630,Home,Metro Goods,498,94,2394.23,WH-MEL,unknown,
NULL,Product 3631,Electronics,Nova Wholesale,"1,200","1,000",76.54,wh-per ,2026-02-31,In Stock
SKU-503631,Product,Home & Living,Nova Wholesale,22,127,575.8,WH-bne,16 Dec 2021,Available
SKU-503632,Product 3633,ELECTRONICS ,unknown,531,-10,FREE,WH-ADE,18.04.2024,In Stock
SKU-503633,Product 3634,Home,PrimeSource,425,23,2377.66,WH-PER,not-a-date,In Stock
SKU-503634,product_name,OFFICE,Nova Wholesale,779,-10,411.08,wh-per ,28.10.2023,In Stock
SKU-503635,Product 3636,soft ware,Prime Source,376,20,10O.50,WH-MEL,99-99-9999,In Stock
SKU-503636,Product 3637,Software,Global Parts,655,127,1148.35,Warehouse 1,03 Oct 2021,In Stock
SKU-503637,Product 3638,Electronics,Nova Wholesale,171,50 units,1979.85,unknown,2025/00/12,in stock
SKU-503638,Product 3639,OFFICE,Apex Supply,NaN,68,2272.53,WH-MEL,13/13/26,In Stock
SKU-503639,N/A,Software,Nova Wholesale,440,N/A,1035.42,wh-per ,12-01-2024,unknown
SKU-503640,N/A,,Metro Goods,-50,50,1064.79,WH-SYD,01.02.2023,In Stock
SKU-503641,,Electronics,Apex Supply,414,31,"1,299.50",WH-ADE,08/07/2021,In Stock
SKU-503642,Unknown Item,Accessories,N/A,,130,1639.54,WH-ADE,01.06.2024,N/A
SKU-503643,Product 3644,Electronics,Apex Supply,616,146,673.68,WH-BNE,2026-13-44,OOS
SKU-????,123456,Home & Living,Prime Source,-1,143,2035.17,WH-PER,2024/03/16,In Stock
SKU-503645,product_name,soft ware,PrimeSource,-50,124,1697.66,WH-MEL,20.03.2022,1
SKU-503646,Product 3647,Software,PrimeSource,675,N/A,999.1,wh-per ,18 Mar 2023,In Stock
SKU-503647,Product 3648,Unknown,123,563,52,$99.99,WH-MEL,2022/11/28,In Stock
,Product 3649,Office,123,616,52,1319.99,WH-MEL,06 Sep 2026,In Stock
SKU-503649,Product 3650,Home,Nova Wholesale,275,twenty,470.23,WH-SYD,15.03.2021,In Stock
SKU-503650,Product 3651,electronics,Apex Supply,733,48,574.1,SYD,2023/02/21,In Stock
SKU-503651,Product,Office,Apex,371,67,1517.29,WH-ADE,10 Apr 2022,In Stock
SKU-503652,Product,,Global Parts,471,125,1595.23,WH-SYD,2022/05/05,In Stock
SKU-500987,Product,Software,123,77,107,1962.01,WH-BNE,2026/05/03,in stock
NULL,N/A,Electronics,Apex,69,75,9999999,WH-ADE,19 Jun 2023,Low Stock
SKU-503655,Product 3656,electronics,Metro Goods,611,63,2257.94,WH-SYD,27 Jan 2021,In Stock
SKU-503656,N/A,Software,PrimeSource,872,50,2416.61,WH-MEL,13.01.2021,In Stock
SKU-503657,???,Home,N/A,N/A,-10,"2 500,00",WH-BNE,N/A,In Stock
SKU-503658,Product 3659,Unknown,Vertex Trading,37,42,833.23,Sydney Warehouse,2025-04-21,Low Stock
SKU-503659,Product 3660,Software,GlobalParts,999999,129,10O.50,WH-SYD,2024/04/24,LOW STOCK 
SKU-503660,Product 3661,Electronics,Prime Source,271,55,1396.84,WH-ADE,10/07/2022,in stock
SKU-503661,Product 3662,Home,,880,-10,1531.22,,2022-12-11,In Stock
SKU-503662,product 3663,accessory,Nova,1O0,38,727.79,,2025/00/12,
SKU-503663,???,electronic,Nova Wholesale,439,16,1730.37,WH-MEL,2024/12/27,In Stock
N/A,Product 3665,Accessories,Global Parts,245,-10,2110.61,WH-MEL,11/01/2022,In Stock
SKU-503665,Product 3666,Unknown,,268,"1,000",1610.0,WH-MEL,06.09.2021,In Stock
SKU-503666,Product 3667,Home,123,126,,N/A,WH-ADE,2022/03/20,Low Stock
SKU-503667,Product,Home,Vertex Trading,676,132,313.42,WH-PER,04-05-2026,In Stock
SKU-503668,Product 3669,OFFICE,123,850,twenty,,WH-BNE,2022/05/13,In Stock
SKU-502810,Product 2811,Office,unknown,-50,1O,1630.37,unknown,2023/06/09,OOS
SKU-????,123456,Home,Global Parts,"1,200",92,2425.04,WH-BNE,24/08/2024,Low Stock
SKU-500520,Product 521,Home,Vertex Trading,167,N/A,1033.03,WH-BNE,11.06.2026,In Stock
SKU-503672,N/A,Software,Apex,18,51,AUD 500,WH-ADE,27.05.2024,unknown
N/A,???,Accessories ,Apex Supply,1O0,NaN,"2 500,00",WH-SYD,00/00/0000,low
SKU-503674,Product 3675,electronics,Nova Wholesale,433,102,355.54,WH-MEL,2024/07/27,outofstock
SKU-503675,Product,Office,Vertex Trading,NaN,,1438.45,WH-ADE,16/03/2022,In Stock
SKU-503676,Product 3677,Software,Metro Goods,849,"1,000",N/A,WH-MEL,2025/11/12,In Stock
SKU-503677,Product 3678,office supplies,GlobalParts,324,40,2008.02,WH-SYD,22 Sep 2026,In Stock
SKU-????,PRODUCT 3679,electronic,Nova,760,41,1455.95,WH-ADE,04.12.2021,unknown
N/A,Product 3680,Home & Living,Vertex Trading,528,127,,WH-PER,24.10.2023,INSTOCK
SKU-503680,Product 3681,Software,unknown,191,125,770.37,WH-ADE,2021-10-25,INSTOCK
SKU-503681,Product 3682,Unknown,Global Parts,379,twenty,10O.50,wh-per ,,N/A
SKU-500564,Product 539,Office,PrimeSource,769,88,2375.85,WH-SYD,2021/03/13,In Stock
SKU-503683,N/A,Electronics,Nova Wholesale,449,24,1809.24,SYD,missing,N/A
SKU-503684,Product 3685,Office,Global Parts,238,0,1809.21,WH-MEL,07-06-2022,In Stock
SKU-503685,Unknown Item,electronic,Vertex Trading,612,109,AUD 500,WH-MEL,03-03-2024,0
sku-503686,Product 3687,ELECTRONICS ,Apex Supply,760,NaN,670.22,N/A,2022-04-16,In Stock
SKU-503687,Product 3688,Electronics,PrimeSource,811,1O,N/A,WH-MEL,09.01.2024,In Stock
SKU-503688,Product 3689,Home,123,31,130,2321.56,WH-MEL,2025/12/15,Low Stock
SKU-503689,Product 3690,ELECTRONICS ,123,589,114,68.07,WH-SYD,2023/02/23,In Stock
SKU 503690,Product 3691,Unknown,Global Parts,"1,200",109,1337.94,WH-ADE,unknown,Low Stock
SKU-503691,Product 3692,Home,Global Parts,0.5,33,2466.87,WH-ADE,04.06.2023,In Stock
SKU-503692,Product 3693,Office,123,888,"1,000",$99.99,WH-MEL,12.05.2024,In Stock
SKU-503693, Product 3694,Electronics,Apex Supply,"1,200",115,1182.86,WH-BNE,99-99-9999,In Stock
12345,Product 3695,Accessories,Global Parts,729,-10,309.67,WH-BNE,2026-13-44,outofstock
SKU-503695,N/A,Unknown,GlobalParts,288,144,"2 500,00",ADE,19/12/2024,In Stock
SKU-503696,Product 3697,electronic,Vertex Trading,232,116,440.35,WH-PER,03 May 2023,In Stock
SKU-503697,Product 3698,Accessories,Prime Source,209,57,702.96,WH-SYD,16 Sep 2021,In Stock
N/A,Product 3699,Office,Vertex Trading,138,1O,1547.29,WH-BNE,2022-08-15,In Stock
SKU-503699,Product 3700,N/A,Global Parts,N/A,N/A,,WH-SYD,05 Oct 2025,In Stock
,Product 3701,soft ware,Apex Supply,118,90,235.76,WH-BNE,27/09/2025,
SKU-503701,Product 3702,soft ware,Prime Source,842,92,9999999,WH-SYD, ,Available
SKU-503702,,Electronics,Vertex Trading,337,135,FREE,WH-SYD,01.10.2023,In Stock
SKU-503703,Product 3704,Home,Global Parts,25,54,1627.19,WH-SYD,03 May 2026,1
SKU-503704,Product 3705,Home & Living,PrimeSource,835,20,10O.50,WH-PER,03.04.2023,In Stock
SKU-503705,Product 3706,Home & Living,Metro Goods,138,1O,591.4,WH-SYD,2025/11/03,Low Stock
SKU-????,Unknown Item,OFFICE,PrimeSource,809,-10,FREE,WH-MEL,2023/04/05,In Stock
SKU-503707,Product 3708,Home,Metro Goods,822,66,1530.4,SYD,NA,In Stock
SKU-503708,Product 3709,Home,Nova Wholesale,52,24,2436.73,WH-BNE,2026-13-44,In Stock
SKU-503709,Product 3710,electronic,Vertex Trading,368,0,$99.99,WH-ADE,,In Stock
SKU-503710,Product 3711,Unknown,Nova Wholesale,793,48,2121.81,N/A,21/09/2024,In Stock
SKU-503711,Product 3712,Accessories,Nova Wholesale,307,120,-250,WH-SYD,20 Oct 2024,In Stock
SKU-503712,Product 3713,Home & Living,Metro Goods,524,46,FREE,WH-bne,17/01/2023,In Stock
SKU-503713,???,Home,Apex Supply,203,"1,000",USD 120,SYD,02.08.2024,In Stock
SKU-503714,Product 3715,Home,Global Parts,,twenty,918.75,WH-MEL,05-17-2024,In Stock
SKU-503715,,Accessories ,N/A,170,140,750.94,ADE,2023-04-08,In Stock
SKU-503716,Product 3717,Home,PrimeSource,217,101,2478.72,WH-PER,21.04.2024,In Stock
SKU-503717,Product 3718,Software,Metro Goods,253,"1,000","2 500,00",WH-PER,23 Apr 2025,1
SKU-503718,Product 3719,Home,Nova Wholesale,ten,48,1788.54,WH-MEL,09-01-2026,Available
SKU-503719,Product 3720,electronics,Metro Goods,558,108,2312.06,WH-MEL,null,In Stock
SKU-503720,Product 3721,Home,GlobalParts,682,-10,10O.50,WH-PER,30/07/2023,unknown
SKU-503721,Product 3722,OFFICE,Nova,55,89,1825.08,WH-MEL,2026/04/10,Not Available
SKU-503722,Product 3723,Office,Global Parts,897,N/A,"1,299.50",N/A,2024-09-08,In Stock
SKU-503723,Product 3724,accessory,Nova,"1,200",86,677.93,wh-per ,10/02/2022,INSTOCK
SKU-503724,N/A,Electronics,Vertex Trading,365,64,787.0,WH-SYD,11/07/2024,In Stock
SKU-????,Product 3726,Office,Nova,803,110,$99.99,Sydney Warehouse,missing,In Stock
SKU-500531,Product 3727,Software,Global Parts,188,19,74.72,WH-SYD,05-04-2021,In Stock
SKU-503727,Product 3728,accessory,GlobalParts,-50,134,2243.25,WH-MEL,2025-09-19,In Stock
N/A,Unknown Item,Accessories,Metro Goods,-50,69,-250,Melbourne WH,22.07.2026,In Stock
SKU-503729,Product 3730,Accessories,Nova Wholesale,776,135,134.09,WH-SYD,05-25-2022,In Stock
SKU-503730,Product 3731,Accessories,PrimeSource,174,120,9999999,WH-BNE,2022-06-23,In Stock
SKU-503731,123456,Accessories ,Global Parts,382,-10,356.27,WH-BNE,13 Nov 2024,Not Available
SKU-503732,product_name,Software,Metro Goods,451,41,1522.85,WH-bne,10-10-2021,In Stock
NULL,Product 3734,Home,,188,47,90.78,WH-MEL,unknown,In Stock
SKU-503734,Product 3735,Accessories,Nova Wholesale,692,47,1897.74,N/A,N/A,In Stock
SKU-503735,???,Office,Metro Goods,688,106,478.74,WH-BNE,19/08/2024,In Stock
SKU-503736,Product 3737,Electronics,Prime Source,721,145,415.9,WH-ADE,11.09.2021,In Stock
SKU-503737,Product 3738,Accessories ,Nova,NaN,145,AUD 500,Sydney Warehouse,missing,outofstock
SKU-503738,Product 3739,Office,Global Parts,202,50 units,941.49,WH-MEL,24/02/2024,In Stock
SKU-503739,Product 3740,Software,Apex Supply,539,125,314.02,WH-SYD,11-21-2022,In Stock
SKU-503740,Product 3741,soft ware,Nova Wholesale,500 units,24,745.04,WH-PER,05/04/2025,In Stock
SKU-503741,Product 3742,accessory,PrimeSource,282,79,,WH-ADE,23 Nov 2023,In Stock
SKU-503742,Product 3743,N/A,123,84,73,1073.1,WH-ADE,2026-02-31,In Stock
SKU-503743,Product 3744,Software,Global Parts,651,130,2168.64,WH-SYD,07-02-2025,In Stock
SKU-503744,Product 3745,Accessories,N/A,ten,52,732.5,WH-PER,17.06.2026,In Stock
SKU-503745,Product 3746,Home,Global Parts,21,,153.6,WH-BNE,2025/00/12,Low Stock
SKU-503746,N/A,electronics,Metro Goods,453,39,,WH-ADE,15.05.2026,In Stock
SKU-503747,Product 3748,Home & Living,PrimeSource,834,0,2469.81,WH-BNE,not-a-date,In Stock
SKU-503748,Unknown Item,Electronics,GlobalParts,51,89,1656.44,WH-BNE,29.01.2021,Low Stock
SKU-503749,Product 3750,soft ware,Metro Goods,NaN,106,925.74,WH-BNE,09-27-2022,0
SKU-503750,Product 3751,Home,PrimeSource,306,20,613.91,Melbourne WH,12.01.2023,In Stock
NULL,Product 3752,N/A,PrimeSource,733,78,963.02,WH-BNE,2021-07-09,1
SKU-503752,123456,Home & Living,Prime Source,397,twenty,1993.41,WH-BNE,-,Available
SKU-503753,Product 3754,Accessories,Metro Goods,500 units,-10,265.81,WH-SYD,01-24-2023,In Stock
SKU 503754,Product,Accessories,PrimeSource,676,73,"1,299.50",WH-SYD,20 Jul 2025,In Stock
SKU-503755,Product 3756,Office,Vertex Trading,156,143,USD 120,wh-per ,27/10/2025,In Stock
SKU-503756,Product 3757,electronics,Metro Goods,14,57,9999999,WH-ADE,16/05/2026,Not Available
SKU-503757,Product 3758,soft ware,unknown,ten,24,901.97,WH-bne,unknown,0
SKU-503758,Product 3759,Office,Nova Wholesale,,84,,unknown,05-01-2024,low
NULL,Product 3760,Office,123,816,95,762.46,WH-PER,17.01.2024,In Stock
NULL,Product 3761,Office,Apex,606,36,749.55,Melbourne WH, ,
SKU-503761,Product 3762,Software,GlobalParts,500 units,N/A,N/A,WH-bne,05/07/2022,In Stock
SKU-503762,Product 3763,,  Metro Goods  ,389,22,USD 120,,2026-13-44,In Stock
SKU-503763,Product,Home,Metro Goods,539,50 units,"1,299.50",WH-PER,32 Jan 2025,In Stock
NULL,Product 3765,Office,Global Parts,666,144,1064.59,WH-SYD,11 Feb 2026,In Stock
sku-503765,Product 3766,Accessories,Apex Supply,139,108,731.26,WH-MEL,31/02/2026,In Stock
SKU-503766,Product 3767,Office,N/A,319,116,-250,WH-MEL,00/00/0000,In Stock
SKU-503767,Product 3768,Office,Metro Goods,-50,36,450.94,WH-BNE,   ,In Stock
SKU-503768,Product 3769,,PrimeSource,82,NaN,2406.92,SYD,30/07/2023,Low Stock
SKU-503769,Product 3770,Electronics,Apex,892,120,AUD 500,Melbourne WH,NA,In Stock
SKU-503770,Product 3771,OFFICE,Metro Goods,232,139,1727.64,WH-BNE,17 Jan 2024,outofstock
SKU-????,Unknown Item,Accessories,Global Parts,615,25,"1.299,50",WH-PER,30/04/2021,0
SKU-503772,Product 3773,Software,Global Parts,537,150,"2 500,00",WH-PER,2025/10/05,In Stock
SKU-503773,Product 3774,Electronics,Nova Wholesale,525,"1,000",347.96,WH-PER,07.05.2021,Available
SKU-503774,Product 3775,N/A,Metro Goods,351,33,N/A,WH-PER,03 Aug 2025,LOW STOCK 
12345,N/A,Software,PrimeSource,486,23,513.33,Sydney Warehouse,08 Aug 2021,In Stock
SKU-503776,Product 3777,soft ware,Prime Source,447,9999,1014.48,WH-PER,08-03-2022,In Stock
SKU-503777,Product 3778,Unknown,PrimeSource ,129,121,$99.99,,02-28-2022,outofstock
SKU-501314,Product 1315,Electronics,Global  Parts,-50,95,FREE,WH-ADE,29/03/2022,in stock
SKU-503779,Product 3780,Home & Living,PrimeSource,384,62,2337.26,WH-ADE,15/02/2023,unknown
SKU-503780,Product 3781,Home,Apex,525,116,1245.65,SYD,NA,In Stock
SKU-500159,Product 160,N/A,PrimeSource,500 units,81,10O.50,WH-SYD,09/03/2025,In Stock
N/A,,Electronics,Vertex Trading,1O0,twenty,891.87,WH-PER,17.04.2025,unknown
SKU-503783,Product 3784,Home,Prime Source,682,22,N/A,WH-SYD,13/08/2022,In Stock
SKU-503784,Product,Accessories,GlobalParts,1O0,115,9999999,WH-MEL,2026-05-14,In Stock
SKU-503785,Product 3786,Home & Living,PrimeSource,-50,1O,1035.92,WH-ADE,99-99-9999,In Stock
SKU-503786,Product 3787,Home,PrimeSource,478,68,9999999,WH-BNE,2025/04/25,In Stock
SKU-503787,???,Accessories,Metro Goods,NaN,106,USD 120,WH-SYD,2026-03-12,INSTOCK
SKU-503788,Product 3789,Electronics,,739,40,53.7,N/A,2021-05-01,In Stock
SKU-503789,Product 3790,Electronics,Vertex Trading,-1,103,1571.1,WH-SYD,23 Sep 2023,0
SKU-????,Product 3791,ELECTRONICS ,Nova,4,"1,000",1119.48,WH-PER,NULL,Low Stock
NULL,Product 3792,Office,Apex Supply,229,0,$99.99,Sydney Warehouse,32 Jan 2025,In Stock
12345,N/A,Home,Global Parts,111,31,2370.99,WH-PER,none,INSTOCK
SKU-503793,Product 3794,Accessories,unknown,629,52,2311.99,WH-ADE,null,low
SKU-503794,Unknown Item,Home,PrimeSource,"1,200",143,270.04,WH-SYD,2021/04/17,In Stock
SKU-503795,Product 3796,Electronics,Nova Wholesale,387,82,773.46,unknown,30.06.2024,Not Available
SKU-503796,Product 3797,accessory,Nova,869,50 units,FREE,WH-SYD,30/09/2025,In Stock
SKU-503797,Product 3798,Electronics,Global Parts,679,N/A,62.03,WH-PER,09.02.2025,1
SKU-503798,Product 3799,Office,Vertex Trading,389,33,1000.45,WH-SYD,2025/00/12,In Stock
SKU-????,Product 3800,Accessories,Metro Goods,439,twenty,1721.19,WH-SYD,09-16-2024,In Stock
SKU-503800,???,Office,Metro Goods,-1,100,286.65,SYD,03-05-2023,1
SKU-503801,Product 3802,Accessories,Metro Goods,88,,1299.95,ADE,01-15-2025,Low Stock
SKU-503802,Product 3803,Office,Global Parts,29,0,1031.74,WH-ADE,2025/00/12,Low Stock
SKU-503803,Product 3804,Accessories,Nova Wholesale,32,78,884.14,WH-BNE,05 Jan 2023,1
SKU-503804,,Office,Global Parts,282,110,1866.22,WH-MEL,2022/02/11,In Stock
SKU-503805,Product 3806,Software,Nova Wholesale,74,146,66.72,WH-PER,2024/05/04,Low Stock
SKU-503806,Product 3807,electronic,Nova Wholesale,566,30,1432.77,WH-ADE,03/05/2022,1
SKU-503807,Product 3808,Office,Apex Supply,75,150,"1,299.50",WH-bne,N/A,INSTOCK
SKU 503808,Product 3809,Office,Vertex Trading,420,59,238.74,WH-ADE,31/02/2026,LOW STOCK 
SKU-503809,Product 3810,OFFICE,Vertex Trading,"1,200",25,"2 500,00",WH-SYD,28.12.2025,LOW STOCK 
N/A,Product 3811,Office,Apex,"1,200",70,1397.36,WH-BNE,09-10-2025,outofstock
SKU-503811,Product 3812,accessory,Nova Wholesale,584,128,1869.14,WH-ADE,24 Jan 2023,In Stock
SKU-503812,Product 3813,Electronics,Global Parts,341,35,N/A,wh-per ,2024-06-01,In Stock
SKU-503813,Product 3814,electronic,Vertex Trading,,100,FREE,WH-PER,23/06/2022,In Stock
SKU-503814,Product 3815,Electronics,Apex Supply,0.5,127,2487.43,WH-ADE,   ,In Stock
SKU-503815,Product 3816,Home,GlobalParts,590,26,1040.65,WH-bne,2025/05/21,In Stock
SKU-503816,Product 3817,Office,,NaN,79,$99.99,Warehouse 1,   ,In Stock
SKU-503817,Product 3818,Accessories,Vertex Trading,0.5,136,USD 120,ADE,22 Nov 2022,In Stock
SKU-503818,Product 3819,ELECTRONICS ,Metro Goods,NaN,106,N/A,WH-MEL,2024-03-26,In Stock
SKU-501022,Product 1023,Accessories,GlobalParts,NaN,89,1104.61,N/A,25 Sep 2022,In Stock
SKU-503820,Product 3821,Electronics,Nova Wholesale,999999,52,2347.76,WH-PER,-,In Stock
SKU-503821,Product 3822,N/A,Global Parts,399,65,937.34,WH-MEL,27.01.2021,In Stock
SKU-503822,N/A,electronics,PrimeSource,ten,119,$99.99,,18 Dec 2022,Available
SKU-503823,Product 3824,Home & Living,Vertex Trading,886,110,$99.99,WH-bne,N/A,In Stock
SKU 503824,Product 3825,Unknown,N/A,886,NaN,2357.51,WH-ADE,2023/07/02,Available
SKU-503825,Product 3826,Office,Apex Supply,853,40,"2 500,00",WH-SYD,31/02/2026,
SKU-503826,Unknown Item,Software,PrimeSource,-1,91,"2 500,00",,19 Nov 2023,In Stock
SKU-503827,123456,office supplies,Apex,191,139,617.86,WH-BNE,missing,In Stock
SKU-503828,Product 3829,Electronics,Metro Goods,858,64,-250,WH-SYD,11-14-2022,In Stock
SKU-503829,Product 3830,electronics,Nova Wholesale,NaN,"1,000",270.32,WH-BNE,2026-13-44,
SKU-503830,Unknown Item,Home,Vertex Trading,NaN,9999,1105.04,WH-ADE,16.06.2021,low
SKU-503831,Product 3832,Home,Metro Goods,-1,145,349.99,WH-MEL,11.08.2026,Low Stock
SKU-503832,Product 3833,Accessories,Metro Goods,,N/A,502.56,SYD,02 Apr 2021,In Stock
SKU-503833,Product 3834,Software,Metro Goods,418,134,1527.97,wh-per ,25/01/2022,In Stock
SKU-503834,Product 3835,Software,Apex Supply,26,1O,FREE,WH-ADE,26.06.2024,Low Stock
SKU-503835,Product 3836,Accessories,,1O0,137,"1,299.50",unknown,14 Sep 2023,low
SKU-503836,Product 3837,Electronics,Nova Wholesale,514,76,10O.50,WH-PER,00/00/0000,In Stock
SKU-503837,Product 3838,Accessories ,Apex Supply,NaN,"1,000",668.32,Melbourne WH,2022-03-22,low
SKU-503838,Product 3839,Accessories,primesource,169,125,1016.76,WH-MEL,2024/06/30,1
SKU-503839,123456,Software,Vertex Trading,92,141,523.6,WH-MEL,27/05/2022,outofstock
NULL,Product 3841,Accessories ,Vertex Trading,58,103,619.37,WH-MEL,12-04-2021,OOS
SKU-503841,Product 3842,soft ware,Global Parts,659,98,N/A,WH-BNE,2022/01/25,In Stock
SKU-503842,Product 3843,Electronics,PrimeSource,331,63,374.2,WH-ADE,06/10/2022,in stock
SKU-503843,Product 3844,N/A,Metro Goods,999999,50 units,756.65,WH-MEL,2026-02-31,In Stock
N/A,Product 3845,Accessories,Global Parts,891,-10,10O.50,WH-MEL,13.08.2021,In Stock
SKU-500778,product_name,Electronics,Vertex Trading,999999,0,1248.16,WH-ADE,10/03/2025,In Stock
SKU-500409,Product 410,Office,Nova Wholesale,161,129,FREE,WH-PER,2025/00/12,in stock
SKU-503847,Product 3848,office supplies,Global Parts,441,148,N/A,WH-BNE,24/06/2026,N/A
SKU-503848,Product 3849,Home,Metro Goods,67,37,USD 120,WH-SYD,13/13/26,In Stock
SKU-500918,Product 3850,Software,Global Parts,ten,78,1254.69,WH-PER,17 Jul 2021,In Stock
SKU-503850,Product 3851,electronics,Metro Goods,NaN,53,518.42,WH-ADE,06/11/2021,Available
SKU-503851,Product 3852,Electronics,Global Parts,500 units,100,AUD 500,WH-PER,2022-05-30,In Stock
SKU-503852,Product 3853,Unknown,Global Parts,289,58,-250,WH-SYD,13/13/26,In Stock
SKU-????,Product 3854,Accessories,Apex Supply,425,71,N/A,WH-PER,N/A,LOW STOCK 
,Product 3855,Home & Living,N/A,603,106,-250,WH-SYD,06 Apr 2021,In Stock
SKU-????,Product 3856,Software,Nova Wholesale,780,111,2031.54,WH-PER,2026-13-44,INSTOCK
sku-503856,Product 3857,electronics,Apex Supply,,N/A,FREE,WH-MEL,unknown,Low Stock
SKU-503857,Product 3858,Home,N/A,16,111,610.18,ADE,02-02-2025,LOW STOCK 
NULL,Product 3859,OFFICE,Global Parts,394,39,807.58,WH-ADE,13/13/26,INSTOCK
NULL,Product 3860,Unknown,Nova Wholesale,N/A,21,-250,WH-PER,09.01.2022,In Stock
SKU-503860,???,Office,Nova Wholesale,360,9999,1598.63,WH-BNE,07-24-2021,In Stock
SKU-503861,Product 3862,Accessories,N/A,500 units,46,,WH-BNE,2023/01/17,
SKU-503862,Product 3863,Office,Global Parts,249,twenty,1399.34,WH-BNE,2026-02-08,In Stock
SKU-503863,Product 3864,Home,123,553,100,1841.74,WH-ADE,29 Oct 2024,outofstock
SKU-503864,Product 3865,soft ware,Vertex Trading,437,9999,2137.74,,29 Oct 2025,low
12345,Product 3866,Office,PrimeSource,500 units,31,USD 120,SYD,12-07-2024,In Stock
SKU-503866,Product 3867,Electronics,Global Parts,"1,200",126,"1.299,50",,20.04.2026,In Stock
NULL,Product 3868,Software,Global Parts,286,50 units,"1,299.50",Melbourne WH,17.09.2022,In Stock
N/A,Unknown Item,electronic,Prime Source,652,50 units,268.11,WH-ADE,28.09.2023,In Stock
SKU-503869,Product 3870,office supplies,Global Parts,-50,43,640.25,WH-bne,2021-05-29,In Stock
SKU-503870,Product 3871,Accessories,Apex Supply,523,85,1223.93,WH-bne,07/08/2022,In Stock
SKU-503871,N/A,Software,Apex Supply,999999,25,1716.34,N/A,17.09.2021,In Stock
SKU-503872,Product 3873,Home,N/A,160,-10,242.44,,?,In Stock
sku-503873,Product 3874,Office,Global Parts,171,0,650.02,WH-PER,28.10.2023,In Stock
sku-503874,Product 3875,office supplies,Vertex Trading,544,,1684.37,WH-PER,2023/03/06,In Stock
SKU-503875,Product 3876,Unknown,Vertex Trading,470,28,,WH-PER,24.03.2022,In Stock
SKU-503876,Product 3877,accessory,Apex,500 units,29,"2 500,00",WH-SYD,2026/03/30,In Stock
SKU-503877,Product 3878,Accessories,Metro Goods,N/A,34,398.71,WH-PER,11-19-2025,In Stock
SKU-503878,Product 3879,Electronics,,42,50 units,"1.299,50",WH-ADE,2025/00/12,Low Stock
,Product 3880,Accessories,PrimeSource,NaN,65,1240.83,WH-ADE,2025/10/10,low
SKU-503880,???,Home,Apex Supply,428,1O,10O.50,WH-BNE,29/08/2024,In Stock
SKU-503881,Product 3882,N/A,PrimeSource,617,85,10O.50,Melbourne WH,00/00/0000,Available
SKU-503882,Product 3883,Home,Global Parts,NaN,136,FREE,WH-MEL,08-23-2023,Not Available
SKU-503883,Product 3884,soft ware,Apex Supply,176,130,10O.50,WH-ADE,07-14-2025,Not Available
SKU-503884,Product 3885,N/A,PrimeSource,858,16,1791.74,WH-BNE,19.10.2023,In Stock
SKU-503885,Product 3886,Home,Vertex Trading,NaN,9999,1988.86,Sydney Warehouse,22.11.2024,In Stock
SKU-503886,Product 3887,Office,PrimeSource,139,twenty,1525.57,WH-BNE,26.03.2022,low
SKU-503887,Product 3888,accessory,Global Parts,,9999,2491.05,WH-MEL,14.01.2023,In Stock
SKU-503888,Product 3889,Home,Global Parts,204,141,USD 120,WH-PER,07/06/2021,In Stock
SKU-503889,Product 3890,soft ware,PrimeSource,405,131,143.41,SYD,2025-01-24,LOW STOCK 
SKU-503890,Unknown Item,office supplies,Apex Supply,579,132,2104.91,WH-PER,13/13/26,In Stock
SKU-503891,Product 3892,Software,Vertex Trading,557,107,270.01,WH-SYD,25.10.2021,In Stock
SKU-503892,Product 3893,Software,Apex Supply,"1,200",29,1180.61,WH-MEL,27 Aug 2021,In Stock
N/A,N/A,Electronics,Global Parts,822,113,FREE,ADE,29 Jun 2021,In Stock
SKU-503894,N/A,Home,Metro Goods,720,116,753.77,WH-MEL,20 Jan 2022,1
SKU-503895,123456,Home,Nova Wholesale,472,49,"1.299,50",WH-BNE,01-06-2025,In Stock
SKU-503896,Product 3897,Accessories,Nova Wholesale,752,NaN,229.25,WH-ADE,?,
SKU-503897,Product 3898,Office,N/A,321,"1,000","2 500,00",WH-ADE,99-99-9999,In Stock
SKU-503898,Product 3899,Accessories ,Metro Goods,604,84,-250,SYD,21.07.2021,In Stock
N/A,Product 3900,Software,Global Parts,ten,34,1523.15,WH-SYD,07 Jan 2025,In Stock
SKU-503900,Product 3901,Office,Global Parts,,44,890.34,WH-PER,2023-03-12,In Stock
SKU-503901,Product 3902,Electronics,Nova Wholesale,18,40,1806.5,N/A,2026/02/22,Low Stock
SKU-503902,Product 3903,Electronics,PrimeSource,475,0,219.78,Melbourne WH,2021/05/19,Available
SKU-????,Product 3904,Unknown,Nova,116,21,"2 500,00",WH-BNE,not-a-date,in stock
SKU-503904,Product 3905,Office,Metro Goods,836,106,291.31,SYD,32 Jan 2025,In Stock
SKU-503905,Product 3906,Accessories,,639,0,1953.08,WH-PER,2026/03/28,In Stock
SKU-503906,Product 3907,accessory,Nova Wholesale,500 units,twenty,1924.96,WH-MEL,24.09.2021,Available
SKU-503907,Product 3908,Software,Nova Wholesale,496,119,2401.29,WH-MEL,2021-03-10,In Stock
SKU-503908,Product 3909,Office,Vertex Trading,ten,0,,SYD,-,In Stock
SKU-503909,Product 3910,Accessories,Nova Wholesale,523,90,1900.47,wh-per ,2025-09-09,In Stock
SKU-503910,Unknown Item,Software,Nova Wholesale,656,0,459.62,WH-ADE,01-01-2023,In Stock
SKU-502491,N/A,Electronics,Nova Wholesale,206,115,AUD 500,,NA,In Stock
SKU-503912,Unknown Item,Accessories,PrimeSource,16,9999,10O.50,WH-PER,02.08.2026,Low Stock
SKU-503913,Product 3914,Software,unknown,7,141,"1.299,50",wh-per ,-,Low Stock
SKU-503914,Product,Unknown,Prime Source,15,79,USD 120,Warehouse 1,2025/11/18,Low Stock
SKU-503915,???,Home,Prime Source,714,91,164.65,WH-ADE,2022-12-16,In Stock
SKU-503916,Product 3917,ELECTRONICS ,Global Parts,64,99,339.38,WH-BNE,23/11/2022,Low Stock
SKU-503917,Product,Accessories,PrimeSource,91,149,665.49,WH-MEL,11 Aug 2021,Low Stock
SKU-503918,???,Home & Living,,298,120,FREE,N/A,08-06-2021,In Stock
SKU-503919,,Software,,1O0,137,10O.50,ADE,null,In Stock
SKU-????,Product 3921,Software,Apex Supply,-50,113,N/A,WH-SYD,06.11.2022,In Stock
N/A,Product 3922,Software,PrimeSource,590,"1,000",2426.78,WH-BNE,21.08.2026,In Stock
,,Software,Metro Goods,195,143,661.69,WH-ADE,2023-02-03,In Stock
SKU 503923,N/A,Office,Apex Supply,850,148,1610.99,unknown,21/11/2025,In Stock
SKU-503924,N/A,Accessories,Metro Goods,415,42,872.2,WH-MEL,07-01-2024,In Stock
SKU-503925,Product 3926,accessory,,442,58,,SYD,29/06/2022,In Stock
SKU-503926,,Electronics,N/A,59,148,469.7,WH-ADE,2026/03/16,Available
SKU-503927,Product 3928,Home,,-1,,1645.26,WH-SYD, ,In Stock
SKU-503928,Product 3929,Accessories,,-1,120,93.6,WH-ADE,03 Aug 2023,In Stock
SKU-503929,Product,Accessories ,Nova Wholesale,98,145,"1.299,50",WH-MEL,18/02/2024,Available
SKU-503930,Product 3931,Home,Nova,,72,95.78,WH-MEL,2023/08/18,In Stock
SKU-503931,Product 3932,Software,Vertex Trading,"1,200",52,627.49,WH-ADE,28 Oct 2025,In Stock
SKU-503932,Product 3933,Home,Apex Supply,47,N/A,1370.0,Sydney Warehouse,10 Jul 2021,Low Stock
SKU-503933,Product 3934,ELECTRONICS ,123,610,16,539.04,WH-MEL,07-01-2021,In Stock
SKU-503319,Product 3320,electronics,Nova Wholesale,36,NaN,2013.6,wh-per ,N/A,Low Stock
SKU-501660,123456,Software,PrimeSource,724,twenty,263.75,unknown,09/04/2023,In Stock
SKU-503936,Product 3937,Home,,ten,147,$99.99,WH-ADE,2023-11-18,In Stock
SKU-503937,Product 3938,Home,Apex Supply,181,NaN,925.9,ADE,NA,In Stock
SKU-503938,Product 3939,OFFICE,Apex Supply,823,57,390.75,WH-SYD,16 Mar 2022,In Stock
SKU 503939,Product 3940,soft ware,PrimeSource,353,71,1190.68,,   ,unknown
sku-503940,Product 3941,Software,PrimeSource,859,115,1368.77,WH-BNE,22 Feb 2024,In Stock
SKU 503941,PRODUCT 3942,Office,Vertex Trading,1O0,9999,956.5,WH-PER,2026-02-18,In Stock
SKU-503942,Unknown Item,Software,PrimeSource,999999,128,2172.1,WH-PER,11.10.2025,0
SKU-503943,Product 3944,Home,Vertex Trading,785,"1,000",1014.18,WH-ADE,01.09.2023,
SKU-502167,Product 3945,electronic,Vertex Trading,708,-10,351.61,WH-BNE,2025/12/13,In Stock
SKU-503945,Product 3946,Office,PrimeSource,"1,200",36,"1.299,50",WH-MEL,05-13-2025,In Stock
SKU-503946,Product 3947,Software,Global Parts,65,96,9999999,WH-PER,30 Aug 2025,Low Stock
SKU-503947,Product 3948,Accessories,Metro Goods,330,twenty,660.68,WH-SYD,10-05-2021,In Stock
SKU-503948,Product 3949,Software,Vertex Trading,864,53,AUD 500,WH-BNE,16/01/2023,In Stock
SKU-503949,Product 3950,Unknown,Metro Goods,319,17,815.93,,31/02/2026,In Stock
SKU-????,Unknown Item,Accessories,Apex Supply,377,9999,578.2,Sydney Warehouse,2023/04/29,In Stock
SKU-503951,Product 3952,Software,Metro Goods,145,140,"1,299.50",WH-ADE,07-14-2021,low
SKU-503952,Product 3953,electronics,N/A,6,147,1602.87,WH-PER,2026-05-05,Available
SKU-503953,Unknown Item,Home,Nova Wholesale,356,98,2248.91,WH-SYD,2026-02-31,low
,Product 3955,office supplies,Nova Wholesale,418,N/A,590.42,WH-ADE,-,unknown
SKU-503955,???,Office,Vertex Trading,814,50 units,2087.2,WH-SYD,2023/02/23,In Stock
SKU-503956,???,Home,Prime Source,607,9999,$99.99,Melbourne WH,04.08.2021,In Stock
NULL,Product 3958,Software,Nova Wholesale,500 units,0,702.93,ADE,13/13/26,In Stock
SKU-503958,Product 3959,Accessories,Metro Goods,380,88,2162.08,WH-SYD,30/04/2025,N/A
SKU-503959,Product 3960,Office,Apex Supply,"1,200",49,39.03,WH-PER,2026/03/08,In Stock
SKU-503960,Product 3961,Office,  Vertex Trading  ,269,"1,000",983.47,ADE,12.03.2022,In Stock
NULL,Product 3962,electronic,PrimeSource,223,-10,2285.7,wh-per ,31/02/2026,low
SKU-503962,Product 3963,Home,N/A,828,113,1847.1,WH-BNE,04.08.2023,In Stock
SKU-503963,,Electronics,Global Parts,838,57,913.69,WH-BNE,2025/04/17,unknown
SKU-503964,,Accessories,Metro Goods,618,77,1388.91,Sydney Warehouse,23 Jun 2026,low
SKU-503965,N/A,Accessories,Metro Goods,597,NaN,$99.99,WH-PER,2025/00/12,In Stock
SKU-503966,Product 3967,Office,Vertex Trading,732,125,841.47,WH-PER,14 Apr 2021,In Stock
SKU-503967,Product 3968,Office,Metro Goods,814,144,1016.31,WH-BNE,10-10-2023,in stock
SKU-503968,Product 3969,Office,Apex,863,145,1245.46,WH-PER,2023-12-11,LOW STOCK 
SKU-503969,N/A,Home,Global Parts,357,twenty,922.12,WH-MEL,07-18-2024,OOS
SKU-503970,product_name,OFFICE,Metro Goods,284,50,581.44,Sydney Warehouse,09-15-2024,In Stock
12345,Product,OFFICE,Metro Goods,547,9999,2190.3,Sydney Warehouse,19.12.2023,INSTOCK
SKU-503972,Unknown Item,Software,Global Parts,468,137,-250,Melbourne WH,04-01-2026,In Stock
SKU-503973,Product 3974,Electronics,Apex Supply,590,112,1657.39,WH-ADE,21.11.2025,In Stock
SKU-503974,???,accessory,Global Parts,-1,16,267.8,WH-BNE,2026-02-31,In Stock
SKU-503975,N/A,,PrimeSource,439,16,666.68,WH-BNE,2025-01-04,LOW STOCK 
SKU-501943,Product 1944,Accessories ,Apex,0.5,71,1432.67,WH-BNE,09-16-2024,In Stock
SKU-503977,Product 3978,electronics,Apex Supply,68,83,AUD 500,WH-ADE,10-18-2025,Low Stock
SKU-503978,Product 3979,Office,Prime Source,ten,31,1991.27,WH-SYD,22/05/2024,Available
SKU-503979,???,Office,Metro Goods,"1,200",50 units,648.29,WH-ADE,21 Jun 2021,In Stock
SKU-503980,Product 3981,Unknown,Apex Supply,"1,200",38,886.94,WH-ADE,22.05.2024,Low Stock
SKU-503981,Product 3982,electronics,Apex Supply,150,85,USD 120,WH-BNE,2025/03/08,0
SKU-503982,123456,Accessories,123,41,30,786.08,Warehouse 1,19/05/2024,In Stock
12345,Product 3984,Electronics,Nova,672,"1,000",USD 120,WH-BNE,13.07.2025,
SKU-503984, Product 3985,soft ware,Vertex Trading,0.5,144,N/A,WH-BNE,19 Apr 2025,In Stock
SKU-503985,123456,Software,Apex,167,130,-250,unknown,unknown,In Stock
SKU-503986,Product 3987,Electronics,Apex,689,80,-250,WH-SYD,missing,Available
N/A,product_name,ELECTRONICS ,Nova Wholesale,688,88,"1.299,50",WH-SYD,17 Apr 2025,In Stock
SKU-500469,Product 3989,electronics,Apex Supply,-50,148,2425.64,WH-ADE,27 Dec 2021,LOW STOCK 
SKU-503989,Product 3990,Accessories ,Apex Supply,1O0,9999,1908.32,WH-MEL,16 Feb 2022,In Stock
SKU-503990,Product 3991,Software,PrimeSource,878,135,"1,299.50",WH-SYD,01 Aug 2024,In Stock
,Product 3992,Software,PrimeSource,-50,59,10O.50,WH-PER,09-13-2022,Not Available
SKU-503992,Product 3993,Home,GlobalParts,1O0,17,241.92,WH-SYD,30/07/2024,In Stock
SKU-????,Product 3994,,Apex Supply,52,N/A,63.42,WH-ADE,99-99-9999,Low Stock
SKU-503994,Product 3995,Home,Global Parts,415,1O,1440.38,WH-bne,2025-08-27,In Stock
SKU-503995,123456,Software,Metro Goods,1O0,125,$99.99,WH-SYD,null,unknown
SKU-503996,Product 3997,Accessories,Nova Wholesale,419,53,"1,299.50",WH-SYD,2022-10-18,In Stock
SKU-503997,Product 3998,electronic,GlobalParts,674,1O,63.13,WH-BNE,29 Sep 2025,unknown
SKU-503998,Product 3999,Software,Global Parts,163,21,2388.18,WH-SYD,11/05/2024,In Stock
sku-500287,???,Unknown,Metro Goods,449,52,1383.26,ADE,10-18-2022,In Stock
SKU-504000,Product 4001,Software,Global Parts,,-10,1118.01,WH-ADE,26/03/2024,0
SKU-504001,Product 4002,Accessories,Vertex Trading,499,140,AUD 500,Melbourne WH,03-06-2021,In Stock
SKU-????,Product 4003,Accessories,Nova Wholesale,172,15,"1,299.50",WH-SYD,2026/05/26,Not Available
SKU-????,Product 4004,Office,Apex Supply,999999,47,277.5,WH-BNE,-,In Stock
SKU-504004,123456,Office,Metro Goods,713,34,1652.99,,05-08-2026,In Stock
SKU-504005,Product 4006,Electronics,Metro Goods ,67,58,906.93,WH-MEL,2021-03-31,N/A
SKU-504006,Product 4007,Office,123,801,36,276.74,Sydney Warehouse,00/00/0000,low
SKU-503458,Product 3459,Electronics,PrimeSource,724,117,744.82,WH-PER,05/09/2021,In Stock
sku-504008,Product 4009,soft ware,Apex Supply,891,103,,wh-per ,2023/12/01,In Stock
SKU-504009,Product 4010,Home & Living,Global Parts,79,47,2198.74,WH-MEL,2026/03/08,In Stock
N/A,Product 4011,ELECTRONICS ,Metro Goods,389,109,2203.82,WH-PER,2022/02/09,In Stock
SKU-504011,Product 4012,Office,Nova Wholesale,228,66,1881.38,WH-MEL,2025/10/11,In Stock
SKU-504012,Product 4013,Software,Global Parts,428,126,1907.09,WH-PER,Feb 30 2025,In Stock
SKU-501579,Product 4014,Electronics,Global Parts,1O0,97,1885.75,WH-SYD,NA,INSTOCK
SKU-504014,Unknown Item,Home,PrimeSource,999999,124,2282.3,WH-MEL,31/02/2026,In Stock
SKU-504015,Product 4016,Software,123,755,NaN,"1,299.50",WH-BNE,not-a-date,In Stock
SKU-504016,Product 4017,OFFICE,GlobalParts,ten,44,"1.299,50",WH-MEL,2026-13-44,Available
SKU-504017,Unknown Item,Electronics,Global Parts,874,29,"2 500,00",WH-ADE,00/00/0000,unknown
SKU-504018,Product 4019,Software,PrimeSource,108,112,1591.37,WH-SYD,10-03-2021,Low Stock
SKU-504019,Product 4020,Office,PrimeSource,-1,50 units,2490.06,WH-BNE,2022/05/23,In Stock
SKU-504020,Product 4021,Electronics,Nova Wholesale,168,23,1570.34,WH-SYD,31.03.2023,outofstock
SKU-504021,Unknown Item,Software,Vertex Trading,649,44,N/A,Sydney Warehouse,11.06.2021,In Stock
SKU-504022,Product 4023,Electronics,Vertex Trading,289,-10,78.05,WH-PER,21/07/2021,
SKU-504023,,ELECTRONICS ,Nova Wholesale,793,NaN,AUD 500,WH-PER,2023-06-25,Not Available
NULL,Product 4025,Home,Vertex Trading,ten,22,725.99,WH-MEL,09-08-2026,In Stock
SKU-504025,Product 4026,,Prime Source,527,81,,WH-PER,2021-08-07,In Stock
SKU-504026,???,N/A,Apex Supply,552,50 units,1718.46,WH-MEL,00/00/0000,unknown
SKU-504027,Product 4028,Software,PrimeSource,761,0,1127.86,WH-ADE,2025/10/19,unknown
SKU-504028,???,Software,Global Parts,-50,42,4.67,WH-MEL,19 Jan 2026,In Stock
SKU-504029,Product 4030,Accessories ,Metro Goods,683,88,"1,299.50",WH-PER,11-09-2023,In Stock
SKU-504030,Product 4031,accessory,Metro Goods,876,138,USD 120,WH-PER,99-99-9999,in stock
SKU-504031,Product 4032,Electronics,Vertex Trading,215,115,901.57,WH-PER,2025-03-27,Not Available
sku-504032,Product 4033,Electronics,123,323,56,9999999,WH-BNE,15.02.2022,N/A
SKU 504033,???,Software,Apex Supply,687,1O,890.92,WH-MEL,Feb 30 2025,In Stock
SKU-504034,Product 4035,Software,,782,122,"2 500,00",WH-ADE,24.12.2021,In Stock
SKU-504035,Product 4036,Accessories,Metro Goods,ten,114,541.12,WH-BNE,-,Not Available
SKU-504036,N/A,Home,,500 units,102,1362.06,WH-PER,01/03/2023,outofstock
SKU-504037,Product 4038,Accessories,,572,150,1855.76,WH-SYD,17/04/2023,Available
SKU-504038,Product 4039,Accessories,Global Parts,894,N/A,158.48,ADE,2025-11-20,In Stock
SKU-504039,Product 4040,Accessories,Global Parts,0.5,25,405.02,WH-ADE,03/05/2023,In Stock
SKU-504040,Product 4041,OFFICE,Metro Goods,354,112,1071.6,WH-MEL,21 Jun 2023,In Stock
SKU-504041,N/A,Home & Living,Nova Wholesale,572,1O,$99.99,WH-ADE,05.11.2024,outofstock
SKU-504042,Product 4043,Software,GlobalParts,279,"1,000",AUD 500,WH-BNE,05.05.2024,In Stock
SKU-504043,Product 4044,Accessories,PrimeSource,380,126,2250.36,WH-SYD,32 Jan 2025,in stock
SKU 501661,Product 4045,Home,Vertex Trading,713,89,2089.46,WH-MEL,-,In Stock
SKU-504045,Product 4046,electronic,Apex,NaN,19,572.95,WH-MEL,-,In Stock
,Product 4047,accessory,,,"1,000",233.31,WH-PER,25/12/2025,In Stock
SKU-504047,,Office,Metro Goods,366,N/A,1278.36,Sydney Warehouse,2025/00/12,outofstock
SKU-504048,Product 4049,Software,Global Parts,600,127,1208.03,WH-MEL,2024/02/19,In Stock
SKU-504049,Product 4050,Accessories,Vertex Trading,216,NaN,781.11,WH-MEL,24 Oct 2024,low
SKU-502127,Product 2128,Software,Apex Supply,500 units,110,173.67,WH-ADE,03-11-2021,In Stock
SKU-504051,Product 4052,Office,Global Parts,321,42,1558.78,N/A,2024/06/30,
SKU-504052,product 4053,Home,Vertex Trading,344,0,9999999,,06-26-2025,In Stock
SKU-504053,Product 4054,Office,Global Parts,851,"1,000",1425.51,WH-BNE,missing,In Stock
SKU-502023,Product 2024,Accessories,Vertex Trading,270,"1,000","1.299,50",WH-SYD,not-a-date,low
SKU-504055,Product 4056,Home & Living,Metro Goods,ten,61,N/A,WH-PER,2023-10-25,In Stock
SKU-504056,Product 4057,Office,Nova Wholesale,441,120,AUD 500,WH-SYD,2025/07/21,In Stock
SKU-504057,product_name,Home,Nova Wholesale,148,0,USD 120,WH-bne,22/03/2025,outofstock
SKU-504058,Product 4059,Home,Nova Wholesale,763,53,N/A,WH-PER,06.01.2023,In Stock
SKU-504059,Product 4060,Electronics,123,26,148,494.8,WH-ADE,N/A,Low Stock
SKU-504060,product_name,Software,PrimeSource,213,71,2247.57,WH-MEL,Feb 30 2025,In Stock
SKU-504061,product 4062,Office,Apex Supply,286,-10,691.67,WH-PER,31/02/2026,In Stock
SKU-504062,Product 4063,Office,PrimeSource,337,70,$99.99,WH-PER,2024/02/24,In Stock
SKU-????,Product 4064,Accessories,Apex,1O0,80,1920.43,Sydney Warehouse,2026-09-13,LOW STOCK 
SKU-504064,???,Accessories,Metro Goods,344,47,546.94,WH-PER,06 Feb 2023,In Stock
,Product 4066,Office,123,1O0,51,813.39,WH-PER,2026-02-31,Not Available
SKU-504066,Product 4067,Software,Apex Supply,231,31,10O.50,WH-PER,16.04.2022,Not Available
SKU-504067,Product 4068,OFFICE,Prime Source,377,78,USD 120,WH-SYD,17.03.2025,In Stock
SKU-504068,Product,Accessories,Metro Goods,31,73,"1.299,50",WH-SYD,16.05.2023,Low Stock
SKU-504069,Product 4070,ELECTRONICS ,Prime Source,28,"1,000",320.5,WH-BNE,00/00/0000,INSTOCK
SKU-504070,Product 4071,Home & Living,Nova Wholesale,441,27,389.23,N/A,24 Mar 2024,low
N/A,Product 4072,,Vertex Trading,845,1O,2075.71,ADE,2026/05/25,In Stock
SKU-504072,Product 4073,Electronics,Vertex Trading,727,N/A,75.37,WH-SYD,11 Sep 2025,Not Available
SKU-504073,Product 4074,Electronics,Global Parts,-1,NaN,1132.27,wh-per ,10-28-2022,In Stock
SKU-504074,Unknown Item,accessory,Prime Source,829,94,915.82,WH-SYD,99-99-9999,In Stock
SKU-504075,Product 4076,Electronics,Metro Goods,NaN,9999,1754.39,WH-ADE,03/10/2021,LOW STOCK 
SKU-504076,Product 4077,soft ware,Metro Goods,512,115,2223.42,N/A,12 Apr 2022,In Stock
SKU-504077,Product 4078,soft ware,N/A,212,127,282.97,WH-PER,02-15-2023,In Stock
SKU-504078,Product 4079,Electronics,Nova,19,60,99.58,WH-PER,2024-10-22,Low Stock
NULL,Product 4080,Software,Metro Goods,630,9999,1188.69,wh-per ,32 Jan 2025,In Stock
SKU-504080,Product 4081,Accessories,PrimeSource,219,148,789.58,unknown,2022/01/14,In Stock
SKU-504081,Product 4082,Software,N/A,10,28,1770.64,WH-SYD,99-99-9999,Available
SKU-504082,Product 4083,Software,Nova Wholesale,301,122,,WH-MEL,2026/02/07,In Stock
SKU-504083,Product 4084,Home,Global Parts,578,16,"1.299,50",Melbourne WH, ,In Stock
SKU-504084,Product 4085,Software,PrimeSource,648,37,2403.97,ADE,12-11-2025,OOS
SKU-504085,Product 4086,Home,123,271,90,FREE,WH-SYD,2023-04-13,In Stock
SKU-504086,Product 4087,Software,,690,98,897.28,WH-MEL,31 Jan 2026,In Stock
SKU-504087,Product 4088,Office,unknown,678,NaN,1364.23,WH-BNE,2024-07-12,In Stock
SKU-504088,Product 4089,Accessories,PrimeSource,500 units,NaN,1662.35,WH-BNE,2021-11-04,unknown
SKU-504089,Product 4090,Software,PrimeSource,161,130,"1,299.50",WH-PER,2021-02-04,In Stock
SKU-504090,Product,N/A,Global Parts,473,93,1254.23,ADE,2021-11-05,In Stock
SKU-504091,Product 4092,Home,Vertex Trading,500 units,20,1527.13,WH-BNE,2024-08-04,In Stock
SKU-504092,Product 4093,accessory,Global Parts,ten,18,1764.67,WH-ADE,2022-04-18,In Stock
NULL,Product 4094,Accessories,PrimeSource,N/A,9999,786.59,WH-ADE,01-09-2025,LOW STOCK 
SKU-????,Product 4095,electronic,N/A,571,0,924.86,WH-SYD,00/00/0000,In Stock
SKU-504095,product_name,accessory,Metro Goods,756,68,USD 120,WH-ADE,,Not Available
SKU-504096,Product 4097,ELECTRONICS ,Nova Wholesale,NaN,45,1547.94,wh-per ,09.02.2022,OOS
N/A,product_name,Unknown,Prime Source,733,-10,2177.09,WH-ADE,NULL,In Stock
SKU-504098,Product 4099,Accessories,N/A,"1,200",92,$99.99,WH-MEL,2022/02/09,In Stock
SKU-504099,Product 4100,Office,Prime Source,662,142,2051.7,WH-ADE,2026-06-18,In Stock
SKU-504100,Product 4101,Home,Vertex Trading,500 units,-10,316.47,WH-ADE,11-12-2023,In Stock
SKU-504101,123456,electronic,Metro Goods,NaN,116,369.8,WH-PER,23 Jul 2026,In Stock
SKU-504102,Product 4103,soft ware,Vertex Trading,759,92,11.37,WH-ADE,06-09-2022,In Stock
SKU-500194,Product 195,Accessories,Vertex Trading,342,146,10O.50,Sydney Warehouse,2023/02/24,In Stock
SKU-504104,Product 4105,Software,Vertex Trading,N/A,18,960.08,Warehouse 1,09-06-2021,In Stock
SKU-504105,Product 4106,Electronics,Vertex Trading,657,15,USD 120,WH-SYD,29.06.2022,INSTOCK
sku-504106,N/A,Software,Nova Wholesale,-1,24,"1,299.50",WH-SYD,13/06/2021,In Stock
SKU-501017,Product 1018,Software, Global Parts,1O0,1O,N/A,ADE,16.01.2024,In Stock
SKU-504108,Product 4109,ELECTRONICS ,Vertex Trading,704,,1597.57,WH-BNE,2024/08/04,In Stock
SKU-504109,Product 4110,electronics,PrimeSource,860,-10,527.35,WH-BNE,10/11/2022,1
SKU-504110,Product 4111,Home,Apex Supply,732,143,705.36,WH-ADE,2024/07/02,In Stock
sku-504111,Product 4112,Electronics,Global Parts,178,93,1516.36,WH-ADE,08.08.2024,In Stock
SKU-504112,Product 4113,Electronics,Apex Supply,411,104,1460.75,Melbourne WH,2024-06-01,In Stock
SKU-503283,,electronics,PrimeSource,746,42,1372.62,WH-BNE,2025/00/12,Available
,Product 4115,Software,Vertex Trading,401,"1,000",436.55,WH-BNE,24 Oct 2021,In Stock
SKU-504115,Product 4116,Accessories,Global Parts,856,1O,1209.4,N/A,2021/01/29,In Stock
NULL,Product 4117,Electronics,Global Parts,"1,200",96,"1.299,50",WH-ADE,null,
SKU-504117,Product,Unknown,Apex Supply,517,,756.76,WH-ADE,16.12.2021,In Stock
NULL,Product 4119,Office,GlobalParts,168,0,440.04,WH-BNE,01.05.2026,In Stock
SKU-504119,Product 4120,Office,Nova Wholesale,NaN,twenty,$99.99,WH-BNE,missing,Available
N/A,Product 4121,Office,Vertex Trading,ten,20,2474.62,WH-MEL,12-17-2024,In Stock
NULL,Product 4122,Home,Vertex Trading,415,109,62.57,WH-SYD,N/A,In Stock
SKU-504122,Product 4123,Electronics,GlobalParts,0.5,117,259.92,WH-ADE,03-06-2024,In Stock
SKU-504123,Product 4124,,Vertex Trading,N/A,-10,393.48,WH-SYD,Feb 30 2025,0
SKU-504124,Product 4125,Software,PrimeSource,-50,112,$99.99,WH-MEL,22.06.2023,In Stock
SKU-504125,Product 4126,Electronics,PrimeSource,-50,107,N/A,WH-PER,2026-13-44,In Stock
SKU-504126,N/A,Accessories ,Apex Supply,58,130,232.47,WH-SYD,02 Apr 2024,low
SKU-504127,Product 4128,Unknown,Global Parts,829,55,14.85,WH-ADE,03-04-2022,Not Available
SKU-504128,Product 4129,Software,123,284,108,2363.13,WH-BNE,2025/00/12,In Stock
SKU-504129,Product 4130,Accessories,Global Parts,0.5,143,1983.65,WH-BNE,08/09/2026,In Stock
SKU-504130,???,Home,GLOBAL PARTS,219,56,"2 500,00",WH-SYD,unknown,In Stock
SKU-504131,Product 4132,Home,N/A,543,"1,000",571.54,WH-SYD,03-01-2021,In Stock
sku-504132,Product 4133,soft ware,N/A,408,"1,000",617.41,WH-MEL,12.07.2021,In Stock
SKU-504133,N/A,Home,PrimeSource,560,28,49.96,wh-per ,2026-02-20,In Stock
SKU-504134,Product 4135,Accessories,Global Parts,424,146,718.22,WH-PER,unknown,In Stock
SKU-504135,Product 4136,Electronics,Apex Supply,389,50 units,751.17,WH-PER,25/03/2023,In Stock
,Product 4137,Electronics,123,214,42,1671.55,N/A,14/06/2025,In Stock
SKU-????,Product 4138,Electronics,PrimeSource,422,117,454.68,WH-BNE,27.10.2022,In Stock
SKU-504138,Product 4139,electronics,PrimeSource,ten,145,1760.32,WH-ADE,05-29-2026,Available
N/A,???,Office,Apex Supply,688,89,1660.18,WH-PER,11-21-2021,In Stock
SKU-504140,Product 4141,Office,Nova Wholesale ,753,110,1518.31,WH-BNE,,In Stock
SKU-502341,Product 2921,Accessories ,Apex Supply,0.5,149,744.1,WH-MEL,01-26-2021,In Stock
SKU-504142,Product 4143,Office,GlobalParts,14,61,"1.299,50",WH-BNE,null,Low Stock
SKU-504143,Product 4144,Accessories,unknown,500 units,,839.74,SYD,2026-02-31,Available
SKU-504144,N/A,Software,Global Parts,488,60,2330.89,WH-BNE,21.04.2025,In Stock
NULL,Product 4146,office supplies,Global Parts,874,99,1226.98,WH-SYD,09.01.2023,In Stock
SKU-504146,Product 4147,Office,Global Parts,886,56,2062.19,WH-SYD,31/02/2026,INSTOCK
SKU-504147,Product 4148,Software,Apex Supply,500 units,134,1080.03,WH-ADE,99-99-9999,Low Stock
SKU-504148,Product 4149,Accessories,Vertex Trading,723,111,"2 500,00",WH-SYD,20.05.2022,In Stock
SKU-504149,Product 4150,accessory,Metro Goods,340,45,,SYD,01.05.2025,
SKU-504150,Product 4151,Software,Global Parts,401,23,9999999,WH-MEL,2023/10/31,In Stock
SKU-504151,Unknown Item,Software,Vertex Trading,817,20,9999999,WH-SYD,26 Jul 2024,In Stock
SKU-504152,Product 4153,Home,Global Parts,812,50 units,10O.50,WH-SYD,08 Jun 2023,unknown
SKU-504153,Product 4154,Electronics,Vertex Trading,571,N/A,2316.1,,05-31-2025,Available
SKU-504154,Product 4155,Accessories,Apex,281,140,2137.38,WH-BNE,02.08.2024,
SKU-504155,N/A,Accessories,Global Parts,683,63,2272.17,WH-ADE,27 Apr 2026,In Stock
SKU-504156,Product,Home,Vertex Trading,707,"1,000",324.56,N/A,06/04/2022,Available
SKU-504157,Product 4158,Home,Vertex Trading,510,114,102.58,,,N/A
N/A,Product 4159,Accessories,unknown,884,141,581.81,WH-ADE,08 Jul 2026,In Stock
SKU-504159,Product 4160,Software,PrimeSource,N/A,25,1774.79,WH-SYD,NA,In Stock
NULL,Product 4161,Electronics,Nova,423,79,2059.85,WH-BNE,09-21-2023,outofstock
SKU-504161,Product 4162,Unknown,Nova Wholesale,290,N/A,1730.47,WH-MEL,not-a-date,In Stock
SKU-504162,Product,accessory,Apex Supply,-1,82,"1,299.50",WH-ADE,13/13/26,LOW STOCK 
SKU-504163,Product 4164,Software,Apex Supply,208,110,301.73,WH-BNE,03.05.2025,Available
SKU-504164,Product,Electronics,Nova Wholesale,"1,200",55,N/A,Warehouse 1,29.04.2026,In Stock
SKU-504165,,electronic,GlobalParts,578,-10,,WH-PER,2025/07/10,1
sku-504166,Product 4167,Home,Metro Goods,-1,N/A,718.84,WH-SYD,2023/12/18,In Stock
sku-504167,Product 4168,Software,Metro Goods,595,146,1466.38,WH-ADE,31/07/2021,Available
SKU-504168,Product 4169,Software,Global Parts,480,127,,WH-ADE,,In Stock
SKU-504169,product_name,Home,123,999999,35,247.44,WH-BNE,20 Jul 2025,
sku-504170,N/A,Home & Living,Nova Wholesale,549,twenty,407.82,Melbourne WH,05 Feb 2026,In Stock
SKU-504171,Product 4172,,Metro Goods,812,61,1385.36,WH-MEL,2021/02/24,In Stock
SKU-500479,Product 480,ELECTRONICS ,PrimeSource,686,112,-250,WH-MEL,21 Sep 2024,In Stock
SKU-501855,N/A,Home,Apex Supply,402,68,"1,299.50",,04-21-2025,LOW STOCK 
SKU-504174,Product 4175,Accessories,Nova,NaN,79,-250,WH-SYD,06/11/2023,unknown
SKU-????,Product 4176,Office,Nova,889,45,605.12,WH-BNE,none,In Stock
SKU-504176,Product 4177,OFFICE,Metro Goods,-1,123,AUD 500,WH-ADE,13 Aug 2023,In Stock
sku-503322,Product 3323,Software,PrimeSource,26,54,1325.73,WH-BNE,17 Sep 2022,Low Stock
SKU-504178,Product,Office,Metro Goods,693,138,1695.42,WH-MEL,2026/07/12,unknown
SKU-504179,Product 4180,ELECTRONICS ,Metro Goods,264,29,USD 120,WH-SYD,12-08-2025,In Stock
SKU-504180,Product 4181,accessory,Metro Goods,309,76,857.48,WH-MEL,28.03.2022,In Stock
SKU-504181,???,Office,PrimeSource,-1,83,$99.99,unknown,2024-01-30,Low Stock
SKU-504182,Product 4183,Home & Living,Metro Goods,ten,,680.36,WH-SYD,NA,In Stock
SKU-504183,Product 4184,Office,Vertex Trading,578,62,USD 120,WH-PER,11-19-2021,In Stock
SKU-504184,Product 4185,Home,Metro Goods,420,9999,9999999,WH-PER,11/09/2025,In Stock
SKU-504185,Unknown Item,Accessories ,Nova Wholesale,777,60,2233.07,Melbourne WH,2026-13-44,In Stock
SKU-504186,product_name,Electronics,Global Parts,-1,115,277.88,WH-ADE,08-22-2024,OOS
SKU-504187,Product 4188,Electronics,Apex Supply,234,69,461.62,Warehouse 1,2026-08-05,In Stock
SKU-504188,Product 4189,Accessories ,Nova,440,32,459.5,SYD,2024/11/21,In Stock
SKU-504189,,soft ware,Apex Supply,698,81,318.81,WH-SYD,13/13/26,In Stock
SKU-504190,Product 4191,Software,Apex Supply,465,63,USD 120,WH-MEL,2025/05/10,In Stock
SKU-504191, Product 4192,ELECTRONICS ,Apex Supply,0.5,85,1314.39,WH-PER,NULL,In Stock
12345,Product 4193,Office,Nova Wholesale,798,1O,USD 120,ADE,2026-02-31,In Stock
SKU-504193,  Product 4194  ,Accessories,Metro Goods,592,33,1280.45,wh-per ,none,In Stock
NULL,Product 4195,Software,PrimeSource,649,37,459.91,WH-BNE,missing,In Stock
SKU-504195,Product 4196,Accessories,Nova,281,148,1816.65,Sydney Warehouse,22.06.2025,In Stock
SKU-504196,Product 4197,accessory,PrimeSource,694,63,USD 120,WH-PER,,In Stock
SKU-504197,123456,Accessories ,Metro Goods,225,-10,1328.49,WH-BNE,04-25-2021,OOS
SKU-504198,Product 4199,Software,Metro Goods,613,125,"1,299.50",Warehouse 1,2024/07/20,INSTOCK
SKU-503661,Product 3662,Home,,880,-10,1531.22,,2022-12-11,In Stock
SKU-504200,Product 4201,Software,Metro Goods,546,,132.76,WH-BNE,2023/06/22,In Stock
12345,Product 1872,Home,Nova Wholesale,684,113,"1,299.50",WH-BNE,2024/01/23,In Stock
SKU-500174,Product 175,Office,PrimeSource,443,37,2318.06,wh-per ,-,In Stock
SKU-504203,Product 4204,Software,Nova,37,98,599.46,WH-SYD,2024-02-22,Low Stock
SKU-504204,N/A,Accessories,Global Parts,164,56,1047.74,,12/04/2023,In Stock
SKU-504205,Product 4206,Software,Metro Goods,868,50 units,192.38,ADE,32 Jan 2025,in stock
sku-504206,N/A,Unknown,Vertex Trading,57,NaN,10O.50,Warehouse 1,32 Jan 2025,unknown
,Product 4208,Accessories,Apex Supply,92,N/A,USD 120,WH-BNE,2022/02/25,1
NULL,Product 4209,Home & Living,Vertex Trading,134,65,-250,WH-ADE,01-17-2021,In Stock
SKU-504209,Product,office supplies,Apex,-1,113,"1.299,50",WH-BNE,22 Sep 2022,In Stock
SKU-504210,???,Electronics,Vertex Trading,639,24,1005.92,Sydney Warehouse,31/07/2021,In Stock
12345,Product,Electronics,Vertex Trading,599,21,1548.9,,09.02.2023,in stock
SKU-504212, Product 4213,Office,Nova Wholesale,446,108,2193.27,WH-SYD,06.11.2021,outofstock
SKU-504213,Product 4214,Software,PrimeSource,724,86,602.56,WH-SYD,11/10/2023,In Stock
SKU-504214,Product 4215,Office,Metro Goods,N/A,31,2321.33,WH-BNE,2025-03-22,In Stock
SKU-504215,Product 4216,Home,PrimeSource,445,78,,WH-SYD,13/13/26,
SKU-500395,Product 396,Accessories ,Vertex Trading,4,"1,000",130.46,ADE,2022/06/21,Low Stock
NULL,Product,Home & Living,Metro Goods,NaN,148,610.77,WH-ADE,-,in stock
SKU-504218,Product 4219,electronic,Apex Supply,-50,130,968.45,WH-BNE,32 Jan 2025,In Stock
SKU-502687,Product 4220,Software,Nova Wholesale,500 units,138,"1,299.50",WH-ADE,01-16-2021,In Stock
SKU-504220,Product,Office,Vertex Trading,430,9999,30.5,ADE,2025/07/04,0
SKU-504221,Product 4222,Software,Nova Wholesale,-50,129,1549.09,WH-ADE,08 Dec 2021,In Stock
SKU-????,Product 4223,electronics,PrimeSource,426,114,46.02,ADE,11/03/2022,
SKU-504223,product_name,Home & Living,Vertex Trading,882,42,986.88,WH-PER,03.08.2022,In Stock
SKU-504224,Product 4225,,Nova Wholesale,741,50 units,1473.97,WH-SYD,01-01-2021,Available
NULL,Product 4226,,GlobalParts,476,99,FREE,WH-bne,2021-03-15,In Stock
SKU-504150,Product 4151,Software,Global Parts,401,23,9999999,WH-MEL,2023/10/31,In Stock
SKU-504227,Product 4228,,GlobalParts,N/A,85,2228.73,WH-ADE,12/01/2023,In Stock
SKU-504228,Product 4229,N/A,unknown,19,138,245.75,WH-ADE,11-28-2021,in stock
N/A,Product 4230,accessory,GlobalParts,839,71,208.94,WH-ADE,Feb 30 2025,In Stock
SKU-504230,Product 4231,Office,Apex Supply,820,9999,1910.61,WH-MEL,2021/12/27,In Stock
12345,Product 4232,electronic,Vertex Trading,117,114,10O.50,WH-MEL,13/13/26,In Stock
SKU-504232,Product 4233,Software,Vertex Trading,"1,200",59,397.09,,03-30-2021,Available
SKU-504233,Product 4234,Accessories ,Metro Goods,391,25,948.64,WH-PER,2022-10-09,In Stock
SKU-504234,Product 4235,Accessories,unknown,474,123,738.9,WH-PER,05/11/2024,Not Available
SKU-504235,product_name,Accessories ,Metro Goods,358,117,2059.99,WH-BNE,2025-04-06,In Stock
SKU-504236,Product 4237,accessory,Nova Wholesale,538,"1,000","1.299,50",WH-MEL,2026/01/15,
SKU-504237,???,electronic,Vertex Trading,,50 units,1948.39,N/A,15/11/2021,LOW STOCK 
SKU-504238,Product 4239,Software,,572,147,2139.51,WH-MEL,12-20-2023,In Stock
SKU-503096,123456,Home,GlobalParts,105,64,"2 500,00",WH-SYD,04/03/2026,unknown
N/A,Product 4241,Accessories,Nova Wholesale,577,85,1305.09,Melbourne WH,08-08-2024,In Stock
SKU-504241,???,Home & Living,Vertex Trading,531,43,1254.27,WH-PER,?,In Stock
SKU-504242,Product 4243,Accessories ,PRIMESOURCE,637,41,601.07,WH-PER, ,In Stock
SKU-504243,product_name,Software,Apex,999999,NaN,10O.50,WH-MEL,00/00/0000,In Stock
SKU-504244,Product 4245,Accessories,N/A,724,79,USD 120,WH-SYD,13/11/2022,In Stock
SKU-504245,Product 4246,soft ware,PrimeSource,192,135,861.42,unknown,2026-13-44,Available
SKU-504246,123456,Home,Global Parts,399,twenty,1162.09,WH-ADE,06-22-2025,In Stock
SKU-504247,???,Home,PrimeSource,641,145,AUD 500,WH-ADE,2021/11/13,In Stock
NULL,Product 4249,Electronics,Vertex Trading,103,-10,1308.88,WH-MEL,2026-02-31,outofstock
SKU-504249,Product 4250,office supplies,Apex,849,16,955.15,WH-MEL, ,
SKU-504250,Product 4251,Software,PrimeSource,500 units,37,451.18,WH-ADE,20.10.2023,in stock
SKU-504251,Product 4252,Accessories,Vertex Trading,475,89,321.89,WH-PER,07-02-2021,In Stock
SKU-????,Product,Software,unknown,396,101,10O.50,WH-SYD,07/12/2022,low
12345,,Software,Nova Wholesale,509,69,1739.86,,24.12.2024,OOS
SKU-504254,Product 4255,accessory,123,"1,200",96,1325.93,WH-PER,17.02.2024,In Stock
SKU-504255,123456,electronics,Apex Supply,264,58,1516.62,wh-per ,-,In Stock
SKU-504256,Product 4257,Electronics,Apex Supply,N/A,113,644.67,WH-PER,19 Jan 2025,In Stock
SKU-504257,Product 4258,Home,Nova Wholesale,-50,81,164.08,WH-PER,26.07.2026,In Stock
SKU-504258,Product 4259,Accessories ,Apex Supply,141,56,"1.299,50",WH-bne,07-28-2025,In Stock
SKU-504259,Product 4260,Office,PrimeSource,679,27,354.23,WH-ADE,99-99-9999,In Stock
,Product 4261,Electronics,Apex Supply,813,24,1515.71,WH-ADE,2023/05/18,In Stock
SKU-504261,???,Office,,632,-10,$99.99,Warehouse 1,06.10.2025,
SKU 504262,Product 4263,Software,Apex Supply,676,107,108.79,WH-MEL,2023/07/10,In Stock
SKU-504263,Product 4264,Accessories,Nova Wholesale,59,16,1198.1,WH-MEL,2025/08/08,In Stock
SKU 504264,Product 4265,Electronics,PrimeSource,675,119,40.22,WH-PER,00/00/0000,In Stock
SKU-504265,Product,office supplies,,634,26,10O.50,WH-BNE,01/03/2022,In Stock
SKU-504266,Product 4267,Software,Apex,243,76,,WH-PER,2023-10-22,In Stock
SKU 503253,Product 4268,accessory,Global Parts,880,0,-250,WH-MEL,none,
SKU-504268,Product 4269,Electronics,,606,24,1583.07,WH-SYD,2026/03/08,In Stock
NULL,Product 4270,Electronics,Metro Goods,370,,495.27,WH-PER,03-22-2022,in stock
SKU-504270,Product 4271,office supplies,Prime Source,884,25,1135.83,WH-BNE,2024/06/19,In Stock
SKU-504271,Product 4272,Software,123,,131,9999999,N/A,08-20-2024,Available
SKU-????,N/A,Electronics,Metro Goods,102,55,2417.44,WH-MEL,2021/02/06,In Stock
SKU-504273,Product 4274,,Vertex Trading,115,93,471.34,Warehouse 1,04 Aug 2025,OOS
SKU-504274,Product 4275,Electronics,GlobalParts,170,twenty,212.06,WH-SYD,2022-05-15,In Stock
SKU-504275,Product 4276,electronic,Prime Source,999999,130,520.59,Melbourne WH,NULL,Low Stock
SKU-504276,product_name,Office,Apex Supply,468,9999,2086.43,WH-PER,2025-09-06,In Stock
SKU-504277,Product 4278,Software,PrimeSource,355,17,USD 120,N/A,04 Jul 2022,In Stock
SKU-504278,Product 4279,ELECTRONICS ,unknown,999999,125,639.52,Sydney Warehouse,,Low Stock
SKU-504279,Product 4280,Home,Nova Wholesale,195,46,1035.74,unknown,09.02.2022,In Stock
SKU-504280,,Accessories,Vertex Trading,394,99,-250,wh-per ,2026/05/26,In Stock
SKU-504281,,accessory,PrimeSource,,39,2483.66,WH-ADE,00/00/0000,OOS
SKU-504282,Product 4283,Home,Metro Goods,143,145,1951.65,WH-BNE,not-a-date,Low Stock
NULL,Product 4284,,Nova Wholesale,872,79,9999999,WH-MEL,11-27-2025,low
SKU-504284,Product 4285,Accessories,Metro Goods,N/A,36,1892.15,Melbourne WH,27.10.2021,In Stock
SKU-504285,Product 4286,electronic,PrimeSource,885,42,1238.39,WH-MEL,N/A,INSTOCK
,Product 4287,,Apex Supply,139,146,1257.85,WH-SYD,2026-09-19,Low Stock
SKU-504287,Product 4288,Software,123,481,19,$99.99,WH-MEL,20/04/2022,In Stock
sku-504288,Product 4289,Home,N/A,602,97,2165.17,N/A,2025-09-27,In Stock
NULL,Product 4290,Home & Living,Global Parts,288,1O,489.79,WH-SYD,2023/05/25,In Stock
SKU-504290,Product 4291,Software,Global Parts,1O0,105,N/A,N/A,18.08.2023,In Stock
SKU-504291,N/A,Software,Metro Goods,648,43,N/A,WH-SYD,26/06/2022,In Stock
SKU-????,Product,Accessories,unknown,417,"1,000",704.71,WH-MEL,03-14-2022,In Stock
SKU-504293,Product 4294,Accessories,Nova Wholesale,456,N/A,1615.01,WH-BNE,07.10.2023,In Stock
SKU-504294,123456,Office,PrimeSource,833,49,,WH-ADE,2022-01-24,low
SKU-504295,123456,N/A,Global Parts,ten,0,1988.25,WH-MEL,20 Oct 2021,unknown
SKU-504296,Product 4297,Accessories,GlobalParts,ten,0,10O.50,SYD,Feb 30 2025,In Stock
SKU-504297,Product 4298,Home,,500 units,22,2294.36,,01.03.2025,OOS
SKU-504298,Product 4299,Electronics,Apex Supply ,758,74,349.0,WH-MEL,15/02/2022,LOW STOCK 
,Product 4300,Accessories,Vertex Trading,-50,N/A,1853.01,WH-ADE,none,In Stock
N/A,Product 4301,Home & Living,Global Parts,645,71,"1,299.50",WH-SYD,07 Sep 2023,In Stock
sku-504301,Product 4302,Accessories,Global Parts,"1,200",75,1883.18,WH-MEL,11 Jun 2026,In Stock
SKU-504302,Product 4303,OFFICE,N/A,219,0,1938.41,WH-MEL,05.03.2024,In Stock
SKU-504303,Product 4304,Software,Nova Wholesale,438,-10,95.22,WH-PER,13 Apr 2021,In Stock
SKU-504304,Product 4305,Home,123,641,33,"1.299,50",WH-PER,32 Jan 2025,In Stock
SKU-501069,Product 1070,,PrimeSource,-1,83,929.13,WH-BNE,21/08/2024,In Stock
SKU-504306,Product 4307,Electronics,Apex Supply,0.5,81,-250,WH-SYD,06-27-2021,unknown
SKU-504307,Product,Accessories,Metro Goods,888,130,USD 120,WH-ADE,09.01.2022,In Stock
SKU-504308,Product 4309,Software,Global Parts,310,64,"1.299,50",WH-MEL,13/13/26,INSTOCK
SKU-504309,Product 4310,Home & Living,Global Parts,865,21,2251.45,WH-ADE,04/10/2022,In Stock
SKU-504310,Product 4311,ELECTRONICS ,Global Parts,0.5,87,1088.25,WH-BNE,14/08/2026,In Stock
SKU-504311,Product 4312,OFFICE,Nova Wholesale,16,114,725.64,WH-SYD,00/00/0000,Low Stock
SKU-504312,Product 4313,electronic,Nova,770,60,1723.19,WH-ADE,12/09/2023,OOS
SKU-504313,Product 4314,Home,Metro Goods,-50,133,134.24,WH-ADE,08-12-2021,low
SKU-504314,Product 4315,Office,Metro Goods,847,-10,447.33,WH-BNE,18.08.2022,INSTOCK
SKU-504315,Product 4316,Home,Apex Supply,558,,10O.50,WH-ADE,2021/03/13,outofstock
SKU-504316,Product 4317,Accessories,Vertex Trading,375,"1,000",2445.3,WH-SYD,15.06.2021,In Stock
SKU-504317,Product 4318,Software,Metro Goods,581,0,977.34,WH-MEL,2026/02/04,In Stock
SKU-????,Product 4319,Software,PrimeSource,512,90,491.38,Sydney Warehouse,2024/12/09,INSTOCK
SKU 503253,Product 3254,Electronics,PrimeSource,10,25,863.07,Sydney Warehouse,32 Jan 2025,Low Stock
SKU-504320,Product 4321,Unknown,Metro Goods,809,73,"1,299.50",WH-MEL,16.08.2024,In Stock
SKU 502831,Product 2832,Office,Vertex Trading,845,0,,WH-SYD,28 May 2025,In Stock
SKU-504322,???,OFFICE,Apex Supply,"1,200",85,86.94,WH-SYD,2021/03/22,OOS
SKU-504323,Product 4324,Home,Vertex Trading,678,77,2145.65,WH-PER,2024/11/15,In Stock
SKU 504324,Product 4325,OFFICE,Nova,,twenty,"1.299,50",,15 Mar 2021,In Stock
N/A,Product 4326 ,Unknown,Apex Supply,151,113,,WH-ADE,05 Jul 2021,outofstock
SKU-504326,Product 4327,Office,Vertex Trading,167,15,1215.04,SYD,08/02/2022,low
SKU-????,Product 4328,OFFICE,Nova Wholesale,432,112,527.74,,   ,Not Available
SKU-504328,Product 4329,Home,Apex Supply,401,9999,1693.65,WH-SYD,09 Jul 2024,Not Available
12345,Product 4330,Electronics,Vertex Trading,4,127,699.19,WH-ADE,null,Low Stock
SKU-504330,Product 4331,Office,Global Parts,670,99,1684.84,WH-MEL,23/12/2023,In Stock
SKU-502655,Product 4332,Software,123,236,39,455.09,WH-ADE,Feb 30 2025,In Stock
SKU-504332,Unknown Item,Accessories,Vertex Trading,175,-10,"2 500,00",WH-ADE,12-13-2024,In Stock
SKU-504333,Product 4334,Home,123,693,9999,1304.32,wh-per ,2022/07/12,In Stock
,Product 4335,Electronics,123,820,108,USD 120,WH-SYD,11-18-2024,outofstock
SKU-504335,Product 4336,Office,Nova Wholesale,999999,86,1048.54,WH-MEL,2026-02-31,In Stock
N/A,Product 4337,accessory,PrimeSource,500 units,148,"1.299,50",WH-BNE,26 Sep 2021,LOW STOCK 
SKU-504337,Product 4338,OFFICE,Global Parts,843,103,1261.04,WH-SYD,22.02.2025,Available
SKU-500441,Product 442,Accessories,Apex Supply,166,NaN,"2 500,00",Warehouse 1,null,INSTOCK
SKU-504339,Product 4340,Software,Nova,856,-10,13.16,WH-PER, ,In Stock
N/A,Product 4341,Electronics,Global Parts,739,20,USD 120,WH-SYD,2025/06/20,In Stock
SKU-504341,Unknown Item,Office,Nova,NaN,82,"1,299.50",WH-BNE,26.12.2021,In Stock
SKU-504342,Product 4343,N/A,N/A,1O0,123,164.71,WH-MEL,10-19-2021,In Stock
SKU-504343,Product 4344,Accessories,unknown,,150,10O.50,WH-MEL,-,In Stock
SKU 504344,Product 4345,accessory,123,N/A,50 units,$99.99,N/A,09-01-2025,In Stock
sku-504345,???,Office,Global Parts,N/A,143,653.18,WH-MEL,2021-05-04,In Stock
SKU-504346,Product 4347,Home,Vertex Trading,456,0,1007.72,WH-ADE,29/07/2024,In Stock
SKU-504347,Product 4348,,123,"1,200",48,1989.46,WH-BNE,26.03.2021,In Stock
SKU-501987,product 4349,Electronics,Global Parts,999999,146,2113.67,WH-ADE,2023-06-15,In Stock
SKU-500038,Product 4350,electronics,Apex,619,35,1767.23,WH-PER,07-23-2026,OOS
,Product 4351,Home,N/A,532,118,87.76,WH-MEL,2021-09-21,N/A
SKU-504351,123456,Electronics,Nova Wholesale,-1,twenty,378.85,WH-ADE,20/06/2022,0
SKU-504352,Product 4353,Home & Living,Nova,999999,,415.92,WH-ADE,2023/09/12,in stock
sku-500689,Product 4354,Accessories ,Apex Supply,220,60,1003.9,WH-ADE,NULL,In Stock
SKU-504354,Product,Accessories,Metro Goods,67,73,2144.34,WH-SYD,14.12.2023,Low Stock
SKU-501331,Product 1332,Office,Nova Wholesale,867,N/A,9999999,WH-PER,29.07.2024,In Stock
SKU-504356,Product 4357,Software,PrimeSource,69,108,1815.41,WH-MEL,12-05-2023,Low Stock
SKU-504357,Product 4358,Unknown,Metro Goods,92,47,10O.50,WH-SYD,2025-02-15,In Stock
SKU-504358,123456,Software,,845,99,1220.74,WH-MEL,N/A,In Stock
SKU-504359,Product 4360,Home & Living,Apex Supply,4,50,275.3,WH-BNE,,Low Stock
SKU-504360,Product 4361,Electronics,Nova Wholesale,488,122,1278.27,WH-bne,12/09/2023,In Stock
SKU-504361,Product 4362,Office,N/A,-50,135,1517.45,WH-PER,09-11-2025,In Stock
SKU-504362,Product 4363,Electronics,Apex Supply,538,NaN,43.32,WH-MEL,08-15-2024,In Stock
SKU-504363,Product 4364,Unknown,Nova Wholesale,444,137,1314.96,WH-PER,07-19-2022,In Stock
N/A,Product 4365,Electronics,Global Parts,484,"1,000",1100.55,WH-BNE,   ,
SKU-504365,Product 4366,Electronics,,ten,145,780.65,WH-MEL,29 Mar 2021,In Stock
SKU-504366,Product 4367,Accessories,PrimeSource,317,148,2136.77,WH-ADE,30/07/2026,OOS
SKU-504367,Product 4368,Accessories,Global Parts,630,45,USD 120,WH-ADE,,
SKU-504368,Product 4369,Electronics,N/A,492,128,2046.41,Melbourne WH,10 Oct 2021,in stock
SKU-504369,Product 4370,Office,Vertex Trading,999999,122,"1.299,50",WH-SYD,00/00/0000,In Stock
SKU-504370,Product 4371,Software,Metro Goods,0.5,27,2324.34,WH-BNE, ,In Stock
SKU-504371,Product 4372,Software,Apex Supply,28,110,2231.23,WH-PER,   ,Low Stock
SKU-504372,Product 4373,Electronics,Apex Supply,534,103,1550.52,WH-ADE,03/04/2021,In Stock
SKU-504373,Product 4374,Electronics,Global Parts,0.5,105,2477.47,WH-SYD,11-14-2025,INSTOCK
SKU-504374,Product,Home,Nova Wholesale,406,90,1736.77,WH-ADE,2024-02-05,in stock
SKU-504375,Product 4376,Office,N/A,391,97,1290.01,wh-per ,28 May 2023,In Stock
SKU-504376,,Unknown,Apex Supply,608,30,-250,WH-BNE,00/00/0000,
SKU-504377,Product 4378,Office,Nova Wholesale,548,89,1473.13,WH-MEL,not-a-date,In Stock
SKU-504378,Product 4379,Accessories,Apex Supply,827,17,,WH-ADE,04-03-2021,In Stock
SKU-504379,,Software,Vertex Trading,N/A,75,1354.37,WH-BNE, ,In Stock
SKU-504380,Product 4381,Software,Nova Wholesale,77,50 units,1125.91,WH-ADE,?,in stock
SKU-504381,Product 4382,OFFICE,N/A,N/A,116,N/A,WH-PER,Feb 30 2025,In Stock
SKU-504382,N/A,Software,,522,134,541.69,WH-SYD,10.08.2026,In Stock
,Product 4384,Electronics,Metro Goods,407,52,604.37,WH-PER,08 Apr 2026,In Stock
SKU-504384,Product 4385,Software,GlobalParts,508,twenty,302.11,WH-MEL,31/02/2026,In Stock
SKU-504385,Product 4386,Accessories,Apex,865,40,998.4,WH-SYD,NULL,In Stock
SKU 504386,123456,Software,Metro Goods,NaN,0,-250,WH-ADE,2022-08-11,In Stock
SKU-504387,Product 4388,accessory,Apex Supply,614,NaN,N/A,unknown,2021-03-30,In Stock
SKU-504388,product 4389,Software,Metro Goods,407,72,FREE,Warehouse 1,24.12.2021,In Stock
NULL,Product 4390,Electronics,Metro Goods,489,32,1223.06,WH-MEL,12 Jul 2024,In Stock
SKU-504390,Product 4391,Accessories,Nova Wholesale,673,-10,1867.59,WH-BNE,N/A,In Stock
SKU 504391,Product 4392,Home & Living,PrimeSource,171,50 units,9999999,WH-MEL,02-24-2026,outofstock
,Product 4393,Home,Apex Supply,405,twenty,339.77,WH-PER,2022/12/16,In Stock
SKU 504393,Product 4394,Office,Vertex Trading,409,50,10O.50,SYD,06-29-2023,unknown
SKU-504394,Product 4395,,Vertex Trading,1O0,72,N/A,WH-PER,11.03.2025,Not Available
SKU-504395,Product 4396,Office,Vertex Trading,691,35,2080.52,SYD,06-13-2025,0
SKU-504396,Product 4397,Accessories,Nova Wholesale,66,148,458.17,Sydney Warehouse,99-99-9999,Low Stock
SKU-504397,product_name,Electronics, Nova Wholesale,0.5,62,1286.7,WH-SYD,06.12.2025,In Stock
SKU-504398,Product 4399,Electronics,Global Parts,NaN,29,2333.29,wh-per ,2022/07/22,In Stock
SKU-504399,Product 4400,soft ware,Nova,831,,2187.76,WH-BNE,2021/11/11,0
SKU-504400,Product 4401,Software,  Apex Supply  ,782,twenty,2345.54,WH-SYD,2024/12/19,Available
SKU-504401,Product 4402,,Global Parts,-1,89,10O.50,WH-ADE,30.10.2022,
sku-504402,Product 4403,office supplies,Vertex Trading,754,50 units,10O.50,N/A,none,In Stock
SKU-504403,Product 4404,Home,Nova Wholesale,314,127,1749.93,WH-MEL,not-a-date,In Stock
SKU-504404,Product 4405,Accessories ,Apex Supply,692,"1,000",401.13,WH-PER,15 Feb 2021,In Stock
SKU-504405,123456,office supplies,Metro Goods,429,66,FREE,SYD,2024-12-11,In Stock
sku-504406,Product 4407,electronic,Apex Supply,297,24,-250,WH-BNE,10/02/2023,N/A
SKU-504407,Product 4408,Electronics,Nova Wholesale,670,0,1695.01,WH-MEL,none,In Stock
SKU-504408,Product,Home & Living,Vertex Trading,624,91,2294.17,WH-BNE,null,In Stock
SKU-504409,Product 4410,,Apex Supply,18,9999,813.49,Sydney Warehouse,NA,Low Stock
sku-504410,Product 4411,Electronics,Global Parts,744,142,1017.09,WH-PER,32 Jan 2025,LOW STOCK 
SKU-504411,Product 4412,Electronics,123,134,91,-250,WH-MEL,2023/12/31,In Stock
SKU-504412,N/A,Office,Prime Source,276,N/A,625.51,wh-per ,16.10.2023,In Stock
12345,Product 4414,Office,GlobalParts,N/A,148,2110.14,WH-MEL,03-01-2022,In Stock
SKU-504414,Product 4415,N/A,Apex Supply,-1,N/A,2169.74,N/A,10.01.2024,
,Product 4416,Software,PrimeSource,554,115,10O.50,WH-ADE,2025-05-29,0
SKU-504416,Product 4417,Software,Vertex Trading,900,73,56.93,WH-PER,none,In Stock
SKU-504417,Product 4418,Office,Prime Source,774,0,"1,299.50",WH-PER,05-23-2024,In Stock
SKU-504418,Unknown Item,Electronics,Nova,669,62,FREE,WH-SYD,null,In Stock
SKU-504419,Product 4420,Electronics,Nova Wholesale,391,50 units,565.15,WH-ADE,03.07.2021,Not Available
SKU-504420,Product 4421,office supplies,Vertex Trading,494,9999,789.62,,28/01/2021,In Stock
SKU-504421,Product 4422,Office,123,339,-10,,WH-SYD,2022/12/03,in stock
SKU-504422,Product 4423,Accessories,Nova Wholesale,24,129,1012.02,WH-SYD,02-17-2025,Low Stock
N/A,Product 4424,Accessories ,Global Parts ,653,NaN,846.51,WH-SYD,01.06.2021,In Stock
SKU-504424,N/A,Software,GlobalParts,735,0,1175.27,WH-SYD,NA,0
SKU-504425,???,N/A,Apex Supply,206,99,422.44,wh-per ,07-31-2023,In Stock
SKU-504426,Product 4427,Unknown,Prime Source,712,110,1555.79,WH-MEL,28.04.2026,In Stock
SKU-504427,Product 4428,Software,123,364,-10,AUD 500,WH-MEL,12 Jan 2021,Available
SKU-504428,Product 4429,Home,Vertex Trading,426,72,1115.46,ADE,13/13/26,In Stock
SKU 504429,Product 4430,accessory,Nova Wholesale,49,46,87.18,SYD,13/13/26,In Stock
SKU-504430,Product 4431,Office,PrimeSource,,0,2406.78,unknown,Feb 30 2025,Not Available
SKU-504431,N/A,Home,Metro Goods,362,128,1283.02,WH-SYD,2021-01-07,In Stock
SKU-504432,Product 4433,N/A,Global Parts,500 units,NaN,152.78,,17/03/2021,Available
SKU-504433,Product 4434,Accessories,PrimeSource,788,47,406.08,Sydney Warehouse,unknown,In Stock
NULL,Product 4435,Home & Living,Nova Wholesale,,37,811.36,WH-ADE,2023/07/08,low
SKU-504435,Product 4436,Home,Nova Wholesale,773,84,9999999,WH-PER,31 Jul 2023,In Stock
SKU 504436,Product 4437,Office,N/A,334,65,1415.35,WH-BNE,02/07/2026,Available
,Product 4438,Office,Nova,-50,-10,2474.06,WH-MEL,NULL,in stock
sku-504438,Product 4439,Electronics,Vertex Trading,284,94,USD 120,WH-ADE,2026/06/03,In Stock
SKU-504439,Product 4440,Unknown,Nova Wholesale,280,N/A,"2 500,00",WH-BNE,N/A,In Stock
N/A,Product 4441,Home,Global Parts,603,124,1629.5,WH-SYD,13.07.2025,In Stock
SKU-502046,123456,Accessories,Metro Goods,833,34,1087.61,WH-ADE,Feb 30 2025,In Stock
SKU-504442,Product 4443,accessory,,729,37,833.59,WH-BNE,22/07/2023,unknown
SKU-504443,Unknown Item,office supplies,Vertex Trading,502,98,277.01,WH-MEL,30.11.2023,In Stock
SKU-504444,???,Electronics,Vertex Trading,498,105,2112.67,WH-BNE,2022/04/08,in stock
SKU-????,Product 4446,Accessories,Metro Goods,N/A,27,757.35,WH-PER,01 May 2021,In Stock
SKU-504446,Product 4447,soft ware,123,N/A,87,2220.89,WH-SYD,19 Oct 2021,In Stock
,Unknown Item,accessory,Vertex Trading,ten,N/A,142.55,WH-PER,30/03/2026,In Stock
SKU-504448,Product 4449,Electronics,N/A,NaN,20,1048.57,WH-PER,06 Aug 2022,In Stock
SKU-504449,???,Home,Metro Goods,814,113,27.89,Melbourne WH,2026/08/12,INSTOCK
SKU-504450,Product 4451,electronic,Global Parts,490,40,511.41,WH-PER,05-07-2021,In Stock
SKU-504451,Product 4452,Electronics,Apex Supply,-50,132,1986.24,WH-SYD,2025/11/02,In Stock
SKU-504452,Product 4453,Software,Vertex Trading,NaN,146,9999999,Warehouse 1,2023-05-12,In Stock
SKU-504453,product_name,accessory,unknown,819,81,790.85,WH-bne,04 Mar 2021,outofstock
SKU-504454,Product 4455,soft ware,Apex Supply,NaN,129,"2 500,00",WH-SYD,05-23-2021,In Stock
SKU-504455,Unknown Item,Accessories,Apex Supply,242,9999,"1,299.50",WH-MEL,2023-08-01,In Stock
SKU-504456,Product 4457,Office,Nova Wholesale,80,61,USD 120,WH-ADE,01-15-2021,In Stock
SKU-503696,Product 3697,electronic,Vertex Trading,232,116,440.35,WH-PER,03 May 2023,In Stock
SKU-504458,Product 4459,Electronics,Global Parts,450,50,N/A,WH-MEL,2023-11-10,In Stock
SKU-504459,Product 4460,Home,Nova Wholesale,322,94,9999999,WH-bne,2024/04/15,In Stock
SKU-503992,Product 3993,Home,GlobalParts,1O0,17,241.92,WH-SYD,30/07/2024,In Stock
SKU-504461,Product 4462,Accessories,Metro Goods,245,-10,"2 500,00",WH-BNE,2026-02-31,INSTOCK
SKU-504462,Product 4463,Software,Nova Wholesale,"1,200",38,USD 120,WH-PER,17 Jul 2022,0
SKU-504463,Product 4464,Electronics,,NaN,147,-250,Melbourne WH,07 Jul 2021,In Stock
SKU-504464,Product 4465,N/A,Apex Supply,403,26,1846.16,WH-ADE,2026-06-16,In Stock
SKU-501955,Product 4466,soft ware,Apex Supply,80,44,122.55,WH-ADE,21.10.2025,In Stock
SKU-504466,Product 4467,Home,Apex Supply,97,137,221.04,WH-bne,07-26-2025,LOW STOCK 
SKU 502472,PRODUCT 2473,Office,Nova Wholesale,835,118,1239.03,ADE,00/00/0000,In Stock
SKU-504468,Product 4469,Office,Global Parts,643,N/A,650.23,WH-SYD,N/A,In Stock
SKU-504469,Product 4470,Software,PrimeSource,16,104,406.9,WH-PER,2021-08-13,
SKU-504470,Product 4471,Electronics,  Global Parts  ,500 units,50 units,2455.49,WH-ADE,03.03.2024,Low Stock
SKU-504471,Product 4472,Accessories ,unknown,153,25,1755.75,WH-SYD,NA,1
SKU-504472,Product 4473,N/A,Nova Wholesale,3,81,2378.75,WH-ADE,2022-11-30,Low Stock
SKU-500023,Product 2844,Home,Global Parts,417,32,1926.05,WH-MEL,?,OOS
SKU-504474,Product 4475,ELECTRONICS ,123,712,145,2012.75,Melbourne WH,11.12.2022,In Stock
SKU-504475,Product 4476,electronics,PrimeSource,500 units,63,610.56,WH-ADE,2022/07/15,Low Stock
SKU-504476,Product 4477,Electronics,123,214,115,,WH-SYD,unknown,In Stock
SKU-504477,Product 4478,Electronics,N/A,597,1O,159.16,WH-PER,2022-09-03,In Stock
SKU-501872,product_name,Office,N/A,649,22,38.42,WH-PER,NA,In Stock
NULL,product_name,Electronics,unknown,500 units,N/A,"2 500,00",WH-ADE,03-26-2024,In Stock
SKU-504480,???,Office,123,855,147,"2 500,00",WH-SYD,17/04/2024,In Stock
NULL,,accessory,Apex Supply,749,52,726.57,N/A,02.03.2021,outofstock
SKU-504482,Product 4483,Home,PrimeSource,313,N/A,2401.48,WH-PER,31/03/2024,In Stock
SKU-504483,,Accessories,Global Parts,747,97,835.36,WH-ADE,06-03-2025,In Stock
NULL,Product 4485,Accessories,PrimeSource,630,74,"1.299,50",Warehouse 1,11/03/2024,In Stock
SKU-504485,Product 4486,Accessories,Global Parts,-50,130,2032.87,unknown,2022/02/01,0
SKU-504486,Product 4487,Electronics,Apex Supply,999999,30,1802.77,unknown,13.08.2024,In Stock
SKU-501368,Product 1369,Accessories,Apex Supply,1O0,96,1926.82,WH-SYD,13.04.2024,In Stock
SKU-504488,Product 4489,N/A,Nova,NaN,83,2329.05,WH-ADE,02.11.2022,In Stock
SKU-504489,123456,OFFICE,GlobalParts,62,44,-250,WH-PER,2025/11/19,In Stock
SKU-504490,Product,Home,Apex Supply,999999,"1,000",400.91,WH-BNE,23/05/2022,In Stock
SKU-504491,Product 4492,Electronics,Global Parts,0.5,NaN,261.69,WH-MEL,Feb 30 2025,In Stock
SKU-504492,Product 4493,Office,Global Parts,806,20,157.42,WH-bne,2021-11-02,In Stock
SKU-504493,Product 4494,Home,Apex Supply,596,149,627.82,WH-MEL,2021/05/07,In Stock
NULL,Product 4495,Accessories,PrimeSource,12,145,982.4,WH-BNE,null,Low Stock
SKU-504495,???,Software,Metro Goods,N/A,-10,1257.31,ADE,99-99-9999,In Stock
SKU-504496,Unknown Item,Home,Metro Goods,"1,200",104,-250,WH-BNE,15 Sep 2024,outofstock
SKU-504497,Product 4498,Software,Global Parts,764,22,1218.82,SYD,2023/05/15,In Stock
SKU 504498,Product,Home,Global Parts,408,86,2055.92,WH-MEL,01-02-2021,In Stock
SKU-504499,Product 4500,Software,Nova Wholesale,180,99,,N/A,19 Jul 2021,N/A
SKU-502737,Product 2738,Accessories,123,654,89,,WH-BNE,11.02.2022,In Stock
SKU-504501,N/A,Software,Vertex Trading,751,72,2360.96,WH-PER,2024-10-22,0
SKU-504502,Product 4503,Electronics,Global Parts,500 units,N/A,1645.08,WH-PER,03.12.2024,outofstock
SKU-504503,Product 4504,Unknown,PrimeSource,251,127,$99.99,,2025/02/11,In Stock
SKU-504504,Product 4505,Software,Apex Supply,N/A,87,AUD 500,WH-SYD,12-25-2024,
SKU-504505,Product 4506,Home,Vertex Trading,N/A,23,-250,WH-PER,20/02/2022,In Stock
SKU-504506,Product 4507,Accessories,Apex Supply,795,,-250,WH-ADE,2026/06/24,In Stock
SKU-500790,Product 4508,Software,Vertex Trading,497,9999,2233.16,WH-SYD,2025/00/12,In Stock
SKU-504508,product_name,Accessories,N/A,795,23,USD 120,WH-SYD,18 Jul 2026,
SKU-504509,Product 4510,Office,Global Parts,1O0,143,1665.31,WH-ADE,2025/00/12,In Stock
SKU-504510,Product 4511,,Prime Source,733,107,AUD 500,WH-SYD,00/00/0000,In Stock
SKU-504511,Product 4512,Office,Nova,999999,30,1214.23,WH-bne,2026/06/03,Available
SKU-504512,Product 4513,Software,Global Parts,"1,200",51,1566.94,WH-ADE,13/06/2024,In Stock
SKU-504513,???,Accessories,N/A,163,58,957.34,Melbourne WH,08 Jul 2023,In Stock
N/A,Product 4515,soft ware,Metro Goods,224,132,1687.8,WH-MEL,2023-06-03,In Stock
SKU-504515,Product 4516 ,Home,Vertex Trading,860,0,600.82,WH-MEL,2021-12-26,In Stock
SKU-504516,Product 4517,N/A,Apex Supply,1O0,1O,300.72,WH-MEL,02-24-2023,In Stock
SKU 504517,Product 4518,Electronics,Vertex Trading,1O0,139,2260.25,WH-SYD,null,In Stock
SKU-504518,Product 4519,Electronics,Global Parts,84,124,986.4,Sydney Warehouse,04/08/2023,Not Available
SKU-504519,Product 4520,accessory,Global Parts,772,31,FREE,Warehouse 1,2024/09/06,In Stock
SKU-504520,Product 4521,electronics,Prime Source,780,20,724.33,Sydney Warehouse,2024-08-10,In Stock
SKU-504521,Product 4522,Software,Metro Goods,93,16,319.17,N/A,2021/09/25,outofstock
SKU-504522,Product 4523,,Apex Supply,1O0,26,897.91,SYD,2021/09/29,OOS
,Product 4524,Home,Vertex Trading,603,22,"1.299,50",ADE,null,In Stock
SKU-504524,Product 4525,Accessories ,Nova Wholesale,868,66,1907.3,,2024/01/24,In Stock
N/A,Product,electronic,,-50,N/A,1231.17,WH-SYD,00/00/0000,In Stock
SKU-504526,Product  4527,Software,PrimeSource,N/A,50 units,126.2,WH-BNE,01 Jan 2026,low
SKU-504527,Product 4528,Accessories,PrimeSource,821,NaN,602.14,WH-MEL,2022-03-01,In Stock
SKU-504528,Product 4529,Office,N/A,-1,130,1247.5,Warehouse 1,02-25-2022,Low Stock
SKU-504529,Product 4530,Office,Global Parts,254,129,9999999,WH-MEL,00/00/0000,in stock
SKU-504530,Product 4531,electronics,Metro Goods,213,146,2020.08,wh-per ,10/03/2025,In Stock
,Product 4532,Office,Prime Source,869,105,"2 500,00",Melbourne WH,13/13/26,In Stock
SKU-504532,Product 4533,Accessories,unknown,876,56,1692.45,WH-MEL,unknown,In Stock
SKU-504533,,OFFICE,123,563,N/A,"1.299,50",WH-PER,28.11.2025,In Stock
SKU-504534,Product 4535,OFFICE,PrimeSource,34,-10,1805.72,WH-BNE,08-08-2023,Low Stock
SKU-504535,N/A,Home,Nova,747,,1991.79,WH-PER,10/09/2026,In Stock
SKU-503187,product_name,Office,PrimeSource,"1,200",NaN,2482.15,WH-PER,2025/00/12,Available
SKU-504537,Product 4538,office supplies,global parts,1O0,112,1832.95,WH-PER,24/09/2022,In Stock
SKU-504538,,Home,Apex Supply,459,58,2204.41,WH-PER,17/08/2021,In Stock
SKU-504539,Product 4540,soft ware,N/A,-50,61,10O.50,Sydney Warehouse,02-05-2021,outofstock
SKU-504540,Product 4541,electronics,Vertex Trading,549,93,209.75,WH-ADE,05.08.2024,In Stock
SKU-504541,Product 4542,Accessories,Metro Goods,0.5,25,AUD 500,WH-BNE,14/09/2021,In Stock
SKU-504542,Product 4543,Electronics,Global Parts,387,131,1489.05,WH-SYD,missing,N/A
SKU-504543,Unknown Item,Electronics,Metro Goods,582,50,"2 500,00",WH-ADE,02-20-2023,
12345,N/A,Home,PrimeSource,360,125,1330.78,Melbourne WH,?,In Stock
SKU-504545,Product 4546,Home & Living,Vertex Trading,411,15,1510.48,WH-BNE,24/02/2024,In Stock
SKU-504546,Product 4547,Software,Global Parts,ten,-10,1724.98,WH-ADE,28/03/2025,In Stock
sku-504547,Product 4548,Accessories ,Metro Goods,205,twenty,$99.99,unknown,31/02/2026,In Stock
SKU-504548,Product 4549,Electronics,N/A,827,119,-250,WH-BNE,06-29-2023,In Stock
SKU-504549,Product 4550,Electronics,PrimeSource,NaN,35,2318.22,,2024/12/20,Available
SKU-504550,123456,Electronics,Vertex Trading,NaN,72,10O.50,Melbourne WH,-,In Stock
SKU-504551,Product 4552,Accessories,Nova Wholesale,9,104,296.95,WH-MEL,18.07.2024,Low Stock
N/A,Product 4553,accessory,Apex Supply,596,129,1315.52,WH-PER,03.10.2023,In Stock
SKU-504553,Unknown Item,soft ware,Vertex Trading,775,31,90.71,WH-MEL,NULL,OOS
,Product 4555,electronic,GlobalParts,172,"1,000",1739.55,WH-PER,,In Stock
NULL,Product 4556,Accessories,Vertex Trading,-50,21,2270.98,unknown, ,1
SKU-504556,Product 4557,Home & Living,Global Parts,533,54,2376.79,,2022/06/11,In Stock
SKU-504557,Product 4558,office supplies,Apex Supply,N/A,94,USD 120,WH-ADE,2023-01-30,In Stock
,Product 4559,Electronics,Global Parts,652,52,829.83,WH-SYD,2025-07-24,In Stock
SKU-504559,Product 4560,Electronics,Global Parts,-1,112,617.55,WH-BNE,2021/05/09,Available
SKU-504560,Product 4561,Software,Metro Goods,87,110,1190.78,WH-MEL,2025-04-01,Low Stock
SKU-504561,Product,Electronics,Vertex Trading,839,111,53.57,WH-MEL,23.04.2025,OOS
sku-504562,Product 4563,office supplies,Nova Wholesale,599,104,1186.99,WH-MEL,13/13/26,Not Available
SKU-504563,Product 4564,accessory,Apex Supply,N/A,88,564.62,WH-BNE, ,In Stock
SKU-504564,Product 4565,Unknown,123,657,79,"1,299.50",WH-PER,2026/06/24,In Stock
SKU-504565,Product 4566,Accessories ,Nova Wholesale,330,34,,WH-SYD,null,In Stock
SKU-504566,Product 4567,Home,Global Parts,558,129,1027.94,SYD,24.08.2026,In Stock
SKU-504567,123456,OFFICE,Apex Supply,NaN,77,794.27,WH-MEL,18/11/2021,In Stock
SKU-504568,,Office,Apex Supply,246,132,10O.50,N/A,28 Dec 2023,In Stock
SKU-504569,Product 4570,Home,PrimeSource,822,18,-250,WH-ADE,22/01/2024,In Stock
SKU-504570,Product 4571,Office,Nova Wholesale,104,100,132.48,WH-MEL,11-10-2025,
SKU-504571,Product 4572,Electronics,Vertex Trading,486,92,1787.49,WH-MEL,26/04/2022,In Stock
NULL,Product 4573,accessory,Nova,517,NaN,2088.29,WH-PER,20.07.2026,N/A
SKU-504573,123456,Software,Vertex Trading,16,79,1763.94,WH-BNE,unknown,Low Stock
SKU-504574,Product 4575,,Nova,891,52,9999999,WH-MEL,11-15-2021,OOS
SKU-????,Product 4576,Home,Global Parts,0.5,135,2166.45,unknown,99-99-9999,N/A
SKU-504576,Product 4577,Accessories,Global Parts,265,0,N/A,WH-ADE,22 May 2024,In Stock
SKU-504577,product_name,Office,Vertex Trading,500 units,141,AUD 500,WH-PER,10.06.2026,In Stock
SKU-504578,N/A,Home,Global Parts,,115,2384.84,WH-MEL,99-99-9999,In Stock
SKU-504579,Product 4580,N/A,Vertex Trading,ten,131,1200.7,Sydney Warehouse,none,INSTOCK
SKU-504580,Product 4581,Accessories,Metro Goods,798,113,1063.16,SYD,NA,In Stock
SKU-504581,Product 4582,Electronics,Metro Goods,770,15,317.92,WH-MEL,09-24-2024,INSTOCK
sku-504582,,Home,Metro Goods,999999,80,1678.84,WH-ADE,2021/10/21,Available
SKU-504583,Product,Software,Apex Supply,632,64,2103.56,WH-SYD,2026/02/03,In Stock
SKU-504584,Unknown Item,Office,Nova Wholesale,603,112,1181.55,WH-BNE,31/02/2026,In Stock
SKU-504585,Product 4586,soft ware,Prime Source,ten,1O,2103.9,ADE,05-29-2021,In Stock
,Product 4587,Office,Global Parts,102,18,1015.7,WH-PER,2024/11/22,In Stock
SKU 502516, Product 4588,Office,Nova Wholesale,764,19,2398.99,ADE,05-08-2023,in stock
SKU-504588,Product 4589,Home,123,277,102,11.7,WH-ADE,14/08/2023,Not Available
N/A,Product 4590,Electronics,unknown,648,1O,1509.31,WH-bne,null,In Stock
SKU-502671,product_name,Accessories,Prime Source,41,122,366.69,WH-SYD,03.08.2024,LOW STOCK 
12345,Product 4592,Home,Metro Goods,616,37,"2 500,00",N/A,-,low
SKU-504592,Product 4593,soft ware,Apex,ten,26,9999999,WH-MEL,2021-12-21,In Stock
SKU-504593,Product 4594,OFFICE,PrimeSource,86,35,148.43,WH-ADE,07-13-2023,In Stock
SKU-504594,Product 4595,Accessories,Apex Supply,124,91,2122.03,WH-SYD,null,In Stock
SKU-504595,Product 4596,Home & Living,Apex Supply,558,51,35.96,WH-SYD,2024-07-07,In Stock
SKU-504596,Product 4597,Electronics,Global Parts,751,-10,606.24,WH-BNE,09-12-2025,In Stock
SKU-504597,Product 4598,office supplies,Nova Wholesale,786,98,9999999,SYD,26/03/2026,LOW STOCK 
SKU-504598,Product 4599,Home,Apex,673,50,1173.56,WH-MEL,12-25-2022,In Stock
SKU-500333,Product 4600,Accessories,Metro Goods,459,82,317.14,WH-MEL,2022/08/31,In Stock
SKU-504600,Product 4601,Home & Living,PrimeSource,,120,"1.299,50",WH-BNE,02-20-2022,In Stock
SKU-504601,Product 4602,Electronics,Apex Supply,815,73,9999999,WH-ADE,2023-12-30,In Stock
SKU-504602,Product 4603,Home, Global Parts,158,76,632.79,WH-SYD,04-14-2024,1
SKU-504603,Product,Electronics,unknown,132,64,1667.33,WH-BNE,24 May 2025,Available
SKU-504604,Product 4605,ELECTRONICS ,PrimeSource,228,120,AUD 500,WH-MEL,2023/01/13,In Stock
SKU-504605,product 4606,soft ware,Nova Wholesale,585,21,USD 120,SYD,07 May 2026,In Stock
SKU-504606,Product 4607,Electronics,Vertex Trading,619,34,-250,WH-MEL,13.05.2026,In Stock
SKU-504607,Product 4608,electronics,Metro Goods,859,29,2261.92,WH-PER,09/04/2022,N/A
SKU 504608,Product 4609,Software,unknown,"1,200",15,1101.83,N/A,99-99-9999,In Stock
SKU-504609,Product 4610,,PrimeSource,667,50 units,2495.61,WH-PER,13/13/26,LOW STOCK 
SKU-504610,Product 4611,accessory,Apex,779,150,1311.93,WH-PER,2022-02-20,In Stock
SKU-504611,Product 4612,electronic,PrimeSource,464,"1,000",$99.99,WH-BNE,2026-01-02,In Stock
SKU-504612,Product 4613,electronics,Global Parts,0.5,127,1706.52,WH-BNE,null,In Stock
SKU-504613,Product 4614,Accessories,PrimeSource,715,72,465.67,WH-BNE,31/02/2026,In Stock
SKU-504614,Product 4615,accessory,Apex Supply,2,0,436.09,WH-PER,11.04.2021,N/A
SKU-504615,Product 4616,Home,123,178,99,,WH-ADE,08 Jan 2025,In Stock
SKU-504616,Product,soft ware,Nova Wholesale,N/A,9999,1023.11,Sydney Warehouse,13/13/26,In Stock
SKU-504617,Product 4618,Software,Apex Supply,,59,1415.91,,01-05-2024,In Stock
SKU-504618,Product 4619,Software,PrimeSource,675,77,986.98,WH-SYD,16 Jan 2022,In Stock
SKU-504619,Product 4620,Accessories,Nova Wholesale,400,27,587.53,unknown,missing,In Stock
SKU-504620,Product 4621,Electronics,Global Parts,500 units,123,1807.02,WH-ADE,04 Jan 2024,low
SKU-504621,123456,Office,Nova Wholesale,826,93,1005.61,WH-ADE,04-05-2025,In Stock
sku-504622,Product 4623,Accessories ,Vertex Trading,416,42,354.69,WH-BNE,03 Aug 2023,In Stock
N/A,Product 4624,Home,Nova Wholesale,803,149,1539.11,WH-MEL,2025-04-28,In Stock
SKU-502227,Product 4625,Home,Global Parts,ten,50 units,2010.07,WH-SYD,30 Mar 2025,In Stock
SKU-504625,Product 4626,Accessories ,Apex Supply,252,28,569.8,WH-MEL,01 Jul 2024,Not Available
SKU-502100,???,electronic,123,707,20,1755.18,WH-BNE,2025-02-16,N/A
12345,Product 4628,Accessories,,,51,9999999,WH-MEL,99-99-9999,In Stock
SKU-????,Product 4629,Home,Metro Goods,862,125,2295.57,WH-PER,2023-10-08,In Stock
SKU-504629,Product 4630,Home & Living,Apex Supply,537,9999,1158.32,WH-PER,2025/05/08,LOW STOCK 
SKU-504630,Product 4631,Accessories,Global Parts,146,70,870.1,WH-BNE,10-25-2022,In Stock
N/A,Product 4632,Home,Metro Goods,655,NaN,2298.76,WH-BNE,11 Nov 2024,In Stock
SKU-504632,Product 4633,Accessories,,346,78,712.2,WH-PER,17.01.2024,in stock
SKU-504633,Product 4634,Software,Global Parts,411,twenty,"1,299.50",WH-bne,04.03.2025,Available
SKU-504634,123456,Home,Vertex Trading,65,29,1167.64,WH-MEL,11.03.2023,In Stock
SKU-504635,N/A,Accessories,,540,47,$99.99,WH-BNE,07-29-2022,In Stock
SKU-504636,Product 4637,,unknown,311,110,1964.57,ADE,2023/08/06,In Stock
SKU-504637,Product 4638,Home,Metro Goods,591,138,2342.42,WH-ADE,2023-10-31,In Stock
SKU-504638,Product 4639,Home,Nova Wholesale,91,22,353.3,WH-PER,01 Sep 2024,low
SKU-504639,Product 4640,Electronics,Nova Wholesale,729,1O,1284.79,WH-BNE,08 Aug 2023,In Stock
SKU-504640,Product 4641,Software,,23,148,$99.99,WH-MEL,2021-10-23,Low Stock
SKU-503053,Product 4642,Home,Metro Goods,614,9999,258.41,ADE,18.01.2026,LOW STOCK 
NULL,Product 4643,Software,,708,47,10O.50,WH-SYD,21 Jun 2021,In Stock
SKU-504643,Unknown Item,soft ware,Vertex Trading,"1,200",29,2299.39,WH-SYD,30 May 2022,In Stock
SKU-504644,Product 4645,office supplies,Apex,294,twenty,411.88,wh-per ,2026-02-31,In Stock
SKU-504645,Product 4646,Home,Metro Goods,596,50 units,252.42,WH-PER,01-10-2026,In Stock
SKU-504646,???,electronics,PrimeSource,NaN,26,486.58,WH-PER,2025-06-27,In Stock
SKU 504647,Product 4648,Home,Vertex Trading,539,20,9999999,WH-BNE,11/04/2026,In Stock
SKU-504648,Product 4649,Accessories,Vertex Trading,794,114,376.07,N/A,12/03/2023,LOW STOCK 
12345,Product 4650,Home,PrimeSource,90,131,1416.98,WH-BNE,2026-13-44,Low Stock
SKU-504650,Product 4651,Office,Vertex Trading,500 units,15,564.31,WH-SYD,03/08/2022,In Stock
SKU-504651,Product 4652,Office,Apex Supply,27,58,703.81,ADE,05-01-2023,N/A
SKU-504652,Product 4653,Home,123,406,9999,2476.67,WH-MEL,01/03/2026,In Stock
SKU-504653,Product 4654,Home,Vertex Trading,26,35,9999999,WH-PER,17 Dec 2021,INSTOCK
SKU-504654,Product 4655,Unknown,unknown,999999,twenty,1509.46,Sydney Warehouse,not-a-date,Low Stock
SKU-504655,Product 4656,Home,Metro Goods,478,NaN,USD 120,wh-per ,12 Aug 2026,In Stock
SKU-504656,???,Electronics,Metro Goods,NaN,62,359.31,WH-SYD,31/02/2026,In Stock
SKU-504657,Product 4658,Software,unknown,347,127,AUD 500,WH-ADE,2022/04/10,In Stock
SKU-504658,,N/A,PrimeSource,629,103,242.56,WH-PER,14 Oct 2023,In Stock
SKU-504084,???,Home,Global Parts,241,NaN,1118.14,wh-per ,29.12.2023,In Stock
SKU-504660,Product 4661,Home,Nova,827,63,729.68,WH-BNE,17.04.2021,In Stock
SKU-504661,Product 4662,Home,Vertex Trading,364,42,AUD 500,WH-PER,2022/12/11,In Stock
SKU-504662,Product 4663,Accessories ,GlobalParts,417,66,425.05,WH-MEL,2023/07/16,In Stock
sku-504663,Product 4664,Home,PrimeSource,722,108,764.01,WH-ADE,18 Mar 2021,in stock
SKU-504664,Product 4665,Home,123,N/A,NaN,-250,WH-PER,03-22-2026,In Stock
SKU-504665,Product 4666,Software,Global Parts,,0,1302.13,wh-per ,19.12.2024,LOW STOCK 
SKU-504666,Product,electronics,PrimeSource,N/A,109,,WH-bne,2024/05/02,In Stock
SKU-504667,Product 4668,Software,Apex Supply,53,57,436.79,WH-MEL,08 Apr 2023,Low Stock
SKU-504668,Product 4669,Software,Nova Wholesale,315,-10,FREE,WH-MEL,03 Feb 2021,In Stock
SKU-504669,Product 4670,Office,Global Parts,481,110,2023.41,Warehouse 1,2022/06/17,In Stock
SKU-504670,Product 4671,Accessories,Nova,144,50 units,1667.76,WH-SYD,18/07/2022,In Stock
sku-504671,Product 4672,Electronics,Metro Goods,241,19,"2 500,00",WH-BNE,30 Jan 2021,In Stock
SKU-504672,Product 4673,Accessories,Apex,0.5,140,"2 500,00",WH-PER,01-28-2023,In Stock
SKU-504673,Product 4674,Unknown,Metro Goods,217,55,1643.01,WH-MEL,2025/06/18,In Stock
SKU-504674,Product 4675,Unknown,Global Parts,622,140,"2 500,00",Warehouse 1,2022-09-27,In Stock
SKU-504675,,office supplies,Vertex Trading,ten,50 units,1572.62,WH-MEL,25/01/2026,In Stock
SKU-504676,Product 4677,Accessories,Metro Goods,ten,,9999999,WH-SYD,2026/03/02,In Stock
SKU-504677,???,Accessories,123,317,27,2050.38,WH-MEL,30 Sep 2026,In Stock
sku-504678,Unknown Item,Electronics,PrimeSource,234,50 units,$99.99,WH-SYD,2021/08/12,Not Available
N/A,Product 4680,Home,Global Parts,251,82,75.14,WH-SYD,30.08.2023,In Stock
SKU-504680,Product 4681,Software,Nova Wholesale,1O0,43,USD 120,WH-BNE,16 Dec 2025,in stock
SKU 504681,Product 4682,Office,GlobalParts,-50,1O,955.92,ADE,10 Jan 2026,In Stock
SKU-504682,Product 4683,accessory,unknown,624,90,USD 120,WH-SYD,2025/00/12,N/A
SKU-504683,Product 4684,Electronics,N/A,ten,91,FREE,WH-SYD,99-99-9999,Available
SKU-503746,Product 4685,Office,  Metro Goods  ,ten,150,1255.59,N/A,17/08/2023,0
SKU-504573,123456,Software,Vertex Trading,16,79,1763.94,WH-BNE,unknown,Low Stock
SKU-504686,Product 4687,Accessories,Vertex Trading,547,twenty,787.96,WH-MEL,missing,N/A
SKU-504687,Product 4688,Office,Apex Supply,641,-10,1464.11,WH-SYD,16/02/2024,In Stock
SKU-504688,Product 4689,Unknown,Vertex Trading,791,49,173.15,N/A,21 May 2021,outofstock
SKU-504689,Product 4690,Software,PrimeSource,346,140,1253.27,WH-MEL,2021/09/09,In Stock
SKU 504690,product_name,Home & Living,Nova Wholesale,257,19,$99.99,WH-BNE,NA,OOS
sku-504691,Product 4692,Electronics, Vertex Trading,364,63,AUD 500,WH-ADE,2021-08-14,In Stock
SKU-504692,Product 4693,Home,Prime Source,"1,200",122,2464.13,WH-BNE,30 Sep 2023,In Stock
SKU-504693,Product 4694,Accessories,GlobalParts,N/A,87,533.64,WH-PER,07 Oct 2025,In Stock
sku-504694,Product 4695,Software,Metro Goods,312,90,2368.66,WH-bne,Feb 30 2025,In Stock
,Product 4696,Electronics,N/A,N/A,9999,2210.59,WH-SYD,04/07/2022,In Stock
SKU-504696,Product 4697,Home,Nova,743,,2327.59,WH-PER,13/03/2024,In Stock
SKU-504697,Product 4698,Office,Global Parts,1O0,83,517.14,WH-BNE,13/04/2021,In Stock
SKU-504698,Product 4699,Electronics,PrimeSource,747,103,-250,WH-BNE,2026-02-31,In Stock
SKU-504699,Product 4700,Accessories,Metro Goods,-50,25,,WH-PER,03.07.2026,In Stock
12345,N/A,Software,Global Parts,15,29,2163.48,SYD,03-15-2021,INSTOCK
SKU-504701,Product 4702,Home,Prime Source,999999,9999,2328.33,WH-SYD,24 Jan 2021,In Stock
SKU-????,product 4703,Accessories,123,49,59,USD 120,WH-MEL,2022/03/14,unknown
SKU-504703,123456,office supplies,Nova,275,62,725.77,SYD,17 Oct 2024,
SKU 504704,N/A,Software,Global Parts,496,33,1996.4,WH-SYD,27 Aug 2026,In Stock
SKU-504705,Product 4706,Software,Global Parts,536,23,$99.99,,23/03/2024,In Stock
SKU-????,Product 4707,Accessories,Nova Wholesale,999999,62,1755.19,WH-ADE,07.01.2025,LOW STOCK 
SKU-504707,Product 4708,Home,Nova,472,57,1447.14,WH-PER,2023-08-30,In Stock
SKU-504708,,Software,PrimeSource,1O0,,"1,299.50",WH-PER,20/08/2022,In Stock
SKU-504709,product_name,Software,,562,32,AUD 500,WH-PER,2024/01/15,unknown
SKU-501462,Product 1463,Home & Living,unknown,500 units,87,$99.99,WH-SYD,28 Oct 2023,low
SKU-504711,Product 4712,Home,Vertex Trading,500 units,98,1009.98,Sydney Warehouse,13/13/26,INSTOCK
12345,Product 4713,Accessories,Nova Wholesale,-50,118,1364.75,Melbourne WH,2021-08-07,In Stock
SKU-504713,Product 4714,Accessories,Nova Wholesale,-50,29,2470.73,WH-ADE,13/13/26,in stock
SKU-504714,Product 4715,Electronics,Vertex Trading,N/A,105,1917.69,WH-PER,none,In Stock
SKU-504715,N/A,OFFICE,Metro Goods,883,NaN,10O.50,ADE,15 Nov 2024,In Stock
SKU-504716,Product,Home,Nova,0.5,92,"1.299,50",WH-MEL,25/08/2022,LOW STOCK 
SKU-504717,Product 4718,Office,Nova Wholesale,545,9999,7.77,WH-ADE,   ,1
SKU-504718,Product 4719,Electronics,Metro Goods,NaN,0,USD 120,WH-PER,14 May 2023,in stock
SKU-504719,Product 4720,Accessories,Apex Supply,N/A,131,75.68,,2022/08/06,In Stock
SKU 504720,Product 4721,Electronics,unknown,232,40,1839.94,WH-ADE,05 Apr 2024,In Stock
SKU-504721,  Product 4722  ,office supplies,Apex Supply,817,96,2249.66,WH-ADE,none,outofstock
SKU-504722,Product 4723,Software,Vertex Trading,N/A,"1,000",10O.50,WH-SYD,06-02-2024,In Stock
SKU-501215,product_name,Home,Metro Goods,160,73,USD 120,WH-MEL,Feb 30 2025,In Stock
12345,N/A,Software,Apex Supply,209,NaN,N/A,WH-MEL,NA,In Stock
SKU-504725,Product 4726,ELECTRONICS ,Apex Supply,515,59,1614.45,WH-ADE,2024/05/25,In Stock
NULL,Product 4727,Home,Nova Wholesale,NaN,135,10O.50,ADE,31/02/2026,outofstock
SKU-504727,Product 4728,Software,Vertex Trading,,146,"1.299,50",WH-MEL,01/12/2025,In Stock
SKU-502955,Product 4729,Home & Living,Apex Supply,228,20,-250,WH-BNE,2021/02/17,In Stock
SKU-504729,Product 4730,Home,Apex Supply,139,108,2301.78,ADE,13/11/2022,In Stock
SKU-504730,Product 4731,accessory,,716,68,-250,WH-SYD,09.04.2026,low
SKU-504731,Product 4732,Software,Apex Supply,574,twenty,"1.299,50",WH-PER,2021/12/31,In Stock
SKU-504732,123456,electronic,PrimeSource,ten,35,190.22,N/A,2025-05-29,In Stock
,product_name,electronic,Nova Wholesale,55,-10,"1,299.50",WH-SYD,21/05/2026,LOW STOCK 
SKU-504734,Product 4735,Accessories,Global Parts,459,63,149.57,WH-SYD,2021-01-20,In Stock
SKU-504735,Unknown Item,Accessories,123,50,0,223.89,WH-BNE,28 Aug 2024,0
SKU-504736,Product 4737,Software,Global Parts,114,56,-250,WH-SYD,2024/09/06,In Stock
SKU-504737,Product 4738,OFFICE,GlobalParts,791,NaN,10O.50,WH-MEL,not-a-date,In Stock
SKU-504738,Product 4739,Home,PrimeSource,440,20,195.05,WH-BNE,31/02/2026,In Stock
SKU-504739,Product 4740,Software,Nova Wholesale,21,112,FREE,WH-ADE,12/10/2021,Low Stock
SKU-504740,Product,Software,Vertex Trading,999999,63,1576.6,WH-ADE,2026/04/02,in stock
SKU-????,Product 4742,Electronics,Apex Supply,500 units,92,2439.52,WH-ADE,2025/03/26,In Stock
SKU-500213,Product 4743,Home,123,254,89,1342.95,Melbourne WH,17/05/2024,In Stock
SKU-504743,Product 4744,ELECTRONICS ,,267,109,1331.85,WH-PER,20 May 2022,N/A
SKU-504744,Product 4745,Office,Nova Wholesale,599,125,2461.78,WH-SYD,2025-05-30,In Stock
SKU 504745,Product 4746,Accessories,Apex Supply,82,136,"1,299.50",WH-SYD,18.10.2023,Low Stock
12345,Product 4747,Unknown,Global Parts,NaN,twenty,1034.64,unknown,2026/05/18,In Stock
SKU-504747,product_name,OFFICE,Apex Supply,216,115,"2 500,00",ADE,03/03/2021,low
SKU-504748,Product 4749,Electronics,Vertex Trading,891,149,,Warehouse 1,2026/06/09,In Stock
SKU-504749,Product 4750,Accessories ,Apex Supply,123,1O,"2 500,00",WH-SYD,03-16-2021,low
SKU 504750,Product 4751,Home,Vertex Trading,691,26,1625.48,WH-MEL,10/02/2026,In Stock
SKU-????,Product 4752,Software,PrimeSource,769,38,,WH-ADE,15.11.2022,In Stock
SKU-501607,Product 4753,Electronics,Apex Supply,719,105,1968.55,ADE,N/A,unknown
SKU-504753,Product 4754,Home,Nova Wholesale,619,55,10O.50,WH-bne,22 Apr 2023,
,Product 4755,Software,Nova Wholesale,766,49,USD 120,N/A,unknown,In Stock
SKU-504755,Product 4756,Electronics,PrimeSource,879,34,1441.23,Melbourne WH,03-18-2022,In Stock
SKU-504756,Product 4757,Accessories,Metro Goods,-1,71,813.41,WH-PER,00/00/0000,In Stock
SKU-504757,Product 4758,Office,Global Parts,263,52,1679.68,WH-BNE,22/07/2021,In Stock
SKU-504758,Product 4759,Home,Global Parts,680,58,"1.299,50",WH-BNE,2021-07-04,In Stock
SKU-504759,Product 4760,soft ware,PrimeSource,407,47,N/A,Sydney Warehouse,2024/12/19,LOW STOCK 
SKU-504760,Product 4761,Unknown,N/A,532,NaN,1110.46,Melbourne WH,21.06.2021,in stock
SKU-504761,???,Home,Vertex Trading,44,31,2352.06,WH-ADE,28.01.2023,In Stock
SKU-504762,Product 4763,electronic,123,108,111,-250,WH-bne,26.05.2021,Low Stock
SKU-504763,Product 4764,Software,Global Parts,57,0,1473.72,,25 Apr 2021,OOS
SKU-504764,Product 4765,Home,Global Parts,757,20,1730.6,Sydney Warehouse,07/05/2021,In Stock
SKU-504765,Product 4766,accessory,Global Parts,806,143,$99.99,WH-PER,07/11/2021,Available
SKU-504766,Product 4767,Home,Vertex Trading,892,,969.88,WH-ADE,2025/00/12,In Stock
SKU-504767,Product 4768,Office,Vertex Trading,674,"1,000",490.19,WH-BNE,30.08.2023,In Stock
12345,???,ELECTRONICS ,Nova Wholesale,N/A,9999,1432.37,Warehouse 1,2025/10/06,In Stock
SKU-504769,Product 4770,Office,GlobalParts,500 units,80,1530.28,WH-BNE,04-04-2023,In Stock
SKU-504770,Product 4771,Home,Metro Goods,151,30,874.43,WH-BNE,31/02/2026,In Stock
SKU-504771,Product 4772,Accessories,Global Parts,675,67,9999999,WH-ADE,2023-06-24,In Stock
sku-504772,Product 4773,Software,Metro Goods,500 units,19,"1,299.50",WH-BNE,Feb 30 2025,OOS
SKU-504773,Product 4774,electronic,Vertex Trading,"1,200","1,000",325.58,WH-ADE,null,In Stock
SKU-????,Product 4775,Office,Vertex Trading,180,126,FREE,Warehouse 1,30 Sep 2022,INSTOCK
SKU-504775,Product 4776,Office,Apex Supply,0,91,2125.48,WH-PER,03/11/2021,Out of Stock
SKU 503222,Product 3223,Office,GlobalParts,125,35,1936.51,WH-BNE,24/08/2024,OOS
SKU-504777,N/A,Electronics,PrimeSource,811,150,359.91,WH-ADE,26.06.2026,In Stock
SKU-504778,Product 4779,Electronics,Nova Wholesale ,749,16,1726.15,WH-SYD,2022/05/06,1
N/A,Product 4780,Office,PrimeSource,762,-10,-250,WH-SYD,2026-04-20,In Stock
SKU-504780,Product 4781,Accessories,Nova Wholesale,381,90,1566.9,Melbourne WH,11.12.2024,unknown
SKU-504781,N/A,Unknown,Global Parts,833,49,835.56,WH-ADE,16 Oct 2021,In Stock
SKU-504782,Product 4783,Electronics,PrimeSource,193,146,1929.07,WH-bne,2021-12-21,In Stock
SKU-504783,Product 4784,Electronics,N/A,696,141,1247.9,WH-SYD,09-20-2023,unknown
SKU-504784,N/A,Office,Nova Wholesale,445,34,AUD 500,WH-BNE,NA,In Stock
SKU-504785,123456,Accessories,Apex,107,108,1538.84,WH-bne,07-20-2023,Low Stock
SKU-504786,Product 4787,Electronics,Vertex Trading,239,109,894.54,unknown,00/00/0000,LOW STOCK 
NULL,product_name,Accessories,Nova,999999,48,818.18,WH-SYD,,In Stock
SKU-504788,Product 4789,Accessories,Vertex Trading,500,50 units,-250,WH-BNE,10 May 2023,In Stock
NULL,Product 4790,Electronics,Metro Goods,135,,449.99,ADE,06/04/2022,In Stock
,Product 4791,Accessories,PrimeSource,767,9999,544.05,WH-MEL,2026-13-44,In Stock
SKU-503913,Product 3914,Software,unknown,7,141,"1.299,50",wh-per ,-,Low Stock
SKU-504792,product_name,Home,Apex Supply,380,NaN,10O.50,WH-SYD,10-12-2023,In Stock
SKU-504793,Product 4794,Unknown,PrimeSource,733,114,1685.09,Warehouse 1,2024-10-15,N/A
SKU-504794,Product 4795,Software,Vertex Trading,"1,200",117,523.29,WH-ADE,06-23-2025,In Stock
SKU-504795,Product 4796,Software,PrimeSource,0.5,51,9999999,N/A,06/09/2022,In Stock
SKU-504796,Product 4797,Home,  Vertex Trading  ,222,20,FREE,WH-BNE,31.07.2026,In Stock
SKU-504797,Product 4798,Accessories,Nova Wholesale,ten,76,1427.11,WH-bne,10-21-2024,low
SKU-504798,Product 4799,Electronics,PrimeSource,557,"1,000",1946.06,WH-BNE,25 Sep 2025,Available
SKU-504799,???,Accessories ,Vertex Trading,500 units,NaN,31.62,Warehouse 1,03-20-2024,unknown
sku-502547,Product 2548,Software,Global Parts,704,46,1944.51,WH-MEL,2021/10/26,LOW STOCK 
SKU-504801,Product 4802,Accessories,Apex Supply,252,63,1296.19,Sydney Warehouse,22/04/2024,In Stock
SKU 504802,Product 4803,Software,Apex Supply,6,50 units,-250,SYD,null,
SKU-504803,Product 4804,electronic,Vertex Trading,500 units,-10,756.95,WH-bne,31/02/2026,In Stock
SKU-504804,Product 4805,Office,Apex,775,129,1493.75,N/A,2022-01-23,In Stock
SKU-504805,Product 4806,electronic,PrimeSource,355,27,1985.75,WH-BNE,09.09.2026,OOS
SKU-504806,Product 4807,Software,Vertex Trading,343,89,1048.13,WH-PER,31/02/2026,
SKU-504807,Product 4808,Electronics,Apex Supply,542,135,1822.0,WH-ADE,11 Oct 2024,In Stock
SKU-504808,N/A,Accessories,PrimeSource,261,,137.32,WH-BNE,missing,In Stock
SKU-504809,Product 4810,Software,Metro Goods,790,18,2233.33,Warehouse 1,13/02/2026,In Stock
SKU-504810,Product 4811,Accessories,Global Parts,598,43,1551.66,WH-BNE,13.03.2023,In Stock
,Product 4812,Office,Nova Wholesale,861,1O,1736.92,WH-bne,2022-10-03,In Stock
SKU-504812,???,Home,Nova Wholesale,326,100,"1.299,50",WH-SYD,17/12/2021,In Stock
SKU-504813,Product 4814,electronic,PrimeSource,0.5,88,2460.04,WH-SYD,2022-04-16,In Stock
SKU-504814,Product 4815,Software,unknown,0.5,9999,1023.86,Melbourne WH,24 May 2026,1
SKU-504815,Product 4816,Home,Apex,430,19,"1.299,50",WH-PER,14 Jul 2023,
SKU-504816,123456,Software,Metro Goods,531,40,2496.71,N/A,14/09/2022,In Stock
SKU-504817,123456,Office,Global Parts,224,55,2173.33,Warehouse 1,30 Jul 2024,0
SKU-504818,Unknown Item,Home,Vertex Trading,,76,380.59,wh-per ,12-04-2022,outofstock
SKU-504819,Product 4820,Software,Apex Supply,447,57,2203.84,WH-PER,2025/00/12,low
SKU-504820,Product 4821,Office,Metro Goods,534,134,AUD 500,WH-PER,2021/05/31,In Stock
SKU-504821,Product 4822,Software,Vertex Trading,569,143,"2 500,00",WH-MEL,2026-02-31,In Stock
SKU-504822,Product 4823,Office,Nova Wholesale,133,31,"2 500,00",wh-per ,Feb 30 2025,unknown
SKU-504823,Product 4824,Home & Living,Vertex Trading,226,126,2106.62,WH-MEL,NULL,In Stock
sku-504824,Product 4825,Office,Metro Goods,426,131,709.97,WH-PER,2026-02-31,In Stock
SKU-504825,Product 4826,Office,Nova Wholesale,582,28,2365.72,WH-ADE,2023/05/26,low
SKU-504826,Product 4827,Office,Apex Supply,485,82,347.51,WH-MEL,00/00/0000,In Stock
SKU-504827,product_name,Unknown,PrimeSource,124,140,10O.50,WH-ADE,05 Jan 2021,Low Stock
SKU-504828,Product,Unknown,Prime Source,573,79,579.69,WH-BNE,2024-12-06,In Stock
SKU-504829,Product 4830,Home,Nova Wholesale,786,17,1425.32,unknown,23/04/2023,N/A
SKU-504830,Product 4831,Office,,200,117,2302.78,WH-BNE,2023/04/02,In Stock
SKU-504831,,Office,PrimeSource,645,141,AUD 500,WH-SYD,24/05/2021,In Stock
SKU-504832,Product,Software,unknown,574,110,"1.299,50",WH-MEL,28.12.2024,In Stock
SKU-504833,Product 4834,accessory,Apex Supply,999999,50 units,AUD 500,wh-per ,09 Jan 2021,In Stock
SKU-504834,Product 4835,accessory,Prime Source,0.5,91,1644.49,WH-BNE,2025-09-13,In Stock
SKU-504835,Product 4836,Software,Global Parts,533,91,1393.62,N/A,24 May 2023,In Stock
SKU-504836,Product 4837,Home,,-1,128,-250,WH-PER,16 May 2024,LOW STOCK 
SKU-504837,Product 4838,electronics,Apex Supply,37,142,2246.78,WH-PER,?,unknown
SKU-504838,Product 4839,accessory,Vertex Trading,505,"1,000",1961.25,WH-MEL,2025/06/19,In Stock
SKU 504839,Unknown Item,N/A,Global Parts,373,NaN,AUD 500,WH-MEL,2025-01-08,
SKU-504840,123456,Office,PrimeSource,625,75,-250,wh-per ,08/10/2022,In Stock
SKU-504841,Product 4842,Office,Metro Goods,423,116,565.88,WH-SYD,2026/02/13,In Stock
12345,Product 4843,Office,Metro Goods,864,149,2063.54,WH-BNE,10/03/2025,In Stock
,Product 4844,ELECTRONICS ,Vertex Trading,656,102,797.66,WH-MEL,2022/09/22,outofstock
SKU-504844,Product 4845,Home,Global Parts,238,71,-250,WH-BNE,2022-07-11,In Stock
SKU-504845,???,accessory,Apex Supply,1O0,132,FREE,WH-SYD,05-25-2024,In Stock
SKU-504846,Product 4847,Office,Vertex Trading,0.5,1O,1330.49,N/A,28.12.2023,In Stock
SKU-504847,Product 4848,Office,PrimeSource,-1,37,902.33,WH-MEL,2026-13-44,In Stock
SKU-504848,Product 4849,Home,PrimeSource,471,16,1543.27,SYD,21.12.2025,In Stock
SKU-504849,Product 4850,Home,123,366,87,USD 120,WH-SYD,17/10/2023,In Stock
SKU-504850,Product 4851,,Apex Supply,500 units,119,1844.94,WH-PER,05-24-2022,in stock
SKU-504851,Product 4852,Office,PrimeSource,529,"1,000",1297.32,WH-BNE,24/07/2023,In Stock
SKU-504852,Product 4853,Home,PrimeSource,833,143,-250,WH-ADE,2026-13-44,In Stock
12345,,electronics,Apex Supply,541,143,129.9,SYD,missing,In Stock
SKU-504854,Product 4855,Accessories,Global Parts,403,,"1,299.50",WH-SYD,31/10/2023,In Stock
SKU-504855,product_name,office supplies,Metro Goods,0.5,139,495.57,wh-per ,?,In Stock
SKU-504856,Product 4857,Home & Living,Apex Supply,476,50 units,"1,299.50",WH-MEL,17 Oct 2023,In Stock
,???,Accessories,Nova Wholesale,7,132,2134.68,WH-MEL,2026-08-01,Low Stock
SKU-504858,Product 4859,Software,Apex Supply,103,9999,588.25,WH-BNE,04/12/2025,In Stock
SKU-504859,Product 4860,Home,GlobalParts,1O0,N/A,,unknown,08-27-2025,In Stock
SKU-504860,Product 4861,Home,123,159,75,N/A,WH-SYD,15.12.2022,In Stock
SKU-504861,Product 4862,Accessories,123,642,59,586.57,WH-PER,04-06-2023,N/A
SKU-504862,Unknown Item,Home,Vertex Trading,,twenty,942.09,WH-MEL,10-22-2023,Not Available
SKU-504863,Unknown Item,Electronics,Apex Supply,500 units,28,596.25,Warehouse 1,20/05/2022,In Stock
SKU-504864,Product 4865,Unknown,Global Parts,51,90,1004.12,Sydney Warehouse,2022-01-17,Available
N/A,Product 4866,electronic,Global Parts,151,twenty,469.81,WH-BNE,11 Feb 2023,In Stock
SKU-504866,123456,Home,PrimeSource,473,102,1714.44,SYD,29 Oct 2022,In Stock
SKU-504867,Product 4868,OFFICE,Global Parts,804,48,788.29,WH-ADE,2023-12-04,outofstock
SKU-504868,Unknown Item,Accessories ,Global Parts,ten,twenty,2069.82,WH-PER,2023-09-16,Available
SKU-504869,Product 4870,Home,unknown,-50,95,1118.6,wh-per ,09-01-2022,INSTOCK
SKU-504870,Product 4871,Software,Global Parts,560,92,198.63,WH-bne,01/01/2023,In Stock
SKU-504871,Unknown Item,Office,Metro Goods,462,twenty,9999999,WH-PER,18 Dec 2025,1
SKU-504872,Product 4873,Software,Global Parts,500 units,40,1915.53,SYD,15.03.2023,in stock
SKU-504873,123456,office supplies,Vertex Trading,755,79,FREE,WH-MEL,07/08/2024,In Stock
SKU-504874,Product 4875,Unknown,,"1,200","1,000",N/A,WH-PER,09-15-2023,1
SKU-504875,Product 4876,Software,Apex Supply,530,NaN,2403.2,WH-SYD,26.12.2025,In Stock
SKU-????,N/A,OFFICE,Nova Wholesale,500 units,16,AUD 500,WH-PER,2022/12/02,LOW STOCK 
SKU-502810,Product 4878,accessory,Apex Supply,,150,"1,299.50",WH-MEL,32 Jan 2025,In Stock
SKU-504878,Product 4879,Office,  PrimeSource  ,500 units,94,171.09,WH-ADE,not-a-date,Low Stock
SKU-504879,Product 4880,Home,Global Parts,891,-10,,ADE,2026-13-44,OOS
SKU-504880,Product 4881,Software,Apex Supply,N/A,18,N/A,WH-PER,12 Mar 2021,In Stock
SKU-504881,Product 4882,Accessories,GlobalParts,-1,144,FREE,WH-ADE,NULL,LOW STOCK 
SKU-504882,123456,Electronics,vertex trading,1O0,50 units,2071.17,WH-BNE,27.04.2022,In Stock
SKU-504883,Product 4884,Accessories,Nova Wholesale,567,63,1589.78,WH-SYD,2025/06/14,Not Available
SKU-504884,Product,Software,123,1O0,50 units,400.8,SYD,2026/09/21,unknown
SKU-504885,Product 4886,Electronics,Apex Supply,725,56,550.45,N/A,2026/03/13,In Stock
SKU-504886,Product 4887,Electronics,PrimeSource,43,66,1280.53,N/A,05 Jul 2023,Low Stock
SKU-504887,Product 4888,Software,Apex,5,147,FREE,WH-bne,null,Not Available
SKU-504888,Product 4889,Electronics,Vertex Trading,N/A,twenty,"1,299.50",WH-ADE,-,In Stock
SKU-504889,Product 4890,Software,PrimeSource,182,89,179.45,Warehouse 1,NULL,In Stock
SKU-504890,Product 4891,,123,393,9999,-250,WH-SYD,32 Jan 2025,In Stock
SKU-504891,Product 4892,ELECTRONICS ,N/A,393,17,9999999,Sydney Warehouse,17.11.2021,In Stock
SKU-502672,???,accessory,Global Parts,406,116,,SYD,-,In Stock
NULL,123456,Electronics,Global Parts,522,128,1197.44,WH-ADE,12/01/2025,In Stock
SKU-504894,product_name,Home,Global Parts,327,,"2 500,00",WH-SYD,2026-02-31,Available
SKU-504895,Product 4896,Accessories,Nova Wholesale,599,50 units,1971.66,WH-SYD,2024-01-01,In Stock
SKU-504896,Product 4897,Office,Apex,533,twenty,893.96,WH-MEL,06-14-2022,In Stock
SKU-504897,Product 4898,Software,Nova,76,N/A,2367.59,WH-MEL,29.12.2024,LOW STOCK 
SKU-504898,Product 4899,Accessories,Apex Supply,295,36,10O.50,WH-SYD,N/A,In Stock
SKU-504899,Product 4900,Electronics,Metro Goods,-50,146,1731.74,,11-15-2023,Low Stock
SKU-504900,123456,Accessories,Vertex Trading,54,,9999999,WH-MEL,none,Low Stock
SKU-504901,Product,Accessories ,N/A,"1,200",57,,WH-ADE,08-22-2023,In Stock
SKU-504902,Product 4903,Software,Vertex Trading,377,"1,000",1249.17,WH-SYD,24 Jul 2024,outofstock
N/A,Product 4904,Electronics,Prime Source,594,128,2134.55,WH-BNE,2024-11-07,In Stock
SKU-504904,Product 4905,Office,Global Parts,999999,92,2437.15,WH-PER, ,Available
SKU-504905,Product 4906,Office,N/A,892,"1,000",2010.34,N/A,16 Sep 2022,low
SKU-504906,Product 4907,Accessories,Primesource,608,18,2017.7,wh-per ,Feb 30 2025,outofstock
SKU-504907,Product 4908,N/A,Apex Supply,331,9999,298.68,WH-SYD,null,LOW STOCK 
SKU-504908,Product 4909,office supplies,Vertex Trading,"1,200",65,449.47,WH-ADE,03-17-2022,In Stock
SKU-504909,Product 4910,Office,Vertex Trading,458,,211.16,WH-ADE,12-04-2021,In Stock
12345,Product 4911,Office,Vertex Trading,-50,"1,000",1339.74,ADE,19 Jun 2022,outofstock
SKU-504911,product_name,accessory,Apex Supply,N/A,0,USD 120,WH-MEL,2026-06-14,In Stock
SKU-504912,  Product 4913  ,accessory,Apex Supply,489,141,297.02,unknown,2021-05-23,In Stock
SKU 504913,Product 4914,Electronics,Nova Wholesale,191,101,666.86,WH-ADE,02-25-2024,In Stock
SKU-504914,Product 4915,Office,Prime Source,-50,143,2337.96,WH-PER,01 Nov 2022,In Stock
sku-504915,,Accessories,Global Parts,801,54,1592.9,WH-BNE,missing,Available
SKU-504916,Product 4917,Electronics,Apex Supply,-50,57,-250,WH-BNE,Feb 30 2025,INSTOCK
SKU-504917,Product 4918,soft ware,GlobalParts,724,131,613.74,Sydney Warehouse,2026/07/13,In Stock
SKU-504918,Product 4919,Accessories,,133,104,171.96,WH-MEL,2024-08-18,1
SKU 504919,Product 4920,Electronics,Nova Wholesale,164,99,2352.34,WH-bne,,In Stock
SKU-504920,Product 4921,Software,Global Parts,386,120,1399.45,WH-ADE,2026-03-30,1
SKU-504921,Product 4922,office supplies,PrimeSource,1O0,131,10O.50,WH-BNE,2026-02-31,In Stock
SKU 504922,,Home,Nova,553,43,916.24,WH-MEL,2025/00/12,in stock
SKU-504923,Product 4924,office supplies,Global Parts,518,109,493.71,WH-MEL,04 Mar 2024,N/A
SKU-501148,???,Software,Nova Wholesale,602,"1,000",1611.28,Sydney Warehouse,08 Oct 2025,In Stock
SKU-504925,Product 4926,OFFICE,Global Parts,191,87,2324.36,WH-MEL,28 Feb 2023,In Stock
SKU-504926,Product 4927,Accessories,GlobalParts,705,50,2357.71,WH-ADE,unknown,In Stock
SKU-503327,Unknown Item,Software,Apex Supply,512,54,1021.5,WH-BNE,32 Jan 2025,In Stock
SKU-504928,Product 4929,Electronics,Apex Supply,859,20,10O.50,WH-ADE,04-07-2024,LOW STOCK 
SKU-504929,123456,Software,Apex Supply,33,43,1603.89,WH-MEL,08-11-2025,1
SKU-504930,Product 4931,electronics,Apex Supply,0.5,51,254.15,WH-SYD,2025-05-07,In Stock
SKU-504931,Product 4932,Office,123,416,114,734.7,WH-PER,32 Jan 2025,In Stock
SKU-504932,N/A,Accessories,Metro Goods,33,NaN,"2 500,00",WH-MEL,23.07.2022,Low Stock
SKU-504933,Unknown Item,OFFICE,Vertex Trading,132,102,1693.77,Melbourne WH,NA,In Stock
SKU-504934,Product 4935,Home,Global Parts,N/A,76,1529.08,WH-BNE,11-13-2023,In Stock
SKU-504935,Product 4936,Software,Apex Supply,287,134,"2 500,00",WH-SYD,none,INSTOCK
SKU-504936,Product 4937,office supplies,Nova Wholesale,198,18,AUD 500,WH-BNE,2026/09/17,In Stock
sku-504937,123456,Accessories,PrimeSource,367,34,738.82,wh-per ,?,In Stock
SKU-504938,Product 4939,Electronics,Prime Source,342,52,2042.32,WH-ADE,2022-07-01,unknown
SKU-504939,,Software,Apex Supply,694,"1,000",-250,WH-PER,12-22-2021,outofstock
12345,123456,Accessories,Vertex Trading,1O0,43,1138.81,wh-per ,99-99-9999,In Stock
SKU-504941,Product 4942,Home,Apex Supply,610,126,FREE,WH-BNE,08/11/2022,In Stock
SKU-504942,Product 4943,,Apex Supply,506,113,1231.8,SYD,unknown,In Stock
SKU-504943,Product 4944,N/A,PrimeSource,500 units,52,71.24,WH-ADE,2023-10-09,Low Stock
sku-504944,Product 4945,Software,Nova Wholesale,209,-10,2401.09,WH-SYD,31/02/2026,Available
SKU-504945,Product 4946,Electronics,Global Parts,-1,46,156.5,WH-PER,08-24-2021,Not Available
SKU-504946,Product 4947,Electronics,Metro Goods,500 units,-10,1610.75,WH-ADE,02-04-2024,low
SKU-504947,123456,Home,Metro Goods,364,133,10O.50,WH-MEL,2024/11/19,In Stock
SKU-504948,Product 4949,electronics,Nova,529,,"2 500,00",Sydney Warehouse,17.06.2022,LOW STOCK 
SKU-504949,N/A,Software,Global Parts,869,90,53.47,ADE,32 Jan 2025,In Stock
SKU-504950,Product 4951,Software,Global Parts,637,50 units,2243.63,WH-MEL,2021/09/01,In Stock
SKU 504951,product_name,Accessories ,PrimeSource,809,,2234.94,,2025/02/08,In Stock
SKU-504952,Product 4953,Electronics,N/A,-1,115,1955.06,WH-SYD,31 Oct 2023,Low Stock
SKU-504953,???,Software,123,362,99,1205.12,WH-PER,10/01/2024,0
SKU-504954,N/A,Software,Vertex Trading,509,-10,1993.24,WH-SYD,2023-11-14,0
SKU-504955,Product 4956,accessory,Nova Wholesale,664,52,1136.86,WH-ADE,none,In Stock
12345,Product 4957,Unknown,Global Parts,94,129,1612.13,Melbourne WH,2023-07-08,outofstock
SKU-504957,Product 4958,Electronics,,334,50,527.66,WH-BNE,00/00/0000,In Stock
SKU-504958,Product 4959,Office,Apex Supply,667,88,652.09,WH-MEL,01.10.2023,In Stock
SKU-504959,123456,Electronics,Vertex Trading,491,121,1916.44,WH-BNE,2021-01-19,0
SKU-504960,Product 4961,office supplies,Metro Goods,500 units,21,238.54,WH-ADE,00/00/0000,In Stock
SKU-504961,Product 4962,ELECTRONICS ,Nova Wholesale,,139,419.33,WH-MEL,-,In Stock
SKU-504115,Unknown Item,Software,Metro Goods,40,75,2198.39,WH-SYD,2024/11/09,0
SKU-504963,Product 4964,electronics,unknown,648,134,$99.99,ADE,2026-07-14,In Stock
SKU-504964,Product 4965,Accessories,PrimeSource,612,,768.26,WH-BNE,27 Nov 2024,In Stock
SKU-504965,Product 4966,electronic,PrimeSource,500 units,0,901.67,wh-per ,03/12/2021,In Stock
SKU-504966,Product 4967,soft ware,PrimeSource,359,0,"2 500,00",Sydney Warehouse,2021/08/30,In Stock
NULL,???,Accessories,Nova Wholesale,NaN,,"1.299,50",WH-PER,2022-05-14,LOW STOCK 
SKU-504968,Product 4969,Accessories,Prime Source,341,NaN,542.77,WH-MEL,02 Jan 2024,In Stock
,Unknown Item,Accessories,Nova Wholesale,289,-10,"2 500,00",Warehouse 1,2026-02-31,Available
SKU-504970,Product 4971,Accessories,Nova,500 units,59,1381.68,WH-PER,2022/09/13,
SKU-504971,Product 4972,Software,Nova Wholesale,486,121,817.03,Warehouse 1,2024-05-01,In Stock
SKU-504972,Product 4973,soft ware,Apex Supply,0.5,110,117.76,WH-SYD,99-99-9999,In Stock
SKU-504973,???,Electronics,Vertex Trading,999999,twenty,1008.19,wh-per ,unknown,low
SKU-504974,Product 4975,Accessories,Vertex Trading,811,84,89.47,WH-PER,2026-13-44,In Stock
SKU-504975,Product 4976,soft ware,123,-1,145,2402.83,WH-PER,2021-11-19,Low Stock
SKU-504976,Product,Software,PrimeSource,82,39,815.91,WH-BNE,2021-09-05,In Stock
SKU-504977,Product 4978,Home,Global Parts,NaN,32,,WH-PER,12-03-2022,In Stock
SKU-504978,Product 4979,Office,Vertex Trading,128,107,596.39,WH-MEL,2023-12-24,In Stock
SKU-504979,Product 4980,Home,123,859,50 units,2468.88,WH-SYD,03 Apr 2024,In Stock
SKU-504980,Product 4981,Electronics,Apex Supply,705,1O,10O.50,WH-BNE,12/02/2022,In Stock
SKU-504981,Product 4982,Unknown,Nova Wholesale,895,15,"1,299.50",WH-BNE,?,N/A
SKU-504982,Product  4983,Home,Nova Wholesale,148,117,2175.95,WH-SYD,21/04/2024,
SKU-504983,,Software,PrimeSource,599,142,1996.56,WH-BNE,-,In Stock
SKU-504984,PRODUCT 4985,Accessories,Nova Wholesale,246,22,148.67,WH-BNE,2022-12-26,
SKU-504985,Product 4986,OFFICE,Metro Goods,88,99,507.38,wh-per ,01/10/2023,Low Stock
SKU-504986,Product 4987,Electronics,Apex Supply,176,111,2222.28,ADE,17/06/2021,In Stock
SKU-504987,Product 4988,Electronics,Nova Wholesale,999999,-10,1278.5,WH-ADE,17.09.2024,In Stock
,Product 4989,Accessories,Nova Wholesale,686,75,1744.02,ADE,2025-06-23,N/A
SKU-504989,N/A,Electronics,Apex Supply,501,54,-250,WH-PER,12.02.2026,In Stock
SKU-????,Product 4991,Software,Global Parts,303,107,437.49,Sydney Warehouse,null,In Stock
,Product 4992,Office,PrimeSource,,-10,3.17,WH-bne,07-14-2026,unknown
SKU-504992,Product 4993,Office,Global Parts,148,49,118.82,Sydney Warehouse,03.07.2021,OOS
SKU-504993,Product 4994,Software,Nova,N/A,18,945.5,Sydney Warehouse,2022/08/23,outofstock
SKU 504994,Unknown Item,Software,Apex Supply,193,66,931.62,WH-ADE,2023/05/25,OOS
SKU-504995,Product 4996,Home,N/A,999999,104,2317.86,WH-BNE,06/09/2024,In Stock
SKU-504996,Product 4997,Home,N/A,624,127,2019.48,WH-BNE,13/13/26,In Stock
NULL,product_name,Electronics,123,1O0,127,785.25,WH-BNE,30 Oct 2021,In Stock
SKU-504998,,Home,Vertex Trading,-1,36,"1.299,50",WH-ADE,not-a-date,outofstock
SKU-504999,Product 5000,Accessories ,Global Parts,881,124,2406.92,WH-PER,16 Sep 2021,In Stock
