Order_ID,Order_Date,Customer_ID,Customer_Name,Email,Country,Region,Product_Category,Product,Quantity,Unit_Price,Discount_Pct,Revenue,Cost,Profit,Payment_Method,Sales_Channel,Sales_Rep,Customer_Rating,Returned,Notes
ORD-100000,2024-04-05 00:00:00,CUST-2791,Daniel Brown,daniel.brown0@example.com,Australia,Brisbane,Office,Chair,5,284.19,1.18,1404.18,743.56,660.62,Mastercard,Online,Mia Wilson,5,No,Repeat order
ORD-100001,2025-01-02 00:00:00,CUST-3817,William Smith,william.smith1@example.com,United States,Houston,Home,Air Purifier,5,221.05,15.2,937.25,594.2,343.05,Cash,Partner,Ava Chen,5,No,Priority customer
ORD-100003,2025-10-17 00:00:00,CUST-5562,Jennifer Anderson,jennifer.anderson3@example.com,United Kingdom,Manchester,Home,Vacuum,20,296.67,5.33,5617.15,3560.36,2056.79,Mastercard,Partner,Ava Chen,4,No,Manual review
ORD-100004,2025-04-14 00:00:00,CUST-2170,David Taylor,david.taylor4@example.com,United Kingdom,London,Office,Stationery Pack,23,42.92,25.79,732.57,581.93,150.64,PayPal,Retail,Mia Wilson,4,No,Priority customer
ORD-100006,2025-04-09 00:00:00,CUST-1026,Thomas Rodriguez,thomas.rodriguez6@example.com,Germany,Berlin,Electronics,Headphones,25,168.85,15.22,3578.78,2327.74,1251.04,PayPal,Retail,Liam Smith,4,No,Repeat order
ORD-100008,2025-03-09 00:00:00,CUST-2735,John Jackson,john.jackson8@example.com,Australia,Adelaide,Office,Chair,22,261.78,0.53,5728.64,4478.25,1250.39,Cash,Retail,Ethan Davis,5,No,Promo campaign
ORD-100009,2024-08-13 00:00:00,CUST-1058,Barbara Moore,barbara.moore9@example.com,Germany,Frankfurt,Electronics,Phone,8,740.46,1.18,5853.78,3448.08,2405.7,Visa,Online,Mia Wilson,3,No,Manual review
ORD-100010,2025-02-20 00:00:00,CUST-2559,David Williams,david.williams10@example.com,Germany,Munich,Home,Lamp,7,71.96,25.49,375.32,248.42,126.9,Visa,Online,Lucas Martin,5,No,Priority customer
ORD-100011,2024-07-06 00:00:00,CUST-3281,Lisa Johnson,lisa.johnson11@example.com,Australia,Sydney,Software,Security Suite,4,447.39,6.07,1680.93,944.77,736.16,Bank Transfer,Retail,Liam Smith,5,No,Manual review
ORD-100017,2026-07-18 00:00:00,CUST-1416,William Martinez,william.martinez17@example.com,Germany,Munich,Home,Coffee Machine,22,201.27,11.01,3940.42,2345.88,1594.54,Visa,Phone,Ethan Davis,2,Yes,Manual review
ORD-100018,2025-08-19 00:00:00,CUST-5526,Robert Rodriguez,robert.rodriguez18@example.com,United States,Houston,Software,Design Suite,1,496.67,1.09,491.26,378.46,112.8,Mastercard,Phone,Noah Brown,2,No,Manual review
ORD-100024,2026-01-23 00:00:00,CUST-2390,Susan Perez,susan.perez24@example.com,Germany,Hamburg,Software,Cloud Plan,15,343.35,26.59,3780.8,3054.7,726.1,Visa,Partner,Sophia Taylor,3,No,Manual review
ORD-100026,2024-05-04 00:00:00,CUST-4739,Daniel Smith,daniel.smith26@example.com,Australia,Perth,Office,Chair,23,265.44,1.11,6037.35,4801.15,1236.2,Mastercard,Phone,Sophia Taylor,5,No,Promo campaign
ORD-100028,2025-02-21 00:00:00,CUST-3710,Linda Rodriguez,linda.rodriguez28@example.com,United Kingdom,Birmingham,Electronics,Phone,5,787.37,1.41,3881.34,2093.09,1788.25,Cash,Phone,Lucas Martin,2,No,Priority customer
ORD-100029,2026-05-05 00:00:00,CUST-4432,Richard Perez,richard.perez29@example.com,Australia,Adelaide,Software,Cloud Plan,1,371.55,11.51,328.78,255.14,73.64,Cash,Retail,Emma Clark,4,No,Priority customer
ORD-100033,2024-03-18 00:00:00,CUST-5850,Elizabeth Brown,elizabeth.brown33@example.com,Germany,Berlin,Home,Blender,22,126.46,20.79,2203.72,1618.64,585.08,Mastercard,Online,Ethan Davis,3,No,Repeat order
ORD-100034,2024-04-18 00:00:00,CUST-4551,Mary Anderson,mary.anderson34@example.com,Germany,Frankfurt,Home,Vacuum,17,297.83,1.7,4977.04,3815.89,1161.15,PayPal,Phone,Noah Brown,5,No,Repeat order
ORD-100035,2024-03-29 00:00:00,CUST-3284,Daniel Rodriguez,daniel.rodriguez35@example.com,Germany,Cologne,Software,Cloud Plan,14,359.2,10.64,4493.74,2667.7,1826.04,Bank Transfer,Retail,Emma Clark,5,No,Priority customer
ORD-100037,2025-04-29 00:00:00,CUST-5534,Matthew Jackson,matthew.jackson37@example.com,Canada,Toronto,Electronics,Monitor,8,344.21,5.61,2599.2,1805.06,794.14,Cash,Partner,Lucas Martin,5,No,Priority customer
ORD-100040,2024-11-07 00:00:00,CUST-1697,Jennifer Johnson,jennifer.johnson40@example.com,United Kingdom,Leeds,Electronics,Laptop,13,1214.73,145.11,15744.12,12018.16,3725.96,Mastercard,Online,Lucas Martin,4,No,Priority customer
ORD-100042,2025-12-04 00:00:00,CUST-2912,James Thomas,james.thomas42@example.com,Canada,Ottawa,Software,Security Suite,2,444.67,11.41,787.87,517.01,270.86,PayPal,Retail,Lucas Martin,3,No,Promo campaign
ORD-100048,2026-02-03 00:00:00,CUST-2118,Thomas Rodriguez,thomas.rodriguez48@example.com,Canada,Calgary,Software,Analytics Suite,15,928.73,20.38,11091.82,7762.2,3329.62,Visa,Partner,Lucas Martin,5,No,Repeat order
ORD-100049,2025-01-21 00:00:00,CUST-4730,William Smith,william.smith49@example.com,United Kingdom,Birmingham,Software,Analytics Suite,15,924.96,15.66,11701.67,8762.93,2938.74,PayPal,Retail,Mia Wilson,5,No,Manual review
ORD-100050,2025-05-29 00:00:00,CUST-5834,Susan Johnson,susan.johnson50@example.com,United Kingdom,Leeds,Software,Cloud Plan,22,355.68,0.99,7747.49,4114.74,3632.75,PayPal,Online,Emma Clark,3,No,Priority customer
ORD-100052,2026-07-14 00:00:00,CUST-1237,Daniel Martinez,daniel.martinez52@example.com,United States,New York,Software,CRM License,25,688.44,0.89,17057.82,12421.51,4636.31,Visa,Partner,Ava Chen,4,No,Priority customer
ORD-100053,2026-07-23 00:00:00,CUST-5777,Robert Davis,robert.davis53@example.com,AUS,Frankfurt,Office,Chair,6,227.78,21.24,1076.4,637.5,438.9,Mastercard,Retail,Emma Clark,4,No,Promo campaign
ORD-100054,2024-09-13 00:00:00,CUST-4742,James Moore,james.moore54@example.com,United Kingdom,Glasgow,Office,Desk,15,488.01,11.28,6494.44,4203.8,2290.64,PayPal,Retail,Lucas Martin,5,No,Priority customer
ORD-100058,2025-11-19 00:00:00,CUST-3147,Nancy Taylor,nancy.taylor58@example.com,Germany,Hamburg,Electronics,Tablet,1,562.36,0.91,557.24,402.24,155.0,Cash,Phone,Sophia Taylor,3,No,Priority customer
ORD-100059,2024-02-16 00:00:00,CUST-1304,James Thompson,james.thompson59@example.com,Germany,Hamburg,Office,Desk,21,471.19,11.3,8776.86,4871.18,3905.68,PayPal,Phone,Liam Smith,3,No,Repeat order
ORD-100062,2026-07-11 00:00:00,CUST-5882,Charles Miller,not-an-email,Australia,Adelaide,Office,Stationery Pack,7,50.32,5.66,332.3,187.51,144.79,Visa,Partner,Noah Brown,4,No,Manual review
ORD-100064,2024-03-03 00:00:00,CUST-4923,Thomas Perez,thomas.perez64@example.com,Australia,Perth,Office,Stationery Pack,2,49.05,10.92,87.39,70.72,16.67,Bank Transfer,Phone,Liam Smith,5,No,Priority customer
ORD-100065,2024-10-28 00:00:00,CUST-4716,John Williams,john.williams65@example.com,United Kingdom,Glasgow,Office,Desk,5,395.12,15.76,1664.25,1163.67,500.58,Cash,Phone,Liam Smith,3,No,Promo campaign
ORD-100066,2026-13-40,CUST-4496,Anthony Lee,anthony.lee66@example.com,United States,Houston,Software,Analytics Suite,14,865.66,25.8,8992.48,6644.4,2348.08,PayPal,Partner,Sophia Taylor,4,No,Priority customer
ORD-100067,2025-07-29 00:00:00,CUST-5601,John Williams,john.williams67@example.com,Australia,Sydney,Software,CRM License,24,710.97,1.11,16873.88,11743.2,5130.68,PayPal,Online,Lucas Martin,5,No,Manual review
ORD-100068,2026-05-17 00:00:00,CUST-1886,Susan Johnson,susan.johnson68@example.com,United Kingdom,Glasgow,Home,Air Purifier,4,249.77,5.31,946.03,628.79,317.24,PayPal,Partner,Liam Smith,4,No,Manual review
ORD-100069,2026-02-19 00:00:00,CUST-3531,Susan Lee,susan.lee69@example.com,Germany,Cologne,Electronics,Headphones,4773,202.27,10.06,4002.28,2409.3,1592.98,PayPal,Partner,Ava Chen,4,No,Repeat order
ORD-100070,2025-01-13 00:00:00,CUST-3552,Nancy Taylor,nancy.taylor70@example.com,Australia,Melbourne,ELECTRONICS,Laptop,24,1230.07,20.84,23369.36,14542.02,8827.34,PayPal,Online,Ava Chen,4,No,Repeat order
ORD-100071,2024-12-19 00:00:00,CUST-4521,Mary Williams,mary.williams71@example.com,United Kingdom,Leeds,SOFTWARE,Cloud Plan,20,318.68,10.43,5708.83,3846.06,1862.77,Visa,Partner,Emma Clark,4,Yes,Priority customer
ORD-100072,2025-05-24 00:00:00,CUST-4527,Karen Johnson,karen.johnson72@example.com,Australia,Melbourne,Home,Coffee Machine,25,170.1,10.58,3802.59,2114.22,1688.37,Mastercard,Retail,Lucas Martin,4,No,Manual review
ORD-100075,2026-02-17 00:00:00,CUST-6369,Thomas Martin,thomas.martin75@example.com,United States,Chicago,Home,Coffee Machine,8,167.95,10.39,1204.0,843.67,360.33,Visa,Retail,Emma Clark,5,No,Manual review
ORD-100083,2024-05-21 00:00:00,CUST-3048,Barbara Perez,barbara.perez83@example.com,Canada,Calgary,Home,Lamp,17,71.68,1.63,1198.7,911.46,287.24,Visa,Phone,Sophia Taylor,3,No,Repeat order
ORD-100087,2025-11-11 00:00:00,CUST-6474,Daniel Martin,daniel.martin87@example.com,Germany,Munich,Office,Printer,14,263.66,15.48,3119.84,2012.2,1107.64,Visa,Partner,Liam Smith,2,No,Priority customer
ORD-100088,2024-12-06 00:00:00,CUST-2092,Mary Taylor,mary.taylor88@example.com,United Kingdom,Birmingham,Electronics,Monitor,833,337.32,1.54,996.38,737.88,258.5,Visa,Partner,Sophia Taylor,4,No,Promo campaign
ORD-100089,2024-11-19 00:00:00,CUST-3540,Joseph Jackson,joseph.jackson89@example.com,United States,Los Angeles,Electronics,Tablet,2,568.1,1.58,1118.25,878.65,239.6,Cash,Phone,Emma Clark,4,Yes,Promo campaign
ORD-100090,2026-07-05 00:00:00,CUST-4167,Michael Martinez,michael.martinez90@example.com,United Kingdom,London,Home,Air Purifier,4,267.31,21.78,836.36,621.41,214.95,PayPal,Retail,Emma Clark,5,No,Manual review
ORD-100091,2024-03-22 00:00:00,CUST-3686,Thomas Rodriguez,thomas.rodriguez91@example.com,Australia,Perth,Electronics,Tablet,20,707.03,1.09,13986.47,8620.75,5365.72,PayPal,Partner,Emma Clark,5,No,Priority customer
ORD-100094,2025-09-18 00:00:00,CUST-3339,Patricia Smith,patricia.smith94@example.com,United States,Houston,Software,Design Suite,4,524.38,11.41,1858.19,1085.87,772.32,Bank Transfer,Retail,Liam Smith,4,No,Priority customer
ORD-100095,2025-12-18 00:00:00,CUST-6224,Jennifer Moore,jennifer.moore95@example.com,Australia,Brisbane,Home,Vacuum,18,288.1,11.7,4579.06,3358.94,1220.12,Mastercard,Partner,Mia Wilson,3,No,Manual review
ORD-100098,2025-06-30 00:00:00,CUST-1765,Linda Anderson,linda.anderson98@example.com,Germany,Hamburg,Electronics,Monitor,7,370.85,10.25,2329.87,1423.19,906.68,Cash,Retail,Noah Brown,4,No,Promo campaign
ORD-100099,2025-03-02 00:00:00,CUST-6063,Karen Wilson,karen.wilson99@example.com,United kingdom,Berlin,Electronics,Laptop,2,1395.62,11.3,2475.83,1857.09,618.74,Visa,Phone,Ethan Davis,4,No,Manual review
ORD-100100,2024-05-27 00:00:00,CUST-3560,Nancy Taylor,nancy.taylor100@example.com,United Kingdom,Leeds,Electronics,Laptop,6,1194.08,25.93,5306.73,3301.09,2005.64,PayPal,Partner,Lucas Martin,4,No,Repeat order
ORD-100101,2025-01-28 00:00:00,CUST-6041,Sarah Brown,sarah.brown101@example.com,United Kingdom,Manchester,Software,CRM License,9,648.94,0.19,5829.36,3538.79,2290.57,Bank Transfer,Retail,Noah Brown,5,No,Promo campaign
ORD-100102,2024-09-03 00:00:00,CUST-2762,David Miller,david.miller102@example.com,United States,Houston,Software,Cloud Plan,10,324.52,1.89,3183.87,2138.39,1045.48,Cash,Partner,Ava Chen,2,No,Repeat order
ORD-100104,2026-03-24 00:00:00,CUST-3777,Richard Martin,richard.martin104@example.com,Canada,Ottawa,Home,Blender,22,115.68,1.95,2495.33,1592.45,902.88,Cash,Partner,Noah Brown,4,No,Priority customer
ORD-100105,2024-12-01 00:00:00,CUST-6022,Thomas Johnson,thomas.johnson105@example.com,AUS,Sydney,Office,Printer,16,316.63,1.21,5004.78,3376.48,1628.3,PayPal,Retail,Lucas Martin,4,No,Repeat order
ORD-100106,2026-03-26 00:00:00,CUST-6154,Thomas Lee,thomas.lee106@example.com,Canada,Ottawa,Home,Lamp,1,68.01,1.96,66.68,46.35,20.33,Visa,Phone,Ethan Davis,4,No,Repeat order
ORD-100107,2025-03-04 00:00:00,CUST-2240,Jessica Garcia,jessica.garcia107@example.com,Germany,Cologne,Software,Analytics Suite,22,836.93,0.38,18342.49,11965.02,6377.47,Bank Transfer,Retail,Lucas Martin,5,No,Promo campaign
ORD-100109,2025-05-06 00:00:00,CUST-3857,Linda Rodriguez,linda.rodriguez109@example.com,Germany,Hamburg,Office,Printer,25,293.07,6.38,6859.3,4573.1,2286.2,Cash,Partner,Ethan Davis,3,No,Repeat order
ORD-100110,2024-09-19 00:00:00,CUST-4924,Richard Taylor,@domain.com,United Kingdom,Manchester,Home,Vacuum,10,326.27,0.69,3240.19,2114.91,1125.28,Mastercard,Retail,Ethan Davis,4,No,Repeat order
ORD-100111,2025-04-28 00:00:00,CUST-1823,Lisa Perez,lisa.perez111@example.com,United States,Los Angeles,Electronics,Headphones,8,190.89,0.2,1524.07,943.53,580.54,Mastercard,Online,Noah Brown,5,No,Priority customer
ORD-100116,2024-10-29 00:00:00,CUST-4010,Nancy Brown,nancy.brown116@example.com,Canada,Montreal,Office,Scanner,22,223.48,11.38,4357.06,3100.54,1256.52,Cash,Retail,Mia Wilson,4,No,Priority customer
ORD-100118,2025-08-20 00:00:00,CUST-5004,Mary Lee,mary.lee118@example.com,Germany,Munich,Office,Chair,11,294.31,25.23,2420.61,1407.88,1012.73,Visa,Phone,Ava Chen,5,No,Priority customer
ORD-100120,2025-04-04 00:00:00,CUST-4092,John Jackson,john.jackson120@example.com,Australia,Brisbane,Software,Analytics Suite,25,805.22,20.75,15953.42,12561.72,3391.7,Bank Transfer,Online,Noah Brown,5,No,Repeat order
ORD-100121,2024-09-10 00:00:00,CUST-4773,Richard Martin,richard.martin121@example.com,United States,Los Angeles,Electronics,Laptop,10,1203.35,21.06,9499.24,7285.99,2213.25,PayPal,Retail,Ethan Davis,4,No,Promo campaign
ORD-100123,2025-11-07 00:00:00,CUST-5270,Anthony Johnson,anthony.johnson123@example.com,United States,Seattle,Home,Coffee Machine,24,197.62,15.47,-4009.16,3138.68,-7147.84,Mastercard,Phone,Ethan Davis,4,No,Repeat order
ORD-100124,2025-03-02 00:00:00,CUST-4344,Lisa Garcia,lisa.garcia124@example.com,Canada,Ottawa,Software,CRM License,12,754.47,21.57,7100.77,4371.38,2729.39,Mastercard,Partner,Lucas Martin,4,No,Priority customer
ORD-100127,2024-11-25 00:00:00,CUST-3318,Elizabeth Smith,elizabeth.smith127@example.com,United States,Los Angeles,Electronics,Tablet,8,647.73,5.79,4881.81,2889.05,1992.76,Bank Transfer,Phone,Sophia Taylor,4,No,Repeat order
ORD-100129,2024-12-26 00:00:00,CUST-2386,Richard Perez,richard.perez129@example.com,United States,Houston,Home,Air Purifier,25,269.07,25.92,4983.18,3686.71,1296.47,Mastercard,Phone,Noah Brown,2,No,Manual review
ORD-100130,2024-03-02 00:00:00,CUST-6061,John Johnson,john.johnson130@example.com,Australia,Perth,Office,Chair,3,281.68,0.44,841.32,552.58,288.74,Cash,Phone,Emma Clark,2,Yes,Repeat order
ORD-100132,2024-03-23 00:00:00,CUST-6355,Barbara Rodriguez,barbara.rodriguez132@example.com,Canada,Toronto,Home,Lamp,15,72.55,5.6,1027.31,789.4,237.91,Visa,Online,Lucas Martin,5,No,Priority customer
ORD-100134,2025-02-11 00:00:00,CUST-1630,William Lee,william.lee134@example.com,Germany,Berlin,Office,Printer,1,361.86,1.5,356.43,261.55,94.88,PayPal,Retail,Mia Wilson,5,No,Repeat order
ORD-100139,2025-02-09 00:00:00,CUST-3721,Jessica Williams,jessica.williams139@example.com,United Kingdom,Birmingham,Office,Scanner,20,231.77,25.21,3466.82,2119.6,1347.22,Cash,Phone,Sophia Taylor,5,No,Manual review
ORD-100140,2024-11-22 00:00:00,CUST-3387,Daniel Thompson,daniel.thompson140@example.com,United States,Chicago,Home,Blender,23,100.79,15.36,1962.1,1254.71,707.39,Bank Transfer,Retail,Sophia Taylor,5,No,Manual review
ORD-100143,2026-03-26 00:00:00,CUST-4526,Nancy Anderson,nancy.anderson143@example.com,United States,Seattle,Electronics,Headphones,21,193.24,21.93,3168.11,1962.58,1205.53,Visa,Online,Liam Smith,4,No,Promo campaign
ORD-100145,2026-04-09 00:00:00,CUST-1942,Joseph Miller,joseph.miller145@example.com,Germany,Frankfurt,Home,Lamp,4,69.62,25.64,207.08,126.34,80.74,Visa,Partner,Liam Smith,4,No,Promo campaign
ORD-100146,2024-07-07 00:00:00,CUST-2526,Linda Martin,linda.martin146@example.com,United States,Seattle,Office,Printer,18,307.12,25.46,4120.69,2643.48,1477.21,Bank Transfer,Phone,Ava Chen,4,No,Priority customer
ORD-100148,2024-04-29 00:00:00,CUST-2499,Barbara Moore,barbara.moore148@example.com,Germany,Munich,Home,Blender,19,96.58,0.63,1823.46,1078.71,744.75,PayPal,Retail,Lucas Martin,5,No,Repeat order
ORD-100149,2025-09-26 00:00:00,CUST-1439,Richard Thomas,richard.thomas149@example.com,United States,Houston,Office,Stationery Pack,6,45.52,0.37,272.11,210.23,61.88,PayPal,Online,Emma Clark,8,No,Priority customer
ORD-100151,2026-02-17 00:00:00,CUST-4615,Anthony Moore,anthony.moore151@example.com,Germany,Frankfurt,Electronics,Headphones,4,168.91,16.08,567.0,423.57,143.43,Cash,Retail,Lucas Martin,3,No,Promo campaign
ORD-100152,2026-03-05 00:00:00,CUST-2941,Anthony Davis,anthony.davis152@example.com,United Kingdom,London,Software,Security Suite,12,544.57,0.88,6477.33,5299.67,1177.66,Mastercard,Partner,Lucas Martin,4,No,Manual review
ORD-100154,2024-10-02 00:00:00,CUST-6143,Daniel Jones,daniel.jones154@example.com,United States,Los Angeles,Office,Printer,8,341.4,20.98,2158.19,1496.12,662.07,Bank Transfer,Phone,Emma Clark,3,No,Manual review
ORD-100155,2024-04-05 00:00:00,CUST-4755,John Taylor,john.taylor155@example.com,Germany,Hamburg,Home,Lamp,16,67.06,1.74,1054.29,816.18,238.11,PayPal,Online,Lucas Martin,4,No,Manual review
ORD-100156,2026-02-19 00:00:00,CUST-1396,Michael Jackson,michael.jackson156@example.com,United Kingdom,Birmingham,Home,Air Purifier,18,249.77,26.58,3300.86,2601.89,698.97,Visa,Online,Emma Clark,2,No,Manual review
ORD-100157,2024-10-07 00:00:00,CUST-1764,Jennifer Moore,jennifer.moore157@example.com,Canada,Toronto,Software,Analytics Suite,23,1035.09,10.32,21350.18,17076.25,4273.93,PayPal,Partner,Liam Smith,5,No,Promo campaign
ORD-100158,2024-05-15 00:00:00,CUST-5863,Jennifer Johnson,jennifer.johnson158@example.com,Canada,Montreal,Office,Scanner,21,193.62,0.0,4066.02,2695.94,1370.08,Mastercard,Phone,Ava Chen,2,No,Manual review
ORD-100163,2025-06-07 00:00:00,CUST-2664,Mary Taylor,mary.taylor163@example.com,Germany,Hamburg,Software,Cloud Plan,23,314.48,0.55,7193.26,4409.27,2783.99,Mastercard,Partner,Lucas Martin,3,No,Priority customer
ORD-100165,2026-07-10 00:00:00,CUST-1240,Thomas Martin,thomas.martin165@example.com,United Kingdom,Manchester,Home,Coffee Machine,24,210.48,11.47,4472.11,2483.89,1988.22,PayPal,Phone,Ethan Davis,3,No,Repeat order
ORD-100167,2026-01-28 00:00:00,CUST-6371,Linda Johnson,linda.johnson167@example.com,Canada,Montreal,Software,Analytics Suite,6,1041.55,1.11,6179.93,4908.0,1271.93,Bank Transfer,Retail,Sophia Taylor,4,No,Promo campaign
ORD-100168,2024-02-17 00:00:00,CUST-4284,David Rodriguez,david.rodriguez168@example.com,Australia,Adelaide,Home,Vacuum,17,300.22,0.36,5085.37,3871.5,1213.87,Visa,Phone,Ethan Davis,4,No,Repeat order
ORD-100171,2025-03-21 00:00:00,CUST-6426,Thomas Thomas,thomas.thomas171@example.com,United Kingdom,Leeds,Electronics,Headphones,4082,183.02,20.15,584.57,403.56,181.01,Mastercard,Retail,Ethan Davis,4,No,Manual review
ORD-100172,2024-06-08 00:00:00,CUST-1865,Richard Wilson,richard.wilson172@example.com,United Kingdom,Leeds,Home,Coffee Machine,3,220.66,1.56,651.65,453.17,198.48,Mastercard,Phone,Emma Clark,5,No,Repeat order
ORD-100173,2024-02-11 00:00:00,CUST-2761,Barbara Miller,barbara.miller173@example.com,Canada,Montreal,Software,Security Suite,4,422.32,11.65,1492.48,1088.11,404.37,PayPal,Retail,Liam Smith,4,No,Priority customer
ORD-100174,2026-03-23 00:00:00,CUST-2145,Thomas Johnson,thomas.johnson174@example.com,United Kingdom,Birmingham,Office,Desk,13,475.45,5.19,5860.06,3226.39,2633.67,Visa,Online,Ava Chen,4,No,Manual review
ORD-100175,2024-05-11 00:00:00,CUST-1753,Richard Anderson,richard.anderson175@example.com,Australia,Adelaide,Home,Vacuum,1,330.14,6.8,4349.41,532.27,3817.14,PayPal,Online,Ava Chen,5,Yes,Repeat order
ORD-100176,2024-06-01 00:00:00,CUST-1283,Susan Taylor,susan.taylor176@example.com,Canada,Toronto,Software,Cloud Plan,6,309.38,0.55,1846.07,1206.97,639.1,Cash,Retail,Ethan Davis,5,No,Repeat order
ORD-100177,2026-03-24 00:00:00,CUST-1159,Jessica Johnson,jessica.johnson177@example.com,Australia,Brisbane,Software,Analytics Suite,14,824.24,6.26,10817.0,8227.96,2589.04,Bank Transfer,Partner,Emma Clark,5,No,Repeat order
ORD-100180,2024-12-05 00:00:00,CUST-6030,Jessica Lee,jessica.lee180@example.com,United Kingdom,Manchester,Software,CRM License,3,564.55,5.04,1608.29,1066.93,541.36,Mastercard,Retail,Sophia Taylor,4,No,Manual review
ORD-100182,2024-06-28 00:00:00,CUST-4099,Lisa Thomas,lisa.thomas182@example.com,Canada,Montreal,Office,Stationery Pack,23,51.46,15.45,1000.72,697.19,303.53,PayPal,Partner,Noah Brown,4,No,Promo campaign
ORD-100184,2026-01-07 00:00:00,CUST-1010,Daniel Williams,daniel.williams184@example.com,United Kingdom,Leeds,Electronics,Monitor,7,326.32,0.7,2268.25,1715.04,553.21,Visa,Phone,Emma Clark,5,No,Priority customer
ORD-100187,2025-05-17 00:00:00,CUST-2258,Michael Thomas,michael.thomas187@example.com,Germany,Cologne,Home,Air Purifier,10,222.81,116.52,2210.5,1513.97,696.53,Visa,Partner,Ava Chen,5,No,Manual review
ORD-100188,2024-04-28 00:00:00,CUST-3526,Nancy Thompson,nancy.thompson188@example.com,Canada,Vancouver,Electronics,Laptop,7,1087.65,11.95,6703.73,4438.35,2265.38,Bank Transfer,Phone,Emma Clark,4,No,Repeat order
ORD-100189,2024-10-02 00:00:00,CUST-5622,Richard Garcia,richard.garcia189@example.com,United Kingdom,Leeds,Home,Coffee Machine,15,164.3,25.93,1825.46,1073.14,752.32,Visa,Retail,Liam Smith,3,No,Manual review
ORD-100190,2024-11-02 00:00:00,CUST-1646,Sarah Thomas,sarah.thomas190@example.com,Germany,Munich,Electronics,Tablet,17,592.89,26.15,7443.44,4396.78,3046.66,Bank Transfer,Online,Noah Brown,3,No,Priority customer
ORD-100191,2024-05-31 00:00:00,CUST-5874,Jennifer Garcia,jennifer.garcia191@example.com,United States,Los Angeles,Office,Desk,14,367.86,20.4,4099.43,3143.32,956.11,PayPal,Partner,Liam Smith,3,No,Priority customer
ORD-100192,2025-08-03 00:00:00,CUST-5816,Sarah Wilson,sarah.wilson192@example.com,United Kingdom,Glasgow,Software,CRM License,23,686.15,20.23,12588.86,7111.36,5477.5,Cash,Online,Liam Smith,3,No,Manual review
ORD-100194,2026-06-08 00:00:00,CUST-2867,Lisa Jackson,lisa.jackson194@example.com,United Kingdom,Birmingham,Electronics,Monitor,10,333.41,26.72,2443.23,1772.45,670.78,Mastercard,Partner,Emma Clark,5,No,Priority customer
ORD-100195,2024-06-11 00:00:00,CUST-1537,Karen Williams,karen.williams195@example.com,United States,Houston,Office,Scanner,24,222.17,16.64,4444.82,2998.39,1446.43,PayPal,Phone,Noah Brown,2,No,Manual review
ORD-100196,2025-02-10 00:00:00,CUST-6205,Michael Johnson,michael.johnson196@example.com,United States,New York,Software,CRM License,12,703.64,10.74,7536.83,4968.77,2568.06,Visa,Online,Mia Wilson,5,No,Priority customer
ORD-100197,2024-10-18 00:00:00,CUST-1224,Jennifer Jackson,jennifer.jackson197@example.com,Germany,Cologne,Home,Air Purifier,6,270.34,11.5,1435.51,1043.12,392.39,Bank Transfer,Online,Noah Brown,4,No,Promo campaign
ORD-100198,2024-09-15 00:00:00,CUST-5983,Linda Miller,linda.miller198@example.com,United Kingdom,Leeds,Electronics,Laptop,16,1380.96,1.2,21830.22,11407.14,10423.08,PayPal,Partner,Lucas Martin,5,No,Priority customer
ORD-100199,2024-10-16 00:00:00,CUST-3445,William Miller,william.miller199@example.com,Canada,Montreal,Software,Design Suite,4,477.36,16.12,1601.64,1118.16,483.48,Visa,Phone,Liam Smith,5,No,Promo campaign
ORD-100201,2025-06-03 00:00:00,CUST-3459,Susan Taylor,susan.taylor201@example.com,Canada,Toronto,Office,Printer,24,336.48,26.81,5910.47,4264.76,1645.71,Mastercard,Retail,Ethan Davis,3,No,Promo campaign
ORD-100202,2025-01-15 00:00:00,CUST-3134,William Lee,@domain.com,United States,Chicago,Electronics,Phone,12,785.14,10.84,8400.37,6603.14,1797.23,Cash,Partner,Emma Clark,3,No,Manual review
ORD-100203,2026-06-10 00:00:00,CUST-2235,Daniel Perez,daniel.perez203@example.com,Germany,Cologne,Electronics,Tablet,7,609.09,21.06,3365.71,2167.29,1198.42,Mastercard,Retail,Sophia Taylor,5,No,Priority customer
ORD-100204,2024-10-07 00:00:00,CUST-2715,Robert Wilson,robert.wilson204@example.com,United States,New York,Software,Security Suite,21,564.28,16.27,9921.9,5173.42,4748.48,Mastercard,Retail,Emma Clark,3,No,Priority customer
ORD-100206,2024-10-24 00:00:00,CUST-4734,Linda Anderson,missing.domain,United Kingdom,Manchester,Electronics,Tablet,17,626.56,0.13,10637.67,5677.49,4960.18,Cash,Partner,Lucas Martin,4,No,Priority customer
ORD-100208,2025-01-24 00:00:00,CUST-2012,Anthony Lee,anthony.lee208@example.com,Germany,Berlin,Electronics,Laptop,21,1351.1,1.38,27981.55,18049.01,9932.54,Cash,Partner,Emma Clark,4,No,Promo campaign
ORD-100210,2025-05-07 00:00:00,CUST-3708,Michael Rodriguez,michael.rodriguez210@example.com,Germany,Munich,Home,Lamp,10,63.2,26.82,462.5,335.99,126.51,Mastercard,Online,Ava Chen,3,No,Manual review
ORD-100211,2025-04-20 00:00:00,CUST-1410,Charles Jackson,charles.jackson211@example.com,United States,New York,Electronics,Laptop,9,1275.16,26.98,273925.5,13814.27,260111.23,Visa,Retail,Ava Chen,4,No,Promo campaign
ORD-100212,2025-09-28 00:00:00,CUST-3197,David Thomas,david.thomas212@example.com,Australia,Sydney,Electronics,Laptop,5,1282.69,0.66,6371.12,5022.73,1348.39,Visa,Partner,Sophia Taylor,4,No,Priority customer
ORD-100213,2024-04-16 00:00:00,CUST-4408,Joseph Rodriguez,joseph.rodriguez213@example.com,Canada,Calgary,Software,Analytics Suite,4,804.36,1.96,3154.38,2439.3,715.08,Cash,Phone,Emma Clark,4,No,Manual review
ORD-100214,2024-11-17 00:00:00,CUST-1101,Barbara Thompson,barbara.thompson214@example.com,Australia,Melbourne,Software,Cloud Plan,4,365.73,25.09,1095.87,655.86,440.01,Cash,Retail,Sophia Taylor,3,No,Promo campaign
ORD-100217,2025-11-01 00:00:00,CUST-6500,Patricia Taylor,patricia.taylor217@example.com,Canada,Toronto,Electronics,Laptop,20,1401.42,11.78,24726.65,17029.24,7697.41,Bank Transfer,Partner,Sophia Taylor,2,No,Manual review
ORD-100218,2024-12-15 00:00:00,CUST-3909,Joseph Wilson,joseph.wilson218@example.com,Germany,Cologne,Software,Security Suite,23,479.68,1.52,10864.94,6372.55,4492.39,PayPal,Partner,Liam Smith,2,No,Priority customer
ORD-100219,2024-07-14 00:00:00,CUST-3768,Robert Thomas,robert.thomas219@example.com,Australia,Brisbane,Office,Chair,4,300.81,20.43,957.42,734.69,222.73,Visa,Phone,Ava Chen,3,No,Priority customer
ORD-100220,2025-06-04 00:00:00,CUST-2451,Joseph Perez,joseph.perez220@example.com,Germany,Munich,Software,CRM License,17,710.42,21.68,9458.82,6288.98,3169.84,Cash,Retail,Noah Brown,3,No,Repeat order
ORD-100221,2024-10-28 00:00:00,CUST-4709,Karen Wilson,karen.wilson221@example.com,Germany,Frankfurt,Software,Design Suite,23,616.89,10.8,12656.12,7882.96,4773.16,Mastercard,Retail,Lucas Martin,4,No,Repeat order
ORD-100222,2025-12-28 00:00:00,CUST-6325,David Lee,david.lee222@example.com,United States,Los Angeles,Office,Stationery Pack,23,42.57,16.84,814.23,455.81,358.42,Mastercard,Partner,Liam Smith,5,No,Repeat order
ORD-100223,2024-07-23 00:00:00,CUST-3187,Charles Thomas,charles.thomas223@example.com,Germany,Hamburg,Software,CRM License,17,575.34,20.29,7796.26,5621.7,2174.56,Mastercard,Partner,Ethan Davis,4,No,Promo campaign
ORD-100224,2024-08-31 00:00:00,CUST-5185,Elizabeth Miller,elizabeth.miller224@example.com,Germany,Berlin,Home,Lamp,4,73.73,6.48,275.81,189.86,85.95,PayPal,Online,Lucas Martin,5,No,Manual review
ORD-100225,2025-12-22 00:00:00,CUST-6305,Nancy Wilson,nancy.wilson225@example.com,Germany,Berlin,Electronics,Monitor,7,369.17,26.66,1895.24,1503.77,391.47,PayPal,Retail,Mia Wilson,4,No,Promo campaign
ORD-100228,2025-10-26 00:00:00,CUST-1072,Michael Wilson,michael.wilson228@example.com,United Kingdom,Birmingham,Home,Coffee Machine,25,200.27,26.99,3655.43,2804.1,851.33,Visa,Partner,Emma Clark,4,No,Repeat order
ORD-100229,2026-02-27 00:00:00,CUST-4071,Karen Davis,karen.davis229@example.com,Australia,Brisbane,Software,CRM License,13,607.54,10.05,7104.27,4795.81,2308.46,Cash,Phone,Emma Clark,2,No,Promo campaign
ORD-100231,2025-08-11 00:00:00,CUST-2864,Lisa Jones,lisa.jones231@example.com,Australia,Perth,Home,Vacuum,3,244.77,1.59,722.63,496.75,225.88,PayPal,Phone,Lucas Martin,5,No,Priority customer
ORD-100232,2025-05-29 00:00:00,CUST-1869,David Smith,david.smith232@example.com,Canada,Toronto,Electronics,Headphones,3,197.9,1.4,585.39,317.15,268.24,PayPal,Partner,Liam Smith,4,No,Priority customer
ORD-100233,2024-10-29 00:00:00,CUST-6194,Richard Taylor,richard.taylor233@example.com,Australia,Perth,Office,Stationery Pack,8,40.28,21.59,252.67,195.78,56.89,Mastercard,Partner,Sophia Taylor,2,No,Repeat order
ORD-100234,2026-01-13 00:00:00,CUST-3816,Robert Brown,robert.brown234@example.com,Australia,Sydney,Software,Design Suite,18,651.0,10.42,10496.98,7793.26,2703.72,Mastercard,Phone,Noah Brown,4,No,Repeat order
ORD-100235,2024-04-10 00:00:00,CUST-2617,William Miller,william.miller235@example.com,Australia,Melbourne,Electronics,Headphones,15,191.29,0.58,2852.71,1541.06,1311.65,Cash,Phone,Sophia Taylor,5,No,Promo campaign
ORD-100237,2024-11-08 00:00:00,CUST-4989,Linda Davis,linda.davis237@example.com,Canada,Montreal,Home,Coffee Machine,22,207.46,25.93,3380.64,2121.77,1258.87,Cash,Online,Noah Brown,3,No,Manual review
ORD-100239,2025-11-09 00:00:00,CUST-2956,Barbara Taylor,barbara.taylor239@example.com,United States,Seattle,Home,Coffee Machine,15,192.92,0.79,2870.94,1925.4,945.54,Cash,Retail,Noah Brown,5,No,Repeat order
ORD-100242,2024-08-04 00:00:00,CUST-2230,Barbara Jackson,barbara.jackson242@example.com,Canada,Ottawa,Electronics,Headphones,5,179.13,5.15,849.52,605.74,243.78,Mastercard,Retail,Sophia Taylor,3,No,Priority customer
ORD-100244,2026-04-30 00:00:00,CUST-4365,Jennifer Martin,jennifer.martin244@example.com,Canada,Ottawa,Electronics,Monitor,3,322.52,26.73,708.93,404.92,304.01,Cash,Retail,Noah Brown,4,No,Promo campaign
ORD-100245,2026-07-20 00:00:00,CUST-5131,David Moore,david.moore245@example.com,Germany,Cologne,Electronics,Phone,13,830.62,0.03,10794.82,7306.08,3488.74,Bank Transfer,Retail,Liam Smith,4,No,Repeat order
ORD-100246,2025-10-26 00:00:00,CUST-4534,Karen Johnson,karen.johnson246@example.com,Germany,Cologne,Electronics,Laptop,16,1281.12,1.79,20131.01,15147.8,4983.21,Cash,Phone,Sophia Taylor,2,No,Priority customer
ORD-100247,2025-09-04 00:00:00,CUST-5454,Linda Jackson,linda.jackson247@example.com,Canada,Montreal,Electronics,Tablet,5,560.39,6.82,2610.86,1423.3,1187.56,Bank Transfer,Partner,Mia Wilson,2,No,Manual review
ORD-100248,2025-03-12 00:00:00,CUST-6337,James Perez,james.perez248@example.com,Germany,Berlin,Electronics,Tablet,21,550.67,15.82,9734.63,5373.27,4361.36,Cash,Partner,Ethan Davis,5,No,Repeat order
ORD-100251,2026-03-03 00:00:00,CUST-2435,Barbara Williams,barbara.williams251@example.com,Germany,Berlin,Software,Cloud Plan,20,341.29,11.42,6046.29,4227.82,1818.47,Bank Transfer,Phone,Ava Chen,4,No,Manual review
ORD-100254,2025-07-30 00:00:00,CUST-4961,Sarah Williams,sarah.williams254@example.com,Germany,Hamburg,Home,Vacuum,17,326.4,11.39,4916.79,3981.7,935.09,Mastercard,Partner,Emma Clark,5,No,Manual review
ORD-100255,2024-11-19 00:00:00,CUST-4378,James Jackson,james.jackson255@example.com,Australia,Brisbane,Electronics,Tablet,21,666.15,6.35,361330.49,28058.74,333271.75,PayPal,Online,Ethan Davis,4,No,Priority customer
ORD-100257,2025-09-20 00:00:00,CUST-1054,Linda Miller,linda.miller257@example.com,United States,Seattle,Home,Coffee Machine,25,168.19,1.35,4147.99,2982.52,1165.47,Cash,Online,Emma Clark,5,No,Priority customer
ORD-100259,2024-09-22 00:00:00,CUST-2533,Matthew Martin,matthew.martin259@example.com,Canada,Montreal,Electronics,Laptop,22,1103.46,0.65,24118.33,16975.29,7143.04,Cash,Partner,Mia Wilson,4,No,Repeat order
ORD-100260,2025-04-06 00:00:00,CUST-2473,David Anderson,david.anderson260@example.com,United States,Houston,Software,Analytics Suite,14,973.11,15.73,11480.56,7349.6,4130.96,Cash,Retail,Mia Wilson,3,No,Manual review
ORD-100261,2026-07-03 00:00:00,CUST-6166,Linda Lee,linda.lee261@example.com,Canada,Calgary,Office,Chair,24,233.83,0.35,5592.28,3746.15,1846.13,Cash,Partner,Emma Clark,4,No,Manual review
ORD-100262,2026-02-01 00:00:00,CUST-3741,Charles Johnson,charles.johnson262@example.com,Canada,Toronto,Office,Desk,7,469.8,26.68,2411.2,1323.48,1087.72,PayPal,Partner,Sophia Taylor,4,No,Priority customer
ORD-100263,2024-03-21 00:00:00,CUST-4121,Patricia Anderson,patricia.anderson263@example.com,Germany,Munich,Office,Printer,12,296.76,26.55,2615.64,1710.84,904.8,Cash,Partner,Emma Clark,4,No,Promo campaign
ORD-100265,2026-01-31 00:00:00,CUST-1655,Lisa Perez,lisa.perez265@example.com,Germany,Frankfurt,Software,Analytics Suite,6,1018.7,1.46,6022.96,4328.14,1694.82,Mastercard,Retail,Lucas Martin,3,No,Priority customer
ORD-100266,2024-11-12 00:00:00,CUST-2878,Sarah Johnson,sarah.johnson266@example.com,Australia,Perth,Electronics,Laptop,9,1264.77,1.31,11233.81,8825.75,2408.06,Mastercard,Partner,Emma Clark,4,No,Manual review
ORD-100267,2025-12-15 00:00:00,CUST-5417,Jennifer Smith,jennifer.smith267@example.com,Australia,Brisbane,Home,Lamp,15,82.02,11.1,1093.74,613.08,480.66,Mastercard,Phone,Lucas Martin,4,No,Priority customer
ORD-100268,2026-02-15 00:00:00,CUST-2116,Sarah Davis,sarah.davis268@example.com,Australia,Perth,Home,Air Purifier,14,224.58,10.02,2829.08,1915.27,913.81,PayPal,Partner,Emma Clark,2,No,Priority customer
ORD-100269,2026-06-22 00:00:00,CUST-5592,Anthony Jackson,anthony.jackson269@example.com,United Kingdom,London,Software,Security Suite,20,444.62,1.1,8794.58,5070.7,3723.88,Bank Transfer,Phone,Mia Wilson,4,No,Promo campaign
ORD-100271,2024-01-23 00:00:00,CUST-2523,Daniel Moore,daniel.moore271@example.com,Germany,Frankfurt,Home,Blender,16,100.32,0.3,1600.3,1297.71,302.59,Visa,Partner,Ethan Davis,4,No,Promo campaign
ORD-100272,2025-01-15 00:00:00,CUST-4798,James Davis,james.davis272@example.com,Australia,Melbourne,Electronics,Tablet,7,577.7,11.57,3576.02,2394.21,1181.81,Visa,Partner,Liam Smith,4,No,Manual review
ORD-100273,2024-09-11 00:00:00,CUST-4152,Richard Williams,richard.williams273@example.com,Germany,Frankfurt,Office,Chair,9,291.12,0.24,2613.79,1961.5,652.29,Bank Transfer,Retail,Ava Chen,4,No,Manual review
ORD-100274,2024-05-05 00:00:00,CUST-3075,Patricia Martin,patricia.martin274@example.com,United States,Houston,Software,Security Suite,11,433.12,1.49,4693.33,3214.34,1478.99,Bank Transfer,Partner,Mia Wilson,5,No,Manual review
ORD-100277,2025-08-03 00:00:00,CUST-2528,Matthew Taylor,matthew.taylor277@example.com,United Kingdom,Manchester,Home,Vacuum,16,303.29,11.09,4314.48,2877.88,1436.6,Cash,Partner,Sophia Taylor,5,No,Manual review
ORD-100282,2025-07-25 00:00:00,CUST-5572,Thomas Brown,thomas.brown282@example.com,Australia,Melbourne,Software,Analytics Suite,7,921.28,6.14,6052.99,4868.12,1184.87,Bank Transfer,Online,Sophia Taylor,5,No,Priority customer
ORD-100283,2025-07-17 00:00:00,CUST-3659,Patricia Garcia,patricia.garcia283@example.com,United States,Seattle,Software,Design Suite,11,597.51,26.87,4806.55,3800.76,1005.79,PayPal,Phone,Lucas Martin,5,No,Repeat order
ORD-100285,2025-08-19 00:00:00,CUST-3046,Michael Wilson,michael.wilson285@example.com,Australia,Brisbane,Office,Desk,2,420.81,0.28,839.26,528.84,310.42,Mastercard,Partner,Ethan Davis,3,No,Repeat order
ORD-100286,2026-01-18 00:00:00,CUST-5720,Michael Williams,michael.williams286@example.com,United Kingdom,Leeds,Office,Scanner,23,238.03,1.19,5409.54,3300.46,2109.08,Bank Transfer,Online,Ava Chen,5,No,Manual review
ORD-100288,2025-08-08 00:00:00,CUST-1403,Karen Perez,karen.perez288@example.com,Germany,Berlin,Office,Scanner,10,244.09,0.26,2434.55,1326.25,1108.3,Cash,Phone,Ethan Davis,3,No,Priority customer
ORD-100289,2025-06-20 00:00:00,CUST-3017,Anthony Jones,anthony.jones289@example.com,United States,Houston,Office,Scanner,13,234.35,6.12,2860.1,2342.78,517.32,Mastercard,Online,Ethan Davis,5,No,Repeat order
ORD-100293,2025-01-03 00:00:00,CUST-1883,Matthew Thompson,matthew.thompson293@example.com,United Kingdom,London,Software,CRM License,3,635.86,11.33,1691.45,1342.78,348.67,Visa,Partner,Lucas Martin,4,No,Repeat order
ORD-100295,2026-06-30 00:00:00,CUST-1241,James Anderson,james.anderson295@example.com,United Kingdom,Birmingham,Home,Coffee Machine,17,178.8,1.25,3001.61,2352.07,649.54,Cash,Partner,Mia Wilson,4,No,Priority customer
ORD-100296,2024-12-03 00:00:00,CUST-4679,Nancy Jones,nancy.jones296@example.com,Australia,Perth,Office,Scanner,8,228.59,21.94,1427.5,1131.89,295.61,Cash,Retail,Mia Wilson,4,No,Promo campaign
ORD-100297,2026-01-06 00:00:00,CUST-1969,Michael Jones,michael.jones297@example.com,United Kingdom,Glasgow,Office,Scanner,25,197.54,0.63,4907.39,3372.37,1535.02,Mastercard,Partner,Noah Brown,2,No,Priority customer
ORD-100299,2024-08-19 00:00:00,CUST-1264,John Jackson,john.jackson299@example.com,United States,Seattle,Software,Security Suite,6,542.98,25.95,2412.46,1373.02,1039.44,Bank Transfer,Online,Ethan Davis,5,No,Promo campaign
ORD-100300,2026-03-05 00:00:00,CUST-1342,Michael Miller,michael.miller300@example.com,Australia,Melbourne,Software,Design Suite,16,603.12,26.78,-7065.67,4580.44,-11646.11,Cash,Phone,Sophia Taylor,5,No,Promo campaign
ORD-100301,2025-07-04 00:00:00,CUST-4240,Charles Thompson,charles.thompson301@example.com,Germany,Cologne,Electronics,Headphones,4,179.83,1.76,706.66,419.56,287.1,Visa,Phone,Ava Chen,4,No,Priority customer
ORD-100302,2024-04-02 00:00:00,CUST-5101,Elizabeth Martinez,elizabeth.martinez302@example.com,Canada,Vancouver,Software,Security Suite,20,553.57,0.93,10968.44,7829.61,3138.83,Visa,Retail,Noah Brown,5,No,Priority customer
ORD-100305,2025-05-02 00:00:00,CUST-4717,Karen Rodriguez,karen.rodriguez305@example.com,Australia,Perth,Software,Cloud Plan,3310,357.27,25.48,4792.28,3338.58,1453.7,Bank Transfer,Phone,Liam Smith,2,No,Repeat order
ORD-100306,2025-11-14 00:00:00,CUST-5735,William Thompson,william.thompson306@example.com,Germany,Munich,Electronics,Phone,5,737.95,15.07,3133.7,2432.22,701.48,Cash,Partner,Sophia Taylor,3,Yes,Priority customer
ORD-100309,2025-09-16 00:00:00,CUST-2906,William Martin,william.martin309@example.com,Germany,Cologne,Home,Coffee Machine,20,196.78,25.99,2912.74,1671.83,1240.91,PayPal,Retail,Ava Chen,3,Yes,Promo campaign
ORD-100311,2025-04-30 00:00:00,CUST-1291,Nancy Wilson,nancy.wilson311@example.com,United Kingdom,Leeds,Electronics,Phone,7,815.21,16.84,4745.5,3149.74,1595.76,Mastercard,Phone,Noah Brown,5,No,Repeat order
ORD-100312,2026-03-29 00:00:00,CUST-3896,David Moore,david.moore312@example.com,Canada,Toronto,Home,Blender,24,118.12,0.42,2822.97,2048.48,774.49,Visa,Retail,Ethan Davis,2,No,Priority customer
ORD-100313,2024-02-02 00:00:00,CUST-3224,Daniel Lee,daniel.lee313@example.com,United States,Seattle,Software,Analytics Suite,20,799.7,11.41,14169.08,8704.77,5464.31,Bank Transfer,Online,Emma Clark,4,No,Manual review
ORD-100314,2024-01-26 00:00:00,CUST-4953,Elizabeth Miller,elizabeth.miller314@example.com,Germany,Hamburg,Office,Desk,12,465.79,6.83,5207.72,3401.33,1806.39,Cash,Retail,Mia Wilson,5,No,Promo campaign
ORD-100315,2025-12-31 00:00:00,CUST-5279,Thomas Martinez,thomas.martinez315@example.com,United Kingdom,Manchester,Electronics,Headphones,22,211.97,6.45,4362.55,2869.73,1492.82,Visa,Online,Ethan Davis,2,No,Repeat order
ORD-100317,2024-11-22 00:00:00,CUST-3220,Anthony Moore,missing.domain,Australia,Brisbane,Office,Chair,9,230.82,0.41,2068.86,1293.23,775.63,Mastercard,Partner,Mia Wilson,4,No,Repeat order
ORD-100319,2026-02-23 00:00:00,CUST-4812,Matthew Lee,matthew.lee319@example.com,Australia,Perth,Office,Desk,23,421.9,25.62,7217.61,5148.51,2069.1,Bank Transfer,Retail,Mia Wilson,4,No,Repeat order
ORD-100320,2025-04-17 00:00:00,CUST-2399,William Anderson,william.anderson320@example.com,Canada,Vancouver,Home,Air Purifier,15,242.61,0.95,3604.58,2254.42,1350.16,PayPal,Partner,Noah Brown,3,No,Promo campaign
ORD-100321,2024-06-11 00:00:00,CUST-4951,Patricia Wilson,patricia.wilson321@example.com,Germany,Berlin,Home,Blender,15,108.05,20.48,1288.82,764.41,524.41,Bank Transfer,Online,Sophia Taylor,4,No,Repeat order
ORD-100323,2025-08-17 00:00:00,CUST-6211,Karen Brown,karen.brown323@example.com,Germany,Frankfurt,Home,Lamp,21,74.75,0.44,-1562.84,877.81,-2440.65,Visa,Retail,Noah Brown,5,No,Priority customer
ORD-100325,2025-10-02 00:00:00,CUST-3606,Barbara Lee,barbara.lee325@example.com,Australia,Sydney,Home,Vacuum,10,317.99,5.86,2993.56,2086.66,906.9,Bank Transfer,Phone,Lucas Martin,5,No,Promo campaign
ORD-100326,2024-01-17 00:00:00,CUST-2179,Jennifer Jackson,jennifer.jackson326@example.com,United States,Los Angeles,Software,Security Suite,14,432.44,0.27,6037.81,3269.62,2768.19,Bank Transfer,Phone,Noah Brown,3,No,Manual review
ORD-100327,2025-03-10 00:00:00,CUST-5952,Susan Moore,susan.moore327@example.com,Germany,Frankfurt,Office,Scanner,17,217.79,25.77,2748.31,1615.24,1133.07,Visa,Phone,Mia Wilson,4,No,Repeat order
ORD-100328,2026-05-29 00:00:00,CUST-3289,Charles Anderson,charles.anderson328@example.com,Australia,Sydney,Software,Security Suite,4,499.91,0.28,1994.04,1474.37,519.67,Bank Transfer,Online,Liam Smith,4,No,Promo campaign
ORD-100332,2025-02-26 00:00:00,CUST-4138,Jessica Garcia,jessica.garcia332@example.com,Germany,Berlin,Home,Vacuum,5,293.03,1.68,1440.54,1074.4,366.14,Mastercard,Phone,Noah Brown,4,No,Manual review
ORD-100333,2025-06-29 00:00:00,CUST-2914,Barbara Johnson,barbara.johnson333@example.com,United Kingdom,London,Electronics,Phone,15,834.35,10.95,11144.83,8965.74,2179.09,Bank Transfer,Phone,Emma Clark,4,No,Manual review
ORD-100335,2024-11-16 00:00:00,CUST-5486,William Perez,william.perez335@example.com,Canada,Calgary,Office,Stationery Pack,25,41.14,16.36,860.24,703.65,156.59,Visa,Online,Liam Smith,2,No,Repeat order
ORD-100338,2025-02-06 00:00:00,CUST-2461,Richard Taylor,richard.taylor338@example.com,United Kingdom,London,Home,Air Purifier,6,238.89,26.96,1046.91,607.42,439.49,Bank Transfer,Online,Noah Brown,5,No,Promo campaign
ORD-100340,2025-12-06 00:00:00,CUST-4949,Richard Perez,richard.perez340@example.com,Australia,Adelaide,Software,Cloud Plan,14,314.65,1.08,4357.52,2270.23,2087.29,Visa,Partner,Sophia Taylor,4,No,Promo campaign
ORD-100343,2024-03-14 00:00:00,CUST-1302,David Johnson,david.johnson343@example.com,Canada,Toronto,Office,Stationery Pack,15,52.21,1.48,771.56,455.14,316.42,Mastercard,Phone,Ava Chen,5,No,Repeat order
ORD-100346,2025-05-13 00:00:00,CUST-1661,Sarah Garcia,sarah.garcia346@example.com,Canada,Vancouver,Electronics,Phone,4,944.39,21.56,2963.12,1554.72,1408.4,Visa,Online,Noah Brown,3,No,Repeat order
ORD-100347,2025-09-17 00:00:00,CUST-1308,Elizabeth Thomas,elizabeth.thomas347@example.com,Canada,Vancouver,Office,Chair,21,244.25,25.82,3804.88,3049.33,755.55,Cash,Retail,Emma Clark,3,No,Manual review
ORD-100350,2024-11-29 00:00:00,CUST-2884,Jessica Martin,jessica.martin350@example.com,Australia,Sydney,Office,Scanner,19,229.09,20.4,3464.76,2505.21,959.55,Visa,Partner,Mia Wilson,3,No,Priority customer
ORD-100351,2025-04-10 00:00:00,CUST-2458,Michael Taylor,michael.taylor351@example.com,United States,New York,Software,Design Suite,16,486.04,20.29,6198.76,4948.88,1249.88,Bank Transfer,Partner,Noah Brown,5,No,Promo campaign
ORD-100352,2025-04-14 00:00:00,CUST-4426,Barbara Rodriguez,barbara.rodriguez352@example.com,United States,Chicago,Office,Desk,23,435.82,10.27,8994.41,6975.12,2019.29,Mastercard,Partner,Mia Wilson,4,No,Manual review
ORD-100353,2025-04-29 00:00:00,CUST-4790,Daniel Thompson,daniel.thompson353@example.com,United States,Seattle,Office,Desk,14,475.78,26.72,4881.12,2855.13,2025.99,PayPal,Online,Lucas Martin,4,No,Priority customer
ORD-100355,2024-06-14 00:00:00,CUST-4762,Sarah Smith,sarah.smith355@example.com,Canada,Vancouver,Office,Printer,10,287.96,0.03,2878.74,2074.74,804.0,Cash,Online,Emma Clark,5,No,Manual review
ORD-100359,2024-06-17 00:00:00,CUST-3260,Nancy Williams,nancy.williams359@example.com,United States,Houston,Electronics,Laptop,13,1375.59,11.92,15751.06,8554.15,7196.91,Visa,Retail,Emma Clark,4,No,Repeat order
ORD-100360,2026-06-11 00:00:00,CUST-2903,Daniel Smith,daniel.smith360@example.com,United Kingdom,Leeds,Office,Scanner,12,217.5,0.58,2594.86,1398.33,1196.53,Cash,Partner,Lucas Martin,5,No,Manual review
ORD-100362,2024-11-20 00:00:00,CUST-5706,Karen Garcia,karen.garcia362@example.com,Germany,Hamburg,Office,Chair,23,280.45,0.32,6429.71,3568.97,2860.74,Mastercard,Phone,Ethan Davis,5,No,Repeat order
ORD-100363,2024-01-26 00:00:00,CUST-4314,Matthew Johnson,matthew.johnson363@example.com,United Kingdom,Birmingham,Office,Printer,15,318.73,1.07,4729.79,2631.88,2097.91,Bank Transfer,Retail,Emma Clark,5,No,Promo campaign
ORD-100365,2025-06-23 00:00:00,CUST-2819,Elizabeth Smith,elizabeth.smith365@example.com,Canada,Ottawa,Office,Scanner,12,193.71,1.22,2296.16,1328.43,967.73,PayPal,Retail,Ava Chen,3,No,Priority customer
ORD-100367,2026-07-08 00:00:00,CUST-4472,Elizabeth Moore,missing.domain,Germany,Berlin,Office,Scanner,24,259.06,25.58,4627.02,3524.41,1102.61,Bank Transfer,Retail,Liam Smith,4,No,Priority customer
ORD-100368,2025-12-28 00:00:00,CUST-5652,Thomas Wilson,thomas.wilson368@example.com,Australia,Adelaide,Software,CRM License,1,640.33,10.83,570.98,392.12,178.86,Mastercard,Retail,Noah Brown,5,No,Priority customer
ORD-100369,2024-11-03 00:00:00,CUST-6247,Mary Martinez,mary.martinez369@example.com,Germany,Hamburg,Software,Design Suite,24,561.65,126.06,13266.62,7511.66,5754.96,Bank Transfer,Online,Ethan Davis,5,No,Promo campaign
ORD-100376,2024-04-02 00:00:00,CUST-2192,John Martinez,john.martinez376@example.com,Australia,Sydney,Electronics,Headphones,7,187.9,5.37,1244.67,778.49,466.18,PayPal,Partner,Sophia Taylor,4,No,Manual review
ORD-100377,2024-06-24 00:00:00,CUST-5400,Lisa Thompson,lisa.thompson377@example.com,United States,Seattle,Electronics,Laptop,19,1322.24,6.43,23507.18,19023.87,4483.31,Visa,Online,Mia Wilson,5,No,Repeat order
ORD-100378,2024-11-17 00:00:00,CUST-2012,Jennifer Moore,jennifer.moore378@example.com,Australia,Melbourne,Home,Lamp,14,64.45,5.82,849.79,636.0,213.79,Bank Transfer,Online,Noah Brown,5,No,Promo campaign
ORD-100381,2025-02-13 00:00:00,CUST-3917,Michael Thompson,michael.thompson381@example.com,Canada,Toronto,Office,Scanner,24,223.24,11.51,4741.08,3604.62,1136.46,Bank Transfer,Phone,Emma Clark,4,No,Priority customer
ORD-100382,2024-03-10 00:00:00,CUST-5080,Patricia Brown,patricia.brown382@example.com,United Kingdom,Leeds,Software,Analytics Suite,21,1044.89,0.2,21898.8,11734.6,10164.2,Visa,Retail,Lucas Martin,5,No,Repeat order
ORD-100384,2025-03-17 00:00:00,CUST-2101,Richard Moore,richard.moore384@example.com,United Kingdom,Leeds,Software,Cloud Plan,2,275.47,11.77,11558.55,980.01,10578.54,PayPal,Phone,Emma Clark,3,No,Priority customer
ORD-100386,2024-02-27 00:00:00,CUST-6416,Robert Anderson,robert.anderson386@example.com,United Kingdom,Glasgow,Electronics,Monitor,13,308.74,16.98,3332.11,2144.48,1187.63,Mastercard,Retail,Mia Wilson,4,No,Promo campaign
ORD-100387,2025-06-11 00:00:00,CUST-4450,John Martinez,john.martinez387@example.com,US,Brisbane,Office,Desk,18,402.2,26.32,5334.14,3449.81,1884.33,PayPal,Online,Emma Clark,2,No,Priority customer
ORD-100389,2024-04-04 00:00:00,CUST-5736,Jessica Williams,jessica.williams389@example.com,Germany,Munich,Home,Air Purifier,2,227.55,21.61,356.75,252.35,104.4,Visa,Partner,Ethan Davis,3,No,Repeat order
ORD-100390,2025-02-28 00:00:00,CUST-4295,Jessica Thomas,jessica.thomas390@example.com,United States,Chicago,Electronics,Monitor,17,390.38,21.33,5220.9,3205.66,2015.24,PayPal,Phone,Noah Brown,2,No,Repeat order
ORD-100391,2024-03-02 00:00:00,CUST-5278,Jennifer Perez,jennifer.perez391@example.com,Canada,Vancouver,Software,Security Suite,21,492.38,21.87,8078.63,5961.9,2116.73,Mastercard,Partner,Emma Clark,4,No,Promo campaign
ORD-100395,2024-04-19 00:00:00,CUST-2434,Linda Thompson,linda.thompson395@example.com,Australia,Brisbane,Home,Blender,24,107.66,6.87,2406.33,1408.67,997.66,Mastercard,Partner,Emma Clark,5,No,Repeat order
ORD-100396,2024-05-28 00:00:00,CUST-3973,Mary Jackson,mary.jackson396@example.com,Germany,Hamburg,Electronics,Monitor,18,346.45,6.93,5803.94,4549.3,1254.64,Bank Transfer,Partner,Ethan Davis,2,No,Repeat order
ORD-100398,2024-03-23 00:00:00,CUST-5027,Elizabeth Williams,elizabeth.williams398@example.com,U.S.A,Chicago,Office,Chair,15,275.17,21.58,3236.82,1949.25,1287.57,Bank Transfer,Phone,Sophia Taylor,5,No,Manual review
ORD-100399,2024-02-23 00:00:00,CUST-6254,Patricia Garcia,patricia.garcia399@example.com,United Kingdom,Glasgow,Electronics,Monitor,14,367.04,15.91,4321.02,2282.39,2038.63,Mastercard,Phone,Noah Brown,2,No,Promo campaign
ORD-100400,2026-03-22 00:00:00,CUST-3616,Elizabeth Wilson,elizabeth.wilson400@example.com,Germany,Berlin,Electronics,Phone,8,867.34,1.69,6821.46,4950.51,1870.95,Bank Transfer,Phone,Noah Brown,4,No,Repeat order
ORD-100401,2024-08-17 00:00:00,CUST-1169,David Martinez,david.martinez401@example.com,United States,New York,Software,Security Suite,6,470.33,21.89,2204.25,1731.0,473.25,Visa,Retail,Liam Smith,5,No,Promo campaign
ORD-100404,2024-11-27 00:00:00,CUST-4256,Linda Thompson,linda.thompson404@example.com,Canada,Vancouver,Home,Blender,22,116.99,0.02,2573.27,1440.93,1132.34,Mastercard,Phone,Lucas Martin,4,No,Repeat order
ORD-100408,2025-12-27 00:00:00,CUST-5594,Mary Jackson,mary.jackson408@example.com,United Kingdom,Manchester,Software,Cloud Plan,4,377.09,25.08,1130.06,708.5,421.56,Bank Transfer,Phone,Emma Clark,3,No,Manual review
ORD-100409,2024-08-05 00:00:00,CUST-5780,Robert Brown,robert.brown409@example.com,United Kingdom,London,OFFICE,Printer,6,348.92,11.13,1860.51,1337.6,522.91,Visa,Retail,Lucas Martin,3,No,Priority customer
ORD-100412,2024-06-06 00:00:00,CUST-1987,Anthony Taylor,anthony.taylor412@example.com,Australia,Sydney,Office,Chair,13,287.88,11.29,3319.92,2676.95,642.97,PayPal,Phone,Lucas Martin,4,No,Repeat order
ORD-100413,2024-04-02 00:00:00,CUST-4461,Robert Anderson,robert.anderson413@example.com,Australia,Brisbane,Office,Scanner,15,251.28,25.54,2806.55,1964.87,841.68,PayPal,Retail,Lucas Martin,5,No,Repeat order
ORD-100414,2026-07-17 00:00:00,CUST-4912,David Moore,david.moore414@example.com,United States,Los Angeles,Software,Design Suite,21,595.61,0.58,12435.26,8097.92,4337.34,PayPal,Retail,Noah Brown,4,No,Repeat order
ORD-100417,2025-04-16 00:00:00,CUST-4318,Lisa Thompson,lisa.thompson417@example.com,United Kingdom,London,Software,Design Suite,1,477.08,0.03,476.94,341.84,135.1,Cash,Phone,Ethan Davis,5,No,Promo campaign
ORD-100418,2024-01-28 00:00:00,CUST-2714,Nancy Taylor,nancy.taylor418@example.com,United Kingdom,London,Office,Chair,1,237.37,1.39,234.07,134.93,99.14,Bank Transfer,Retail,Mia Wilson,5,No,Manual review
ORD-100420,2026-01-24 00:00:00,CUST-5740,Elizabeth Perez,elizabeth.perez420@example.com,Canada,Toronto,Home,Vacuum,4,296.25,21.96,924.77,716.31,208.46,Cash,Partner,Ava Chen,5,No,Repeat order
ORD-100421,2025-10-25 00:00:00,CUST-4417,Charles Thompson,charles.thompson421@example.com,Canada,Vancouver,Electronics,Headphones,1,178.07,16.11,149.38,89.68,59.7,Bank Transfer,Online,Emma Clark,5,No,Priority customer
ORD-100422,2026-08-01 00:00:00,CUST-5932,James Garcia,james.garcia422@example.com,United Kingdom,Manchester,Software,Security Suite,15,444.77,6.18,6259.25,4541.04,1718.21,Bank Transfer,Retail,Ethan Davis,5,No,Manual review
ORD-100427,2024-06-04 00:00:00,CUST-5338,Linda Jackson,linda.jackson427@example.com,United Kingdom,Birmingham,Office,Desk,9,408.62,20.72,2915.59,2097.76,817.83,Bank Transfer,Retail,Noah Brown,5,No,Priority customer
ORD-100428,2026-03-01 00:00:00,CUST-2346,Joseph Martin,joseph.martin428@example.com,United Kingdom,London,Software,Analytics Suite,25,767.95,0.17,19166.11,11776.45,7389.66,Bank Transfer,Online,Lucas Martin,2,No,Promo campaign
ORD-100429,2024-12-18 00:00:00,CUST-1064,Robert Perez,robert.perez429@example.com,Australia,Adelaide,Home,Lamp,13,79.96,11.44,920.56,565.32,355.24,PayPal,Retail,Lucas Martin,5,No,Repeat order
ORD-100431,2024-04-23 00:00:00,CUST-1491,Thomas Wilson,thomas.wilson431@example.com,United States,New York,Electronics,Headphones,19,168.37,11.45,2832.74,2311.76,520.98,PayPal,Partner,Sophia Taylor,3,Yes,Promo campaign
ORD-100432,2026-03-14 00:00:00,CUST-5692,Patricia Moore,patricia.moore432@example.com,United Kingdom,Glasgow,Electronics,Tablet,11,704.62,5.7,7309.02,4424.59,2884.43,Mastercard,Phone,Mia Wilson,3,No,Repeat order
ORD-100433,2024-08-07 00:00:00,CUST-4654,Michael Anderson,michael.anderson433@example.com,Canada,Toronto,Office,Scanner,14,192.95,0.85,2678.34,1497.24,1181.1,Visa,Partner,Lucas Martin,5,No,Repeat order
ORD-100434,2025-12-22 00:00:00,CUST-5204,Jessica Thomas,jessica.thomas434@example.com,Canada,Calgary,Software,Analytics Suite,5,915.22,26.42,3367.09,1881.58,1485.51,Cash,Online,Mia Wilson,5,No,Promo campaign
ORD-100436,2024-03-10 00:00:00,CUST-1366,Robert Perez,robert.perez436@example.com,Canada,Toronto,Home,Air Purifier,7,218.5,25.0,1147.12,784.93,362.19,Bank Transfer,Phone,Ethan Davis,5,No,Manual review
ORD-100441,2025-01-19 00:00:00,CUST-1990,Karen Wilson,karen.wilson441@example.com,United States,New York,Electronics,Monitor,13,308.9,0.83,3982.37,2458.18,1524.19,Visa,Retail,Mia Wilson,4,No,Manual review
ORD-100442,2024-08-27 00:00:00,CUST-1152,Thomas Taylor,thomas.taylor442@example.com,Australia,Brisbane,Electronics,Monitor,15,361.39,0.97,5368.27,3447.76,1920.51,PayPal,Online,Mia Wilson,4,No,Priority customer
ORD-100443,2026-07-22 00:00:00,CUST-5547,Joseph Williams,joseph.williams443@example.com,Germany,Munich,Office,Printer,18,364.3,6.08,6158.71,3985.46,2173.25,Bank Transfer,Online,Ava Chen,5,No,Repeat order
ORD-100444,2024-08-05 00:00:00,CUST-5793,Elizabeth Garcia,elizabeth.garcia444@example.com,Australia,Sydney,Software,Security Suite,20,447.74,22.0,6984.74,5397.33,1587.41,Cash,Partner,Ava Chen,4,No,Repeat order
ORD-100446,2024-01-10 00:00:00,CUST-2421,David Miller,david.miller446@example.com,Canada,Ottawa,Home,Vacuum,23,250.36,1.22,5688.03,2965.08,2722.95,Bank Transfer,Phone,Lucas Martin,3,No,Promo campaign
ORD-100448,2025-01-06 00:00:00,CUST-1301,Lisa Smith,lisa.smith448@example.com,United Kingdom,Birmingham,Office,Desk,20,443.66,5.47,8387.84,5604.27,2783.57,PayPal,Phone,Mia Wilson,2,No,Manual review
ORD-100450,2026-05-14 00:00:00,CUST-4333,Matthew Lee,matthew.lee450@example.com,Germany,Hamburg,Software,CRM License,14,689.99,1.71,9494.68,5857.27,3637.41,PayPal,Online,Emma Clark,5,No,Manual review
ORD-100453,2026-06-30 00:00:00,CUST-1532,Karen Thompson,karen.thompson453@example.com,Canada,Toronto,Software,Design Suite,4,491.81,1.83,1931.24,1222.9,708.34,Mastercard,Online,Emma Clark,2,No,Promo campaign
ORD-100454,2025-11-06 00:00:00,CUST-6111,Susan Williams,user@,Australia,Sydney,Electronics,Monitor,13,343.89,20.47,3555.44,2488.36,1067.08,Visa,Phone,Lucas Martin,5,No,Repeat order
ORD-100455,2024-03-10 00:00:00,CUST-5856,Karen Brown,karen.brown455@example.com,United Kingdom,London,Software,Design Suite,11,584.63,0.21,6417.43,4482.91,1934.52,Mastercard,Retail,Ethan Davis,5,No,Promo campaign
ORD-100457,2024-07-24 00:00:00,CUST-6247,Elizabeth Anderson,elizabeth.anderson457@example.com,Australia,Adelaide,Office,Desk,8,427.29,0.84,3389.61,1961.3,1428.31,Mastercard,Online,Sophia Taylor,4,No,Promo campaign
ORD-100458,2026-07-21 00:00:00,CUST-1345,Matthew Moore,matthew.moore458@example.com,Germany,Hamburg,Home,Blender,10,108.7,0.21,1084.72,849.15,235.57,Bank Transfer,Retail,Ava Chen,4,No,Priority customer
ORD-100459,2024-01-31 00:00:00,CUST-5544,Karen Miller,karen.miller459@example.com,United States,Houston,Home,Lamp,7,68.75,0.73,477.74,258.99,218.75,Visa,Retail,Ethan Davis,5,No,Repeat order
ORD-100462,2025-08-24 00:00:00,CUST-2549,Michael Miller,michael.miller462@example.com,Germany,Frankfurt,Home,Air Purifier,20,238.02,6.84,4434.79,3321.32,1113.47,Cash,Partner,Noah Brown,5,No,Promo campaign
ORD-100463,2024-06-20 00:00:00,CUST-5166,William Jones,william.jones463@example.com,Germany,Cologne,Software,Analytics Suite,24,789.18,26.58,13905.98,9796.29,4109.69,Bank Transfer,Partner,Emma Clark,5,No,Promo campaign
ORD-100465,2024-02-12 00:00:00,CUST-4811,Jennifer Anderson,jennifer.anderson465@example.com,United Kingdom,Glasgow,Electronics,Phone,25,746.07,26.04,13794.83,8125.89,5668.94,Cash,Partner,Lucas Martin,5,No,Priority customer
ORD-100469,2024-05-11 00:00:00,CUST-3503,David Miller,david.miller469@example.com,Canada,Calgary,Office,Scanner,15,248.92,0.75,3705.8,2569.06,1136.74,Visa,Phone,Sophia Taylor,5,No,Priority customer
ORD-100471,2025-07-20 00:00:00,CUST-2455,Sarah Taylor,sarah.taylor471@example.com,United States,Houston,Electronics,Monitor,19,408.6,10.19,6972.31,3843.79,3128.52,Visa,Phone,Ava Chen,4,No,Priority customer
ORD-100474,2026-01-24 00:00:00,CUST-1746,Joseph Williams,joseph.williams474@example.com,Canada,Ottawa,Office,Stationery Pack,11,51.77,25.92,421.86,292.28,129.58,PayPal,Phone,Sophia Taylor,4,No,Manual review
ORD-100476,2024-07-31 00:00:00,CUST-5145,Matthew Miller,matthew.miller476@example.com,Canada,Calgary,Electronics,Monitor,3,384.75,15.82,971.65,553.31,418.34,Visa,Phone,Ava Chen,3,No,Promo campaign
ORD-100477,2024-11-30 00:00:00,CUST-6491,Lisa Moore,lisa.moore477@example.com,Canada,Montreal,Software,Analytics Suite,13,776.22,10.23,9058.57,7202.84,1855.73,Bank Transfer,Phone,Emma Clark,3,No,Promo campaign
ORD-100480,2026-13-40,CUST-1791,Linda Miller,linda.miller480@example.com,Australia,Sydney,Software,CRM License,1,624.81,6.36,585.07,315.32,269.75,Mastercard,Retail,Ava Chen,5,No,Manual review
ORD-100481,2024-11-27 00:00:00,CUST-2422,David Wilson,david.wilson481@example.com,Germany,Munich,Office,Stationery Pack,13,52.19,0.46,-675.35,372.63,-1047.98,Visa,Phone,Sophia Taylor,2,No,Priority customer
ORD-100482,2024-04-14 00:00:00,CUST-5392,Linda Williams,linda.williams482@example.com,United Kingdom,Glasgow,Home,Vacuum,3,319.82,20.6,761.81,533.01,228.8,Cash,Retail,Ethan Davis,3,No,Promo campaign
ORD-100483,2025-04-04 00:00:00,CUST-4132,Matthew Taylor,matthew.taylor483@example.com,United States,Chicago,Office,Printer,22,312.82,15.04,5846.98,4640.34,1206.64,Cash,Retail,Ava Chen,4,Yes,Manual review
ORD-100485,2024-02-25 00:00:00,CUST-6447,Daniel Johnson,daniel.johnson485@example.com,Germany,Frankfurt,Home,Vacuum,8,316.26,15.69,2133.11,1240.93,892.18,Mastercard,Retail,Lucas Martin,5,No,Promo campaign
ORD-100486,2025-07-16 00:00:00,CUST-2674,James Williams,james.williams486@example.com,Canada,Toronto,Office,Desk,21,494.49,5.25,9839.11,5628.98,4210.13,Mastercard,Online,Lucas Martin,5,No,Promo campaign
ORD-100487,2024-03-22 00:00:00,CUST-3945,Michael Davis,michael.davis487@example.com,Canada,Vancouver,Office,Printer,10,322.47,5.54,3046.05,2297.9,748.15,Bank Transfer,Phone,Noah Brown,5,No,Repeat order
ORD-100488,2026-01-14 00:00:00,CUST-2439,Karen Thomas,karen.thomas488@example.com,United States,Houston,Electronics,Tablet,14,679.1,11.19,8443.52,4777.68,3665.84,PayPal,Phone,Emma Clark,4,No,Priority customer
ORD-100489,2026-06-01 00:00:00,CUST-5101,Sarah Thompson,sarah.thompson489@example.com,Canada,Toronto,Home,Coffee Machine,23,190.92,1.83,4310.8,2247.02,2063.78,PayPal,Phone,Lucas Martin,5,No,Promo campaign
ORD-100490,31/02/2026,CUST-4574,Barbara Taylor,barbara.taylor490@example.com,Canada,Montreal,Electronics,Tablet,2,706.51,0.77,1402.14,967.03,435.11,PayPal,Partner,Emma Clark,5,No,Promo campaign
ORD-100491,2024-09-24 00:00:00,CUST-5959,Richard Thomas,richard.thomas491@example.com,United States,Los Angeles,Software,CRM License,12,687.84,1.39,8139.35,5808.24,2331.11,Bank Transfer,Retail,Ethan Davis,4,No,Promo campaign
ORD-100492,2025-03-09 00:00:00,CUST-2358,Jennifer Smith,jennifer.smith492@example.com,Australia,Sydney,Software,Cloud Plan,23,333.9,1.04,7599.83,4382.42,3217.41,Bank Transfer,Partner,Ethan Davis,5,No,Promo campaign
ORD-100493,2024-06-21 00:00:00,CUST-5028,Susan Williams,susan.williams493@example.com,Australia,Adelaide,Home,Coffee Machine,9,208.45,21.4,1474.58,769.62,704.96,Visa,Online,Liam Smith,5,No,Promo campaign
ORD-100494,2025-04-06 00:00:00,CUST-5645,Elizabeth Thomas,elizabeth.thomas494@example.com,United States,Los Angeles,Home,Coffee Machine,23,169.92,25.36,2917.05,2346.9,570.15,Mastercard,Retail,Mia Wilson,2,No,Manual review
ORD-100495,2024-05-07 00:00:00,CUST-3267,Anthony Miller,anthony.miller495@example.com,United Kingdom,Leeds,Software,Design Suite,4,636.47,0.16,2541.81,1387.1,1154.71,Visa,Partner,Ava Chen,4,No,Promo campaign
ORD-100496,2024-01-08 00:00:00,CUST-4077,Anthony Brown,anthony.brown496@example.com,Australia,Sydney,Home,Vacuum,22,291.82,0.19,6407.84,4336.19,2071.65,Cash,Partner,Emma Clark,5,No,Repeat order
ORD-100498,2024-01-04 00:00:00,CUST-6227,James Thompson,james.thompson498@example.com,Australia,Adelaide,Home,Coffee Machine,12,189.84,26.03,1685.1,1210.02,475.08,PayPal,Online,Sophia Taylor,2,No,Promo campaign
ORD-100499,2025-05-02 00:00:00,CUST-6393,David Moore,david.moore499@example.com,United States,Seattle,Software,Cloud Plan,24,336.69,0.7,8024.0,6433.04,1590.96,Visa,Phone,Ethan Davis,4,No,Manual review
ORD-100500,2024-04-28 00:00:00,CUST-4949,Thomas Perez,thomas.perez500@example.com,Germany,Berlin,Office,Scanner,3,208.88,25.34,467.85,305.92,161.93,Cash,Retail,Mia Wilson,4,No,Promo campaign
ORD-100504,2024-10-30 00:00:00,CUST-2793,Nancy Jones,nancy.jones504@example.com,Germany,Cologne,Office,Desk,13,358.27,25.63,3463.79,2649.26,814.53,Bank Transfer,Phone,Noah Brown,4,No,Promo campaign
ORD-100505,2024-10-25 00:00:00,CUST-4085,Matthew Johnson,matthew.johnson505@example.com,Germany,Hamburg,Home,Blender,23,97.98,26.26,1661.76,971.65,690.11,Visa,Partner,Noah Brown,4,No,Manual review
ORD-100506,2024-12-11 00:00:00,CUST-4460,Linda Johnson,linda.johnson506@example.com,United States,Houston,Software,Security Suite,22,552.52,1.98,11914.76,8154.26,3760.5,Bank Transfer,Partner,Lucas Martin,5,No,Promo campaign
ORD-100509,2025-05-15 00:00:00,CUST-3479,Patricia Martin,patricia.martin509@example.com,United Kingdom,Glasgow,Software,Analytics Suite,21,979.6,5.07,19528.62,11565.95,7962.67,Cash,Retail,Lucas Martin,3,No,Manual review
ORD-100513,2026-07-15 00:00:00,CUST-3403,Thomas Martinez,thomas.martinez513@example.com,United Kingdom,Glasgow,Office,Scanner,22,187.01,10.09,3699.1,2973.11,725.99,Cash,Phone,Noah Brown,5,No,Repeat order
ORD-100514,2026-05-26 00:00:00,CUST-2763,Barbara Thompson,barbara.thompson514@example.com,Germany,Cologne,Office,Desk,22,470.62,5.07,9828.71,5528.65,4300.06,Mastercard,Retail,Sophia Taylor,4,No,Repeat order
ORD-100515,2025-11-23 00:00:00,CUST-4484,Susan Williams,susan.williams515@example.com,Germany,Hamburg,Home,Lamp,21,80.37,20.91,1334.86,1072.46,262.4,Mastercard,Retail,Liam Smith,4,No,Promo campaign
ORD-100516,2024-09-10 00:00:00,CUST-1635,Daniel Miller,daniel.miller516@example.com,United Kingdom,Glasgow,Office,Scanner,5,209.97,20.76,831.9,673.18,158.72,PayPal,Online,Liam Smith,5,No,Promo campaign
ORD-100517,2024-04-17 00:00:00,CUST-2011,John Anderson,john.anderson517@example.com,United Kingdom,Birmingham,Office,Chair,9,221.85,21.96,1558.19,914.14,644.05,Mastercard,Partner,Emma Clark,3,No,Promo campaign
ORD-100518,2025-11-25 00:00:00,CUST-5355,Charles Martinez,charles.martinez518@example.com,Germany,Hamburg,Electronics,Laptop,6,1145.93,20.36,5475.71,4171.54,1304.17,Cash,Phone,Emma Clark,4,No,Promo campaign
ORD-100519,2025-09-15 00:00:00,CUST-4426,Thomas Jones,thomas.jones519@example.com,United States,Los Angeles,Software,Design Suite,24,525.41,16.42,10539.3,6268.07,4271.23,Bank Transfer,Retail,Emma Clark,5,No,Repeat order
ORD-100521,2025-11-24 00:00:00,CUST-5361,John Martinez,john.martinez521@example.com,Germany,Frankfurt,Electronics,Tablet,22,610.72,0.96,13306.86,8975.52,4331.34,Visa,Phone,Ava Chen,4,No,Promo campaign
ORD-100522,2026-06-22 00:00:00,CUST-5288,James Thomas,james.thomas522@example.com,Germany,Hamburg,Office,Stationery Pack,22,47.3,26.93,760.37,549.26,211.11,Mastercard,Retail,Liam Smith,5,No,Repeat order
ORD-100524,2025-04-16 00:00:00,CUST-3691,Lisa Perez,lisa.perez524@example.com,Canada,Vancouver,Home,Blender,2,127.46,25.11,190.91,99.61,91.3,PayPal,Partner,Liam Smith,2,No,Promo campaign
ORD-100526,2024-01-06 00:00:00,CUST-3942,Susan Garcia,susan.garcia526@example.com,Germany,Hamburg,Electronics,Tablet,22,676.19,0.28,14834.53,11038.78,3795.75,Mastercard,Online,Mia Wilson,4,Yes,Priority customer
ORD-100528,2024-01-09 00:00:00,CUST-4558,James Jones,james.jones528@example.com,United States,Chicago,Electronics,Phone,2,912.77,114.72,1536.01,1073.86,462.15,Bank Transfer,Partner,Ethan Davis,5,No,Priority customer
ORD-100529,2026-04-20 00:00:00,CUST-4515,Linda Thompson,missing.domain,United States,Seattle,Office,Chair,9,286.79,11.99,2271.63,1349.82,921.81,Mastercard,Phone,Liam Smith,4,No,Manual review
ORD-100530,2025-09-23 00:00:00,CUST-2635,Charles Jones,charles.jones530@example.com,United States,New York,Office,Scanner,2,206.88,6.86,385.38,249.68,135.7,Visa,Online,Lucas Martin,5,No,Promo campaign
ORD-100532,2024-12-08 00:00:00,CUST-3493,Mary Wilson,mary.wilson532@example.com,United States,Chicago,Software,Security Suite,20,423.96,0.5,8436.8,5630.6,2806.2,Visa,Online,Ava Chen,4,No,Promo campaign
ORD-100535,2024-03-03 00:00:00,CUST-2558,Susan Williams,susan.williams535@example.com,Canada,Calgary,Electronics,Phone,20,799.4,0.58,15895.27,12823.36,3071.91,Bank Transfer,Phone,Liam Smith,4,No,Repeat order
ORD-100539,2025-08-18 00:00:00,CUST-6159,Sarah Perez,sarah.perez539@example.com,Australia,Perth,Home,Blender,18,100.98,25.44,1355.23,814.0,541.23,Bank Transfer,Retail,Emma Clark,4,No,Priority customer
ORD-100540,2026-01-16 00:00:00,CUST-2477,Barbara Jones,barbara.jones540@example.com,Canada,Toronto,Software,Analytics Suite,15,819.95,0.38,12252.51,8174.33,4078.18,PayPal,Online,Ethan Davis,4,No,Manual review
ORD-100541,2026-01-14 00:00:00,CUST-1096,Richard Thompson,richard.thompson541@example.com,United States,New York,Office,Desk,14,390.99,20.2,4368.14,2961.75,1406.39,Cash,Online,Lucas Martin,5,Yes,Manual review
ORD-100542,2026-03-21 00:00:00,CUST-1871,James Johnson,james.johnson542@example.com,United States,Los Angeles,Electronics,Monitor,5,405.91,1.58,1997.48,1044.32,953.16,Cash,Partner,Liam Smith,4,No,Manual review
ORD-100547,2024-05-21 00:00:00,CUST-6357,Robert Garcia,robert.garcia547@example.com,Canada,Montreal,Home,Lamp,14,70.62,21.2,779.08,553.91,225.17,Mastercard,Phone,Lucas Martin,5,No,Priority customer
ORD-100549,2024-02-27 00:00:00,CUST-2128,Barbara Anderson,barbara.anderson549@example.com,United States,Chicago,Software,Analytics Suite,18,1053.63,20.48,15081.24,11587.62,3493.62,Visa,Retail,Lucas Martin,2,No,Priority customer
ORD-100551,2026-06-21 00:00:00,CUST-6262,Lisa Martin,lisa.martin551@example.com,United Kingdom,Leeds,Software,Security Suite,15,531.77,0.57,7931.08,4495.07,3436.01,Visa,Retail,Noah Brown,2,No,Priority customer
ORD-100553,2025-10-24 00:00:00,CUST-4475,Sarah Thompson,sarah.thompson553@example.com,Australia,Perth,Software,Security Suite,21,509.68,20.33,8527.3,6489.29,2038.01,Mastercard,Partner,Liam Smith,3,No,Repeat order
ORD-100554,2024-11-12 00:00:00,CUST-2537,Anthony Wilson,anthony.wilson554@example.com,australia,Melbourne,Home,Coffee Machine,18,168.18,6.19,2839.85,2121.24,718.61,Cash,Retail,Ava Chen,4,No,Repeat order
ORD-100557,2024-10-24 00:00:00,CUST-3951,Matthew Davis,matthew.davis557@example.com,United States,Los Angeles,Office,Stationery Pack,17,52.99,15.89,19534.8,1242.76,18292.04,Cash,Phone,Ava Chen,5,No,Repeat order
ORD-100560,2025-06-02 00:00:00,CUST-4687,Richard Thomas,richard.thomas560@example.com,Germany,Munich,Software,Security Suite,17,541.82,15.75,7760.22,5623.52,2136.7,PayPal,Online,Ava Chen,4,No,Repeat order
ORD-100562,2025-12-20 00:00:00,CUST-4901,Lisa Brown,lisa.brown562@example.com,Canada,Calgary,Office,Scanner,11,191.68,16.99,1750.25,1165.47,584.78,Visa,Partner,Emma Clark,2,No,Priority customer
ORD-100564,2025-11-16 00:00:00,CUST-3125,John Jones,john.jones564@example.com,Australia,Brisbane,Software,CRM License,10,739.92,26.74,5420.65,3672.13,1748.52,Mastercard,Online,Liam Smith,5,No,Manual review
ORD-100565,2026-07-23 00:00:00,CUST-5672,Elizabeth Garcia,elizabeth.garcia565@example.com,United States,Chicago,Software,Cloud Plan,16,328.55,1.93,5155.34,3356.31,1799.03,Bank Transfer,Online,Mia Wilson,3,No,Repeat order
ORD-100566,2025-11-21 00:00:00,CUST-4329,Karen Jones,karen.jones566@example.com,United Kingdom,Birmingham,Electronics,Phone,15,984.44,26.73,10819.49,5994.89,4824.6,PayPal,Online,Emma Clark,4,No,Promo campaign
ORD-100569,2024-04-16 00:00:00,CUST-1734,Sarah Thomas,sarah.thomas569@example.com,Canada,Montreal,Software,Security Suite,23,506.27,1.99,11412.49,8693.83,2718.66,Visa,Phone,Liam Smith,5,No,Repeat order
ORD-100570,2026-05-26 00:00:00,CUST-4846,Sarah Brown,sarah.brown570@example.com,Canada,Ottawa,Electronics,Monitor,14,321.97,26.1,3331.1,1846.6,1484.5,Visa,Partner,Emma Clark,5,No,Promo campaign
ORD-100572,2025-09-23 00:00:00,CUST-6279,Barbara Martin,barbara.martin572@example.com,Germany,Hamburg,Home,Coffee Machine,19,223.75,6.11,3991.5,2544.22,1447.28,Bank Transfer,Online,Lucas Martin,4,No,Priority customer
ORD-100576,2025-05-13 00:00:00,CUST-6125,William Garcia,william.garcia576@example.com,Australia,Sydney,Software,Security Suite,7,469.9,26.59,2414.68,1555.35,859.33,Visa,Retail,Lucas Martin,5,No,Promo campaign
ORD-100579,2026-05-16 00:00:00,CUST-3302,Matthew Lee,matthew.lee579@example.com,United Kingdom,Leeds,Software,Cloud Plan,17,371.93,5.5,5975.06,3461.73,2513.33,Bank Transfer,Online,Ethan Davis,4,No,Promo campaign
ORD-100582,2025-09-08 00:00:00,CUST-2738,James Wilson,james.wilson582@example.com,Australia,Brisbane,Office,Scanner,19,244.73,6.12,4365.3,2774.92,1590.38,Cash,Retail,Liam Smith,4,No,Manual review
ORD-100583,2024-10-08 00:00:00,CUST-4450,Nancy Williams,nancy.williams583@example.com,Germany,Frankfurt,Software,Security Suite,11,439.39,1.61,4755.47,3184.24,1571.23,Visa,Online,Emma Clark,4,No,Repeat order
ORD-100587,2026-02-10 00:00:00,CUST-5785,William Wilson,william.wilson587@example.com,Germany,Frankfurt,Home,Coffee Machine,5,198.08,0.25,987.92,769.16,218.76,Bank Transfer,Phone,Liam Smith,4,No,Promo campaign
ORD-100589,2025-04-09 00:00:00,CUST-6368,Nancy Miller,nancy.miller589@example.com,Canada,Calgary,Office,Scanner,4,211.72,16.52,706.98,433.77,273.21,Mastercard,Online,Noah Brown,4,No,Priority customer
ORD-100591,2024-03-27 00:00:00,CUST-3903,James Moore,james.moore591@example.com,United States,Chicago,Electronics,Tablet,22,615.12,15.53,11431.02,9122.85,2308.17,Bank Transfer,Retail,Noah Brown,5,No,Repeat order
ORD-100592,2024-06-29 00:00:00,CUST-5866,David Johnson,david.johnson592@example.com,Canada,Montreal,Home,Vacuum,2,297.93,20.39,474.36,273.63,200.73,PayPal,Phone,Lucas Martin,3,No,Promo campaign
ORD-100593,2026-06-22 00:00:00,CUST-6080,Linda Brown,linda.brown593@example.com,United States,New York,Electronics,Laptop,19,1125.41,1.06,21156.13,12749.48,8406.65,Bank Transfer,Phone,Lucas Martin,3,No,Manual review
ORD-100595,2026-06-21 00:00:00,CUST-1630,Jennifer Garcia,jennifer.garcia595@example.com,United Kingdom,Leeds,Office,Desk,22,422.78,15.04,7902.27,6419.1,1483.17,Mastercard,Online,Sophia Taylor,5,No,Priority customer
ORD-100597,00/00/0000,CUST-6438,Sarah Rodriguez,sarah.rodriguez597@example.com,Canada,Montreal,Home,Lamp,1,78.62,11.42,69.64,54.84,14.8,Cash,Phone,Liam Smith,4,No,Promo campaign
ORD-100599,2024-10-09 00:00:00,CUST-3533,Daniel Lee,daniel.lee599@example.com,Canada,Ottawa,Office,Printer,22,299.19,15.78,5543.51,3576.61,1966.9,Mastercard,Online,Sophia Taylor,3,No,Priority customer
ORD-100601,2026-05-04 00:00:00,CUST-1005,James Moore,james.moore601@example.com,Australia,Melbourne,Home,Blender,4,95.43,10.01,343.51,214.93,128.58,Visa,Partner,Noah Brown,5,No,Manual review
ORD-100603,2024-07-23 00:00:00,CUST-3466,Karen Martinez,karen.martinez603@example.com,United States,Seattle,Software,Security Suite,19,430.05,5.5,7721.55,4979.58,2741.97,PayPal,Online,Ethan Davis,5,No,Priority customer
ORD-100606,2025-08-21 00:00:00,CUST-5184,Daniel Brown,daniel.brown606@example.com,United Kingdom,Glasgow,Electronics,Monitor,19,353.11,16.73,5586.66,3108.6,2478.06,Visa,Retail,Noah Brown,5,No,Promo campaign
ORD-100609,2025-11-14 00:00:00,CUST-3254,Jennifer Jones,jennifer.jones609@example.com,United States,Los Angeles,Office,Scanner,16,208.06,1.92,3265.04,2180.69,1084.35,Bank Transfer,Phone,Liam Smith,5,No,Priority customer
ORD-100610,2025-11-03 00:00:00,CUST-6078,Robert Smith,robert.smith610@example.com,United Kingdom,Leeds,Electronics,Headphones,13,153.65,10.07,1796.31,1284.59,511.72,Bank Transfer,Online,Sophia Taylor,4,No,Promo campaign
ORD-100611,2024-06-04 00:00:00,CUST-3882,Joseph Rodriguez,joseph.rodriguez611@example.com,Australia,Melbourne,Home,Blender,17,101.15,21.03,1357.93,777.21,580.72,Cash,Partner,Emma Clark,4,No,Manual review
ORD-100612,2026-03-05 00:00:00,CUST-6397,Nancy Martinez,nancy.martinez612@example.com,Canada,Toronto,Software,Cloud Plan,16,335.98,1.15,5313.86,4241.65,1072.21,Cash,Partner,Noah Brown,5,No,Repeat order
ORD-100614,2025-10-08 00:00:00,CUST-1241,Lisa Taylor,lisa.taylor614@example.com,Canada,Toronto,Electronics,Headphones,9,159.8,0.88,1425.54,901.36,524.18,Mastercard,Partner,Liam Smith,5,No,Promo campaign
ORD-100615,2026-04-13 00:00:00,CUST-5329,Charles Lee,charles.lee615@example.com,United States,Los Angeles,Home,Lamp,15,75.18,5.4,1066.8,606.61,460.19,Mastercard,Online,Ava Chen,3,No,Manual review
ORD-100616,2026-04-27 00:00:00,CUST-4880,Robert Smith,robert.smith616@example.com,United Kingdom,Leeds,Electronics ,Monitor,6,376.31,25.38,1684.82,980.97,703.85,Cash,Partner,Sophia Taylor,4,No,Priority customer
ORD-100618,2026-07-02 00:00:00,CUST-1908,John Garcia,john.garcia618@example.com,United Kingdom,London,Office,Stationery Pack,20,45.68,21.24,719.55,492.02,227.53,Cash,Phone,Ethan Davis,2,Yes,Priority customer
ORD-100621,2025-03-16 00:00:00,CUST-4496,James Miller,james.miller621@example.com,Germany,Cologne,Software,CRM License,18,655.93,21.53,9264.75,6750.59,2514.16,Cash,Retail,Liam Smith,5,No,Repeat order
ORD-100624,2025-12-15 00:00:00,CUST-5435,Jessica Anderson,jessica.anderson624@example.com,United States,Houston,Home,Air Purifier,25,247.67,6.05,5817.15,3491.81,2325.34,Cash,Online,Ava Chen,5,No,Promo campaign
ORD-100626,2025-01-28 00:00:00,CUST-4637,Jessica Johnson,jessica.johnson626@example.com,United Kingdom,Birmingham,Software,Security Suite,3,417.46,20.99,989.51,770.66,218.85,Visa,Retail,Mia Wilson,5,No,Priority customer
ORD-100627,2026-04-09 00:00:00,CUST-5841,Sarah Johnson,sarah.johnson627@example.com,United Kingdom,London,Home,Vacuum,20,307.71,16.85,5117.22,4054.04,1063.18,Mastercard,Online,Sophia Taylor,5,No,Manual review
ORD-100629,2026-04-09 00:00:00,CUST-5980,Anthony Lee,anthony.lee629@example.com,United Kingdom,Birmingham,Software,CRM License,20,611.33,11.32,10842.55,8183.17,2659.38,Visa,Online,Ethan Davis,5,No,Manual review
ORD-100630,2024-08-11 00:00:00,CUST-4347,Jennifer Moore,jennifer.moore630@example.com,Canada,Toronto,Software,CRM License,15,560.44,15.96,7064.91,5463.28,1601.63,Visa,Online,Ethan Davis,5,No,Priority customer
ORD-100631,2024-08-26 00:00:00,CUST-1937,Jennifer Rodriguez,jennifer.rodriguez631@example.com,United Kingdom,Birmingham,Software,Analytics Suite,8,952.21,1.74,7485.13,5365.29,2119.84,Visa,Retail,Emma Clark,5,Yes,Promo campaign
ORD-100637,31/02/2026,CUST-1667,Charles Jones,charles.jones637@example.com,Germany,Munich,Software,Design Suite,22,501.53,11.59,9754.86,6072.12,3682.74,Bank Transfer,Phone,Noah Brown,5,No,Manual review
ORD-100638,2024-02-04 00:00:00,CUST-4534,Michael Garcia,michael.garcia638@example.com,Canada,Toronto,Office,Desk,14,393.5,26.49,64105.64,6741.68,57363.96,Visa,Retail,Liam Smith,4,No,Repeat order
ORD-100640,2026-04-19 00:00:00,CUST-5172,Joseph Thomas,joseph.thomas640@example.com,Canada,Calgary,Home,Lamp,23,62.61,1.45,1419.15,988.96,430.19,Visa,Retail,Ava Chen,5,No,Priority customer
ORD-100641,2025-06-21 00:00:00,CUST-5749,Richard Wilson,richard.wilson641@example.com,USA,Vancouver,Home,Vacuum,8,265.48,15.1,1803.14,1217.67,585.47,Cash,Phone,Ethan Davis,5,No,Manual review
ORD-100645,2025-06-09 00:00:00,CUST-1606,William Brown,william.brown645@example.com,AUS,London,Office,Desk,11,378.72,15.55,3518.12,2495.01,1023.11,PayPal,Online,Lucas Martin,3,No,Manual review
ORD-100647,2025-12-05 00:00:00,CUST-3155,Robert Miller,robert.miller647@example.com,Australia,Adelaide,Office,Desk,14,366.32,6.42,4799.23,2551.48,2247.75,Cash,Phone,Mia Wilson,5,No,Promo campaign
ORD-100648,2024-08-12 00:00:00,CUST-1920,Jennifer Martinez,jennifer.martinez648@example.com,United States,Chicago,Software,Cloud Plan,21,313.42,16.09,5522.81,3361.32,2161.49,PayPal,Phone,Emma Clark,5,No,Priority customer
ORD-100649,2026-04-04 00:00:00,CUST-5007,Patricia Garcia,patricia.garcia649@example.com,Canada,Montreal,Electronics,Monitor,23,343.48,1.55,7777.59,5173.04,2604.55,Cash,Phone,Mia Wilson,2,No,Repeat order
ORD-100651,2024-12-03 00:00:00,CUST-2058,Elizabeth Moore,elizabeth.moore651@example.com,Canada,Vancouver,Office,Stationery Pack,2196,49.83,1.9,342.18,240.89,101.29,Cash,Online,Ava Chen,5,No,Promo campaign
ORD-100652,2025-02-09 00:00:00,CUST-2878,David Anderson,david.anderson652@example.com,Germany,Berlin,Electronics,Headphones,7,174.51,6.97,1136.43,876.69,259.74,PayPal,Retail,Sophia Taylor,5,No,Repeat order
ORD-100653,2024-01-25 00:00:00,CUST-2884,Lisa Davis,lisa.davis653@example.com,Australia,Sydney,Electronics,Headphones,4,182.79,25.08,547.79,331.37,216.42,Mastercard,Online,Ethan Davis,3,No,Priority customer
ORD-100654,2025-07-08 00:00:00,CUST-5955,Daniel Taylor,daniel.taylor654@example.com,United States,Chicago,Electronics,Laptop,3,1219.79,20.04,2926.03,2173.44,752.59,Mastercard,Online,Lucas Martin,4,No,Manual review
ORD-100655,2025-04-27 00:00:00,CUST-4084,Elizabeth Wilson,elizabeth.wilson655@example.com,Canada,Ottawa,Electronics,Monitor,9,350.5,0.53,3137.78,2249.21,888.57,PayPal,Phone,Liam Smith,4,No,Repeat order
ORD-100656,2026-01-01 00:00:00,CUST-1887,William Jackson,william.jackson656@example.com,United Kingdom,Glasgow,Office,Scanner,4069,259.1,21.9,202.36,151.53,50.83,Bank Transfer,Retail,Ava Chen,5,No,Priority customer
ORD-100657,2026-06-04 00:00:00,CUST-5012,Barbara Jackson,barbara.jackson657@example.com,Germany,Berlin,Home,Air Purifier,5,268.13,0.19,1338.1,763.76,574.34,Cash,Retail,Liam Smith,4,No,Manual review
ORD-100658,2025-12-06 00:00:00,CUST-5631,Jessica Martin,jessica.martin658@example.com,Germany,Munich,Electronics,Tablet,9,591.55,16.67,4436.45,2355.55,2080.9,Cash,Phone,Ava Chen,4,No,Manual review
ORD-100660,2025-06-21 00:00:00,CUST-4991,Jennifer Martin,jennifer.martin660@example.com,Australia,Melbourne,Office,Scanner,4,189.84,20.99,599.97,424.69,175.28,Mastercard,Phone,Lucas Martin,2,No,Priority customer
ORD-100663,2024-07-16 00:00:00,CUST-3249,Karen Moore,karen.moore663@example.com,Germany,Munich,Electronics,Monitor,21,362.08,5.69,282263.77,13496.79,268766.98,PayPal,Phone,Ethan Davis,5,No,Priority customer
ORD-100664,2024-04-14 00:00:00,CUST-2037,William Lee,william.lee664@example.com,Germany,Munich,Electronics,Headphones,2665,159.12,5.56,751.36,449.98,301.38,Cash,Phone,Sophia Taylor,4,No,Promo campaign
ORD-100665,2024-01-01 00:00:00,CUST-3648,Karen Jackson,karen.jackson665@example.com,United States,Los Angeles,Electronics,Phone,7,748.12,0.29,5221.65,3460.07,1761.58,Visa,Online,Noah Brown,5,No,Priority customer
ORD-100666,2026-05-08 00:00:00,CUST-5276,David Martinez,david.martinez666@example.com,Germany,Berlin,Office,Stationery Pack,13,43.85,21.41,448.0,280.67,167.33,PayPal,Online,Mia Wilson,4,No,Manual review
ORD-100668,2024-01-06 00:00:00,CUST-5802,Karen Lee,karen.lee668@example.com,United States,Houston,Home,Coffee Machine,24,223.91,5.88,5057.86,3428.22,1629.64,PayPal,Partner,Liam Smith,5,No,Repeat order
ORD-100669,2025-08-08 00:00:00,CUST-1249,James Thompson,james.thompson669@example.com,United Kingdom,London,Home,Lamp,13,60.51,10.55,703.64,377.97,325.67,Bank Transfer,Phone,Emma Clark,4,No,Manual review
ORD-100670,2026-05-21 00:00:00,CUST-2078,Daniel Lee,daniel.lee670@example.com,Australia,Sydney,Home,Vacuum,20,320.63,1.41,6322.18,3623.07,2699.11,Visa,Phone,Liam Smith,2,No,Promo campaign
ORD-100671,2026-07-10 00:00:00,CUST-3592,Mary Wilson,mary.wilson671@example.com,Australia,Adelaide,Home,Coffee Machine,21,200.0,116.22,4171.86,3010.4,1161.46,Mastercard,Partner,Ava Chen,5,No,Promo campaign
ORD-100673,2025-08-28 00:00:00,CUST-6133,David Moore,david.moore673@example.com,Germany,Berlin,Software,CRM License,4,749.41,1.46,2953.87,1700.54,1253.33,Visa,Retail,Ava Chen,4,No,Priority customer
ORD-100675,2024-06-23 00:00:00,CUST-1300,William Moore,william.moore675@example.com,United Kingdom,London,Software,Security Suite,19,465.6,26.66,6487.95,4710.98,1776.97,Cash,Phone,Noah Brown,4,No,Priority customer
ORD-100677,2024-12-10 00:00:00,CUST-6307,Charles Taylor,charles.taylor677@example.com,Germany,Berlin,Home,Vacuum,21,271.16,0.32,5676.14,3761.29,1914.85,Visa,Retail,Sophia Taylor,4,No,Repeat order
ORD-100679,2024-11-03 00:00:00,CUST-5889,Anthony Martin,anthony.martin679@example.com,Australia,Perth,Software,Security Suite,19,471.48,0.33,8928.56,5088.52,3840.04,Cash,Retail,Noah Brown,4,No,Manual review
ORD-100680,2024-06-25 00:00:00,CUST-3468,Mary Williams,mary.williams680@example.com,United Kingdom,Manchester,Home,Lamp,13,63.32,1.32,812.29,471.23,341.06,PayPal,Online,Noah Brown,4,No,Priority customer
ORD-100684,2025-12-03 00:00:00,CUST-1830,Richard Jackson,richard.jackson684@example.com,Australia,Brisbane,Software,Analytics Suite,6,883.27,0.93,5250.33,2860.34,2389.99,Bank Transfer,Online,Noah Brown,5,No,Repeat order
ORD-100686,2026-01-15 00:00:00,CUST-4727,Patricia Garcia,patricia.garcia686@example.com,Canada,Ottawa,Software,CRM License,5,553.99,10.4,2481.88,1895.79,586.09,Bank Transfer,Online,Emma Clark,4,Yes,Manual review
ORD-100688,2024-05-09 00:00:00,CUST-2184,Daniel Johnson,daniel.johnson688@example.com,Germany,Berlin,Home,Vacuum,18,306.25,5.35,5217.58,3550.54,1667.04,Bank Transfer,Phone,Ethan Davis,5,No,Promo campaign
ORD-100690,2026-03-23 00:00:00,CUST-2996,Jennifer Rodriguez,jennifer.rodriguez690@example.com,Australia,Perth,Electronics,Phone,19,795.7,11.23,13420.51,9149.4,4271.11,Visa,Partner,Emma Clark,4,No,Priority customer
ORD-100691,2024-01-20 00:00:00,CUST-4394,William Garcia,william.garcia691@example.com,United Kingdom,Glasgow,Electronics ,Headphones,13,207.04,10.55,2407.56,1546.03,861.53,Mastercard,Partner,Ethan Davis,5,No,Promo campaign
ORD-100693,2025-11-20 00:00:00,CUST-4195,David Wilson,david.wilson693@example.com,United Kingdom,Birmingham,Software,Analytics Suite,15,1018.74,25.42,11396.64,8311.77,3084.87,PayPal,Phone,Ava Chen,3,No,Repeat order
ORD-100696,2025-10-10 00:00:00,CUST-6211,Anthony Miller,anthony.miller696@example.com,Canada,Ottawa,Home,Air Purifier,25,232.76,1.33,5741.61,4168.71,1572.9,PayPal,Phone,Mia Wilson,5,No,Priority customer
ORD-100698,2025-08-05 00:00:00,CUST-6124,Karen Davis,karen.davis698@example.com,United States,Seattle,Electronics,Headphones,19,196.49,0.65,3709.04,2206.81,1502.23,Bank Transfer,Online,Sophia Taylor,2,No,Manual review
ORD-100700,2026-06-12 00:00:00,CUST-2304,Charles Moore,charles.moore700@example.com,Canada,Vancouver,Software,Analytics Suite,6,1053.92,1.61,6221.71,4799.19,1422.52,Mastercard,Phone,Liam Smith,2,No,Promo campaign
ORD-100701,2025-06-30 00:00:00,CUST-1194,Nancy Thomas,nancy.thomas701@example.com,Germany,Frankfurt,Software,CRM License,14,757.9,1.43,10458.87,7343.1,3115.77,Bank Transfer,Phone,Ava Chen,4,No,Manual review
ORD-100703,2024-12-16 00:00:00,CUST-3419,Jessica Miller,jessica.miller703@example.com,United Kingdom,London,Home,Vacuum,15,321.09,178.71,3539.54,2644.37,895.17,Bank Transfer,Partner,Emma Clark,4,No,Repeat order
ORD-100708,2024-07-06 00:00:00,CUST-6331,David Martin,david.martin708@example.com,Australia,Brisbane,Electronics,Laptop,15,1244.41,5.49,17641.38,13393.0,4248.38,Mastercard,Retail,Emma Clark,4,Yes,Repeat order
ORD-100709,2026-02-18 00:00:00,CUST-5761,William Lee,william.lee709@example.com,United Kingdom,London,Office,Desk,5,429.43,0.42,2138.13,1268.3,869.83,Bank Transfer,Phone,Liam Smith,2,No,Promo campaign
ORD-100710,2024-01-10 00:00:00,CUST-5765,John Miller,john.miller710@example.com,Canada,Toronto,Software,CRM License,16,594.84,6.2,8927.36,5445.59,3481.77,Bank Transfer,Online,Emma Clark,4,No,Promo campaign
ORD-100711,2024-10-17 00:00:00,CUST-6286,Karen Moore,karen.moore711@example.com,Australia,Brisbane,Software,Design Suite,9,567.03,0.66,5069.59,3371.2,1698.39,PayPal,Partner,Mia Wilson,5,No,Repeat order
ORD-100712,2026-02-17 00:00:00,CUST-4539,Thomas Martinez,thomas.martinez712@example.com,Canada,Toronto,Office,Scanner,1,210.17,25.99,155.55,89.23,66.32,PayPal,Online,Emma Clark,5,No,Repeat order
ORD-100713,2025-09-16 00:00:00,CUST-2722,Jennifer Miller,jennifer.miller713@example.com,Australia,Melbourne,Office,Printer,17,294.74,25.21,3747.41,2285.99,1461.42,Cash,Retail,Sophia Taylor,4,No,Priority customer
ORD-100718,2025-08-26 00:00:00,CUST-3448,Joseph Martinez,joseph.martinez718@example.com,Australia,Perth,Office,Desk,11,492.44,21.65,4244.09,3319.66,924.43,Cash,Retail,Liam Smith,5,No,Repeat order
ORD-100720,2025-03-13 00:00:00,CUST-4246,Joseph Anderson,joseph.anderson720@example.com,United Kingdom,Manchester,Home,Air Purifier,20,263.21,0.28,5249.46,3741.14,1508.32,Bank Transfer,Online,Ava Chen,5,Yes,Priority customer
ORD-100727,2024-12-29 00:00:00,CUST-3952,Thomas Anderson,thomas.anderson727@example.com,Canada,Montreal,Electronics,Tablet,1,511.44,20.8,405.06,314.83,90.23,PayPal,Online,Lucas Martin,4,No,Promo campaign
ORD-100729,2024-07-04 00:00:00,CUST-3990,Lisa Martinez,lisa.martinez729@example.com,United Kingdom,Glasgow,Software,Analytics Suite,14,816.21,1.48,11257.82,8590.8,2667.02,Visa,Retail,Ava Chen,5,No,Priority customer
ORD-100731,2025-10-14 00:00:00,CUST-1005,Linda Williams,linda.williams731@example.com,Canada,Toronto,Electronics,Tablet,15,704.71,25.27,7899.45,5537.37,2362.08,PayPal,Phone,Emma Clark,4,No,Promo campaign
ORD-100732,2026-04-04 00:00:00,CUST-2168,Sarah Anderson,sarah.anderson732@example.com,Germany,Berlin,Software,Cloud Plan,24,359.76,5.25,8180.94,5517.39,2663.55,Mastercard,Online,Liam Smith,5,No,Repeat order
ORD-100733,2025-08-14 00:00:00,CUST-3185,Patricia Davis,patricia.davis733@example.com,United States,Chicago,Office,Printer,11,336.18,26.34,2723.93,1841.31,882.62,Mastercard,Partner,Lucas Martin,5,No,Repeat order
ORD-100734,2025-02-10 00:00:00,CUST-3642,Lisa Johnson,lisa.johnson734@example.com,Canada,Toronto,Office,Chair,1,233.27,1.67,229.37,135.64,93.73,Visa,Phone,Emma Clark,5,No,Manual review
ORD-100735,2025-06-10 00:00:00,CUST-3763,Charles Taylor,charles.taylor735@example.com,Canada,Vancouver,Software,Design Suite,9,576.88,1.49,5114.56,3665.29,1449.27,PayPal,Retail,Ethan Davis,5,No,Priority customer
ORD-100736,2025-07-10 00:00:00,CUST-2034,Anthony Lee,anthony.lee736@example.com,Canada,Toronto,Home,Blender,9,95.79,15.85,725.47,382.78,342.69,Visa,Retail,Emma Clark,3,No,Promo campaign
ORD-100738,2025-06-27 00:00:00,CUST-2366,Lisa Anderson,user@,Germany,Cologne,Office,Stationery Pack,17,46.05,16.08,656.97,478.35,178.62,PayPal,Retail,Liam Smith,4,No,Manual review
ORD-100741,2024-10-09 00:00:00,CUST-3682,Barbara Williams,barbara.williams741@example.com,United States,Chicago,Office,Scanner,4,239.71,0.41,954.91,537.35,417.56,Visa,Online,Ethan Davis,3,No,Repeat order
ORD-100742,2026-07-21 00:00:00,CUST-3796,Jessica Davis,jessica.davis742@example.com,Canada,Montreal,Electronics,Headphones,24,189.24,0.14,4535.4,3690.45,844.95,PayPal,Online,Lucas Martin,4,No,Priority customer
ORD-100743,2025-05-21 00:00:00,CUST-4542,Susan Perez,susan.perez743@example.com,United States,Houston,Home,Coffee Machine,17,167.96,15.48,2413.32,1870.3,543.02,Bank Transfer,Online,Liam Smith,4,No,Promo campaign
ORD-100744,2025-08-22 00:00:00,CUST-5054,William Rodriguez,william.rodriguez744@example.com,Germany,Hamburg,Software,Security Suite,12,421.16,1.43,4981.65,3316.11,1665.54,Mastercard,Phone,Ethan Davis,3,No,Manual review
ORD-100745,2026-05-08 00:00:00,CUST-6264,Matthew Jackson,matthew.jackson745@example.com,Germany,Cologne,Software,Design Suite,17,636.85,20.08,8652.5,4779.12,3873.38,Visa,Online,Liam Smith,4,No,Promo campaign
ORD-100750,2025-09-04 00:00:00,CUST-6432,Charles Martinez,charles.martinez750@example.com,Germany,Cologne,Home,Blender,18,99.96,0.4,1792.08,980.56,811.52,Bank Transfer,Partner,Noah Brown,5,No,Priority customer
ORD-100751,2024-10-07 00:00:00,CUST-1215,Robert Taylor,robert.taylor751@example.com,Australia,Brisbane,Electronics,Monitor,8,348.61,0.49,2775.21,1572.17,1203.04,Bank Transfer,Retail,Mia Wilson,4,No,Priority customer
ORD-100752,2025-07-18 00:00:00,CUST-5653,Daniel Miller,daniel.miller752@example.com,United States,New York,Home,Coffee Machine,1,215.27,26.68,157.84,101.71,56.13,Mastercard,Phone,Noah Brown,5,No,Priority customer
ORD-100753,2025-12-10 00:00:00,CUST-2101,Lisa Rodriguez,lisa.rodriguez753@example.com,United Kingdom,Birmingham,Software,Security Suite,12,550.57,5.64,6234.21,3909.61,2324.6,PayPal,Retail,Noah Brown,3,No,Manual review
ORD-100755,2026-01-06 00:00:00,CUST-3261,James Lee,james.lee755@example.com,Canada,Ottawa,Electronics,Monitor,16,397.71,121.11,6355.09,3980.34,2374.75,Cash,Partner,Ava Chen,5,No,Manual review
ORD-100760,2024-12-19 00:00:00,CUST-1794,James Perez,james.perez760@example.com,Germany,Hamburg,Electronics,Phone,7,901.03,25.36,4707.7,2756.42,1951.28,Mastercard,Partner,Noah Brown,5,No,Manual review
ORD-100761,2024-10-25 00:00:00,CUST-1882,Jennifer Martin,jennifer.martin761@example.com,United States,Houston,Electronics,Headphones,2,208.56,1.61,410.4,251.78,158.62,PayPal,Retail,Noah Brown,3,No,Repeat order
ORD-100762,2024-09-02 00:00:00,CUST-5020,Robert Thompson,robert.thompson762@example.com,United Kingdom,Leeds,Software,Cloud Plan,4,342.62,0.68,1361.16,857.13,504.03,Mastercard,Phone,Ava Chen,5,No,Priority customer
ORD-100763,2024-10-16 00:00:00,CUST-3624,Nancy Perez,nancy.perez763@example.com,Australia,Adelaide,Electronics,Monitor,17,362.53,21.51,4837.35,3448.83,1388.52,Mastercard,Phone,Mia Wilson,4,No,Priority customer
ORD-100764,2026-03-16 00:00:00,CUST-3352,Richard Thomas,richard.thomas764@example.com,Canada,Toronto,Software,CRM License,16,574.88,26.22,6786.34,4151.67,2634.67,Visa,Online,Mia Wilson,3,No,Repeat order
ORD-100766,2026-07-10 00:00:00,CUST-1952,Joseph Garcia,joseph.garcia766@example.com,United States,Chicago,Electronics,Phone,16,780.49,0.09,12476.6,7915.74,4560.86,PayPal,Online,Mia Wilson,5,No,Priority customer
ORD-100767,2025-08-07 00:00:00,CUST-6129,Linda Anderson,linda.anderson767@example.com,Canada,Toronto,Office,Chair,20,242.12,11.76,4272.93,2763.95,1508.98,PayPal,Retail,Ethan Davis,5,No,Priority customer
ORD-100768,2024-05-11 00:00:00,CUST-6430,Susan Taylor,susan.taylor768@example.com,United Kingdom,Manchester,Software,Security Suite,20,409.65,20.08,6547.85,4911.79,1636.06,Mastercard,Online,Liam Smith,3,No,Manual review
ORD-100770,2025-02-01 00:00:00,CUST-2511,John Lee,john.lee770@example.com,Canada,Vancouver,Office,Stationery Pack,2,45.21,161.39,90.22,47.94,42.28,Visa,Online,Mia Wilson,5,No,Priority customer
ORD-100771,2024-01-15 00:00:00,CUST-2251,Lisa Jones,lisa.jones771@example.com,Canada,Ottawa,Electronics,Headphones,25,210.89,6.45,4932.19,2629.49,2302.7,PayPal,Partner,Noah Brown,5,No,Promo campaign
ORD-100773,2024-04-16 00:00:00,CUST-2914,Mary Brown,mary.brown773@example.com,Australia,Perth,Electronics,Headphones,24,163.09,15.74,3298.07,1856.96,1441.11,Visa,Phone,Ava Chen,2,No,Manual review
ORD-100784,2024-09-26 00:00:00,CUST-4677,William Miller,william.miller784@example.com,Germany,Hamburg,Electronics,Tablet,11,689.35,1.3,7484.27,5464.67,2019.6,Bank Transfer,Partner,Ava Chen,4,No,Manual review
ORD-100785,2025-04-26 00:00:00,CUST-4113,Nancy Moore,nancy.moore785@example.com,Australia,Brisbane,Electronics,Phone,20,725.5,0.61,14421.49,8362.92,6058.57,Bank Transfer,Online,Ethan Davis,5,No,Manual review
ORD-100786,2026-07-24 00:00:00,CUST-4685,Thomas Thomas,thomas.thomas786@example.com,Canada,Montreal,Office,Printer,24,290.26,5.98,6549.66,3929.81,2619.85,Visa,Partner,Liam Smith,2,No,Manual review
ORD-100788,2024-04-03 00:00:00,CUST-1031,Nancy Brown,nancy.brown788@example.com,Germany,Berlin,Electronics,Phone,7,980.0,0.37,6834.62,5026.7,1807.92,Bank Transfer,Retail,Mia Wilson,2,No,Priority customer
ORD-100791,2026-01-20 00:00:00,CUST-1494,Barbara Davis,barbara.davis791@example.com,Germany,Berlin,Home,Air Purifier,25,216.77,0.13,5412.2,3373.25,2038.95,Cash,Phone,Liam Smith,5,Yes,Promo campaign
ORD-100792,2025-01-01 00:00:00,CUST-4935,Nancy Williams,nancy.williams792@example.com,United Kingdom,Glasgow,Home,Blender,22,128.32,11.45,2499.8,1539.17,960.63,PayPal,Phone,Ethan Davis,5,No,Promo campaign
ORD-100793,2025-02-16 00:00:00,CUST-4798,Michael Davis,michael.davis793@example.com,Germany,Munich,Electronics,Monitor,14,351.2,25.65,3655.64,2774.18,881.46,Bank Transfer,Phone,Noah Brown,4,No,Priority customer
ORD-100794,2024-06-25 00:00:00,CUST-2237,Susan Smith,susan.smith794@example.com,United States,Chicago,Software,Analytics Suite,13,873.62,21.58,8906.21,6399.39,2506.82,Cash,Retail,Mia Wilson,3,Yes,Priority customer
ORD-100796,2024-01-14 00:00:00,CUST-3523,Barbara Brown,barbara.brown796@example.com,Australia,Brisbane,Software,Design Suite,10,502.15,26.61,3685.28,2376.65,1308.63,Mastercard,Partner,Ethan Davis,5,No,Repeat order
ORD-100797,2025-03-03 00:00:00,CUST-3016,Robert Martin,robert.martin797@example.com,United Kingdom,Birmingham,Home,Coffee Machine,12,196.95,25.13,1769.48,1157.46,612.02,Mastercard,Partner,Mia Wilson,5,No,Priority customer
ORD-100799,2024-07-16 00:00:00,CUST-3262,Richard Jones,richard.jones799@example.com,Germany,Hamburg,Electronics,Headphones,16,180.48,10.13,2595.16,1652.79,942.37,Mastercard,Partner,Ava Chen,5,No,Promo campaign
ORD-100800,00/00/0000,CUST-5393,James Wilson,james.wilson800@example.com,United Kingdom,Glasgow,Software,Design Suite,5,620.82,15.97,2608.38,1602.2,1006.18,Mastercard,Retail,Liam Smith,4,No,Promo campaign
ORD-100802,2025-04-09 00:00:00,CUST-3332,Joseph Taylor,joseph.taylor802@example.com,Germany,Munich,Software,Security Suite,4,556.41,25.55,1656.99,1212.73,444.26,Mastercard,Retail,Sophia Taylor,2,No,Manual review
ORD-100803,2025-02-09 00:00:00,CUST-2458,David Lee,david.lee803@example.com,Canada,Montreal,Office,Printer,24,301.87,1.26,7153.59,5106.94,2046.65,PayPal,Online,Ethan Davis,5,No,Repeat order
ORD-100804,2024-08-28 00:00:00,CUST-1752,Mary Martin,mary.martin804@example.com,Australia,Melbourne,Software,CRM License,3,582.51,1.05,1729.18,1386.87,342.31,PayPal,Partner,Sophia Taylor,3,No,Manual review
ORD-100806,2024-05-20 00:00:00,CUST-5100,Daniel Lee,daniel.lee806@example.com,Australia,Sydney,Office,Scanner,2,190.06,6.9,353.89,285.35,68.54,PayPal,Partner,Lucas Martin,5,Yes,Manual review
ORD-100807,2024-12-23 00:00:00,CUST-1660,Elizabeth Jackson,elizabeth.jackson807@example.com,Australia,Perth,Electronics,Laptop,7,1253.51,5.46,8295.48,5536.73,2758.75,Cash,Partner,Noah Brown,5,No,Repeat order
ORD-100808,2024-07-19 00:00:00,CUST-3679,James Thompson,james.thompson808@example.com,United Kingdom,Birmingham,Home,Blender,13,99.3,6.51,1206.86,720.35,486.51,PayPal,Phone,Liam Smith,4,No,Priority customer
ORD-100809,2024-07-23 00:00:00,CUST-5671,Karen Martin,karen.martin809@example.com,Canada,Vancouver,Office,Desk,2,410.7,1.49,809.16,632.98,176.18,PayPal,Retail,Ethan Davis,5,No,Promo campaign
ORD-100811,2026-05-27 00:00:00,CUST-1091,Jessica Jackson,jessica.jackson811@example.com,Germany,Cologne,Home,Coffee Machine,3,200.15,1.71,590.18,416.54,173.64,PayPal,Online,Ethan Davis,5,No,Repeat order
ORD-100812,2024-01-23 00:00:00,CUST-3436,Jennifer Brown,jennifer.brown812@example.com,Australia,Brisbane,Office,Chair,14,284.65,15.15,3381.36,2181.81,1199.55,Visa,Online,Ethan Davis,4,No,Manual review
ORD-100813,2025-12-12 00:00:00,CUST-5566,Michael Brown,michael.brown813@example.com,Australia,Perth,Office,Desk,4,368.93,5.91,1388.5,1091.27,297.23,PayPal,Partner,Ava Chen,5,No,Promo campaign
ORD-100815,2026-03-21 00:00:00,CUST-2896,James Rodriguez,james.rodriguez815@example.com,United States,Los Angeles,Software,CRM License,21,561.96,21.12,9308.76,6803.62,2505.14,Visa,Partner,Sophia Taylor,3,No,Priority customer
ORD-100816,2025-01-16 00:00:00,CUST-4829,Jessica Lee,jessica.lee816@example.com,United States,Chicago,Home,Blender,18,98.79,15.81,1497.08,1039.07,458.01,PayPal,Partner,Noah Brown,5,No,Priority customer
ORD-100817,2025-11-27 00:00:00,CUST-2345,Barbara Thomas,barbara.thomas817@example.com,Australia,Adelaide,Home,Coffee Machine,11,219.48,25.9,1788.98,1219.66,569.32,Visa,Partner,Noah Brown,5,No,Manual review
ORD-100818,2026-13-40,CUST-1850,Lisa Garcia,lisa.garcia818@example.com,Germany,Munich,Office,Scanner,3,246.78,1.98,725.68,495.78,229.9,Cash,Online,Ethan Davis,4,No,Promo campaign
ORD-100819,2025-02-21 00:00:00,CUST-1871,Matthew Wilson,matthew.wilson819@example.com,Canada,Toronto,Home,Air Purifier,18,278.2,20.44,3984.05,2491.39,1492.66,Mastercard,Phone,Noah Brown,4,No,Manual review
ORD-100821,2024-12-17 00:00:00,CUST-4176,Anthony Williams,anthony.williams821@example.com,Australia,Brisbane,Software,CRM License,14,755.18,20.02,8455.9,5912.94,2542.96,PayPal,Retail,Ethan Davis,5,No,Priority customer
ORD-100822,2026-03-27 00:00:00,CUST-4143,Daniel Thompson,daniel.thompson822@example.com,Germany,Berlin,Software,CRM License,16,621.06,0.51,9886.28,6545.5,3340.78,Cash,Online,Lucas Martin,5,No,Promo campaign
ORD-100823,2026-01-02 00:00:00,CUST-6171,Jessica Smith,jessica.smith823@example.com,Canada,Toronto,Software,CRM License,16,606.59,0.17,9688.94,7143.5,2545.44,Visa,Phone,Lucas Martin,5,No,Priority customer
ORD-100824,2025-11-22 00:00:00,CUST-1231,Mary Wilson,mary.wilson824@example.com,United Kingdom,Glasgow,Software,Analytics Suite,20,886.95,1.37,17495.98,12212.7,5283.28,Cash,Phone,Liam Smith,4,No,Promo campaign
ORD-100827,2025-12-11 00:00:00,CUST-4017,Patricia Garcia,patricia.garcia827@example.com,United States,Los Angeles,Electronics,Tablet,16,582.6,20.04,7453.55,5050.17,2403.38,Cash,Online,Lucas Martin,5,Yes,Priority customer
ORD-100828,2026-06-15 00:00:00,CUST-2126,Sarah Thomas,sarah.thomas828@example.com,Australia,Sydney,Electronics,Monitor,22,338.81,21.01,5887.77,3491.27,2396.5,Visa,Online,Noah Brown,3,No,Promo campaign
ORD-100829,2024-02-10 00:00:00,CUST-2902,Michael Moore,michael.moore829@example.com,Germany,Hamburg,Home,Lamp,3,81.93,1.16,242.94,134.77,108.17,Mastercard,Retail,Ethan Davis,4,No,Priority customer
ORD-100832,2025-01-17 00:00:00,CUST-4201,Linda Rodriguez,linda.rodriguez832@example.com,Canada,Toronto,Software,CRM License,11,719.95,0.39,7888.56,5821.35,2067.21,Bank Transfer,Retail,Noah Brown,5,No,Manual review
ORD-100833,2025-12-22 00:00:00,CUST-2192,Thomas Thomas,thomas.thomas833@example.com,United States,Los Angeles,Home,Lamp,25,61.23,0.83,1518.04,1045.18,472.86,Visa,Partner,Ethan Davis,5,No,Promo campaign
ORD-100834,2025-08-26 00:00:00,CUST-5589,David Martinez,david.martinez834@example.com,Germany,Cologne,Home,Air Purifier,16,244.51,21.51,3070.65,2370.09,700.56,Cash,Retail,Emma Clark,5,No,Priority customer
ORD-100836,2024-05-22 00:00:00,CUST-3416,David Martin,david.martin836@example.com,Canada,Montreal,Home,Blender,14,117.81,6.54,1541.47,1213.39,328.08,Mastercard,Partner,Sophia Taylor,4,No,Repeat order
ORD-100837,2025-05-23 00:00:00,CUST-4071,Thomas Garcia,thomas.garcia837@example.com,Australia,Brisbane,Office,Chair,20,288.78,15.37,4887.89,3491.14,1396.75,Mastercard,Phone,Emma Clark,4,No,Priority customer
ORD-100841,2024-06-13 00:00:00,CUST-1746,Linda Jones,linda.jones841@example.com,Australia,Adelaide,Home,Coffee Machine,6,212.02,20.41,1012.48,713.69,298.79,Cash,Partner,Emma Clark,3,No,Manual review
ORD-100843,2025-03-23 00:00:00,CUST-5292,Susan Moore,susan.moore843@example.com,Canada,Vancouver,Software,Design Suite,25,546.25,10.41,12234.63,8833.32,3401.31,PayPal,Partner,Ava Chen,5,No,Priority customer
ORD-100846,2025-01-08 00:00:00,CUST-1393,Barbara Davis,barbara.davis846@example.com,United Kingdom,Birmingham,Home,Lamp,6,63.39,6.69,354.9,288.8,66.1,Mastercard,Online,Noah Brown,3,No,Repeat order
ORD-100847,2024-08-22 00:00:00,CUST-4354,Mary Rodriguez,mary.rodriguez847@example.com,Australia,Adelaide,Home,Lamp,5,66.27,20.56,263.22,209.2,54.02,PayPal,Retail,Liam Smith,4,No,Repeat order
ORD-100849,2024-01-22 00:00:00,CUST-5103,Lisa Garcia,lisa.garcia849@example.com,United States,Seattle,Office,Chair,1,248.93,1.53,245.12,165.2,79.92,Cash,Online,Lucas Martin,4,No,Priority customer
ORD-100852,2024-11-18 00:00:00,CUST-4991,Michael Williams,michael.williams852@example.com,Germany,Hamburg,Home,Vacuum,20,321.54,20.75,5096.41,3221.37,1875.04,Mastercard,Online,Mia Wilson,5,No,Manual review
ORD-100854,2024-03-20 00:00:00,CUST-5900,Linda Jones,linda.jones854@example.com,Australia,Brisbane,Home,Vacuum,12,280.97,21.77,2637.63,2061.66,575.97,PayPal,Partner,Emma Clark,2,No,Manual review
ORD-100856,2025-03-19 00:00:00,CUST-5210,Karen Moore,karen.moore856@example.com,United Kingdom,Glasgow,Home,Air Purifier,12,208.03,1.77,2452.17,1833.11,619.06,Visa,Online,Noah Brown,5,No,Promo campaign
ORD-100858,2024-03-08 00:00:00,CUST-2794,Susan Lee,susan.lee858@example.com,Germany,Hamburg,Office,Desk,3,379.65,0.53,1132.91,753.16,379.75,Bank Transfer,Retail,Emma Clark,3,No,Priority customer
ORD-100859,2024-06-08 00:00:00,CUST-6470,David Thompson,david.thompson859@example.com,United Kingdom,Leeds,Home,Blender,18,113.39,16.26,38674.81,2548.9,36125.91,Cash,Partner,Mia Wilson,4,No,Priority customer
ORD-100861,2025-09-30 00:00:00,CUST-4941,Joseph Jones,joseph.jones861@example.com,Australia,Adelaide,Home,Lamp,24,68.74,15.6,1392.4,825.34,567.06,Visa,Partner,Ava Chen,5,No,Priority customer
ORD-100862,2025-02-09 00:00:00,CUST-5820,Robert Thomas,robert.thomas862@example.com,Canada,Toronto,Home,Air Purifier,4,228.39,26.76,669.09,446.66,222.43,Mastercard,Phone,Lucas Martin,4,No,Repeat order
ORD-100863,2024-01-09 00:00:00,CUST-2229,Jennifer Wilson,jennifer.wilson863@example.com,United States,Seattle,Home,Blender,13,124.47,0.16,1615.52,1225.95,389.57,Cash,Phone,Emma Clark,3,No,Manual review
ORD-100867,2024-06-07 00:00:00,CUST-1301,Thomas Martinez,thomas.martinez867@example.com,United Kingdom,Leeds,Software,Analytics Suite,10,962.88,5.48,9101.14,5138.65,3962.49,Visa,Online,Liam Smith,4,No,Priority customer
ORD-100869,2025-04-19 00:00:00,CUST-6393,Jennifer Taylor,jennifer.taylor869@example.com,United States,Chicago,Electronics,Laptop,2,1353.08,10.78,2414.44,1844.04,570.4,Bank Transfer,Partner,Emma Clark,4,No,Promo campaign
ORD-100871,2026-03-01 00:00:00,CUST-5104,Lisa Garcia,lisa.garcia871@example.com,Canada,Toronto,Electronics,Monitor,23,337.11,15.67,6538.55,3605.22,2933.33,Mastercard,Retail,Noah Brown,5,No,Manual review
ORD-100873,2024-09-28 00:00:00,CUST-3459,Susan Perez,susan.perez873@example.com,Australia,Perth,Software,Cloud Plan,20,332.39,16.67,5539.61,3251.03,2288.58,Visa,Retail,Ethan Davis,5,No,Repeat order
ORD-100874,2026-04-13 00:00:00,CUST-5477,Linda Johnson,linda.johnson874@example.com,United States,Houston,Office,Scanner,1,218.22,1.6,214.73,129.29,85.44,Bank Transfer,Online,Ethan Davis,2,No,Repeat order
ORD-100876,2026-02-22 00:00:00,CUST-3365,Lisa Rodriguez,lisa.rodriguez876@example.com,United States,Chicago,Home,Lamp,6,80.43,6.46,451.41,283.68,167.73,PayPal,Online,Liam Smith,4,No,Manual review
ORD-100878,2024-12-16 00:00:00,CUST-2313,John Anderson,john.anderson878@example.com,United States,Houston,Office,Stationery Pack,9,49.02,1.98,432.44,245.92,186.52,Cash,Retail,Emma Clark,5,Yes,Manual review
ORD-100880,2026-05-07 00:00:00,CUST-1060,Mary Johnson,mary.johnson880@example.com,Canada,Vancouver,Electronics,Headphones,12,154.02,16.3,1546.98,997.28,549.7,PayPal,Phone,Liam Smith,4,No,Repeat order
ORD-100881,2026-03-16 00:00:00,CUST-6227,Thomas Lee,thomas.lee881@example.com,Australia,Adelaide,Office,Scanner,16,227.19,15.24,3081.06,2351.62,729.44,PayPal,Retail,Ethan Davis,5,No,Manual review
ORD-100885,2025-07-28 00:00:00,CUST-3028,Charles Smith,charles.smith885@example.com,Australia,Perth,Electronics,Tablet,12,590.39,0.53,7047.13,4913.65,2133.48,Visa,Partner,Noah Brown,4,No,Repeat order
ORD-100889,2025-04-02 00:00:00,CUST-2182,Michael Rodriguez,michael.rodriguez889@example.com,Australia,Adelaide,Electronics,Phone,23,753.57,0.83,17188.25,10698.09,6490.16,Mastercard,Online,Sophia Taylor,5,No,Priority customer
ORD-100891,2024-10-17 00:00:00,CUST-3288,Susan Moore,susan.moore891@example.com,United States,New York,Electronics,Tablet,17,567.24,20.22,7693.25,4663.36,3029.89,Mastercard,Phone,Ava Chen,5,No,Repeat order
ORD-100896,2025-02-24 00:00:00,CUST-1359,Sarah Wilson,sarah.wilson896@example.com,Canada,Vancouver,Software,Design Suite,1,603.46,1.13,596.64,334.77,261.87,Mastercard,Phone,Lucas Martin,3,No,Repeat order
ORD-100898,2024-01-07 00:00:00,CUST-5010,Karen Brown,karen.brown898@example.com,Australia,Brisbane,Office,Desk,16,452.49,1.31,7145.0,5206.99,1938.01,Mastercard,Phone,Sophia Taylor,3,No,Repeat order
ORD-100900,2024-05-17 00:00:00,CUST-1257,Lisa Johnson,lisa.johnson900@example.com,United States,Los Angeles,Office,Chair,5,246.31,1.32,1215.29,714.21,501.08,Visa,Retail,Sophia Taylor,4,No,Priority customer
ORD-100901,2024-04-21 00:00:00,CUST-1694,Robert Williams,robert.williams901@example.com,United States,Houston,Software,CRM License,6,632.84,1.37,3745.02,2950.59,794.43,Mastercard,Retail,Liam Smith,4,No,Priority customer
ORD-100902,2025-09-17 00:00:00,CUST-4646,Linda Garcia,linda.garcia902@example.com,United Kingdom,Glasgow,Home,Lamp,6,78.64,6.91,439.24,284.39,154.85,PayPal,Partner,Ethan Davis,4,No,Manual review
ORD-100903,2025-12-12 00:00:00,CUST-2038,Anthony Smith,anthony.smith903@example.com,United States,Houston,Home,Lamp,25,71.87,1.75,1765.31,979.05,786.26,Visa,Retail,Liam Smith,5,No,Promo campaign
ORD-100905,2025-12-16 00:00:00,CUST-6212,William Rodriguez,william.rodriguez905@example.com,United Kingdom,Glasgow,Office,Chair,2,257.7,5.28,488.19,369.56,118.63,Visa,Retail,Emma Clark,3,No,Promo campaign
ORD-100906,2025-12-08 00:00:00,CUST-1198,Sarah Williams,sarah.williams906@example.com,United Kingdom,Leeds,Office,Printer,11,266.56,1.56,2886.42,2172.29,714.13,Visa,Online,Sophia Taylor,4,No,Manual review
ORD-100907,2025-09-11 00:00:00,CUST-1211,Daniel Perez,daniel.perez907@example.com,Australia,Sydney, Office ,Scanner,4,218.87,15.11,743.19,527.11,216.08,Mastercard,Partner,Sophia Taylor,5,No,Manual review
ORD-100908,2026-02-25 00:00:00,CUST-1627,Thomas Martinez,thomas.martinez908@example.com,United Kingdom,Birmingham,Office,Desk,18,469.65,25.57,6292.09,4257.65,2034.44,Mastercard,Retail,Ethan Davis,2,No,Priority customer
ORD-100909,2025-10-13 00:00:00,CUST-3797,Mary Martin,mary.martin909@example.com,Canada,Calgary,Electronics,Laptop,20,1039.35,11.77,18340.37,11616.22,6724.15,Visa,Partner,Ethan Davis,4,No,Repeat order
ORD-100912,2026-05-27 00:00:00,CUST-6273,Patricia Taylor,patricia.taylor912@example.com,United Kingdom,Glasgow,Electronics,Headphones,17,196.87,11.25,2970.28,1775.03,1195.25,Mastercard,Phone,Emma Clark,4,No,Priority customer
ORD-100920,2025-04-28 00:00:00,CUST-6216,James Perez,james.perez920@example.com,Australia,Brisbane,Software,CRM License,3994,579.94,0.49,10387.77,6577.4,3810.37,Bank Transfer,Partner,Ethan Davis,3,No,Priority customer
ORD-100921,2026-04-07 00:00:00,CUST-2009,James Thompson,james.thompson921@example.com,United States,Houston,Home,Blender,12,98.36,0.15,1178.55,826.29,352.26,Cash,Partner,Liam Smith,4,No,Priority customer
ORD-100922,2025-06-01 00:00:00,CUST-2211,Thomas Jackson,thomas.jackson922@example.com,United Kingdom,London,Office,Scanner,7,199.39,1.88,1369.49,961.34,408.15,Visa,Retail,Emma Clark,4,No,Priority customer
ORD-100923,2026-03-07 00:00:00,CUST-3764,John Williams,john.williams923@example.com,United Kingdom,London,Home,Coffee Machine,17,195.11,1.66,3261.81,2313.09,948.72,Mastercard,Phone,Lucas Martin,5,No,Manual review
ORD-100924,2026-06-14 00:00:00,CUST-1453,Lisa Johnson,lisa.johnson924@example.com,Germany,Berlin,Electronics,Phone,14,941.38,1.88,12931.55,10386.03,2545.52,Cash,Retail,Sophia Taylor,5,No,Repeat order
ORD-100926,2026-05-01 00:00:00,CUST-3160,Susan Perez,susan.perez926@example.com,Australia,Perth,Software,Cloud Plan,25,331.28,1.24,8179.3,6667.57,1511.73,PayPal,Online,Liam Smith,4,No,Repeat order
ORD-100927,2025-10-22 00:00:00,CUST-4066,James Martin,james.martin927@example.com,Canada,Vancouver,Home,Air Purifier,8,241.77,0.81,1918.49,1119.61,798.88,Cash,Online,Ava Chen,3,No,Priority customer
ORD-100928,2024-01-17 00:00:00,CUST-4711,Matthew Smith,matthew.smith928@example.com,Germany,Berlin,Home,Blender,19,119.18,10.57,2025.07,1163.47,861.6,PayPal,Retail,Lucas Martin,5,No,Repeat order
ORD-100929,2025-08-05 00:00:00,CUST-3033,Richard Martinez,richard.martinez929@example.com,Germany,Cologne,Software,CRM License,17,615.89,16.16,8778.16,6241.56,2536.6,Mastercard,Partner,Liam Smith,4,Yes,Repeat order
ORD-100930,2025-03-16 00:00:00,CUST-4311,Elizabeth Perez,elizabeth.perez930@example.com,Germany,Munich,Office,Chair,4,236.87,5.59,894.52,503.07,391.45,Cash,Online,Lucas Martin,2,No,Priority customer
ORD-100931,2026-01-11 00:00:00,CUST-2868,Robert Taylor,robert.taylor931@example.com,Australia,Perth,Software,CRM License,21,647.31,5.62,12829.55,10300.97,2528.58,Cash,Retail,Sophia Taylor,5,No,Repeat order
ORD-100932,2025-08-02 00:00:00,CUST-5997,Robert Lee,robert.lee932@example.com,Australia,Brisbane,Electronics,Monitor,14,399.98,1.96,5489.97,4340.78,1149.19,Bank Transfer,Partner,Ava Chen,4,No,Manual review
ORD-100933,2026-04-29 00:00:00,CUST-2774,Barbara Lee,barbara.lee933@example.com,United States,Houston,Home,Vacuum,18,273.34,20.69,3902.15,2767.04,1135.11,Visa,Phone,Lucas Martin,3,No,Promo campaign
ORD-100935,2026-05-03 00:00:00,CUST-4171,Jessica Davis,jessica.davis935@example.com,Australia,Sydney,Software,Design Suite,13,643.68,20.13,6683.39,3585.94,3097.45,Cash,Retail,Liam Smith,3,No,Manual review
ORD-100936,2024-03-15 00:00:00,CUST-3632,Karen Wilson,karen.wilson936@example.com,Australia,Sydney,Electronics,Tablet,17,521.09,10.16,7958.5,5642.25,2316.25,Visa,Phone,Lucas Martin,4,No,Repeat order
ORD-100937,2025-03-27 00:00:00,CUST-4626,Michael Perez,michael.perez937@example.com,Canada,Calgary,Office,Desk,24,408.05,10.54,8761.0,6909.94,1851.06,Cash,Partner,Lucas Martin,4,No,Priority customer
ORD-100939,2024-11-17 00:00:00,CUST-3931,James Taylor,james.taylor939@example.com,Germany,Cologne,Home,Vacuum,7,256.34,25.46,1337.53,1071.59,265.94,Mastercard,Retail,Sophia Taylor,5,No,Repeat order
ORD-100940,2025-03-08 00:00:00,CUST-2949,John Moore,john.moore940@example.com,Australia,Melbourne,Office,Desk,3,440.57,127.38,1311.67,768.19,543.48,Cash,Partner,Noah Brown,5,No,Repeat order
ORD-100942,2025-02-11 00:00:00,CUST-4853,Thomas Johnson,thomas.johnson942@example.com,Australia,Perth,Home,Air Purifier,2,222.73,6.36,417.13,321.02,96.11,Cash,Online,Noah Brown,5,No,Priority customer
ORD-100943,2026-04-27 00:00:00,CUST-2494,Nancy Martin,nancy.martin943@example.com,United States,Los Angeles,Electronics,Laptop,6,1273.07,26.79,5592.09,3896.0,1696.09,Visa,Retail,Ethan Davis,5,No,Repeat order
ORD-100944,2024-06-30 00:00:00,CUST-5452,David Jackson,david.jackson944@example.com,Germany,Frankfurt,Office,Scanner,8,250.51,6.75,1868.8,1447.24,421.56,PayPal,Phone,Ava Chen,5,No,Manual review
ORD-100946,2025-02-06 00:00:00,CUST-6403,Richard Lee,richard.lee946@example.com,United States,New York,Office,Chair,8,274.98,16.35,1840.17,1004.47,835.7,PayPal,Online,Sophia Taylor,5,No,Promo campaign
ORD-100947,2024-12-01 00:00:00,CUST-5651,William Taylor,william.taylor947@example.com,Germany,Munich,Electronics,Headphones,21,198.74,0.15,4167.28,2880.36,1286.92,Bank Transfer,Phone,Ava Chen,4,No,Repeat order
ORD-100949,2024-02-06 00:00:00,CUST-6364,Karen Wilson,karen.wilson949@example.com,Germany,Cologne,Electronics,Laptop,10,1157.32,26.92,8457.69,6303.96,2153.73,Bank Transfer,Online,Sophia Taylor,-2,No,Repeat order
ORD-100950,2024-10-08 00:00:00,CUST-4116,Richard Moore,richard.moore950@example.com,Canada,Calgary,Office,Stationery Pack,25,52.69,0.05,1316.59,927.77,388.82,Visa,Online,Emma Clark,5,No,Priority customer
ORD-100958,2024-06-26 00:00:00,CUST-3999,Richard Martinez,richard.martinez958@example.com,Australia,Brisbane,Home,Lamp,4,67.05,15.4,226.9,132.73,94.17,Cash,Retail,Lucas Martin,5,No,Repeat order
ORD-100960,2026-02-14 00:00:00,CUST-4915,Joseph Taylor,joseph.taylor960@example.com,Germany,Cologne,Electronics,Headphones,17,181.09,1.21,3041.28,2343.23,698.05,Visa,Partner,Sophia Taylor,4,No,Repeat order
ORD-100961,2026-06-03 00:00:00,CUST-5780,Thomas Lee,thomas.lee961@example.com,United Kingdom,Leeds,Office,Chair,11,268.83,20.83,2341.16,1888.53,452.63,Cash,Phone,Emma Clark,5,No,Manual review
ORD-100963,2025-10-24 00:00:00,CUST-2901,John Thomas,john.thomas963@example.com,United Kingdom,London,Office,Desk,2,362.94,10.75,647.85,381.5,266.35,Visa,Retail,Noah Brown,3,No,Manual review
ORD-100964,2026-01-25 00:00:00,CUST-2492,David Williams,david.williams964@example.com,United States,New York,Home,Air Purifier,16,206.68,6.27,3099.54,2007.59,1091.95,Visa,Partner,Ethan Davis,4,No,Repeat order
ORD-100965,2026-03-18 00:00:00,CUST-4613,Karen Taylor,karen.taylor965@example.com,Canada,Ottawa,Software,Analytics Suite,16,1051.04,5.85,15832.87,12502.59,3330.28,PayPal,Phone,Noah Brown,2,No,Manual review
ORD-100966,2024-04-18 00:00:00,CUST-2095,Thomas Garcia,thomas.garcia966@example.com,United Kingdom,Birmingham,Office,Desk,17,387.28,1.42,6490.27,4947.65,1542.62,Mastercard,Online,Noah Brown,4,No,Manual review
ORD-100967,2025-05-16 00:00:00,CUST-2311,Daniel Smith,daniel.smith967@example.com,United Kingdom,Glasgow,Electronics,Laptop,13,1312.37,1.04,16883.38,10883.2,6000.18,Mastercard,Phone,Sophia Taylor,2,No,Manual review
ORD-100968,2025-01-06 00:00:00,CUST-5604,Jessica Taylor,jessica.taylor968@example.com,Germany,Berlin,Software,Analytics Suite,6,1032.26,25.93,4587.57,2743.84,1843.73,PayPal,Phone,Noah Brown,5,No,Repeat order
ORD-100969,2024-09-03 00:00:00,CUST-1837,Mary Wilson,mary.wilson969@example.com,United States,Seattle,Electronics,Headphones,25,203.78,25.76,3782.16,2712.96,1069.2,Bank Transfer,Online,Noah Brown,5,No,Promo campaign
ORD-100970,2024-07-09 00:00:00,CUST-1239,Jessica Garcia,jessica.garcia970@example.com,Australia,Perth,Office,Chair,15,288.54,6.85,4031.63,2889.14,1142.49,PayPal,Retail,Noah Brown,4,No,Repeat order
ORD-100973,2025-03-26 00:00:00,CUST-1572,William Perez,william.perez973@example.com,Canada,Ottawa,Electronics,Phone,15,891.81,25.01,10031.52,6934.92,3096.6,Mastercard,Online,Sophia Taylor,4,No,Repeat order
ORD-100974,2026-07-25 00:00:00,CUST-5251,Joseph Martin,joseph.martin974@example.com,Canada,Toronto,Office,Scanner,23,252.0,15.28,4910.37,3954.67,955.7,Mastercard,Retail,Noah Brown,2,No,Manual review
ORD-100975,2026-13-40,CUST-4814,Patricia Jones,patricia.jones975@example.com,United Kingdom,Leeds,Electronics,Headphones,7,163.29,0.53,1136.97,780.26,356.71,Cash,Phone,Sophia Taylor,4,No,Promo campaign
ORD-100976,2026-03-20 00:00:00,CUST-1331,Matthew Anderson,matthew.anderson976@example.com,Germany,Hamburg,Office,Chair,21,266.9,1.6,5515.22,4394.33,1120.89,Mastercard,Online,Ethan Davis,4,No,Priority customer
ORD-100982,2024-12-24 00:00:00,CUST-4117,Robert Jones,robert.jones982@example.com,Germany,Hamburg,Software,Analytics Suite,1,1014.48,6.4,949.55,598.23,351.32,Visa,Online,Mia Wilson,6,No,Promo campaign
ORD-100984,2025-07-24 00:00:00,CUST-5053,William Williams,william.williams984@example.com,United States,New York,Office,Scanner,2,217.67,16.23,364.68,242.07,122.61,PayPal,Online,Noah Brown,2,No,Promo campaign
ORD-100985,2024-04-19 00:00:00,CUST-3804,John Thomas,john.thomas985@example.com,Canada,Ottawa,Electronics,Tablet,8,535.74,11.06,3811.9,3063.04,748.86,PayPal,Partner,Noah Brown,2,No,Promo campaign
ORD-100988,2025-02-12 00:00:00,CUST-3262,Anthony Brown,anthony.brown988@example.com,Germany,Berlin,Electronics,Phone,1,948.61,21.11,748.36,411.68,336.68,Visa,Phone,Noah Brown,5,No,Repeat order
ORD-100991,2025-07-28 00:00:00,CUST-1044,Barbara Lee,barbara.lee991@example.com,Germany,Hamburg,Software,Cloud Plan,23,317.35,10.99,6496.88,3777.08,2719.8,PayPal,Retail,Mia Wilson,5,No,Manual review
ORD-100992,2025-12-17 00:00:00,CUST-4891,Joseph Rodriguez,joseph.rodriguez992@example.com,Canada,Calgary,Software,Analytics Suite,3,869.91,1.05,2582.33,1986.35,595.98,Visa,Online,Ava Chen,4,No,Priority customer
ORD-100993,2024-09-15 00:00:00,CUST-1305,Patricia Martinez,patricia.martinez993@example.com,United Kingdom,Glasgow,Electronics,Laptop,4,1040.03,26.33,3064.76,1707.98,1356.78,Visa,Partner,Mia Wilson,3,No,Repeat order
ORD-100994,2024-09-18 00:00:00,CUST-6001,Anthony Rodriguez,anthony.rodriguez994@example.com,Germany,Berlin,Home,Coffee Machine,22,224.04,0.63,4897.83,2799.78,2098.05,Cash,Online,Ethan Davis,5,No,Priority customer
ORD-100995,2025-07-23 00:00:00,CUST-3397,Karen Martin,karen.martin995@example.com,Canada,Vancouver,Electronics,Phone,15,888.08,1.63,416284.87,28311.09,387973.78,Visa,Phone,Lucas Martin,3,No,Priority customer
ORD-100997,2024-06-24 00:00:00,CUST-1865,Matthew Rodriguez,matthew.rodriguez997@example.com,United States,Houston,Office,Desk,7,421.76,26.64,2165.82,1477.45,688.37,Visa,Phone,Ava Chen,4,No,Promo campaign
ORD-100998,2024-03-26 00:00:00,CUST-4640,James Rodriguez,james.rodriguez998@example.com,Australia,Adelaide,Electronics,Phone,12,914.46,26.8,8032.62,6339.62,1693.0,Visa,Partner,Ava Chen,3,No,Priority customer
ORD-101000,2024-07-12 00:00:00,CUST-4115,James Rodriguez,james.rodriguez0@example.com,Germany,Berlin,Software,Cloud Plan,11,321.98,1.66,3482.99,1999.06,1483.93,Cash,Online,Ethan Davis,5,No,Promo campaign
ORD-101002,2024-06-30 00:00:00,CUST-4993,Linda Brown,linda.brown2@example.com,United Kingdom,London,Software,CRM License,12,644.12,26.8,5657.95,4032.41,1625.54,PayPal,Retail,Sophia Taylor,5,No,Manual review
ORD-101004,2025-08-16 00:00:00,CUST-2991,Robert Williams,robert.williams4@example.com,Canada,Toronto,Office,Stationery Pack,11,39.77,0.32,436.07,348.87,87.2,Bank Transfer,Partner,Noah Brown,2,No,Repeat order
ORD-101005,2024-09-21 00:00:00,CUST-4237,Anthony Davis,anthony.davis5@example.com,United Kingdom,Glasgow,Software,Design Suite,23,568.73,1.76,12850.57,7212.23,5638.34,Bank Transfer,Retail,Emma Clark,3,No,Repeat order
ORD-101006,2025-09-06 00:00:00,CUST-6243,John Williams,john.williams6@example.com,United Kingdom,London,Office,Desk,19,481.19,5.72,8619.65,6435.84,2183.81,Mastercard,Retail,Lucas Martin,3,No,Priority customer
ORD-101008,2025-02-15 00:00:00,CUST-1517,Patricia Thompson,patricia.thompson8@example.com,Australia,Perth,Home,Vacuum,7,302.4,10.06,1903.85,1313.97,589.88,Bank Transfer,Phone,Liam Smith,4,No,Repeat order
ORD-101009,2024-10-04 00:00:00,CUST-4389,Sarah Perez,sarah.perez9@example.com,Germany,Berlin,Electronics,Tablet,15,675.0,0.19,10105.76,5496.38,4609.38,Cash,Online,Mia Wilson,5,No,Priority customer
ORD-101010,2025-12-14 00:00:00,CUST-6067,Daniel Taylor,daniel.taylor10@example.com,United Kingdom,Glasgow,Software,Design Suite,22,575.5,6.4,11850.7,8230.68,3620.02,Cash,Phone,Ethan Davis,5,No,Promo campaign
ORD-101011,2025-11-26 00:00:00,CUST-2479,John Wilson,john.wilson11@example.com,United Kingdom,Glasgow,Home,Air Purifier,22,207.9,1.23,4517.54,3328.14,1189.4,Visa,Phone,Sophia Taylor,4,No,Priority customer
ORD-101012,2026-02-09 00:00:00,CUST-5548,Matthew Johnson,matthew.johnson12@example.com,United Kingdom,London,Electronics,Tablet,3,593.65,0.45,1772.94,1238.93,534.01,Bank Transfer,Retail,Lucas Martin,5,No,Promo campaign
ORD-101013,2025-08-31 00:00:00,CUST-6374,Daniel Jones,daniel.jones13@example.com,Australia,Adelaide,Home,Air Purifier,12,251.48,20.97,2384.94,1275.34,1109.6,Cash,Partner,Noah Brown,4,No,Repeat order
ORD-101014,2024-11-30 00:00:00,CUST-4570,William Garcia,william.garcia14@example.com,Australia,Brisbane,Software,Cloud Plan,22,363.36,20.86,6326.39,4068.74,2257.65,PayPal,Retail,Ava Chen,4,No,Manual review
ORD-101015,2024-07-15 00:00:00,CUST-5148,Barbara Jackson,barbara.jackson15@example.com,Canada,Montreal,Electronics,Headphones,15,199.48,11.54,2646.9,2142.47,504.43,Cash,Online,Lucas Martin,4,No,Manual review
ORD-101016,2024-12-08 00:00:00,CUST-5945,Barbara Rodriguez,barbara.rodriguez16@example.com,Canada,Calgary,Office,Chair,25,256.93,10.11,5773.86,3689.19,2084.67,Cash,Partner,Mia Wilson,2,Yes,Promo campaign
ORD-101017,2025-12-11 00:00:00,CUST-6379,Susan Garcia,susan.garcia17@example.com,United States,New York,Office,Chair,10,236.53,25.86,1753.63,1375.56,378.07,Bank Transfer,Partner,Lucas Martin,4,No,Repeat order
ORD-101018,2026-05-22 00:00:00,CUST-5123,John Taylor,john.taylor18@example.com,Australia,Sydney,Electronics,Phone,9,921.41,0.18,8277.76,6566.05,1711.71,PayPal,Phone,Ava Chen,2,No,Repeat order
ORD-101019,2025-08-14 00:00:00,CUST-5878,James Brown,james.brown19@example.com,Canada,Ottawa,Software ,Cloud Plan,23,324.22,0.39,7427.98,4038.89,3389.09,PayPal,Phone,Ava Chen,4,No,Promo campaign
ORD-101020,2024-08-22 00:00:00,CUST-4921,Susan Rodriguez,susan.rodriguez20@example.com,United States,Houston,Electronics,Phone,24,753.61,0.11,18066.74,12260.61,5806.13,PayPal,Retail,Lucas Martin,5,No,Promo campaign
ORD-101022,2026-05-15 00:00:00,CUST-1628,Mary Johnson,mary.johnson22@example.com,Canada,Montreal,Home,Air Purifier,10,255.65,16.48,2135.19,1667.5,467.69,Visa,Retail,Mia Wilson,4,No,Priority customer
ORD-101023,2024-10-27 00:00:00,CUST-6284,Elizabeth Lee,elizabeth.lee23@example.com,Germany,Frankfurt,Electronics,Tablet,15,688.43,21.53,8103.17,4804.12,3299.05,Mastercard,Phone,Noah Brown,2,No,Manual review
ORD-101025,2026-05-18 00:00:00,CUST-2880,Mary Taylor,mary.taylor25@example.com,Germany,Munich,Home,Blender,17,123.62,11.25,1865.12,1098.24,766.88,PayPal,Online,Ava Chen,3,No,Promo campaign
ORD-101026,2024-09-17 00:00:00,CUST-6488,Richard Moore,richard.moore26@example.com,Canada,Ottawa,Home,Blender,3,124.08,16.98,309.03,186.55,122.48,PayPal,Partner,Ethan Davis,5,Yes,Repeat order
ORD-101027,2026-02-12 00:00:00,CUST-6484,Michael Lee,michael.lee27@example.com,United Kingdom,London,Software,Design Suite,20,516.18,0.03,10320.5,7491.36,2829.14,PayPal,Retail,Liam Smith,4,No,Repeat order
ORD-101032,2024-11-22 00:00:00,CUST-6323,Elizabeth Miller,elizabeth.miller32@example.com,United Kingdom,Leeds,Electronics,Monitor,2,403.44,6.8,752.01,456.33,295.68,Mastercard,Online,Ava Chen,5,No,Manual review
ORD-101034,2025-11-15 00:00:00,CUST-4194,Barbara Rodriguez,barbara.rodriguez34@example.com,United Kingdom,Glasgow,Software,Cloud Plan,3,307.0,0.87,912.99,741.1,171.89,Bank Transfer,Partner,Liam Smith,3,Yes,Promo campaign
ORD-101035,2025-09-20 00:00:00,CUST-5845,Richard Anderson,richard.anderson35@example.com,United Kingdom,London,Electronics,Phone,10,722.94,26.08,5343.97,2940.1,2403.87,PayPal,Phone,Ava Chen,2,No,Repeat order
ORD-101036,2026-03-14 00:00:00,CUST-1126,Anthony Miller,anthony.miller36@example.com,Canada,Calgary,Office,Printer,18,277.91,20.32,3985.9,2798.42,1187.48,Cash,Retail,Lucas Martin,3,No,Promo campaign
ORD-101038,2026-07-07 00:00:00,CUST-5682,Robert Thomas,robert.thomas38@example.com,United Kingdom,Leeds,Office,Scanner,1,208.98,1.11,206.66,107.83,98.83,PayPal,Retail,Liam Smith,5,No,Repeat order
ORD-101039,2024-07-08 00:00:00,CUST-1611,David Brown,david.brown39@example.com,Canada,Calgary,Software,Security Suite,23,422.29,0.98,9617.49,6112.19,3505.3,Visa,Retail,Ethan Davis,3,No,Repeat order
ORD-101040,2025-04-05 00:00:00,CUST-1437,Richard Jones,richard.jones40@example.com,Canada,Montreal,Office,Chair,5,272.75,25.67,1013.68,705.82,307.86,PayPal,Partner,Ethan Davis,4,No,Repeat order
ORD-101041,2024-05-09 00:00:00,CUST-4007,Barbara Martinez,barbara.martinez41@example.com,United Kingdom,Leeds,Electronics,Monitor,14,387.53,0.01,5424.88,3761.58,1663.3,Bank Transfer,Online,Ava Chen,2,No,Priority customer
ORD-101042,2024-06-30 00:00:00,CUST-5121,Linda Wilson,linda.wilson42@example.com,Canada,Montreal,Electronics,Tablet,6,551.83,0.56,3292.44,2565.98,726.46,Mastercard,Partner,Ethan Davis,2,No,Priority customer
ORD-101043,2025-07-09 00:00:00,CUST-4056,Thomas Martin,thomas.martin43@example.com,United States,Los Angeles,Home,Lamp,8,61.58,20.14,393.42,315.71,77.71,Visa,Phone,Liam Smith,2,No,Repeat order
ORD-101045,2025-08-30 00:00:00,CUST-3571,Lisa Anderson,lisa.anderson45@example.com,United States,Houston,Electronics,Headphones,5,164.86,0.92,816.72,623.07,193.65,Visa,Online,Emma Clark,4,No,Manual review
ORD-101046,2026-03-27 00:00:00,CUST-5648,Daniel Williams,daniel.williams46@example.com,australia,Cologne,Home,Blender,23,105.38,10.45,2170.46,1549.18,621.28,Cash,Phone,Lucas Martin,4,No,Priority customer
ORD-101047,2025-06-11 00:00:00,CUST-2157,Barbara Jones,barbara.jones47@example.com,Germany,Hamburg,Home,Lamp,25,62.17,1.92,1524.41,1155.36,369.05,Bank Transfer,Retail,Ethan Davis,3,No,Manual review
ORD-101048,2025-04-24 00:00:00,CUST-3431,Lisa Williams,lisa.williams48@example.com,Australia,Brisbane,Home,Vacuum,5,270.51,20.44,1076.09,618.7,457.39,Mastercard,Partner,Emma Clark,4,No,Manual review
ORD-101049,2024-07-17 00:00:00,CUST-5819,Linda Wilson,linda.wilson49@example.com,United States,Houston,Electronics,Tablet,9,703.84,20.08,5062.58,3284.5,1778.08,Cash,Retail,Ethan Davis,4,No,Repeat order
ORD-101050,2024-02-18 00:00:00,CUST-3710,Michael Lee,michael.lee50@example.com,United Kingdom,Manchester,Home,Coffee Machine,13,219.26,10.81,2542.25,1427.14,1115.11,PayPal,Online,Emma Clark,5,No,Promo campaign
ORD-101051,2026-01-16 00:00:00,CUST-1079,Mary Taylor,mary.taylor51@example.com,United Kingdom,Leeds,Home,Air Purifier,3,232.85,20.32,556.6,383.7,172.9,Cash,Online,Sophia Taylor,5,No,Priority customer
ORD-101052,2025-02-01 00:00:00,CUST-1776,Daniel Martinez,daniel.martinez52@example.com,Australia,Adelaide,Electronics,Phone,4,989.27,0.93,3920.28,2635.42,1284.86,Cash,Online,Noah Brown,5,No,Promo campaign
ORD-101055,2025-08-27 00:00:00,CUST-3999,Mary Jackson,mary.jackson55@example.com,Australia,Perth,Office,Chair,15,272.05,1.86,4004.85,2933.51,1071.34,Visa,Retail,Liam Smith,2,Yes,Priority customer
ORD-101058,2025-03-25 00:00:00,CUST-4911,Mary Johnson,mary.johnson58@example.com,Canada,Calgary,Electronics,Laptop,13,1246.19,0.15,16176.17,10288.97,5887.2,PayPal,Online,Mia Wilson,5,No,Promo campaign
ORD-101060,2024-04-18 00:00:00,CUST-4763,Jennifer Anderson,jennifer.anderson60@example.com,Australia,Sydney,Software,Analytics Suite,13,857.99,1.8,10953.1,6299.06,4654.04,Cash,Partner,Noah Brown,2,No,Promo campaign
ORD-101061,2026-07-02 00:00:00,CUST-4455,Charles Jones,charles.jones61@example.com,United States,Los Angeles,Home,Air Purifier,4,209.52,1.14,828.53,590.7,237.83,Visa,Partner,Mia Wilson,2,No,Repeat order
ORD-101062,2024-08-13 00:00:00,CUST-2114,Sarah Thomas,sarah.thomas62@example.com,australia,Hamburg,Office,Desk,5,479.85,0.18,2394.93,1527.43,867.5,Cash,Online,Ethan Davis,5,No,Priority customer
ORD-101063,2026-02-28 00:00:00,CUST-4469,David Perez,david.perez63@example.com,Germany,Cologne,Software,Security Suite,19,544.34,0.34,10307.3,7638.58,2668.72,PayPal,Retail,Lucas Martin,2,No,Manual review
ORD-101064,2025-04-19 00:00:00,CUST-1202,Linda Thomas,linda.thomas64@example.com,United States,New York,Office,Scanner,12,212.68,0.16,2548.08,1678.12,869.96,Cash,Retail,Ava Chen,5,No,Manual review
ORD-101065,2026-01-12 00:00:00,CUST-6408,Barbara Garcia,barbara.garcia65@example.com,United States,Seattle,Electronics,Phone,7,843.52,0.2,5892.83,4470.17,1422.66,Mastercard,Online,Sophia Taylor,3,No,Priority customer
ORD-101066,2025-07-17 00:00:00,CUST-5510,Lisa Smith,lisa.smith66@example.com,United Kingdom,Glasgow,Electronics,Tablet,4,663.01,20.42,2110.49,1332.62,777.87,Visa,Partner,Emma Clark,5,No,Promo campaign
ORD-101067,2026-02-22 00:00:00,CUST-5946,Patricia Taylor,patricia.taylor67@example.com,Germany,Cologne,Electronics,Laptop,25,1413.0,16.83,29379.8,19497.17,9882.63,Mastercard,Online,Lucas Martin,4,No,Repeat order
ORD-101068,2024-06-15 00:00:00,CUST-1009,Jessica Garcia,jessica.garcia68@example.com,Germany,Hamburg,Home,Air Purifier,2,256.06,0.34,510.38,380.84,129.54,Visa,Retail,Mia Wilson,4,No,Promo campaign
ORD-101069,2026-02-06 00:00:00,CUST-5299,Linda Jones,linda.jones69@example.com,United States,New York,Home,Vacuum,9,263.76,11.31,2105.36,1556.58,548.78,Visa,Online,Lucas Martin,5,No,Promo campaign
ORD-101071,2025-02-20 00:00:00,CUST-3076,Matthew Brown,matthew.brown71@example.com,United States,Chicago,Office,Desk,25,462.24,0.84,303982.26,36243.69,267738.57,Bank Transfer,Retail,Ava Chen,2,No,Manual review
ORD-101072,2026-02-25 00:00:00,CUST-1581,Karen Davis,karen.davis72@example.com,Canada,Calgary,Software,Security Suite,13,551.05,1.22,7076.25,4155.69,2920.56,Visa,Retail,Liam Smith,5,No,Manual review
ORD-101073,2024-08-11 00:00:00,CUST-1977,Nancy Williams,nancy.williams73@example.com,Canada,Montreal,Software,Design Suite,2,635.04,1.16,1255.35,1012.74,242.61,Visa,Partner,Mia Wilson,4,No,Priority customer
ORD-101074,2025-07-24 00:00:00,CUST-4019,Richard Garcia,richard.garcia74@example.com,United States,Seattle,Electronics,Phone,4,840.25,1.0,3327.39,2096.48,1230.91,Bank Transfer,Phone,Emma Clark,2,No,Promo campaign
ORD-101075,2024-11-03 00:00:00,CUST-6374,Richard Jones,richard.jones75@example.com,Australia,Adelaide,Software,Security Suite,12,417.57,11.56,4431.59,3345.7,1085.89,Visa,Phone,Lucas Martin,5,No,Promo campaign
ORD-101079,2025-02-19 00:00:00,CUST-1229,Linda Davis,linda.davis79@example.com,United Kingdom,Manchester,Electronics,Phone,3,744.57,16.7,1860.68,1262.84,597.84,PayPal,Partner,Sophia Taylor,5,No,Priority customer
ORD-101080,2026-07-27 00:00:00,CUST-6207,Matthew Perez,matthew.perez80@example.com,United Kingdom,Leeds,Home,Lamp,13,73.06,11.44,841.13,675.28,165.85,PayPal,Retail,Sophia Taylor,4,No,Repeat order
ORD-101081,2024-10-19 00:00:00,CUST-4030,Jessica Rodriguez,jessica.rodriguez81@example.com,Canada,Calgary,Software,CRM License,14,597.25,10.25,7504.45,4300.99,3203.46,Visa,Online,Sophia Taylor,4,No,Manual review
ORD-101082,2024-04-25 00:00:00,CUST-2962,David Garcia,david.garcia82@example.com,Canada,Ottawa,Office,Printer,12,322.4,20.6,3071.83,2008.99,1062.84,Visa,Phone,Ethan Davis,4,No,Manual review
ORD-101083,2024-09-28 00:00:00,CUST-6330,Matthew Perez,matthew.perez83@example.com,Australia,Brisbane,Office,Scanner,4,254.74,10.11,915.94,659.76,256.18,Cash,Retail,Mia Wilson,4,No,Manual review
ORD-101085,2025-11-04 00:00:00,CUST-3288,Patricia Williams,patricia.williams85@example.com,United Kingdom,Glasgow,Software,CRM License,18,612.74,0.42,10983.0,8398.63,2584.37,Mastercard,Phone,Emma Clark,4,No,Promo campaign
ORD-101086,2024-12-15 00:00:00,CUST-2209,Daniel Jackson,daniel.jackson86@example.com,Australia,Sydney,Software,Analytics Suite,21,1051.57,1.38,21778.23,14009.43,7768.8,Mastercard,Phone,Emma Clark,5,No,Priority customer
ORD-101089,2024-07-22 00:00:00,CUST-1996,Linda Perez,linda.perez89@example.com,Australia,Melbourne,Software,Design Suite,21,604.27,26.99,9264.73,7342.58,1922.15,Mastercard,Phone,Sophia Taylor,5,No,Repeat order
ORD-101093,2025-07-27 00:00:00,CUST-6178,Jessica Brown,jessica.brown93@example.com,United States,Houston,Electronics,Monitor,21,395.13,6.79,7734.31,5317.2,2417.11,Mastercard,Online,Emma Clark,5,No,Manual review
ORD-101097,2026-04-28 00:00:00,CUST-4879,Robert Smith,robert.smith97@example.com,Australia,Melbourne,Software,Analytics Suite,13,961.35,11.33,11081.58,6524.52,4557.06,PayPal,Phone,Liam Smith,5,No,Manual review
ORD-101100,2024-07-25 00:00:00,CUST-5682,Nancy Smith,nancy.smith100@example.com,Australia,Adelaide,Software,CRM License,5,708.86,113.48,3533.67,1915.2,1618.47,Mastercard,Phone,Lucas Martin,5,No,Promo campaign
ORD-101103,2026-05-12 00:00:00,CUST-1192,James Martin,james.martin103@example.com,Germany,Hamburg,Office,Chair,4,233.42,0.24,931.44,503.7,427.74,PayPal,Phone,Lucas Martin,4,No,Repeat order
ORD-101105,2025-02-20 00:00:00,CUST-3001,John Thomas,john.thomas105@example.com,United States,Houston,Home,Lamp,23,82.38,11.72,1672.68,886.37,786.31,PayPal,Partner,Mia Wilson,5,No,Repeat order
ORD-101107,2025-11-21 00:00:00,CUST-2690,Matthew Anderson,matthew.anderson107@example.com,Germany,Frankfurt,Electronics,Phone,12,820.61,1.06,9742.94,6418.67,3324.27,Bank Transfer,Partner,Mia Wilson,3,No,Repeat order
ORD-101108,2024-11-01 00:00:00,CUST-3706,Elizabeth Martin,elizabeth.martin108@example.com,Germany,Cologne,Home,Blender,13,106.16,10.83,1230.62,800.38,430.24,PayPal,Partner,Mia Wilson,4,No,Manual review
ORD-101112,2024-03-06 00:00:00,CUST-2215,Charles Jones,charles.jones112@example.com,United States,New York,Office,Desk,2,398.83,21.7,624.57,396.26,228.31,Cash,Retail,Ava Chen,2,No,Promo campaign
ORD-101113,2024-07-13 00:00:00,CUST-3709,Barbara Brown,barbara.brown113@example.com,United States,New York,Office,Scanner,11,249.33,16.06,2302.16,1607.99,694.17,Cash,Partner,Emma Clark,2,No,Priority customer
ORD-101114,2025-02-10 00:00:00,CUST-4177,John Perez,john.perez114@example.com,Germany,Munich,Electronics,Monitor,23,339.14,10.38,6990.56,5094.22,1896.34,Mastercard,Online,Liam Smith,4,No,Repeat order
ORD-101116,2024-01-29 00:00:00,CUST-1267,James Martinez,james.martinez116@example.com,United States,Houston,Software,Design Suite,24,604.09,21.56,11372.36,7756.88,3615.48,Cash,Partner,Noah Brown,8,No,Repeat order
ORD-101119,2024-01-23 00:00:00,CUST-2797,James Jones,james.jones119@example.com,Australia,Melbourne,Home,Lamp,19,82.4,5.41,1480.9,774.49,706.41,Mastercard,Partner,Lucas Martin,5,No,Promo campaign
ORD-101121,2026-03-22 00:00:00,CUST-2079,Mary Williams,mary.williams121@example.com,United States,Los Angeles,Home,Lamp,6,64.93,5.54,368.0,292.7,75.3,Visa,Retail,Ethan Davis,5,No,Manual review
ORD-101122,2025-03-25 00:00:00,CUST-4388,Charles Smith,charles.smith122@example.com,Australia,Perth,Office,Chair,22,289.39,10.1,5723.56,3617.23,2106.33,PayPal,Phone,Liam Smith,5,No,Promo campaign
ORD-101123,2025-01-03 00:00:00,CUST-6241,Jessica Wilson,jessica.wilson123@example.com,United Kingdom,Leeds,Electronics,Headphones,20,208.58,1.85,4094.43,2190.58,1903.85,Cash,Retail,Emma Clark,4,No,Priority customer
ORD-101124,2025-12-05 00:00:00,CUST-3811,Daniel Jones,daniel.jones124@example.com,United Kingdom,Glasgow,Electronics,Phone,5,811.32,1.61,3991.29,2775.86,1215.43,Bank Transfer,Phone,Ethan Davis,4,No,Promo campaign
ORD-101126,2025-10-06 00:00:00,CUST-2847,Matthew Lee,matthew.lee126@example.com,Canada,Ottawa, Electronics ,Laptop,15,1358.6,25.58,15166.05,8050.38,7115.67,Cash,Retail,Sophia Taylor,3,No,Repeat order
ORD-101129,2026-04-03 00:00:00,CUST-2361,Elizabeth Moore,elizabeth.moore129@example.com,Australia,Brisbane,Software,Design Suite,20,583.2,163.95,9912.07,6535.89,3376.18,Visa,Partner,Lucas Martin,5,No,Manual review
ORD-101130,2024-06-12 00:00:00,CUST-5896,David Miller,david.miller130@example.com,Canada,Calgary,Home,Blender,23,126.31,20.85,2299.41,1649.55,649.86,PayPal,Phone,Mia Wilson,4,No,Priority customer
ORD-101132,2026-02-14 00:00:00,CUST-6446,Robert Perez,robert.perez132@example.com,United Kingdom,London,Electronics,Monitor,25,344.91,0.3,8596.88,5289.87,3307.01,Cash,Phone,Mia Wilson,5,No,Promo campaign
ORD-101135,2025-02-15 00:00:00,CUST-3440,John Anderson,john.anderson135@example.com,United Kingdom,Glasgow,Electronics,Monitor,18,315.25,21.09,4477.75,3048.16,1429.59,Visa,Online,Liam Smith,5,No,Repeat order
ORD-101136,2025-05-24 00:00:00,CUST-4622,Mary Taylor,mary.taylor136@example.com,United Kingdom,Birmingham,Office,Desk,2,467.13,1.14,923.61,619.5,304.11,Cash,Phone,Mia Wilson,5,No,Manual review
ORD-101138,2026-01-20 00:00:00,CUST-4978,Jennifer Smith,jennifer.smith138@example.com,United Kingdom,London,Electronics,Monitor,6,368.16,6.59,2063.39,1142.77,920.62,Cash,Online,Liam Smith,5,No,Priority customer
ORD-101141,2025-11-06 00:00:00,CUST-5624,Linda Martin,linda.martin141@example.com,United States,Seattle,Electronics,Monitor,18,377.09,21.68,5316.06,3746.67,1569.39,Cash,Online,Ava Chen,5,No,Promo campaign
ORD-101143,2026-03-06 00:00:00,CUST-1890,Thomas Wilson,thomas.wilson143@example.com,Australia,Adelaide,Software,Analytics Suite,13,900.1,5.87,11014.43,6734.34,4280.09,Visa,Online,Mia Wilson,4,No,Manual review
ORD-101144,2026-01-24 00:00:00,CUST-5915,Jennifer Miller,missing.domain,United States,Seattle,Office,Desk,22,431.92,5.7,8960.61,5161.76,3798.85,Visa,Phone,Sophia Taylor,2,No,Priority customer
ORD-101146,2026-01-22 00:00:00,CUST-1136,Joseph Martin,joseph.martin146@example.com,Australia,Brisbane,Software,Design Suite,18,594.87,10.7,9561.94,6399.27,3162.67,Mastercard,Phone,Lucas Martin,5,No,Manual review
ORD-101147,2025-08-30 00:00:00,CUST-5632,Richard Lee,richard.lee147@example.com,Canada,Vancouver,Home,Blender,4,98.52,25.41,293.94,207.23,86.71,Mastercard,Partner,Sophia Taylor,4,No,Promo campaign
ORD-101148,2025-09-24 00:00:00,CUST-4375,Susan Smith,susan.smith148@example.com,Canada,Montreal,Office,Stationery Pack,20,38.58,11.25,684.79,385.41,299.38,Bank Transfer,Partner,Liam Smith,5,No,Priority customer
ORD-101150,2024-07-30 00:00:00,CUST-4265,Karen Martin,karen.martin150@example.com,United Kingdom,London,Software,Cloud Plan,8,302.52,26.04,1789.95,1269.03,520.92,Cash,Online,Lucas Martin,4,No,Repeat order
ORD-101152,2024-08-14 00:00:00,CUST-1004,Richard Taylor,not-an-email,United Kingdom,Glasgow,Electronics,Laptop,18,1090.94,10.72,17531.84,9665.52,7866.32,Cash,Retail,Ava Chen,5,No,Promo campaign
ORD-101154,2025-01-01 00:00:00,CUST-4173,Nancy Anderson,missing.domain,Canada,Calgary,Electronics,Headphones,25,188.43,5.03,4473.8,3625.89,847.91,PayPal,Online,Ethan Davis,4,No,Repeat order
ORD-101155,2024-06-14 00:00:00,CUST-4395,Nancy Martinez,@domain.com,Canada,Calgary,Electronics,Headphones,25,181.5,1.31,4478.06,3041.7,1436.36,Visa,Online,Liam Smith,4,No,Promo campaign
ORD-101158,2026-03-15 00:00:00,CUST-3667,Daniel Martinez,daniel.martinez158@example.com,Canada,Toronto,Home,Lamp,10,70.6,20.61,560.49,339.98,220.51,PayPal,Retail,Lucas Martin,5,No,Manual review
ORD-101159,2024-04-14 00:00:00,CUST-2361,Linda Lee,linda.lee159@example.com,United States,Chicago,Electronics,Tablet,3,701.95,10.67,1881.16,1174.43,706.73,Cash,Online,Ava Chen,4,No,Promo campaign
ORD-101161,2025-02-19 00:00:00,CUST-1947,Sarah Wilson,sarah.wilson161@example.com,United States,Los Angeles,Home,Coffee Machine,22,214.27,1.43,4646.53,2851.99,1794.54,Cash,Partner,Emma Clark,5,No,Priority customer
ORD-101162,2025-04-27 00:00:00,CUST-2886,John Johnson,john.johnson162@example.com,United Kingdom,London,Electronics,Monitor,10,366.72,10.9,3267.48,2000.28,1267.2,PayPal,Retail,Sophia Taylor,4,No,Manual review
ORD-101163,2026-07-11 00:00:00,CUST-5940,Thomas Martinez,thomas.martinez163@example.com,Australia,Perth,Electronics,Monitor,19,332.18,25.4,4708.32,2857.08,1851.24,Mastercard,Online,Sophia Taylor,4,No,Repeat order
ORD-101164,2025-10-21 00:00:00,CUST-5269,James Davis,james.davis164@example.com,United States,New York,Office,Scanner,3,250.44,1.38,740.95,438.56,302.39,Cash,Retail,Lucas Martin,2,No,Repeat order
ORD-101165,2025-03-21 00:00:00,CUST-2506,Sarah Garcia,sarah.garcia165@example.com,Germany,Berlin,Home,Coffee Machine,16,195.57,5.02,2972.04,2283.01,689.03,PayPal,Online,Sophia Taylor,4,No,Promo campaign
ORD-101166,2024-04-19 00:00:00,CUST-3918,Elizabeth Thomas,elizabeth.thomas166@example.com,United Kingdom,Manchester,Home,Coffee Machine,16,212.42,0.2,3391.92,2338.25,1053.67,Bank Transfer,Phone,Mia Wilson,4,No,Priority customer
ORD-101168,2025-06-28 00:00:00,CUST-2916,Mary Thompson,mary.thompson168@example.com,Germany,Cologne,Electronics,Laptop,4,1039.1,15.96,3493.04,2421.49,1071.55,PayPal,Retail,Liam Smith,3,No,Priority customer
ORD-101170,2024-05-26 00:00:00,CUST-1585,Anthony Jackson,anthony.jackson170@example.com,United Kingdom,Glasgow,Home,Blender,5,127.82,1.69,628.3,336.39,291.91,Bank Transfer,Phone,Liam Smith,4,No,Repeat order
ORD-101172,2026-02-09 00:00:00,CUST-4558,Thomas Taylor,thomas.taylor172@example.com,Germany,Berlin,Electronics,Phone,24,783.55,0.42,18726.22,12562.17,6164.05,Cash,Online,Liam Smith,4,No,Priority customer
ORD-101173,2025-08-13 00:00:00,CUST-1384,Sarah Williams,sarah.williams173@example.com,United Kingdom,Birmingham,Electronics,Laptop,24,1334.79,1.67,31499.98,20588.02,10911.96,PayPal,Partner,Noah Brown,5,No,Repeat order
ORD-101174,2026-05-06 00:00:00,CUST-6479,Michael Davis,michael.davis174@example.com,United Kingdom,London,Home,Blender,18,120.76,26.92,1588.53,831.7,756.83,PayPal,Retail,Noah Brown,5,Yes,Promo campaign
ORD-101176,2024-11-02 00:00:00,CUST-2738,Charles Johnson,charles.johnson176@example.com,Germany,Hamburg,Electronics,Headphones,23,160.31,10.66,3294.08,2581.89,712.19,Bank Transfer,Retail,Lucas Martin,3,No,Promo campaign
ORD-101177,2025-08-04 00:00:00,CUST-3009,Thomas Jackson,thomas.jackson177@example.com,United States,Houston,Software,Analytics Suite,15,788.42,16.02,9931.73,6950.97,2980.76,Mastercard,Partner,Mia Wilson,2,No,Promo campaign
ORD-101178,2024-12-08 00:00:00,CUST-4160,David Lee,david.lee178@example.com,United Kingdom,Leeds,Electronics,Monitor,21,407.87,26.33,6310.03,3443.92,2866.11,Bank Transfer,Retail,Emma Clark,4,No,Manual review
ORD-101179,2025-04-27 00:00:00,CUST-4982,Patricia Brown,patricia.brown179@example.com,Canada,Montreal,Office,Scanner,22,231.54,1.68,5008.3,3973.1,1035.2,Mastercard,Phone,Ava Chen,4,No,Priority customer
ORD-101182,2024-10-04 00:00:00,CUST-4713,William Jones,william.jones182@example.com,Canada,Calgary,Office,Scanner,5,254.78,0.53,1267.15,757.44,509.71,Visa,Retail,Sophia Taylor,4,No,Repeat order
ORD-101184,2025-03-11 00:00:00,CUST-5528,Patricia Davis,patricia.davis184@example.com,United Kingdom,Glasgow,Software,Analytics Suite,16,801.62,11.78,11315.03,5956.03,5359.0,Cash,Online,Liam Smith,5,No,Manual review
ORD-101185,2025-04-26 00:00:00,CUST-4630,William Johnson,william.johnson185@example.com,United States,Chicago,Office,Stationery Pack,17,49.54,1.01,833.67,484.92,348.75,PayPal,Retail,Mia Wilson,4,No,Manual review
ORD-101186,2024-12-23 00:00:00,CUST-2581,Jessica Moore,jessica.moore186@example.com,Australia,Brisbane,Electronics,Phone,23,724.86,1.25,16463.38,9117.67,7345.71,Cash,Phone,Ava Chen,4,No,Priority customer
ORD-101189,2024-09-18 00:00:00,CUST-5704,Patricia Jones,patricia.jones189@example.com,United States,Chicago,Software,CRM License,4321,709.13,25.3,10064.68,6410.52,3654.16,Bank Transfer,Retail,Noah Brown,4,No,Priority customer
ORD-101190,2025-06-30 00:00:00,CUST-6094,Elizabeth Jones,elizabeth.jones190@example.com,United kingdom,Chicago,Electronics,Monitor,23,372.08,5.34,8100.85,4454.69,3646.16,Visa,Online,Mia Wilson,4,No,Priority customer
ORD-101191,2024-06-04 00:00:00,CUST-1287,Patricia Taylor,patricia.taylor191@example.com,United States,New York,Software,CRM License,5,669.65,26.39,2464.65,1407.19,1057.46,Visa,Partner,Mia Wilson,5,No,Priority customer
ORD-101193,2024-04-05 00:00:00,CUST-1894,Charles Smith,charles.smith193@example.com,Australia,Perth,Office,Stationery Pack,15,39.58,1.31,585.92,334.85,251.07,Mastercard,Phone,Ava Chen,5,No,Promo campaign
ORD-101194,2025-05-22 00:00:00,CUST-1908,Richard Jackson,richard.jackson194@example.com,United States,Los Angeles,Electronics,Laptop,9,1145.22,11.49,9122.71,6912.32,2210.39,Cash,Retail,Liam Smith,5,No,Priority customer
ORD-101198,2026-05-11 00:00:00,CUST-1744,Patricia Taylor,patricia.taylor198@example.com,Australia,Melbourne,Electronics,Laptop,19,1284.3,16.91,20275.37,13809.7,6465.67,Mastercard,Phone,Lucas Martin,4,No,Manual review
ORD-101199,2026-07-18 00:00:00,CUST-1079,Sarah Thomas,sarah.thomas199@example.com,United Kingdom,Leeds,Software,Design Suite,22,553.86,5.93,11462.35,9396.13,2066.22,Cash,Partner,Ethan Davis,5,No,Repeat order
ORD-101200,2024-05-13 00:00:00,CUST-1702,Lisa Davis,lisa.davis200@example.com,Canada,Ottawa,Electronics,Headphones,4,186.97,25.58,556.57,430.74,125.83,Bank Transfer,Partner,Ava Chen,2,No,Promo campaign
ORD-101201,2024-10-03 00:00:00,CUST-4678,Lisa Martin,lisa.martin201@example.com,United States,Houston,Office,Chair,11,305.05,11.08,2983.76,2007.95,975.81,Visa,Retail,Liam Smith,4,No,Repeat order
ORD-101203,2025-02-16 00:00:00,CUST-4714,Anthony Miller,anthony.miller203@example.com,Australia,Sydney,Electronics,Laptop,18,1225.52,6.59,20605.65,15312.74,5292.91,Mastercard,Online,Ava Chen,2,No,Repeat order
ORD-101206,2025-04-01 00:00:00,CUST-1675,James Thompson,james.thompson206@example.com,Germany,Cologne,Home,Coffee Machine,8,188.75,1.45,1488.11,882.89,605.22,Visa,Online,Sophia Taylor,3,No,Repeat order
ORD-101208,2024-10-06 00:00:00,CUST-4313,William Thomas,william.thomas208@example.com,Canada,Toronto,Software,Security Suite,13,557.44,10.57,6480.74,5101.45,1379.29,Bank Transfer,Phone,Noah Brown,2,No,Repeat order
ORD-101211,2025-10-05 00:00:00,CUST-2447,Jennifer Thompson,jennifer.thompson211@example.com,Australia,Adelaide,Office,Stationery Pack,23,43.18,1.37,979.53,785.07,194.46,PayPal,Partner,Ava Chen,4,No,Priority customer
ORD-101212,2025-07-29 00:00:00,CUST-2984,Patricia Johnson,patricia.johnson212@example.com,Australia,Perth,Office,Chair,2,243.69,20.05,389.66,212.59,177.07,Cash,Retail,Emma Clark,3,Yes,Promo campaign
ORD-101215,2025-03-07 00:00:00,CUST-1680,Linda Smith,linda.smith215@example.com,United Kingdom,Leeds,Office,Printer,16,349.98,10.47,5013.39,3446.71,1566.68,Bank Transfer,Phone,Noah Brown,4,No,Manual review
ORD-101216,2024-12-25 00:00:00,CUST-4278,Patricia Jones,patricia.jones216@example.com,U.S.A,Vancouver,Software,Cloud Plan,1,325.79,21.41,256.04,162.9,93.14,Mastercard,Retail,Ethan Davis,3,No,Repeat order
ORD-101219,2025-12-08 00:00:00,CUST-3264,John Wilson,john.wilson219@example.com,Canada,Montreal,Home,Coffee Machine,12,177.6,0.03,2130.56,1363.35,767.21,PayPal,Online,Liam Smith,3,No,Repeat order
ORD-101221,2024-04-13 00:00:00,CUST-1358,Charles Thomas,charles.thomas221@example.com,Germany,Berlin,Software,Cloud Plan,9,363.47,0.69,3248.66,1785.14,1463.52,Mastercard,Online,Noah Brown,5,No,Promo campaign
ORD-101222,2025-06-24 00:00:00,CUST-4472,Lisa Rodriguez,not-an-email,Australia,Melbourne,Office,Desk,4,455.16,0.62,1809.35,1344.69,464.66,Visa,Retail,Emma Clark,4,No,Promo campaign
ORD-101224,2025-04-22 00:00:00,CUST-6343,James Miller,james.miller224@example.com,United Kingdom,Leeds,Electronics,Phone,4,932.93,26.5,2742.81,1911.49,831.32,Cash,Phone,Ava Chen,3,No,Manual review
ORD-101225,2026-04-21 00:00:00,CUST-5291,Richard Jones,richard.jones225@example.com,United Kingdom,Glasgow,Electronics,Headphones,9,158.85,11.69,1262.52,897.45,365.07,PayPal,Partner,Ava Chen,3,No,Priority customer
ORD-101226,2026-05-07 00:00:00,CUST-4634,David Davis,david.davis226@example.com,United Kingdom,Glasgow,Office,Desk,1,422.5,1.12,417.77,301.96,115.81,Cash,Online,Emma Clark,4,No,Repeat order
ORD-101227,2026-05-04 00:00:00,CUST-2266,Anthony Johnson,anthony.johnson227@example.com,United States,Houston,Electronics,Tablet,4,594.5,1.56,2340.9,1547.32,793.58,Mastercard,Retail,Lucas Martin,4,No,Manual review
ORD-101228,2026-07-13 00:00:00,CUST-1057,Patricia Lee,patricia.lee228@example.com,United States,Houston,Home,Coffee Machine,2,189.55,153.15,299.03,165.01,134.02,Mastercard,Partner,Ava Chen,5,No,Priority customer
ORD-101229,2024-07-09 00:00:00,CUST-2329,Thomas Johnson,thomas.johnson229@example.com,Australia,Melbourne,Home,Air Purifier,7,267.23,0.43,1862.57,1189.4,673.17,Visa,Phone,Ava Chen,5,No,Manual review
ORD-101231,2024-07-21 00:00:00,CUST-3981,John Wilson,john.wilson231@example.com,Australia,Sydney,Software,Security Suite,5,469.52,0.96,2325.06,1215.76,1109.3,Visa,Partner,Noah Brown,4,No,Promo campaign
ORD-101235,2026-02-22 00:00:00,CUST-5610,Lisa Brown,lisa.brown235@example.com,United States,Seattle,Electronics,Tablet,16,575.24,0.27,9178.99,6404.02,2774.97,Bank Transfer,Online,Sophia Taylor,5,No,Priority customer
ORD-101237,2024-09-26 00:00:00,CUST-6343,John Moore,john.moore237@example.com,Australia,Sydney,Software,Analytics Suite,2,1010.59,25.25,1510.83,959.8,551.03,Bank Transfer,Retail,Emma Clark,2,No,Priority customer
ORD-101240,2026-07-03 00:00:00,CUST-5333,Jessica Williams,jessica.williams240@example.com,United States,Chicago,Office,Stationery Pack,13,45.32,0.72,584.92,326.16,258.76,Bank Transfer,Phone,Ava Chen,5,No,Promo campaign
ORD-101241,2026-03-07 00:00:00,CUST-2927,James Rodriguez,james.rodriguez241@example.com,Germany,Cologne,Software,Design Suite,22,519.2,1.39,11263.63,8493.36,2770.27,PayPal,Online,Sophia Taylor,2,No,Manual review
ORD-101242,2024-01-10 00:00:00,CUST-3574,Karen Jones,karen.jones242@example.com,Canada,Vancouver,Software,CRM License,11,680.38,25.86,5548.77,3313.79,2234.98,Mastercard,Partner,Lucas Martin,5,No,Priority customer
ORD-101243,2024-09-04 00:00:00,CUST-5316,Thomas Thompson,thomas.thompson243@example.com,Canada,Calgary,Home,Air Purifier,9,216.58,1.17,1926.41,1500.28,426.13,PayPal,Retail,Noah Brown,5,No,Priority customer
ORD-101245,2025-08-13 00:00:00,CUST-5533,Susan Garcia,susan.garcia245@example.com,Australia,Brisbane,Office,Stationery Pack,18,43.77,10.54,704.82,483.33,221.49,Mastercard,Online,Sophia Taylor,4,No,Manual review
ORD-101248,2024-04-25 00:00:00,CUST-4609,Elizabeth Perez,elizabeth.perez248@example.com,United States,Los Angeles,Office,Scanner,15,200.32,10.75,2681.78,1574.64,1107.14,Mastercard,Partner,Emma Clark,5,No,Repeat order
ORD-101250,2025-10-29 00:00:00,CUST-1391,Robert Moore,robert.moore250@example.com,United States,Houston,Office,Stationery Pack,3,40.63,1.64,119.89,70.33,49.56,PayPal,Phone,Ava Chen,4,No,Promo campaign
ORD-101251,2025-05-15 00:00:00,CUST-3169,Susan Moore,susan.moore251@example.com,Canada,Montreal,Office,Scanner,6,227.15,10.71,1216.93,707.79,509.14,Cash,Partner,Ava Chen,5,No,Repeat order
ORD-101254,2025-09-25 00:00:00,CUST-2853,Linda Anderson,linda.anderson254@example.com,Australia,Sydney,Office,Printer,21,345.89,16.71,6049.93,3253.74,2796.19,PayPal,Partner,Sophia Taylor,2,No,Priority customer
ORD-101255,2026-05-20 00:00:00,CUST-3017,Charles Martin,charles.martin255@example.com,Germany,Cologne,Home,Coffee Machine,20,173.64,5.39,3285.62,1868.4,1417.22,Bank Transfer,Retail,Lucas Martin,4,Yes,Repeat order
ORD-101256,2026-06-19 00:00:00,CUST-5749,James Anderson,james.anderson256@example.com,Germany,Cologne,Office,Desk,5,472.27,11.51,2089.56,1143.28,946.28,Visa,Phone,Sophia Taylor,5,No,Manual review
ORD-101259,2026-07-28 00:00:00,CUST-4265,Jessica Anderson,jessica.anderson259@example.com,United States,Houston,Office,Scanner,9,221.37,1.34,1965.63,1322.1,643.53,PayPal,Phone,Liam Smith,4,No,Repeat order
ORD-101260,2024-03-03 00:00:00,CUST-2565,Susan Brown,susan.brown260@example.com,Canada,Vancouver,Electronics,Laptop,19,1254.86,10.63,21307.9,11958.6,9349.3,Mastercard,Online,Liam Smith,5,No,Manual review
ORD-101262,2026-03-28 00:00:00,CUST-3632,Joseph Thompson,joseph.thompson262@example.com,United States,Chicago,Home,Coffee Machine,5,222.37,6.42,1040.47,620.44,420.03,Cash,Online,Noah Brown,2,No,Repeat order
ORD-101263,2025-08-26 00:00:00,CUST-5829,Jessica Jackson,jessica.jackson263@example.com,Australia,Perth,Software,Cloud Plan,19,292.94,6.76,5189.61,3878.02,1311.59,Cash,Phone,Sophia Taylor,3,No,Repeat order
ORD-101264,2025-01-02 00:00:00,CUST-5319,Mary Garcia,mary.garcia264@example.com,United Kingdom,Leeds,Home,Lamp,9,60.82,16.27,458.32,346.34,111.98,Cash,Retail,Noah Brown,5,No,Promo campaign
ORD-101265,2025-01-06 00:00:00,CUST-3499,Jessica Jones,jessica.jones265@example.com,Canada,Vancouver,Electronics,Headphones,9,176.64,1.32,1568.78,1182.35,386.43,Mastercard,Partner,Sophia Taylor,3,No,Priority customer
ORD-101267,2024-06-28 00:00:00,CUST-5866,Charles Rodriguez,charles.rodriguez267@example.com,United States,New York,Electronics,Phone,6,791.41,10.17,4265.54,2947.14,1318.4,Visa,Online,Lucas Martin,5,No,Promo campaign
ORD-101271,2024-08-21 00:00:00,CUST-4793,Jessica Thomas,jessica.thomas271@example.com,United States,Houston,Home,Coffee Machine,23,194.46,15.02,-3800.8,2629.14,-6429.94,Mastercard,Retail,Ethan Davis,5,No,Manual review
ORD-101272,2025-03-21 00:00:00,CUST-3454,Susan Jones,susan.jones272@example.com,United States,New York,Office,Chair,14,230.84,10.57,2890.16,1583.65,1306.51,Mastercard,Retail,Liam Smith,5,No,Manual review
ORD-101275,2024-10-02 00:00:00,CUST-3829,Jennifer Martinez,jennifer.martinez275@example.com,Germany,Munich,Software,Security Suite,9,530.2,1.54,4698.31,2680.22,2018.09,Bank Transfer,Partner,Mia Wilson,5,No,Priority customer
ORD-101276,not-a-date,CUST-5651,Charles Smith,charles.smith276@example.com,United States,Chicago,Home,Blender,12,120.56,21.68,1133.07,635.7,497.37,Visa,Partner,Emma Clark,4,No,Priority customer
ORD-101277,2026-01-29 00:00:00,CUST-3194,Lisa Rodriguez,lisa.rodriguez277@example.com,Australia,Sydney,Electronics,Headphones,11,166.49,16.25,1533.79,941.57,592.22,Mastercard,Online,Lucas Martin,4,No,Manual review
ORD-101278,2025-10-25 00:00:00,CUST-6202,Charles Thompson,charles.thompson278@example.com,Australia,Sydney,Office,Scanner,18,192.64,20.1,2770.55,1846.9,923.65,Bank Transfer,Online,Ethan Davis,4,No,Repeat order
ORD-101280,2026-02-03 00:00:00,CUST-5988,Anthony Davis,anthony.davis280@example.com,Canada,Ottawa,Electronics,Monitor,22,331.8,1.04,7223.68,5525.7,1697.98,Cash,Online,Ava Chen,4,No,Promo campaign
ORD-101282,2025-02-18 00:00:00,CUST-4858,Joseph Rodriguez,joseph.rodriguez282@example.com,Canada,Ottawa,Office,Chair,1,255.01,26.33,187.87,98.95,88.92,Visa,Retail,Noah Brown,4,No,Manual review
ORD-101285,2024-03-12 00:00:00,CUST-4294,William Lee,william.lee285@example.com,Canada,Toronto,Software,Cloud Plan,1,314.99,5.37,298.08,160.47,137.61,Mastercard,Online,Emma Clark,4,No,Repeat order
ORD-101287,2025-08-28 00:00:00,CUST-5387,Sarah Thomas,sarah.thomas287@example.com,United Kingdom,Glasgow,Home,Coffee Machine,13,198.32,0.06,2576.61,1894.81,681.8,Mastercard,Online,Mia Wilson,5,No,Promo campaign
ORD-101289,2024-02-25 00:00:00,CUST-2201,Karen Martin,karen.martin289@example.com,United States,Chicago,Office,Stationery Pack,17,49.28,11.32,742.93,441.01,301.92,Visa,Phone,Liam Smith,5,No,Manual review
ORD-101290,2024-09-15 00:00:00,CUST-5758,James Taylor,james.taylor290@example.com,Canada,Montreal,Office,Desk,11,479.39,0.21,5262.22,3763.26,1498.96,Mastercard,Online,Sophia Taylor,2,No,Priority customer
ORD-101292,2026-05-21 00:00:00,CUST-1157,Thomas Garcia,thomas.garcia292@example.com,Germany,Frankfurt,Office,Printer,10,349.68,16.5,2919.83,1544.76,1375.07,Bank Transfer,Retail,Sophia Taylor,4,No,Priority customer
ORD-101293,2025-01-29 00:00:00,CUST-1902,Daniel Rodriguez,daniel.rodriguez293@example.com,Australia,Sydney,Software,Design Suite,1,554.17,1.44,546.19,428.96,117.23,Mastercard,Phone,Lucas Martin,5,No,Repeat order
ORD-101294,2025-11-19 00:00:00,CUST-3167,Mary Martin,mary.martin294@example.com,United States,New York,Office,Stationery Pack,4,45.03,1.99,176.54,114.11,62.43,PayPal,Partner,Mia Wilson,5,No,Priority customer
ORD-101295,2024-05-26 00:00:00,CUST-3443,Daniel Garcia,daniel.garcia295@example.com,United Kingdom,Birmingham,Software,CRM License,3,590.82,11.62,1566.5,1251.84,314.66,Mastercard,Partner,Mia Wilson,5,No,Repeat order
ORD-101296,2026-04-15 00:00:00,CUST-1481,John Jones,john.jones296@example.com,United States,Houston,Home,Coffee Machine,1,172.95,11.14,153.68,98.59,55.09,Mastercard,Phone,Emma Clark,2,No,Manual review
ORD-101300,2024-03-15 00:00:00,CUST-4716,Jennifer Thompson,jennifer.thompson300@example.com,Germany,Frankfurt,Office,Chair,14,269.36,0.02,3770.29,2432.16,1338.13,Cash,Phone,Noah Brown,4,No,Priority customer
ORD-101301,2025-06-11 00:00:00,CUST-4801,Karen Perez,karen.perez301@example.com,Germany,Munich,Office,Chair,11,285.48,26.73,2300.88,1472.44,828.44,Bank Transfer,Phone,Noah Brown,5,No,Priority customer
ORD-101302,2024-04-07 00:00:00,CUST-3681,James Martinez,james.martinez302@example.com,Australia,Melbourne,Home,Blender,6,95.27,11.79,504.23,385.2,119.03,Mastercard,Retail,Liam Smith,4,No,Priority customer
ORD-101303,2025-09-23 00:00:00,CUST-1551,James Smith,james.smith303@example.com,Australia,Sydney,Home,Air Purifier,2,255.67,26.86,373.99,210.94,163.05,PayPal,Retail,Ava Chen,4,No,Repeat order
ORD-101304,2026-05-13 00:00:00,CUST-5452,John Miller,john.miller304@example.com,United Kingdom,London,Electronics,Phone,17,950.13,25.64,12010.78,9492.6,2518.18,Bank Transfer,Retail,Ava Chen,5,No,Manual review
ORD-101305,2024-12-10 00:00:00,CUST-2901,Nancy Taylor,nancy.taylor305@example.com,United Kingdom,Manchester,Office,Printer,1,297.21,0.11,296.88,170.65,126.23,Visa,Phone,Lucas Martin,5,No,Manual review
ORD-101308,2025-02-18 00:00:00,CUST-1794,Jessica Rodriguez,jessica.rodriguez308@example.com,US,Melbourne,Home,Coffee Machine,3,202.67,26.32,447.98,275.38,172.6,Visa,Online,Emma Clark,5,No,Promo campaign
ORD-101309,2024-12-07 00:00:00,CUST-6095,Jennifer Williams,@domain.com,Canada,Montreal,Electronics,Phone,14,746.67,1.93,10251.63,5781.75,4469.88,Cash,Online,Mia Wilson,5,No,Priority customer
ORD-101310,2024-10-04 00:00:00,CUST-5041,Mary Miller,mary.miller310@example.com,United Kingdom,Manchester,Home,Air Purifier,9,271.05,11.1,2168.67,1127.76,1040.91,Bank Transfer,Online,Emma Clark,5,No,Manual review
ORD-101315,2026-04-20 00:00:00,CUST-5456,Nancy Miller,nancy.miller315@example.com,Germany,Frankfurt,Software,Analytics Suite,25,1044.11,0.48,25977.46,16405.39,9572.07,Cash,Phone,Ethan Davis,2,No,Repeat order
ORD-101316,2025-12-09 00:00:00,CUST-4582,Sarah Smith,sarah.smith316@example.com,United States,Houston,Home,Coffee Machine,20,205.25,1.94,4025.36,2554.66,1470.7,Cash,Retail,Mia Wilson,4,No,Priority customer
ORD-101317,2025-05-14 00:00:00,CUST-1348,Robert Miller,robert.miller317@example.com,Australia,Melbourne,Software,Security Suite,9,542.64,1.52,4809.53,3713.58,1095.95,Cash,Phone,Ava Chen,4,Yes,Promo campaign
ORD-101319,2024-02-03 00:00:00,CUST-3418,Sarah Wilson,sarah.wilson319@example.com,Germany,Berlin,Home,Coffee Machine,13,176.61,0.22,2290.88,1642.24,648.64,Bank Transfer,Retail,Noah Brown,2,No,Repeat order
ORD-101322,2025-04-04 00:00:00,CUST-1048,Linda Smith,linda.smith322@example.com,United States,Houston,Electronics,Headphones,10,153.98,15.97,1293.89,888.46,405.43,Mastercard,Phone,Lucas Martin,2,No,Manual review
ORD-101323,2025-06-27 00:00:00,CUST-6251,Mary Taylor,mary.taylor323@example.com,United States,New York,Software,Cloud Plan,8,317.83,0.74,2523.82,1410.26,1113.56,Visa,Phone,Ethan Davis,2,No,Repeat order
ORD-101324,2024-01-30 00:00:00,CUST-2172,Patricia Smith,patricia.smith324@example.com,United States,Seattle,Electronics,Headphones,4,211.71,1.61,833.21,492.57,340.64,PayPal,Retail,Ava Chen,4,No,Promo campaign
ORD-101325,2025-02-05 00:00:00,CUST-1341,Michael Moore,michael.moore325@example.com,United Kingdom,Glasgow,Software,Design Suite,12,518.74,1.15,6153.29,4721.51,1431.78,Visa,Phone,Ava Chen,4,No,Priority customer
ORD-101327,2024-10-16 00:00:00,CUST-3704,Sarah Smith,sarah.smith327@example.com,Germany,Berlin,Software,Security Suite,21,463.5,5.57,9191.34,7092.87,2098.47,Bank Transfer,Phone,Noah Brown,4,No,Promo campaign
ORD-101329,2024-03-13 00:00:00,CUST-4067,Elizabeth Moore,elizabeth.moore329@example.com,United States,Houston,Software,CRM License,5,594.7,0.73,2951.79,1858.3,1093.49,Mastercard,Online,Liam Smith,5,No,Promo campaign
ORD-101331,2025-12-12 00:00:00,CUST-4830,Joseph Perez,joseph.perez331@example.com,United Kingdom,London,Software,Security Suite,24,526.06,5.19,11970.18,9139.17,2831.01,Cash,Online,Sophia Taylor,5,No,Promo campaign
ORD-101332,2025-02-01 00:00:00,CUST-2008,John Martin,john.martin332@example.com,Germany,Cologne,Software,Cloud Plan,24,370.92,21.16,7018.4,4554.28,2464.12,Cash,Retail,Mia Wilson,5,No,Priority customer
ORD-101333,2025-12-11 00:00:00,CUST-4917,William Lee,william.lee333@example.com,Canada,Calgary,Electronics,Monitor,22,351.64,1.94,7586.0,6206.46,1379.54,Bank Transfer,Online,Ethan Davis,4,No,Manual review
ORD-101334,2026-04-16 00:00:00,CUST-2176,Daniel Brown,daniel.brown334@example.com,Germany,Munich,Office,Desk,20,406.88,25.48,6064.14,3498.38,2565.76,Cash,Phone,Mia Wilson,4,No,Manual review
ORD-101337,2025-11-19 00:00:00,CUST-4958,Thomas Rodriguez,thomas.rodriguez337@example.com,United Kingdom,Manchester,Office,Printer,16,331.0,1.78,5201.73,2719.09,2482.64,PayPal,Partner,Liam Smith,5,No,Promo campaign
ORD-101342,2025-02-17 00:00:00,CUST-3149,Susan Garcia,susan.garcia342@example.com,Australia,Sydney,Office,Scanner,7,245.43,16.27,1438.49,1090.6,347.89,Bank Transfer,Online,Ethan Davis,5,No,Repeat order
ORD-101343,2025-12-26 00:00:00,CUST-3275,Jessica Perez,jessica.perez343@example.com,U.S.A,New York,Office,Stationery Pack,23,49.69,26.5,840.01,648.15,191.86,Cash,Online,Ethan Davis,5,Yes,Promo campaign
ORD-101344,2026-06-12 00:00:00,CUST-4575,Karen Wilson,karen.wilson344@example.com,United Kingdom,London,HOME,Blender,23,122.56,5.29,2669.76,1722.22,947.54,PayPal,Retail,Noah Brown,4,No,Repeat order
ORD-101345,2024-12-03 00:00:00,CUST-6045,William Taylor,william.taylor345@example.com,Australia,Melbourne,Electronics,Phone,23,876.23,1.32,19887.27,15771.97,4115.3,PayPal,Partner,Mia Wilson,4,Yes,Promo campaign
ORD-101346,2026-04-26 00:00:00,CUST-6218,John Garcia,john.garcia346@example.com,Canada,Calgary,Office,Chair,7,291.07,11.88,1795.44,1095.31,700.13,Mastercard,Partner,Lucas Martin,5,No,Promo campaign
ORD-101347,2026-05-18 00:00:00,CUST-3376,Jessica Williams,jessica.williams347@example.com,Germany,Cologne,Office,Chair,7,259.63,25.12,1360.88,976.0,384.88,Visa,Phone,Ava Chen,5,No,Promo campaign
ORD-101348,2024-11-28 00:00:00,CUST-5221,Michael Rodriguez,michael.rodriguez348@example.com,Germany,Hamburg,Software,Security Suite,15,526.42,10.78,7045.08,5255.01,1790.07,Bank Transfer,Phone,Ethan Davis,5,No,Promo campaign
ORD-101351,2025-02-28 00:00:00,CUST-5349,William Jackson,william.jackson351@example.com,Canada,Montreal,Electronics,Laptop,2,1173.02,25.68,1743.58,1318.27,425.31,Mastercard,Partner,Ava Chen,5,No,Priority customer
ORD-101352,2025-09-18 00:00:00,CUST-4869,Barbara Rodriguez,barbara.rodriguez352@example.com,United Kingdom,London,Office,Chair,9,294.92,10.14,2385.14,1606.84,778.3,PayPal,Online,Noah Brown,4,No,Priority customer
ORD-101353,2025-02-22 00:00:00,CUST-2589,Sarah Thomas,sarah.thomas353@example.com,Australia,Adelaide,Office,Printer,16,352.22,0.91,5584.24,4509.27,1074.97,Visa,Partner,Ethan Davis,4,No,Repeat order
ORD-101354,2026-06-12 00:00:00,CUST-3277,Daniel Thomas,daniel.thomas354@example.com,Australia,Melbourne,Electronics,Monitor,24,303.1,5.06,6906.32,4852.48,2053.84,Visa,Retail,Ethan Davis,2,No,Priority customer
ORD-101359,2025-10-18 00:00:00,CUST-5259,Thomas Thomas,thomas.thomas359@example.com,United Kingdom,Glasgow,Office,Chair,1,263.97,1.68,259.54,159.88,99.66,Bank Transfer,Partner,Liam Smith,5,No,Promo campaign
ORD-101361,2024-10-28 00:00:00,CUST-2201,Richard Taylor,richard.taylor361@example.com,United States,Seattle,Office,Desk,12,369.79,0.94,4395.77,2946.03,1449.74,Bank Transfer,Partner,Sophia Taylor,4,No,Repeat order
ORD-101362,2025-10-01 00:00:00,CUST-5117,Charles Smith,charles.smith362@example.com,Canada,Vancouver,Office,Chair,15,283.2,6.31,3979.95,2211.71,1768.24,Cash,Online,Noah Brown,4,No,Promo campaign
ORD-101363,2024-10-14 00:00:00,CUST-4817,Charles Johnson,charles.johnson363@example.com,Australia,Perth,Home,Air Purifier,23,246.94,25.11,4253.47,3345.66,907.81,Bank Transfer,Partner,Ethan Davis,3,No,Priority customer
ORD-101365,2025-03-29 00:00:00,CUST-4367,Sarah Perez,sarah.perez365@example.com,United Kingdom,Birmingham,Software,Analytics Suite,13,1010.55,6.01,12347.61,8459.94,3887.67,Mastercard,Online,Noah Brown,2,No,Priority customer
ORD-101366,2024-03-31 00:00:00,CUST-5482,John Jones,john.jones366@example.com,United States,Seattle,Software,CRM License,6,577.06,1.26,3418.73,2120.03,1298.7,Cash,Online,Noah Brown,5,No,Manual review
ORD-101367,2025-09-02 00:00:00,CUST-1300,Anthony Brown,anthony.brown367@example.com,Germany,Munich,Electronics,Tablet,1,691.25,21.43,543.12,420.89,122.23,Visa,Online,Emma Clark,4,No,Manual review
ORD-101369,2024-01-14 00:00:00,CUST-4988,Susan Jackson,susan.jackson369@example.com,United Kingdom,Leeds,Software,Design Suite,24,635.86,5.68,14393.84,10466.55,3927.29,Bank Transfer,Retail,Liam Smith,4,No,Promo campaign
ORD-101371,2025-10-29 00:00:00,CUST-1838,William Johnson,user@,United Kingdom,Birmingham,Office,Desk,3,400.15,11.78,1059.04,852.84,206.2,Mastercard,Retail,Sophia Taylor,2,No,Repeat order
ORD-101373,2024-11-01 00:00:00,CUST-1177,William Thomas,william.thomas373@example.com,Canada,Ottawa,Home,Vacuum,25,329.45,21.45,6469.57,4193.46,2276.11,Visa,Phone,Mia Wilson,4,No,Priority customer
ORD-101374,2025-09-07 00:00:00,CUST-6483,Michael Jackson,michael.jackson374@example.com,Germany,Munich,Electronics,Monitor,19,406.64,15.91,6496.93,5165.7,1331.23,Mastercard,Phone,Mia Wilson,3,No,Repeat order
ORD-101375,2024-08-20 00:00:00,CUST-2856,Anthony Miller,anthony.miller375@example.com,Australia,Melbourne,Electronics ,Monitor,18,340.04,11.29,5429.69,4445.72,983.97,Mastercard,Partner,Liam Smith,5,No,Promo campaign
ORD-101376,2024-07-31 00:00:00,CUST-3456,Barbara Williams,barbara.williams376@example.com,Germany,Hamburg,Home,Blender,8,114.67,20.05,733.43,484.04,249.39,PayPal,Phone,Emma Clark,4,No,Promo campaign
ORD-101381,2025-03-24 00:00:00,CUST-4468,Robert Jones,robert.jones381@example.com,United States,Los Angeles,Home,Blender,19,113.26,1.8,2113.21,1231.21,882.0,Cash,Retail,Lucas Martin,5,No,Promo campaign
ORD-101383,2025-01-27 00:00:00,CUST-3017,John Moore,john.moore383@example.com,United Kingdom,Leeds,Home,Lamp,10,62.74,21.63,491.69,271.91,219.78,Bank Transfer,Retail,Lucas Martin,4,No,Repeat order
ORD-101384,2026-05-21 00:00:00,CUST-3152,Anthony Anderson,anthony.anderson384@example.com,Canada,Ottawa,Home,Air Purifier,19,264.03,0.97,4967.91,3237.1,1730.81,Visa,Partner,Ava Chen,2,No,Manual review
ORD-101385,2024-10-04 00:00:00,CUST-3363,Sarah Wilson,sarah.wilson385@example.com,Australia,Melbourne,Home,Air Purifier,3,261.71,6.66,732.84,552.96,179.88,PayPal,Phone,Emma Clark,4,No,Repeat order
ORD-101387,2024-01-15 00:00:00,CUST-5777,Patricia Rodriguez,patricia.rodriguez387@example.com,Germany,Frankfurt,Software,Design Suite,11,515.48,1.75,5571.05,2910.45,2660.6,PayPal,Partner,Mia Wilson,10,No,Priority customer
ORD-101392,2024-01-20 00:00:00,CUST-1781,James Taylor,james.taylor392@example.com,Canada,Calgary,Electronics,Laptop,11,1049.85,16.48,9645.18,6654.37,2990.81,Bank Transfer,Phone,Mia Wilson,4,No,Repeat order
ORD-101396,2024-12-31 00:00:00,CUST-3027,William Perez,william.perez396@example.com,Germany,Frankfurt,Software,Analytics Suite,9,816.64,1.46,7242.45,5033.52,2208.93,Bank Transfer,Phone,Emma Clark,4,No,Repeat order
ORD-101397,2025-01-27 00:00:00,CUST-4311,Sarah Anderson,sarah.anderson397@example.com,United States,Seattle,Software,Analytics Suite,12,885.22,0.67,10551.47,6048.83,4502.64,PayPal,Partner,Liam Smith,4,No,Priority customer
ORD-101398,2025-01-13 00:00:00,CUST-2795,Jennifer Anderson,jennifer.anderson398@example.com,United States,Seattle,Electronics,Headphones,14,177.74,0.53,2475.17,1868.32,606.85,Mastercard,Phone,Sophia Taylor,4,No,Priority customer
ORD-101399,2026-02-23 00:00:00,CUST-5723,Anthony Rodriguez,anthony.rodriguez399@example.com,Canada,Calgary,Home,Coffee Machine,11,174.57,20.25,1531.42,1087.52,443.9,Cash,Partner,Mia Wilson,4,No,Promo campaign
ORD-101400,2025-10-22 00:00:00,CUST-4427,Anthony Taylor,anthony.taylor400@example.com,Canada,Ottawa,Office,Printer,4,298.15,0.31,1188.9,781.46,407.44,Mastercard,Retail,Sophia Taylor,4,No,Promo campaign
ORD-101405,2025-08-09 00:00:00,CUST-3148,Michael Thompson,michael.thompson405@example.com,Australia,Perth,Office,Stationery Pack,19,47.61,10.02,813.95,519.81,294.14,Cash,Online,Liam Smith,4,No,Promo campaign
ORD-101406,2024-08-17 00:00:00,CUST-2789,Richard Martinez,richard.martinez406@example.com,Germany,Frankfurt,Electronics,Headphones,14,179.82,0.82,2496.84,1964.27,532.57,PayPal,Retail,Liam Smith,2,No,Priority customer
ORD-101410,2025-09-27 00:00:00,CUST-5933,Mary Jones,mary.jones410@example.com,Germany,Cologne,Software,Cloud Plan,4,314.68,1.5,1239.84,671.63,568.21,Visa,Retail,Ethan Davis,4,No,Manual review
ORD-101411,2024-07-21 00:00:00,CUST-1611,Anthony Miller,anthony.miller411@example.com,United Kingdom,Glasgow,Home,Air Purifier,18,224.68,1.99,3963.76,2310.31,1653.45,Bank Transfer,Online,Emma Clark,3,No,Repeat order
ORD-101413,2026-05-10 00:00:00,CUST-5371,James Jones,james.jones413@example.com,United Kingdom,Leeds,Electronics,Phone,17,878.36,0.58,14845.51,8250.68,6594.83,Bank Transfer,Partner,Sophia Taylor,4,No,Promo campaign
ORD-101415,2024-03-18 00:00:00,CUST-2945,Nancy Taylor,nancy.taylor415@example.com,Australia,Adelaide,Home,Coffee Machine,8,201.72,0.7,1602.46,1254.88,347.58,Visa,Partner,Mia Wilson,5,Yes,Repeat order
ORD-101417,2025-06-02 00:00:00,CUST-5671,Elizabeth Jackson,elizabeth.jackson417@example.com,Australia,Perth,Home,Blender,17,126.71,15.85,1812.65,1271.31,541.34,Cash,Retail,Ava Chen,2,No,Repeat order
ORD-101418,2024-07-07 00:00:00,CUST-4672,Daniel Wilson,daniel.wilson418@example.com,Canada,Calgary,Home,Lamp,7,67.95,11.77,419.67,325.46,94.21,Visa,Phone,Noah Brown,5,No,Manual review
ORD-101419,2024-10-28 00:00:00,CUST-6356,Daniel Anderson,daniel.anderson419@example.com,Canada,Montreal,Electronics,Monitor,13,398.44,25.05,3882.2,2068.63,1813.57,PayPal,Online,Mia Wilson,2,No,Priority customer
ORD-101420,2025-10-15 00:00:00,CUST-4373,Thomas Thomas,thomas.thomas420@example.com,United States,Chicago,Electronics,Headphones,15,199.21,1.75,2935.86,1529.67,1406.19,Bank Transfer,Online,Ethan Davis,3,No,Repeat order
ORD-101422,2024-10-31 00:00:00,CUST-1261,Elizabeth Smith,elizabeth.smith422@example.com,Germany,Hamburg,Software,Security Suite,5,491.32,17.0,2038.98,1421.81,617.17,Visa,Partner,Liam Smith,2,No,Repeat order
ORD-101423,2026-05-23 00:00:00,CUST-3575,William Moore,william.moore423@example.com,Germany,Berlin,Office,Printer,4,335.57,5.69,1265.9,669.55,596.35,Mastercard,Partner,Emma Clark,4,No,Promo campaign
ORD-101425,2026-02-19 00:00:00,CUST-5182,John Smith,john.smith425@example.com,United Kingdom,London,Home,Air Purifier,8,227.86,16.74,1517.73,846.7,671.03,Visa,Partner,Ethan Davis,5,No,Manual review
ORD-101426,2024-12-18 00:00:00,CUST-5077,Joseph Martinez,joseph.martinez426@example.com,United States,Seattle,Electronics,Phone,3,902.46,5.05,2570.66,1507.96,1062.7,Cash,Online,Mia Wilson,5,No,Manual review
ORD-101427,2026-04-13 00:00:00,CUST-3719,Patricia Jones,patricia.jones427@example.com,Australia,Melbourne,Software ,Security Suite,8,538.21,21.19,3393.31,1778.51,1614.8,Cash,Partner,Sophia Taylor,5,No,Repeat order
ORD-101428,2025-03-16 00:00:00,CUST-5640,Charles Martinez,charles.martinez428@example.com,Australia,Adelaide,Home,Coffee Machine,19,217.6,1.67,4065.36,2849.1,1216.26,Visa,Partner,Sophia Taylor,4,No,Manual review
ORD-101429,2024-10-06 00:00:00,CUST-4041,Sarah Thomas,sarah.thomas429@example.com,Australia,Perth,Electronics,Laptop,13,1151.3,25.48,11153.33,7313.28,3840.05,Bank Transfer,Online,Liam Smith,5,No,Priority customer
ORD-101435,2024-09-03 00:00:00,CUST-5836,Jennifer Thompson,jennifer.thompson435@example.com,United States,Los Angeles,Electronics,Monitor,3,344.54,1.81,1014.91,637.11,377.8,Mastercard,Phone,Lucas Martin,4,No,Manual review
ORD-101437,2025-09-10 00:00:00,CUST-1506,Nancy Perez,nancy.perez437@example.com,Australia,Sydney,Office,Chair,7,253.06,5.98,1665.49,1109.49,556.0,Visa,Online,Ava Chen,4,No,Promo campaign
ORD-101438,2026-01-27 00:00:00,CUST-4018,David Thomas,david.thomas438@example.com,Australia,Perth,Office,Chair,11,253.31,125.17,2468.76,1331.15,1137.61,PayPal,Partner,Ava Chen,5,No,Repeat order
ORD-101439,2025-04-24 00:00:00,CUST-4813,Robert Davis,robert.davis439@example.com,Australia,Brisbane,Home,Coffee Machine,5,208.08,1.92,1020.42,729.87,290.55,Cash,Online,Ethan Davis,5,No,Priority customer
ORD-101440,2026-07-23 00:00:00,CUST-1855,Lisa Martinez,lisa.martinez440@example.com,United States,Houston,ELECTRONICS,Laptop,20,1137.1,15.39,19242.01,13551.83,5690.18,Visa,Phone,Emma Clark,5,No,Promo campaign
ORD-101441,2025-08-12 00:00:00,CUST-2311,Susan Wilson,susan.wilson441@example.com,Australia,Brisbane,Office,Scanner,21,252.07,20.13,4227.89,2232.12,1995.77,Cash,Online,Sophia Taylor,5,No,Priority customer
ORD-101446,2024-06-16 00:00:00,CUST-4505,David Miller,david.miller446@example.com,Germany,Munich,Electronics,Laptop,4,1328.46,1.63,5227.22,3978.69,1248.53,Bank Transfer,Partner,Noah Brown,5,No,Manual review
ORD-101447,2024-09-11 00:00:00,CUST-5005,Linda Anderson,linda.anderson447@example.com,Australia,Melbourne,Software,Analytics Suite,9,858.83,15.44,6536.04,4982.68,1553.36,PayPal,Phone,Sophia Taylor,5,No,Priority customer
ORD-101450,2025-08-12 00:00:00,CUST-1903,Karen Davis,karen.davis450@example.com,United Kingdom,London,Software,Design Suite,25,515.83,11.73,11383.08,6168.32,5214.76,PayPal,Phone,Sophia Taylor,2,No,Manual review
ORD-101451,2024-04-29 00:00:00,CUST-5257,Michael Martinez,michael.martinez451@example.com,Canada,Calgary,Electronics,Monitor,12,409.82,26.72,3603.79,2022.02,1581.77,PayPal,Online,Emma Clark,2,No,Promo campaign
ORD-101452,2025-10-22 00:00:00,CUST-2278,Karen Martin,karen.martin452@example.com,United States,New York,Home,Lamp,18,75.22,1.55,1332.97,770.35,562.62,Visa,Partner,Sophia Taylor,3,No,Priority customer
ORD-101454,2024-07-27 00:00:00,CUST-2676,Robert Smith,robert.smith454@example.com,Australia,Adelaide,Home,Blender,9,98.09,11.55,780.85,609.77,171.08,Mastercard,Phone,Emma Clark,5,Yes,Manual review
ORD-101458,2024-12-04 00:00:00,CUST-2564,Elizabeth Johnson,elizabeth.johnson458@example.com,United Kingdom,Manchester,Electronics,Monitor,13,341.96,15.15,3771.99,2203.12,1568.87,Cash,Online,Ethan Davis,4,No,Priority customer
ORD-101459,2024-11-21 00:00:00,CUST-4124,David Anderson,david.anderson459@example.com,Germany,Berlin,Office,Desk,20,445.59,1.84,8747.82,5903.87,2843.95,PayPal,Phone,Liam Smith,5,No,Priority customer
ORD-101461,2024-12-30 00:00:00,CUST-5744,Thomas Taylor,thomas.taylor461@example.com,Canada,Ottawa,Software,CRM License,3,674.5,26.65,1484.24,943.4,540.84,Cash,Retail,Mia Wilson,4,No,Priority customer
ORD-101464,2024-06-10 00:00:00,CUST-4784,Susan Thomas,susan.thomas464@example.com,Germany,Frankfurt,Office,Desk,25,385.05,1.58,9474.16,5895.69,3578.47,Mastercard,Phone,Lucas Martin,5,No,Manual review
ORD-101465,2025-01-14 00:00:00,CUST-3456,Daniel Davis,daniel.davis465@example.com,United Kingdom,Birmingham,Electronics,Monitor,24,379.52,0.64,9050.19,7081.2,1968.99,Bank Transfer,Online,Mia Wilson,2,No,Priority customer
ORD-101466,2026-06-04 00:00:00,CUST-2367,Michael Smith,michael.smith466@example.com,Germany,Cologne,Software,Analytics Suite,24,1015.18,26.53,17900.47,10509.87,7390.6,Bank Transfer,Phone,Emma Clark,5,No,Manual review
ORD-101468,2024-02-23 00:00:00,CUST-3857,John Johnson,john.johnson468@example.com,United States,Chicago,Office,Chair,10,278.93,25.43,2079.98,1504.54,575.44,Bank Transfer,Phone,Emma Clark,3,No,Manual review
ORD-101471,2025-05-04 00:00:00,CUST-2992,Robert Williams,robert.williams471@example.com,Germany,Berlin,Home,Coffee Machine,20,205.6,25.04,3082.36,2243.91,838.45,Bank Transfer,Online,Liam Smith,5,No,Promo campaign
ORD-101473,2025-09-06 00:00:00,CUST-2531,Karen Moore,karen.moore473@example.com,Germany,Munich,Office,Printer,10,315.43,5.72,82521.11,7038.49,75482.62,Visa,Partner,Lucas Martin,5,No,Manual review
ORD-101474,2024-07-31 00:00:00,CUST-1750,William Taylor,william.taylor474@example.com,United States,Seattle,Software,Cloud Plan,10,343.68,6.62,3209.28,1690.92,1518.36,Bank Transfer,Retail,Lucas Martin,5,No,Manual review
ORD-101475,2024-02-10 00:00:00,CUST-1281,Thomas Jones,thomas.jones475@example.com,United Kingdom,Leeds,Home,Air Purifier,19,275.41,26.34,3854.47,2339.78,1514.69,Mastercard,Online,Lucas Martin,2,No,Promo campaign
ORD-101477,2025-06-22 00:00:00,CUST-5875,Susan Miller,susan.miller477@example.com,Canada,Ottawa,Office,Desk,3,482.72,1.44,1427.31,994.55,432.76,Cash,Retail,Liam Smith,5,No,Promo campaign
ORD-101481,2025-03-08 00:00:00,CUST-5967,Jessica Miller,jessica.miller481@example.com,Germany,Frankfurt,Home,Coffee Machine,4,196.47,1.49,774.17,435.07,339.1,Mastercard,Phone,Lucas Martin,5,No,Manual review
ORD-101482,2024-05-08 00:00:00,CUST-6391,Lisa Brown,lisa.brown482@example.com,Canada,Calgary,Software,Cloud Plan,23,363.53,25.96,6190.63,4834.39,1356.24,Cash,Retail,Lucas Martin,4,No,Repeat order
ORD-101484,2024-04-18 00:00:00,CUST-2110,Richard Wilson,richard.wilson484@example.com,United States,Los Angeles,Electronics,Tablet,10,624.99,6.62,5836.16,4025.08,1811.08,PayPal,Partner,Emma Clark,5,No,Priority customer
ORD-101485,2024-11-20 00:00:00,CUST-1240,David Thompson,david.thompson485@example.com,Canada,Calgary,Home,Vacuum,18,315.49,16.92,4717.96,3206.61,1511.35,Visa,Partner,Liam Smith,5,No,Manual review
ORD-101488,2025-10-21 00:00:00,CUST-5154,Daniel Davis,daniel.davis488@example.com,Australia,Melbourne,Office,Desk,4,371.09,0.68,1474.27,772.46,701.81,Bank Transfer,Online,Emma Clark,4,No,Manual review
ORD-101490,2025-08-10 00:00:00,CUST-4696,Jessica Miller,jessica.miller490@example.com,Australia,Melbourne,Home,Coffee Machine,13,202.33,20.28,2096.87,1531.82,565.05,PayPal,Retail,Emma Clark,4,No,Promo campaign
ORD-101492,2025-07-16 00:00:00,CUST-5394,Daniel Martinez,daniel.martinez492@example.com,USA,Birmingham,Office,Printer,11,337.62,10.76,3314.21,2150.06,1164.15,Bank Transfer,Partner,Mia Wilson,4,No,Manual review
ORD-101493,2024-11-02 00:00:00,CUST-5240,Elizabeth Lee,elizabeth.lee493@example.com,United States,Chicago,Software,Analytics Suite,14,1012.14,5.87,13338.18,8502.97,4835.21,PayPal,Retail,Noah Brown,2,No,Manual review
ORD-101494,2025-10-28 00:00:00,CUST-4346,Joseph Jackson,joseph.jackson494@example.com,United Kingdom,Glasgow,Software,CRM License,17,745.78,10.49,11348.31,8533.27,2815.04,Cash,Retail,Ethan Davis,4,No,Promo campaign
ORD-101495,2026-01-08 00:00:00,CUST-1261,Susan Thompson,susan.thompson495@example.com,United Kingdom,Glasgow,Electronics,Monitor,1,385.64,10.64,344.61,185.36,159.25,Cash,Retail,Ethan Davis,5,No,Promo campaign
ORD-101497,2024-05-15 00:00:00,CUST-6210,Nancy Smith,nancy.smith497@example.com,United States,Seattle,Electronics,Laptop,14,1074.53,15.22,12753.81,6779.1,5974.71,Visa,Partner,Sophia Taylor,2,No,Repeat order
ORD-101498,2025-12-01 00:00:00,CUST-2904,Patricia Martinez,patricia.martinez498@example.com,U.K.,Chicago,Office,Desk,5,482.97,11.54,2136.18,1550.87,585.31,Mastercard,Phone,Sophia Taylor,4,No,Promo campaign
ORD-101501,2025-04-30 00:00:00,CUST-2527,Jessica Martinez,jessica.martinez501@example.com,United Kingdom,Birmingham,Home,Coffee Machine,23,189.95,1.85,4288.03,2767.34,1520.69,Cash,Online,Lucas Martin,5,No,Priority customer
ORD-101503,2025-09-09 00:00:00,CUST-4534,Thomas Rodriguez,thomas.rodriguez503@example.com,Germany,Berlin,Software,Cloud Plan,6,273.49,0.85,1626.99,960.27,666.72,Mastercard,Online,Mia Wilson,5,No,Priority customer
ORD-101505,2024-02-28 00:00:00,CUST-2189,William Davis,william.davis505@example.com,Germany,Cologne,Electronics,Monitor,17,337.25,1.32,5657.57,4045.52,1612.05,PayPal,Retail,Lucas Martin,4,No,Manual review
ORD-101507,2025-01-16 00:00:00,CUST-2843,Lisa Martinez,lisa.martinez507@example.com,United Kingdom,Manchester,Electronics,Headphones,23,165.07,10.5,3397.97,2667.0,730.97,Visa,Online,Noah Brown,5,No,Promo campaign
ORD-101508,2026-03-12 00:00:00,CUST-3783,Daniel Brown,daniel.brown508@example.com,US,London,Software,Analytics Suite,22,938.61,26.21,15237.21,9705.31,5531.9,Visa,Phone,Mia Wilson,4,No,Manual review
ORD-101509,2024-09-09 00:00:00,CUST-4252,Susan Jones,susan.jones509@example.com,Germany,Berlin,Electronics,Headphones,16,166.58,0.31,2657.02,1854.9,802.12,Cash,Online,Sophia Taylor,5,No,Priority customer
ORD-101512,2025-04-15 00:00:00,CUST-3850,Richard Moore,richard.moore512@example.com,Canada,Toronto,Office,Desk,9,358.18,5.55,3044.71,2208.79,835.92,PayPal,Online,Noah Brown,4,No,Repeat order
ORD-101513,2024-11-17 00:00:00,CUST-1820,Thomas Brown,thomas.brown513@example.com,Australia,Sydney,Office,Stationery Pack,22,40.21,110.15,883.38,690.28,193.1,Mastercard,Retail,Ethan Davis,5,No,Repeat order
ORD-101514,2024-02-02 00:00:00,CUST-5507,Elizabeth Garcia,elizabeth.garcia514@example.com,United States,New York,Electronics,Phone,18,906.94,0.72,16207.38,9575.54,6631.84,Mastercard,Online,Lucas Martin,3,No,Promo campaign
ORD-101515,2024-09-08 00:00:00,CUST-4116,Susan Davis,susan.davis515@example.com,Canada,Toronto,Office,Stationery Pack,19,48.3,1.3,905.77,661.6,244.17,Cash,Online,Emma Clark,4,No,Priority customer
ORD-101518,2025-05-25 00:00:00,CUST-1641,Susan Thompson,susan.thompson518@example.com,Canada,Vancouver,Software,Security Suite,11,469.69,1.2,5104.59,3348.9,1755.69,Mastercard,Phone,Emma Clark,3,No,Promo campaign
ORD-101520,2026-01-04 00:00:00,CUST-3364,Joseph Brown,joseph.brown520@example.com,United States,Seattle,Software,Security Suite,2,434.27,0.43,864.81,619.71,245.1,Bank Transfer,Online,Ethan Davis,4,No,Priority customer
ORD-101521,2026-03-08 00:00:00,CUST-1792,Jennifer Jackson,jennifer.jackson521@example.com,Canada,Vancouver,Office,Desk,10,488.87,0.14,4881.86,3207.99,1673.87,PayPal,Retail,Liam Smith,5,No,Repeat order
ORD-101522,2025-01-21 00:00:00,CUST-5412,Linda Brown,linda.brown522@example.com,Germany,Frankfurt,Software,Analytics Suite,14,842.79,1.68,11600.84,7383.81,4217.03,Cash,Phone,Emma Clark,2,No,Repeat order
ORD-101524,2025-12-03 00:00:00,CUST-2189,Jessica Johnson,jessica.johnson524@example.com,Canada,Montreal,Office,Printer,3,267.97,10.1,722.72,536.87,185.85,Cash,Online,Liam Smith,5,No,Repeat order
ORD-101525,2025-02-14 00:00:00,CUST-6341,Jennifer Rodriguez,jennifer.rodriguez525@example.com,Canada,Toronto,Office,Desk,3,431.36,26.39,952.57,716.15,236.42,Visa,Phone,Sophia Taylor,5,No,Promo campaign
ORD-101526,2024-05-18 00:00:00,CUST-1872,Lisa Martin,lisa.martin526@example.com,United Kingdom,Glasgow,Software,Security Suite,19,505.31,0.63,9540.4,7622.37,1918.03,Bank Transfer,Online,Liam Smith,4,No,Priority customer
ORD-101528,2024-07-01 00:00:00,CUST-4394,Patricia Thomas,patricia.thomas528@example.com,United States,New York,Office,Stationery Pack,15,52.82,16.67,660.22,432.17,228.05,Visa,Phone,Ethan Davis,5,No,Repeat order
ORD-101529,2024-06-19 00:00:00,CUST-1387,Thomas Williams,thomas.williams529@example.com,Australia,Adelaide,Office,Stationery Pack,23,48.8,0.78,1113.65,905.85,207.8,Visa,Retail,Ava Chen,5,No,Priority customer
ORD-101531,2025-05-30 00:00:00,CUST-2842,Elizabeth Thompson,elizabeth.thompson531@example.com,Australia,Melbourne,Software,Analytics Suite,20,871.11,10.74,15551.06,11709.29,3841.77,PayPal,Phone,Mia Wilson,3,No,Manual review
ORD-101532,2024-03-12 00:00:00,CUST-5916,William Miller,william.miller532@example.com,Germany,Munich,Office,Printer,25,361.82,15.21,7669.68,5849.03,1820.65,Mastercard,Partner,Liam Smith,4,No,Manual review
ORD-101534,2026-03-04 00:00:00,CUST-6093,Richard Miller,richard.miller534@example.com,Australia,Adelaide,Office,Desk,25,468.02,21.04,9238.71,6846.47,2392.24,Visa,Phone,Ethan Davis,5,No,Repeat order
ORD-101536,2025-12-24 00:00:00,CUST-3406,Michael Miller,michael.miller536@example.com,Germany,Frankfurt,Office,Scanner,15,189.09,0.24,2829.54,2028.95,800.59,Visa,Retail,Ethan Davis,4,No,Promo campaign
ORD-101541,2025-03-09 00:00:00,CUST-5914,Lisa Perez,lisa.perez541@example.com,Germany,Munich,Electronics,Phone,8,857.22,20.87,5426.55,3902.72,1523.83,Mastercard,Retail,Sophia Taylor,4,No,Priority customer
ORD-101542,2026-03-13 00:00:00,CUST-3503,John Perez,john.perez542@example.com,United Kingdom,London,Electronics,Headphones,25,164.4,1.67,4041.36,3063.01,978.35,Mastercard,Partner,Noah Brown,4,Yes,Priority customer
ORD-101544,2024-09-12 00:00:00,CUST-5604,Thomas Taylor,thomas.taylor544@example.com,Canada,Ottawa,Home,Vacuum,17,278.16,16.62,3942.81,2258.12,1684.69,Mastercard,Phone,Noah Brown,5,No,Priority customer
ORD-101546,2024-01-05 00:00:00,CUST-1308,David Thompson,david.thompson546@example.com,Australia,Perth,Software,Security Suite,2,448.96,1.61,34304.06,2931.46,31372.6,Cash,Partner,Ethan Davis,4,No,Priority customer
ORD-101547,2025-08-16 00:00:00,CUST-3115,Michael Rodriguez,michael.rodriguez547@example.com,United Kingdom,Glasgow,Software,Cloud Plan,17,373.68,20.9,5024.87,3425.29,1599.58,Bank Transfer,Online,Lucas Martin,3,No,Manual review
ORD-101548,2024-08-08 00:00:00,CUST-5289,Daniel Smith,daniel.smith548@example.com,Canada,Ottawa,Electronics,Laptop,9,1266.01,0.16,11375.86,9203.21,2172.65,PayPal,Phone,Liam Smith,5,No,Manual review
ORD-101550,2025-02-22 00:00:00,CUST-5723,Barbara Thompson,barbara.thompson550@example.com,Canada,Ottawa,Home,Vacuum,9,267.96,1.29,2380.53,1796.02,584.51,Mastercard,Phone,Sophia Taylor,4,Yes,Manual review
ORD-101551,2024-05-07 00:00:00,CUST-3463,Matthew Rodriguez,matthew.rodriguez551@example.com,United States,Seattle,Software,CRM License,16,730.84,1.8,11482.96,8732.35,2750.61,Visa,Retail,Sophia Taylor,2,No,Promo campaign
ORD-101552,2025-10-06 00:00:00,CUST-4369,Linda Lee,linda.lee552@example.com,United Kingdom,Leeds,Software,Analytics Suite,25,876.79,11.03,19502.0,14760.59,4741.41,Mastercard,Partner,Mia Wilson,5,No,Manual review
ORD-101553,2026-02-21 00:00:00,CUST-2157,Mary Taylor,mary.taylor553@example.com,United States,Chicago,Home,Coffee Machine,1,206.65,0.04,206.57,112.34,94.23,Bank Transfer,Phone,Sophia Taylor,3,No,Repeat order
ORD-101556,2025-04-17 00:00:00,CUST-4781,Joseph Thomas,joseph.thomas556@example.com,Australia,Perth,Electronics,Tablet,8,675.96,25.6,4023.31,3137.84,885.47,Bank Transfer,Retail,Lucas Martin,4,No,Priority customer
ORD-101557,2025-10-27 00:00:00,CUST-2961,Joseph Lee,joseph.lee557@example.com,United Kingdom,London,Software,Cloud Plan,9,354.74,16.23,2674.49,1939.65,734.84,PayPal,Partner,Noah Brown,5,No,Priority customer
ORD-101559,2025-09-28 00:00:00,CUST-5819,Joseph Anderson,joseph.anderson559@example.com,United States,Chicago,Electronics,Laptop,11,1318.73,6.3,13592.15,7915.91,5676.24,Visa,Online,Ava Chen,4,No,Manual review
ORD-101568,2025-03-04 00:00:00,CUST-3607,Barbara Williams,barbara.williams568@example.com,Germany,Munich,Electronics,Phone,12,866.71,5.54,9824.33,7892.9,1931.43,Cash,Online,Sophia Taylor,4,No,Repeat order
ORD-101570,2026-05-24 00:00:00,CUST-1795,Richard Wilson,richard.wilson570@example.com,United Kingdom,Glasgow,Electronics ,Tablet,15,578.34,0.43,8637.8,5024.26,3613.54,Cash,Retail,Ethan Davis,3,No,Promo campaign
ORD-101572,2024-03-30 00:00:00,CUST-3422,Anthony Johnson,user@,Germany,Berlin,Office,Desk,17,400.58,26.81,4984.14,3033.14,1951.0,Bank Transfer,Online,Mia Wilson,4,No,Promo campaign
ORD-101573,31/02/2026,CUST-4612,Barbara Anderson,barbara.anderson573@example.com,United States,New York,Electronics,Monitor,8,302.0,1.62,2376.86,1447.63,929.23,Cash,Online,Liam Smith,2,No,Promo campaign
ORD-101574,2024-11-29 00:00:00,CUST-3486,Susan Anderson,susan.anderson574@example.com,Germany,Cologne,Home,Air Purifier,11,240.16,20.47,2100.99,1596.89,504.1,Visa,Retail,Liam Smith,4,No,Repeat order
ORD-101575,2026-07-28 00:00:00,CUST-4132,Karen Rodriguez,karen.rodriguez575@example.com,United Kingdom,Manchester,Electronics,Tablet,10,645.52,0.05,6451.97,5235.84,1216.13,Bank Transfer,Online,Ava Chen,2,No,Manual review
ORD-101576,2024-05-08 00:00:00,CUST-2244,Matthew Martin,matthew.martin576@example.com,United States,Los Angeles,Home,Coffee Machine,24,169.24,0.83,4028.05,2702.97,1325.08,Visa,Phone,Sophia Taylor,5,No,Manual review
ORD-101577,2025-12-26 00:00:00,CUST-1707,Richard Thompson,richard.thompson577@example.com,Germany,Frankfurt,Office,Desk,17,383.83,10.99,5808.0,4413.44,1394.56,Visa,Online,Sophia Taylor,4,No,Manual review
ORD-101579,2024-02-15 00:00:00,CUST-3713,Michael Lee,michael.lee579@example.com,Canada,Toronto,Office,Stationery Pack,12,39.56,15.37,401.76,295.36,106.4,Cash,Online,Noah Brown,5,Yes,Priority customer
ORD-101581,2025-02-02 00:00:00,CUST-3697,Daniel Martin,daniel.martin581@example.com,Germany,Cologne,Home,Lamp,13,81.74,10.41,952.0,521.82,430.18,PayPal,Phone,Noah Brown,4,No,Priority customer
ORD-101582,2024-02-23 00:00:00,CUST-4413,Thomas Martin,thomas.martin582@example.com,Germany,Frankfurt,Software,Security Suite,14,518.45,5.15,6884.5,4384.09,2500.41,Mastercard,Retail,Ava Chen,3,No,Manual review
ORD-101584,2026-02-10 00:00:00,CUST-1999,Anthony Rodriguez,anthony.rodriguez584@example.com,Germany,Cologne,Home,Coffee Machine,18,172.06,10.62,2768.17,1928.68,839.49,PayPal,Phone,Ava Chen,5,No,Priority customer
ORD-101587,2025-03-13 00:00:00,CUST-5384,Anthony Brown,anthony.brown587@example.com,Germany,Munich,Office,Chair,12,238.99,21.8,2242.68,1512.18,730.5,PayPal,Phone,Emma Clark,5,No,Repeat order
ORD-101588,2026-04-30 00:00:00,CUST-5709,James Thompson,james.thompson588@example.com,Canada,Montreal,Home,Blender,8,110.91,11.47,785.51,543.86,241.65,Bank Transfer,Partner,Noah Brown,3,No,Promo campaign
ORD-101590,2024-11-21 00:00:00,CUST-1589,Anthony Brown,anthony.brown590@example.com,Australia,Adelaide,Software,Cloud Plan,9,307.34,11.23,2455.43,1538.76,916.67,PayPal,Phone,Ethan Davis,3,No,Priority customer
ORD-101592,2024-06-20 00:00:00,CUST-4928,Charles Jackson,charles.jackson592@example.com,United States,Los Angeles,Home,Coffee Machine,5,194.38,5.61,917.38,659.45,257.93,Bank Transfer,Phone,Ava Chen,4,No,Promo campaign
ORD-101594,2026-07-02 00:00:00,CUST-4219,Richard Taylor,richard.taylor594@example.com,Canada,Toronto,Home,Air Purifier,9,225.59,0.69,2016.3,1402.8,613.5,Visa,Phone,Emma Clark,4,No,Manual review
ORD-101595,2025-09-05 00:00:00,CUST-2254,Richard Jones,richard.jones595@example.com,Canada,Vancouver,Electronics,Monitor,24,321.32,11.25,6844.12,3688.23,3155.89,Cash,Partner,Lucas Martin,5,No,Promo campaign
ORD-101597,2025-04-01 00:00:00,CUST-5597,Richard Garcia,richard.garcia597@example.com,Canada,Montreal,Office,Stationery Pack,12,44.16,10.58,473.85,302.61,171.24,Cash,Online,Emma Clark,5,No,Manual review
ORD-101599,2025-11-09 00:00:00,CUST-5672,Susan Rodriguez,susan.rodriguez599@example.com,Germany,Cologne,Office,Stationery Pack,25,48.24,6.03,1133.28,808.29,324.99,Bank Transfer,Partner,Emma Clark,5,No,Priority customer
ORD-101600,2025-10-15 00:00:00,CUST-3506,Anthony Wilson,anthony.wilson600@example.com,Germany,Berlin,Software,CRM License,12,622.46,11.3,6625.46,4853.21,1772.25,Mastercard,Phone,Emma Clark,5,No,Manual review
ORD-101601,2025-12-11 00:00:00,CUST-2974,Susan Perez,susan.perez601@example.com,United States,Los Angeles,Electronics,Headphones,9,198.6,0.97,1770.06,1423.1,346.96,PayPal,Online,Sophia Taylor,4,No,Priority customer
ORD-101602,2024-10-21 00:00:00,CUST-6034,Joseph Brown,joseph.brown602@example.com,Australia,Sydney,Electronics,Laptop,11,1274.81,25.91,10389.57,6115.46,4274.11,PayPal,Retail,Liam Smith,4,No,Priority customer
ORD-101603,2026-01-18 00:00:00,CUST-6192,Robert Garcia,robert.garcia603@example.com,United Kingdom,Birmingham,Software,Design Suite,11,550.16,0.45,6024.53,3621.4,2403.13,Bank Transfer,Partner,Liam Smith,5,No,Promo campaign
ORD-101604,2024-01-19 00:00:00,CUST-5768,Barbara Moore,barbara.moore604@example.com,United States,Seattle,Home,Coffee Machine,8,215.47,16.93,1431.93,894.75,537.18,PayPal,Phone,Ethan Davis,5,No,Repeat order
ORD-101608,2025-03-18 00:00:00,CUST-5893,Anthony Brown,anthony.brown608@example.com,Canada,Toronto,Software,Cloud Plan,19,355.48,11.15,6001.04,4000.68,2000.36,Mastercard,Partner,Sophia Taylor,3,No,Promo campaign
ORD-101611,2025-09-21 00:00:00,CUST-2857,James Williams,james.williams611@example.com,United Kingdom,Manchester,Electronics,Headphones,15,207.1,10.33,2785.6,1979.38,806.22,Bank Transfer,Phone,Mia Wilson,5,No,Manual review
ORD-101612,2026-07-01 00:00:00,CUST-6468,Lisa Perez,lisa.perez612@example.com,Canada,Calgary,Electronics,Monitor,17,408.76,6.41,6503.49,5048.31,1455.18,Visa,Online,Emma Clark,4,No,Manual review
ORD-101613,2025-03-01 00:00:00,CUST-2943,Daniel Thomas,daniel.thomas613@example.com,United Kingdom,Glasgow,Office,Scanner,1,224.29,15.36,189.84,155.19,34.65,Bank Transfer,Partner,Liam Smith,4,No,Manual review
ORD-101615,2025-04-07 00:00:00,CUST-3163,Charles Jackson,charles.jackson615@example.com,Germany,Cologne,Office,Printer,20,352.0,21.95,5494.72,4108.04,1386.68,PayPal,Phone,Sophia Taylor,4,No,Promo campaign
ORD-101616,2025-04-05 00:00:00,CUST-2536,David Rodriguez,not-an-email,United Kingdom,London,Electronics,Headphones,4,200.36,15.17,679.86,431.45,248.41,Cash,Online,Sophia Taylor,4,No,Repeat order
ORD-101618,2025-03-29 00:00:00,CUST-2384,James Williams,james.williams618@example.com,United Kingdom,Glasgow,Office,Chair,8,248.77,1.8,1954.34,1081.51,872.83,Cash,Retail,Lucas Martin,2,No,Repeat order
ORD-101620,2025-06-20 00:00:00,CUST-5228,James Jackson,user@,Canada,Calgary,Electronics,Tablet,6,699.78,25.29,3136.83,1896.47,1240.36,Bank Transfer,Online,Ethan Davis,3,No,Manual review
ORD-101621,2024-11-01 00:00:00,CUST-1894,Charles Davis,charles.davis621@example.com,Australia,Melbourne,Office,Scanner,10,234.51,20.51,1864.12,1209.48,654.64,Cash,Online,Lucas Martin,2,No,Promo campaign
ORD-101622,2024-05-13 00:00:00,CUST-3754,Anthony Davis,anthony.davis622@example.com,Germany,Berlin,Software,Security Suite,19,413.26,26.29,5787.66,3408.01,2379.65,Visa,Phone,Ava Chen,3,No,Promo campaign
ORD-101625,2024-09-02 00:00:00,CUST-3672,Karen Davis,karen.davis625@example.com,United States,Chicago,Office,Stationery Pack,10,41.1,0.01,410.96,258.34,152.62,Visa,Phone,Ethan Davis,5,No,Priority customer
ORD-101626,2024-06-03 00:00:00,CUST-5448,Charles Miller,charles.miller626@example.com,United Kingdom,London,Electronics,Phone,24,745.36,1.81,17564.86,13165.69,4399.17,Mastercard,Retail,Liam Smith,5,No,Promo campaign
ORD-101627,2024-03-24 00:00:00,CUST-4980,Charles Jackson,charles.jackson627@example.com,Germany,Cologne,Electronics,Phone,11,949.15,25.2,7809.61,6237.41,1572.2,Visa,Retail,Ava Chen,5,No,Priority customer
ORD-101628,2025-07-07 00:00:00,CUST-2899,Mary Perez,mary.perez628@example.com,United Kingdom,London,Office,Printer,23,302.58,15.19,5902.22,3763.54,2138.68,Cash,Partner,Mia Wilson,4,No,Repeat order
ORD-101629,2024-10-13 00:00:00,CUST-2838,William Brown,william.brown629@example.com,Germany,Frankfurt,Software,Cloud Plan,15,363.41,21.72,4267.16,2230.94,2036.22,PayPal,Partner,Emma Clark,4,No,Promo campaign
ORD-101631,2025-01-31 00:00:00,CUST-1160,Sarah Rodriguez,sarah.rodriguez631@example.com,US,Berlin,Home,Lamp,24,78.03,1.08,1852.49,1513.94,338.55,PayPal,Partner,Noah Brown,5,Yes,Repeat order
ORD-101632,2025-08-12 00:00:00,CUST-4872,Anthony Perez,anthony.perez632@example.com,United Kingdom,Glasgow,Home,Lamp,14,78.72,0.22,1099.66,731.53,368.13,Bank Transfer,Partner,Emma Clark,5,No,Promo campaign
ORD-101633,2024-08-03 00:00:00,CUST-3425,Barbara Thomas,barbara.thomas633@example.com,United Kingdom,Leeds,Office,Stationery Pack,19,49.99,0.33,946.68,686.28,260.4,Cash,Partner,Ethan Davis,2,No,Repeat order
ORD-101634,2025-08-27 00:00:00,CUST-5894,James Thompson,james.thompson634@example.com,Germany,Hamburg,Software,Design Suite,12,613.06,1.69,7232.39,4583.07,2649.32,Mastercard,Phone,Liam Smith,4,No,Priority customer
ORD-101635,2024-07-29 00:00:00,CUST-5665,Sarah Jackson,sarah.jackson635@example.com,Australia,Adelaide,Software,Cloud Plan,15,318.36,15.94,4014.2,2998.85,1015.35,Cash,Phone,Noah Brown,5,No,Priority customer
ORD-101641,2025-09-28 00:00:00,CUST-3670,Mary Davis,mary.davis641@example.com,Germany,Munich,Office,Desk,8,480.04,25.07,2877.55,2272.69,604.86,Cash,Phone,Lucas Martin,4,No,Manual review
ORD-101642,2024-11-13 00:00:00,CUST-5648,Charles Jones,charles.jones642@example.com,Germany,Frankfurt,Software,Analytics Suite,17,912.63,0.5,15437.14,8756.74,6680.4,PayPal,Phone,Noah Brown,3,No,Promo campaign
ORD-101643,2025-04-27 00:00:00,CUST-1036,Charles Taylor,charles.taylor643@example.com,United Kingdom,Birmingham,Electronics,Tablet,1,556.42,1.08,550.41,369.86,180.55,Visa,Partner,Liam Smith,2,No,Priority customer
ORD-101644,2025-01-04 00:00:00,CUST-3437,Elizabeth Wilson,elizabeth.wilson644@example.com,Australia,Melbourne,Electronics,Phone,22,767.16,0.16,16850.52,13248.45,3602.07,PayPal,Partner,Liam Smith,5,No,Priority customer
ORD-101646,2025-01-16 00:00:00,CUST-5158,Mary Davis,mary.davis646@example.com,Canada,Toronto,Software,Design Suite,25,539.14,5.4,12750.66,8821.66,3929.0,Bank Transfer,Retail,Mia Wilson,4,No,Promo campaign
ORD-101649,2025-06-01 00:00:00,CUST-2323,Matthew Jones,matthew.jones649@example.com,Germany,Frankfurt,Electronics,Monitor,19,372.28,6.51,6612.85,4600.21,2012.64,Cash,Online,Sophia Taylor,5,No,Manual review
ORD-101650,2026-04-30 00:00:00,CUST-4764,Patricia Williams,patricia.williams650@example.com,Canada,Vancouver,Software,CRM License,10,681.53,1.81,6691.94,4416.64,2275.3,PayPal,Online,Ethan Davis,4,No,Manual review
ORD-101651,2025-12-10 00:00:00,CUST-1574,Joseph Davis,joseph.davis651@example.com,Germany,Frankfurt,Office ,Scanner,5,212.11,1.03,1049.63,717.55,332.08,Mastercard,Partner,Emma Clark,5,No,Promo campaign
ORD-101653,2025-06-30 00:00:00,CUST-6302,David Taylor,david.taylor653@example.com,United Kingdom,Manchester,Electronics,Phone,20,979.38,1.53,19287.91,11339.72,7948.19,Visa,Partner,Noah Brown,4,No,Manual review
ORD-101656,2025-03-07 00:00:00,CUST-5682,Matthew Brown,matthew.brown656@example.com,Canada,Vancouver,Office,Scanner,10,253.17,10.98,2253.72,1757.64,496.08,Visa,Online,Liam Smith,4,No,Repeat order
ORD-101657,2025-10-24 00:00:00,CUST-3646,Linda Miller,linda.miller657@example.com,United Kingdom,Glasgow,Home,Lamp,10,63.28,6.67,590.59,477.7,112.89,Cash,Phone,Lucas Martin,5,No,Manual review
ORD-101659,2025-10-22 00:00:00,CUST-3553,Karen Perez,karen.perez659@example.com,Australia,Adelaide,Electronics,Laptop,14,1139.04,25.81,11830.75,9220.88,2609.87,PayPal,Retail,Emma Clark,5,No,Promo campaign
ORD-101662,2025-11-26 00:00:00,CUST-2705,Linda Martin,linda.martin662@example.com,Australia,Melbourne,Office,Desk,16,389.22,15.5,5262.25,4154.25,1108.0,Visa,Retail,Mia Wilson,5,No,Manual review
ORD-101664,2024-12-31 00:00:00,CUST-3656,Richard Johnson,richard.johnson664@example.com,United States,Los Angeles,Office,Printer,4,347.27,26.42,1022.09,643.6,378.49,Cash,Phone,Ava Chen,4,No,Promo campaign
ORD-101665,2026-04-12 00:00:00,CUST-4049,Mary Rodriguez,mary.rodriguez665@example.com,United States,Los Angeles,Home,Air Purifier,13,228.2,1.19,2931.3,1661.7,1269.6,Visa,Retail,Sophia Taylor,4,No,Manual review
ORD-101666,2026-01-30 00:00:00,CUST-2828,Mary Jackson,mary.jackson666@example.com,Germany,Berlin,Electronics,Phone,24,995.63,16.81,19878.35,12419.77,7458.58,PayPal,Partner,Liam Smith,5,No,Promo campaign
ORD-101668,2024-11-16 00:00:00,CUST-1340,Robert Williams,robert.williams668@example.com,Germany,Hamburg,Software,Analytics Suite,11,804.03,0.92,8762.96,7026.71,1736.25,PayPal,Retail,Ava Chen,5,No,Promo campaign
ORD-101670,2024-10-14 00:00:00,CUST-4200,Anthony Thomas,anthony.thomas670@example.com,Australia,Sydney,Office,Stationery Pack,5,45.46,1.08,224.85,130.89,93.96,Visa,Phone,Mia Wilson,3,No,Repeat order
ORD-101674,2025-01-23 00:00:00,CUST-5315,Karen Lee,karen.lee674@example.com,United States,Houston,software,CRM License,9,635.62,11.13,5083.88,4083.1,1000.78,Cash,Phone,Emma Clark,5,No,Repeat order
ORD-101675,2026-04-20 00:00:00,CUST-4294,David Jackson,david.jackson675@example.com,Australia,Sydney,Software,Security Suite,12,476.29,16.34,4781.57,3627.69,1153.88,Mastercard,Partner,Mia Wilson,3,No,Promo campaign
ORD-101677,2024-10-16 00:00:00,CUST-5485,James Miller,james.miller677@example.com,Australia,Perth,Software,Design Suite,16,496.01,1.68,7802.83,4309.65,3493.18,Bank Transfer,Retail,Ava Chen,3,No,Promo campaign
ORD-101680,2024-04-18 00:00:00,CUST-4585,Elizabeth Davis,elizabeth.davis680@example.com,United Kingdom,Manchester,Home,Blender,8,129.29,26.38,761.47,559.04,202.43,Cash,Phone,Sophia Taylor,4,No,Priority customer
ORD-101682,2025-01-12 00:00:00,CUST-5248,Robert Davis,robert.davis682@example.com,United Kingdom,London,Home,Lamp,24,70.31,0.37,1681.2,913.97,767.23,Cash,Online,Ethan Davis,3,No,Manual review
ORD-101683,2026-05-20 00:00:00,CUST-2472,Daniel Garcia,daniel.garcia683@example.com,Germany,Berlin,Home,Vacuum,14,275.2,1.42,3798.09,2887.73,910.36,Mastercard,Retail,Emma Clark,4,No,Priority customer
ORD-101686,2024-09-27 00:00:00,CUST-4720,Nancy Taylor,nancy.taylor686@example.com,Germany,Berlin,Home,Vacuum,20,308.43,20.01,4934.26,2692.04,2242.22,Visa,Online,Liam Smith,4,No,Manual review
ORD-101687,2024-08-13 00:00:00,CUST-3144,Richard Thompson,richard.thompson687@example.com,United States,Chicago,Software,Cloud Plan,18,330.31,5.58,5613.82,4550.82,1063.0,Visa,Partner,Liam Smith,4,No,Repeat order
ORD-101691,2026-05-03 00:00:00,CUST-4156,Linda Thompson,linda.thompson691@example.com,Australia,Melbourne,Software,Design Suite,10,492.44,21.93,3844.48,2080.8,1763.68,Visa,Retail,Noah Brown,5,No,Priority customer
ORD-101693,2025-02-13 00:00:00,CUST-4800,Jennifer Wilson,jennifer.wilson693@example.com,United States,Houston,Electronics,Tablet,10,514.22,10.88,4582.73,3689.9,892.83,Cash,Partner,Lucas Martin,4,No,Repeat order
ORD-101704,2024-08-24 00:00:00,CUST-1009,Charles Moore,charles.moore704@example.com,United States,Seattle,Home,Air Purifier,25,263.16,0.28,6560.58,3584.15,2976.43,Visa,Retail,Mia Wilson,4,No,Priority customer
ORD-101705,2024-09-25 00:00:00,CUST-5335,Charles Thompson,charles.thompson705@example.com,Australia,Adelaide,Software,Cloud Plan,5,292.77,5.15,1388.46,831.84,556.62,Visa,Phone,Emma Clark,4,No,Priority customer
ORD-101708,2026-07-10 00:00:00,CUST-5371,Linda Jones,linda.jones708@example.com,United States,Seattle,Electronics,Headphones,24,166.55,1.96,3918.85,2202.29,1716.56,Mastercard,Phone,Emma Clark,3,No,Repeat order
ORD-101709,2025-12-01 00:00:00,CUST-5261,Linda Moore,linda.moore709@example.com,Germany,Hamburg,Home,Coffee Machine,6,181.13,21.52,852.9,509.56,343.34,PayPal,Retail,Lucas Martin,5,No,Manual review
ORD-101711,2025-02-03 00:00:00,CUST-2928,Anthony Jackson,anthony.jackson711@example.com,Germany,Frankfurt,Electronics,Phone,12,884.38,0.03,10609.38,7839.49,2769.89,Bank Transfer,Retail,Liam Smith,5,No,Promo campaign
ORD-101712,2025-09-29 00:00:00,CUST-3617,Richard Taylor,richard.taylor712@example.com,Australia,Melbourne,Office,Chair,11,264.65,1.07,2880.0,1503.4,1376.6,PayPal,Phone,Emma Clark,4,No,Manual review
ORD-101713,2024-05-29 00:00:00,CUST-3087,Charles Miller,charles.miller713@example.com,Germany,Hamburg,Software,Design Suite,11,617.12,1.13,6711.61,4785.71,1925.9,Bank Transfer,Partner,Liam Smith,3,No,Promo campaign
ORD-101719,2025-10-31 00:00:00,CUST-5333,Matthew Johnson,matthew.johnson719@example.com,Australia,Melbourne,Software,CRM License,15,581.38,5.64,8228.85,4658.04,3570.81,Mastercard,Online,Mia Wilson,4,No,Manual review
ORD-101720,2025-07-27 00:00:00,CUST-1246,Daniel Rodriguez,daniel.rodriguez720@example.com,United States,Houston,Home,Coffee Machine,19,168.69,21.54,2514.73,1414.44,1100.29,Cash,Online,Lucas Martin,5,No,Priority customer
ORD-101721,2024-09-15 00:00:00,CUST-1526,Susan Thompson,susan.thompson721@example.com,Canada,Ottawa,Software,Security Suite,1,447.4,0.51,445.12,268.65,176.47,Visa,Phone,Liam Smith,5,No,Repeat order
ORD-101723,2026-04-05 00:00:00,CUST-4341,Thomas Smith,thomas.smith723@example.com,Germany,Munich,Home,Vacuum,4,271.14,16.64,904.09,647.56,256.53,Cash,Phone,Liam Smith,4,No,Manual review
ORD-101724,2024-07-16 00:00:00,CUST-4735,Jennifer Wilson,jennifer.wilson724@example.com,United Kingdom,Manchester,Office,Chair,5,277.68,0.65,1379.38,1063.83,315.55,Bank Transfer,Partner,Mia Wilson,5,No,Promo campaign
ORD-101725,2024-04-19 00:00:00,CUST-1712,Mary Martinez,mary.martinez725@example.com,Canada,Calgary,Office,Printer,24,352.54,6.19,7937.23,4238.61,3698.62,Visa,Partner,Noah Brown,5,No,Promo campaign
ORD-101726,2024-08-31 00:00:00,CUST-1162,Susan Garcia,susan.garcia726@example.com,Canada,Calgary,Office,Scanner,2,203.05,25.55,302.34,210.51,91.83,PayPal,Partner,Ava Chen,5,No,Repeat order
ORD-101728,2025-04-04 00:00:00,CUST-5853,Charles Thomas,charles.thomas728@example.com,Canada,Montreal,Software,Cloud Plan,20,336.13,0.21,6708.48,3867.51,2840.97,Cash,Retail,Ava Chen,4,No,Priority customer
ORD-101729,2026-05-19 00:00:00,CUST-3921,Susan Jones,susan.jones729@example.com,Canada,Montreal,Home,Vacuum,3,330.15,1.1,28300.96,1903.91,26397.05,Cash,Phone,Ava Chen,3,No,Promo campaign
ORD-101730,2024-07-19 00:00:00,CUST-3230,Jennifer Garcia,jennifer.garcia730@example.com,Australia,Melbourne,Office,Scanner,23,224.87,20.12,4131.4,3282.91,848.49,Bank Transfer,Phone,Liam Smith,4,No,Promo campaign
ORD-101732,2025-01-09 00:00:00,CUST-6265,Matthew Taylor,matthew.taylor732@example.com,Australia,Melbourne,Office,Stationery Pack,22,45.46,16.77,832.4,469.19,363.21,Cash,Phone,Liam Smith,4,No,Repeat order
ORD-101733,2026-05-20 00:00:00,CUST-6353,Joseph Taylor,missing.domain,United States,New York,Electronics,Laptop,16,1113.94,11.23,15821.51,12879.74,2941.77,PayPal,Partner,Sophia Taylor,5,No,Promo campaign
ORD-101734,2025-10-17 00:00:00,CUST-3812,Nancy Rodriguez,nancy.rodriguez734@example.com,United Kingdom,Birmingham,Electronics,Laptop,15,1179.58,1.49,17430.06,9771.84,7658.22,PayPal,Retail,Ethan Davis,5,No,Repeat order
ORD-101735,2025-10-03 00:00:00,CUST-6216,Patricia Taylor,patricia.taylor735@example.com,Australia,Brisbane,Office,Printer,19,330.23,6.84,5845.2,3943.86,1901.34,Cash,Online,Emma Clark,5,No,Manual review
ORD-101736,2026-04-23 00:00:00,CUST-2786,David Moore,david.moore736@example.com,Germany,Munich,Software,Security Suite,14,513.49,0.76,7134.22,4836.1,2298.12,PayPal,Online,Emma Clark,4,No,Priority customer
ORD-101738,2025-11-29 00:00:00,CUST-1354,Matthew Martin,matthew.martin738@example.com,United Kingdom,Birmingham,Electronics,Phone,7,837.17,15.26,4965.93,3408.11,1557.82,Mastercard,Retail,Liam Smith,4,No,Promo campaign
ORD-101740,2024-11-17 00:00:00,CUST-4015,William Jackson,william.jackson740@example.com,Canada,Toronto,Home,Lamp,20,67.12,1.17,1326.69,972.61,354.08,PayPal,Phone,Ava Chen,4,Yes,Priority customer
ORD-101741,2026-03-29 00:00:00,CUST-4208,Patricia Jackson,patricia.jackson741@example.com,United Kingdom,London,Office,Scanner,10,206.27,16.13,1729.99,1314.44,415.55,Visa,Retail,Liam Smith,4,No,Repeat order
ORD-101743,2025-02-21 00:00:00,CUST-2738,Susan Lee,susan.lee743@example.com,United Kingdom,Manchester,Electronics,Monitor,12,340.2,16.16,3422.68,1832.22,1590.46,PayPal,Phone,Ava Chen,5,No,Manual review
ORD-101744,2024-09-26 00:00:00,CUST-4367,Sarah Thompson,sarah.thompson744@example.com,United Kingdom,Manchester,Office,Chair,16,256.17,6.15,3846.65,2693.35,1153.3,Visa,Online,Noah Brown,4,No,Priority customer
ORD-101745,2024-12-11 00:00:00,CUST-1191,Lisa Jones,lisa.jones745@example.com,Canada,Ottawa,Electronics,Phone,22,774.05,1.13,16836.67,10646.79,6189.88,Bank Transfer,Online,Emma Clark,2,No,Priority customer
ORD-101746,2025-04-13 00:00:00,CUST-4575,James Williams,james.williams746@example.com,United Kingdom,London,Office,Desk,2,385.72,5.51,728.93,512.79,216.14,Cash,Phone,Noah Brown,3,No,Promo campaign
ORD-101750,2026-01-28 00:00:00,CUST-3217,Susan Perez,susan.perez750@example.com,Germany,Berlin,Home,Air Purifier,14,259.73,16.01,3054.06,1885.01,1169.05,Bank Transfer,Phone,Ava Chen,5,No,Manual review
ORD-101751,2025-12-12 00:00:00,CUST-3052,James Thomas,james.thomas751@example.com,United Kingdom,Leeds,Office,Printer,11,281.6,25.44,2309.57,1582.13,727.44,Bank Transfer,Phone,Ethan Davis,2,No,Manual review
ORD-101752,2026-07-15 00:00:00,CUST-6036,Matthew Thompson,matthew.thompson752@example.com,United Kingdom,Leeds,Home,Lamp,15,70.08,1.99,1030.28,562.45,467.83,Cash,Phone,Noah Brown,4,No,Repeat order
ORD-101753,2024-01-02 00:00:00,CUST-3798,Mary Thompson,mary.thompson753@example.com,United States,Seattle,Office,Scanner,22,239.24,20.51,4183.78,2724.75,1459.03,Mastercard,Phone,Liam Smith,5,Yes,Priority customer
ORD-101756,2026-01-11 00:00:00,CUST-1449,Matthew Brown,matthew.brown756@example.com,Canada,Toronto,Software,Cloud Plan,4,310.76,0.96,1231.11,879.82,351.29,Bank Transfer,Partner,Ava Chen,4,No,Priority customer
ORD-101758,2025-04-29 00:00:00,CUST-2339,Patricia Jackson,patricia.jackson758@example.com,Germany,Hamburg,Electronics,Phone,1,826.91,0.7,821.12,498.19,322.93,Mastercard,Retail,Ava Chen,3,Yes,Promo campaign
ORD-101761,2025-11-23 00:00:00,CUST-4086,Linda Moore,linda.moore761@example.com,Germany,Munich,Software,Cloud Plan,25,313.76,25.76,5823.39,3229.44,2593.95,Visa,Partner,Sophia Taylor,5,No,Manual review
ORD-101762,2024-10-06 00:00:00,CUST-5818,Joseph Martinez,joseph.martinez762@example.com,Germany,Berlin,Home,Blender,10,115.84,21.03,914.79,497.33,417.46,Cash,Online,Ava Chen,4,No,Manual review
ORD-101763,2025-09-24 00:00:00,CUST-5731,David Martin,david.martin763@example.com,Canada,Vancouver,Home,Vacuum,22,270.85,10.53,5331.25,2815.13,2516.12,Cash,Phone,Mia Wilson,4,No,Manual review
ORD-101764,2026-03-30 00:00:00,CUST-1580,Linda Wilson,linda.wilson764@example.com,United States,Houston,Electronics,Laptop,3881,1055.85,1.82,4146.53,2800.66,1345.87,Cash,Partner,Lucas Martin,5,No,Repeat order
ORD-101767,2025-04-11 00:00:00,CUST-1849,John Martinez,john.martinez767@example.com,Canada,Montreal,Home,Lamp,10,68.43,10.35,613.47,364.63,248.84,Bank Transfer,Partner,Emma Clark,4,No,Priority customer
ORD-101768,2026-07-07 00:00:00,CUST-2482,John Moore,john.moore768@example.com,United States,Houston,Home,Blender,2,122.85,16.6,204.91,144.76,60.15,Bank Transfer,Phone,Lucas Martin,5,No,Repeat order
ORD-101770,2024-09-14 00:00:00,CUST-4087,Matthew Wilson,matthew.wilson770@example.com,Germany,Frankfurt,Office,Scanner,11,235.17,1.98,2535.65,1760.83,774.82,Mastercard,Online,Liam Smith,4,No,Manual review
ORD-101773,2026-03-29 00:00:00,CUST-1861,Joseph Garcia,joseph.garcia773@example.com,Canada,Toronto,Software,Analytics Suite,10,853.58,15.84,7183.73,5592.34,1591.39,Mastercard,Online,Mia Wilson,2,No,Manual review
ORD-101774,2024-12-05 00:00:00,CUST-5207,Jennifer Lee,jennifer.lee774@example.com,Canada,Ottawa,Electronics,Tablet,14,525.36,10.69,6568.79,5114.0,1454.79,Bank Transfer,Phone,Mia Wilson,5,No,Promo campaign
ORD-101776,2024-10-20 00:00:00,CUST-4678,Karen Rodriguez,karen.rodriguez776@example.com,Canada,Ottawa,Home,Coffee Machine,18,192.94,1.99,3403.81,2628.45,775.36,Visa,Partner,Noah Brown,2,No,Promo campaign
ORD-101777,2024-01-18 00:00:00,CUST-2703,Linda Garcia,linda.garcia777@example.com,Germany,Cologne,Software,CRM License,24,714.37,0.42,17072.87,9694.02,7378.85,Bank Transfer,Phone,Lucas Martin,4,No,Priority customer
ORD-101778,2025-04-18 00:00:00,CUST-4102,Lisa Jackson,lisa.jackson778@example.com,Germany,Frankfurt,Office,Scanner,18,238.0,15.37,3625.55,2041.94,1583.61,Visa,Retail,Noah Brown,2,No,Priority customer
ORD-101779,2024-08-15 00:00:00,CUST-3178,Joseph Lee,joseph.lee779@example.com,United States,Chicago,Software,CRM License,24,554.06,1.33,13120.58,7718.4,5402.18,PayPal,Partner,Emma Clark,4,No,Priority customer
ORD-101780,2025-08-21 00:00:00,CUST-4848,Jennifer Miller,jennifer.miller780@example.com,United States,Houston,Software,CRM License,2,607.13,5.68,1145.29,718.02,427.27,Mastercard,Online,Noah Brown,5,No,Promo campaign
ORD-101781,2026-01-14 00:00:00,CUST-2248,Nancy Jones,nancy.jones781@example.com,United States,Seattle,Home,Lamp,1,66.71,1.58,65.66,34.97,30.69,PayPal,Partner,Sophia Taylor,4,No,Repeat order
ORD-101782,2026-05-24 00:00:00,CUST-1566,Karen Davis,karen.davis782@example.com,Germany,Frankfurt,Software,CRM License,10,574.86,20.95,4544.27,3123.62,1420.65,PayPal,Phone,Ethan Davis,5,No,Priority customer
ORD-101784,2025-03-09 00:00:00,CUST-2324,Karen Williams,karen.williams784@example.com,United States,Chicago,Home,Air Purifier,18,240.85,25.06,3248.87,2331.94,916.93,Mastercard,Partner,Sophia Taylor,4,No,Priority customer
ORD-101785,2024-02-18 00:00:00,CUST-2846,William Johnson,william.johnson785@example.com,Canada,Calgary,Electronics,Headphones,20,172.19,0.17,3437.95,2761.42,676.53,Mastercard,Online,Liam Smith,4,No,Repeat order
ORD-101790,2024-11-23 00:00:00,CUST-2220,Richard Wilson,richard.wilson790@example.com,Australia,Sydney,Office,Desk,10,472.35,15.98,3968.68,2909.68,1059.0,Visa,Retail,Ava Chen,4,No,Priority customer
ORD-101792,2026-03-27 00:00:00,CUST-1725,Elizabeth Smith,elizabeth.smith792@example.com,United States,Seattle,Office,Scanner,8,208.02,1.15,1645.02,899.95,745.07,Cash,Online,Sophia Taylor,4,No,Repeat order
ORD-101793,2025-11-02 00:00:00,CUST-2938,David Perez,david.perez793@example.com,Germany,Berlin,Electronics,Monitor,16,367.7,10.18,147316.44,8655.59,138660.85,Mastercard,Partner,Ethan Davis,5,Yes,Repeat order
ORD-101795,2026-06-23 00:00:00,CUST-2669,Jennifer Jackson,jennifer.jackson795@example.com,United States,Chicago,Office,Desk,25,373.15,1.55,9184.15,6481.93,2702.22,Cash,Online,Mia Wilson,2,No,Repeat order
ORD-101796,2024-11-05 00:00:00,CUST-3952,Elizabeth Lee,elizabeth.lee796@example.com,Australia,Melbourne,Electronics,Headphones,18,191.3,1.16,3403.46,2461.48,941.98,Mastercard,Retail,Liam Smith,3,No,Manual review
ORD-101797,2024-08-27 00:00:00,CUST-4531,Charles Johnson,charles.johnson797@example.com,Germany,Munich,Electronics,Phone,7,812.52,5.19,5392.45,4355.65,1036.8,Bank Transfer,Phone,Ava Chen,4,No,Promo campaign
ORD-101798,2026-03-23 00:00:00,CUST-4925,Matthew Williams,matthew.williams798@example.com,Canada,Toronto,Electronics,Phone,23,876.17,1.24,19902.03,15650.1,4251.93,PayPal,Online,Sophia Taylor,2,No,Promo campaign
ORD-101799,2026-07-04 00:00:00,CUST-5253,Michael Garcia,michael.garcia799@example.com,Australia,Melbourne,Home,Air Purifier,19,233.14,1.92,4344.61,2359.05,1985.56,Bank Transfer,Phone,Sophia Taylor,2,No,Priority customer
ORD-101800,2025-02-07 00:00:00,CUST-1213,Joseph Anderson,joseph.anderson800@example.com,United States,Chicago,Software,Analytics Suite,8,787.35,21.51,4943.93,2880.78,2063.15,Mastercard,Phone,Liam Smith,3,No,Manual review
ORD-101803,2025-02-19 00:00:00,CUST-3765,William Johnson,william.johnson803@example.com,Germany,Frankfurt,Office,Chair,6,239.55,6.69,1341.14,1018.9,322.24,Cash,Phone,Ethan Davis,4,No,Repeat order
ORD-101805,2024-06-18 00:00:00,CUST-2926,David Brown,david.brown805@example.com,United States,Seattle,Electronics,Headphones,14,199.43,6.84,2601.05,1757.83,843.22,Bank Transfer,Phone,Mia Wilson,5,No,Repeat order
ORD-101809,2025-06-12 00:00:00,CUST-5977,Susan Lee,susan.lee809@example.com,Canada,Toronto,Electronics,Monitor,13,403.46,6.75,4890.94,2654.99,2235.95,Mastercard,Phone,Ava Chen,5,No,Promo campaign
ORD-101812,2026-02-23 00:00:00,CUST-4645,Linda Martin,linda.martin812@example.com,Canada,Ottawa,Software,Security Suite,22,427.91,1.3,9291.64,6857.54,2434.1,Mastercard,Phone,Mia Wilson,5,No,Manual review
ORD-101813,2025-01-04 00:00:00,CUST-1271,Mary Perez,mary.perez813@example.com,United Kingdom,Leeds,Electronics,Headphones,7,168.36,0.81,1168.97,930.05,238.92,Cash,Online,Liam Smith,4,No,Promo campaign
ORD-101816,2025-11-09 00:00:00,CUST-3331,Thomas Smith,thomas.smith816@example.com,Australia,Sydney,Software,CRM License,21,765.46,5.54,15184.12,9995.51,5188.61,PayPal,Retail,Mia Wilson,5,No,Manual review
ORD-101820,2026-01-16 00:00:00,CUST-1530,Susan Wilson,susan.wilson820@example.com,Canada,Montreal,Software,Cloud Plan,4,359.43,16.04,1207.11,674.74,532.37,Cash,Phone,Ava Chen,4,No,Promo campaign
ORD-101825,2025-10-08 00:00:00,CUST-5195,Nancy Jackson,nancy.jackson825@example.com,Australia,Adelaide,Electronics,Tablet,2,670.53,26.04,991.85,533.84,458.01,Bank Transfer,Phone,Mia Wilson,4,Yes,Manual review
ORD-101828,2025-03-23 00:00:00,CUST-2470,Jessica Jackson,jessica.jackson828@example.com,Germany,Hamburg,Electronics,Laptop,7,1141.7,1.51,7871.22,4237.1,3634.12,Bank Transfer,Retail,Ava Chen,4,No,Promo campaign
ORD-101829,2026-03-04 00:00:00,CUST-3112,Richard Rodriguez,richard.rodriguez829@example.com,United Kingdom,Manchester,Home,Lamp,8,65.08,2.0,510.23,335.95,174.28,Visa,Phone,Mia Wilson,5,No,Repeat order
ORD-101831,2025-06-29 00:00:00,CUST-3907,Richard Thomas,richard.thomas831@example.com,U.S.A,Munich,Office,Chair,16,258.28,6.99,3843.62,2148.03,1695.59,Bank Transfer,Retail,Mia Wilson,5,No,Manual review
ORD-101834,2025-10-19 00:00:00,CUST-6130,Robert Anderson,robert.anderson834@example.com,Canada,Ottawa,Electronics,Monitor,15,322.81,1.18,4785.01,3637.97,1147.04,PayPal,Online,Emma Clark,5,No,Priority customer
ORD-101836,2025-06-22 00:00:00,CUST-5555,Michael Jones,michael.jones836@example.com,Canada,Vancouver,Software,Design Suite,17,543.02,5.53,8720.85,7050.51,1670.34,Mastercard,Online,Mia Wilson,5,No,Repeat order
ORD-101839,2024-06-05 00:00:00,CUST-1845,Lisa Thompson,lisa.thompson839@example.com,Australia,Sydney,Office,Stationery Pack,11,41.0,1.71,443.29,281.2,162.09,PayPal,Partner,Lucas Martin,4,No,Priority customer
ORD-101840,2024-07-24 00:00:00,CUST-5557,Elizabeth Miller,elizabeth.miller840@example.com,Germany,Frankfurt,Office,Stationery Pack,20,42.07,16.83,699.79,424.57,275.22,Cash,Partner,Sophia Taylor,4,No,Priority customer
ORD-101842,2024-10-18 00:00:00,CUST-5136,Nancy Garcia,nancy.garcia842@example.com,United Kingdom,Leeds,Software,Analytics Suite,24,974.23,0.34,23302.02,17218.19,6083.83,Bank Transfer,Partner,Mia Wilson,3,No,Priority customer
ORD-101843,2024-01-24 00:00:00,CUST-4623,James Brown,james.brown843@example.com,Germany,Berlin,Electronics,Headphones,1,170.96,20.79,135.42,109.83,25.59,Mastercard,Retail,Lucas Martin,4,No,Manual review
ORD-101844,2026-03-25 00:00:00,CUST-1477,Joseph Lee,joseph.lee844@example.com,Germany,Munich,Software,Design Suite,12,589.47,10.18,6353.54,5194.12,1159.42,Cash,Online,Mia Wilson,5,No,Priority customer
ORD-101845,2025-08-11 00:00:00,CUST-3458,Elizabeth Anderson,elizabeth.anderson845@example.com,Germany,Berlin,Electronics,Monitor,12,384.27,6.43,4314.74,2785.34,1529.4,PayPal,Phone,Mia Wilson,4,No,Manual review
ORD-101847,2024-02-29 00:00:00,CUST-2227,Linda Rodriguez,linda.rodriguez847@example.com,United Kingdom,London,Software,Design Suite,11,590.39,0.79,6442.99,4794.05,1648.94,Mastercard,Online,Lucas Martin,4,No,Repeat order
ORD-101849,2024-01-01 00:00:00,CUST-3454,Joseph Williams,joseph.williams849@example.com,Australia,Adelaide,Electronics,Phone,11,965.91,21.24,8368.26,5309.9,3058.36,Cash,Online,Mia Wilson,5,No,Priority customer
ORD-101850,2026-02-11 00:00:00,CUST-2947,William Moore,william.moore850@example.com,Canada,Ottawa,Electronics,Laptop,14,1052.1,0.23,14695.52,9131.92,5563.6,Cash,Phone,Sophia Taylor,5,No,Priority customer
ORD-101851,2026-05-15 00:00:00,CUST-5454,Matthew Martin,matthew.martin851@example.com,Australia,Adelaide,Electronics,Laptop,10,1068.56,5.43,10105.37,6385.0,3720.37,Bank Transfer,Phone,Ava Chen,3,No,Repeat order
ORD-101857,2026-01-28 00:00:00,CUST-2075,Sarah Smith,sarah.smith857@example.com,USA,Calgary,Electronics,Laptop,23,1383.58,1.81,31246.36,23644.06,7602.3,Visa,Retail,Ava Chen,5,No,Manual review
ORD-101859,2024-04-27 00:00:00,CUST-3330,David Anderson,david.anderson859@example.com,Germany,Cologne,Software,Design Suite,24,645.14,0.86,15350.2,8675.83,6674.37,PayPal,Phone,Liam Smith,2,No,Promo campaign
ORD-101860,2024-02-20 00:00:00,CUST-2778,Richard Brown,richard.brown860@example.com,Germany,Frankfurt,Electronics,Monitor,12,301.06,169.8,3606.22,2027.76,1578.46,Bank Transfer,Online,Liam Smith,5,No,Manual review
ORD-101862,2024-02-05 00:00:00,CUST-4391,William Perez,william.perez862@example.com,United Kingdom,London,Software,CRM License,19,698.38,16.66,11058.57,8775.16,2283.41,Mastercard,Phone,Ethan Davis,5,No,Repeat order
ORD-101863,2024-03-21 00:00:00,CUST-3498,Sarah Davis,sarah.davis863@example.com,Germany,Cologne,Home,Blender,21,94.97,10.28,1789.35,1458.04,331.31,Mastercard,Online,Ethan Davis,5,No,Manual review
ORD-101864,2025-09-11 00:00:00,CUST-1701,Daniel Moore,daniel.moore864@example.com,Canada,Vancouver,Home,Coffee Machine,22,209.22,10.91,4100.67,3058.38,1042.29,Cash,Partner,Mia Wilson,2,No,Manual review
ORD-101871,2025-06-27 00:00:00,CUST-2206,Matthew Miller,matthew.miller871@example.com,Canada,Calgary,Office,Printer,2,340.87,1.86,669.06,433.63,235.43,Mastercard,Online,Mia Wilson,5,No,Repeat order
ORD-101872,2025-02-22 00:00:00,CUST-3816,Nancy Martin,nancy.martin872@example.com,Australia,Adelaide,Electronics,Laptop,2,1338.39,20.3,2133.39,1308.24,825.15,Bank Transfer,Phone,Mia Wilson,5,No,Priority customer
ORD-101874,2024-09-12 00:00:00,CUST-3062,Daniel Wilson,daniel.wilson874@example.com,United States,Chicago,Electronics,Laptop,15,1404.12,1.11,20828.01,12899.53,7928.48,PayPal,Partner,Mia Wilson,4,No,Priority customer
ORD-101875,2025-07-07 00:00:00,CUST-5472,Jennifer Smith,jennifer.smith875@example.com,United Kingdom,Leeds,Software,Cloud Plan,14,312.1,21.42,3433.47,2333.67,1099.8,Bank Transfer,Partner,Sophia Taylor,5,No,Promo campaign
ORD-101877,2024-10-11 00:00:00,CUST-3344,Nancy Johnson,nancy.johnson877@example.com,UK,Montreal,Electronics,Monitor,9,322.89,0.03,2905.14,1848.56,1056.58,PayPal,Retail,Lucas Martin,4,No,Priority customer
ORD-101878,2025-01-06 00:00:00,CUST-2857,Elizabeth Rodriguez,elizabeth.rodriguez878@example.com,United States,Los Angeles,Electronics,Headphones,20,203.5,1.62,4004.07,2903.18,1100.89,Mastercard,Retail,Ethan Davis,5,No,Priority customer
ORD-101879,2025-09-06 00:00:00,CUST-5065,Karen Moore,karen.moore879@example.com,Australia,Sydney,Electronics,Laptop,24,1101.58,10.45,23675.16,14452.7,9222.46,PayPal,Partner,Lucas Martin,3,No,Repeat order
ORD-101882,2024-09-18 00:00:00,CUST-1052,Nancy Brown,nancy.brown882@example.com,United Kingdom,Glasgow,Office,Scanner,18,220.64,25.94,2941.31,2287.02,654.29,Bank Transfer,Online,Mia Wilson,5,No,Manual review
ORD-101887,2024-12-12 00:00:00,CUST-5746,John Jackson,john.jackson887@example.com,Australia,Brisbane,Office,Scanner,1634,232.44,0.17,2088.4,1343.32,745.08,PayPal,Partner,Sophia Taylor,4,No,Repeat order
ORD-101888,2025-08-13 00:00:00,CUST-5067,Linda Jackson,linda.jackson888@example.com,Germany,Munich,Electronics,Phone,25,961.81,6.82,22405.36,14298.27,8107.09,Mastercard,Phone,Lucas Martin,5,No,Priority customer
ORD-101889,2025-05-12 00:00:00,CUST-3104,Jessica Jackson,jessica.jackson889@example.com,United Kingdom,Glasgow,Office,Printer,18,306.99,6.67,5157.25,3159.23,1998.02,Cash,Online,Sophia Taylor,4,No,Repeat order
ORD-101891,2025-02-26 00:00:00,CUST-3057,John Davis,john.davis891@example.com,Germany,Berlin,Home,Air Purifier,17,280.59,10.57,-4265.84,3177.26,-7443.1,Bank Transfer,Retail,Liam Smith,4,No,Repeat order
ORD-101892,2024-01-19 00:00:00,CUST-3554,James Williams,james.williams892@example.com,Australia,Adelaide,Software,CRM License,13,719.24,11.65,8260.83,6040.41,2220.42,Cash,Online,Sophia Taylor,5,No,Promo campaign
ORD-101893,2025-11-22 00:00:00,CUST-4230,James Taylor,james.taylor893@example.com,Canada,Ottawa,Software,Cloud Plan,22,296.41,25.36,4867.29,2584.39,2282.9,Visa,Online,Noah Brown,4,No,Priority customer
ORD-101894,2026-07-22 00:00:00,CUST-3974,Elizabeth Davis,elizabeth.davis894@example.com,United States,New York,Home,Blender,13,114.1,26.96,1083.4,854.52,228.88,Cash,Phone,Liam Smith,5,No,Promo campaign
ORD-101895,2026-05-03 00:00:00,CUST-4821,Joseph Thompson,joseph.thompson895@example.com,United States,Los Angeles,Software,Cloud Plan,1,284.52,141.71,240.08,169.39,70.69,Bank Transfer,Retail,Noah Brown,5,Yes,Repeat order
ORD-101897,2025-03-10 00:00:00,CUST-3872,Susan Rodriguez,susan.rodriguez897@example.com,United Kingdom,Leeds,Electronics,Phone,13,778.81,25.79,7513.41,5017.74,2495.67,Cash,Phone,Ethan Davis,5,No,Promo campaign
ORD-101898,2026-05-12 00:00:00,CUST-6147,Lisa Taylor,lisa.taylor898@example.com,Canada,Ottawa,Home,Blender,21,103.12,26.49,1591.87,994.38,597.49,Mastercard,Partner,Emma Clark,4,No,Promo campaign
ORD-101900,2024-01-08 00:00:00,CUST-4068,David Smith,david.smith900@example.com,United States,Houston,Home,Air Purifier,18,272.66,1.55,4831.81,3211.28,1620.53,Mastercard,Retail,Mia Wilson,5,No,Repeat order
ORD-101901,2026-03-10 00:00:00,CUST-1239,Michael Garcia,michael.garcia901@example.com,Germany,Berlin,Office,Scanner,20,214.57,1.39,4231.75,2551.78,1679.97,Bank Transfer,Retail,Emma Clark,4,No,Manual review
ORD-101902,2024-02-16 00:00:00,CUST-2156,William Williams,william.williams902@example.com,United Kingdom,London,Software,Analytics Suite,6,1005.81,11.68,5329.99,3274.04,2055.95,Bank Transfer,Partner,Mia Wilson,5,No,Priority customer
ORD-101904,2024-02-15 00:00:00,CUST-4956,Karen Jones,karen.jones904@example.com,Australia,Adelaide,Home,Vacuum,2,319.05,0.36,635.8,423.93,211.87,Cash,Online,Sophia Taylor,3,No,Repeat order
ORD-101906,2025-12-03 00:00:00,CUST-2502,William Jackson,william.jackson906@example.com,Germany,Cologne,Office,Printer,1,360.26,16.34,301.39,226.21,75.18,Bank Transfer,Online,Noah Brown,5,Yes,Priority customer
ORD-101907,2024-09-01 00:00:00,CUST-4269,Thomas Jackson,thomas.jackson907@example.com,United Kingdom,Leeds,Software,CRM License,16,570.77,1.88,8960.63,6271.67,2688.96,Visa,Retail,Liam Smith,4,No,Priority customer
ORD-101910,2025-09-27 00:00:00,CUST-2059,William Martin,william.martin910@example.com,United Kingdom,Leeds,Office,Scanner,11,234.91,1.74,2539.05,1988.82,550.23,Bank Transfer,Retail,Ava Chen,2,No,Manual review
ORD-101911,2024-11-29 00:00:00,CUST-6113,Joseph Lee,joseph.lee911@example.com,Germany,Munich,Software,Security Suite,8,525.11,0.86,4164.75,3095.5,1069.25,Cash,Partner,Ethan Davis,4,No,Repeat order
ORD-101913,2025-02-13 00:00:00,CUST-3888,Jennifer Miller,jennifer.miller913@example.com,Australia,Melbourne,Software,Cloud Plan,7,295.12,1.82,2028.24,1272.65,755.59,PayPal,Online,Mia Wilson,2,No,Promo campaign
ORD-101916,2025-08-23 00:00:00,CUST-5304,Barbara Martinez,barbara.martinez916@example.com,Germany,Hamburg,Software,Analytics Suite,17,871.6,26.2,10935.09,8589.44,2345.65,Mastercard,Partner,Sophia Taylor,5,No,Manual review
ORD-101918,2025-08-11 00:00:00,CUST-4467,Barbara Moore,barbara.moore918@example.com,Canada,Ottawa,Electronics,Monitor,11,365.85,5.11,3818.71,2573.77,1244.94,Cash,Partner,Ethan Davis,4,No,Priority customer
ORD-101920,2026-03-30 00:00:00,CUST-2723,Mary Davis,mary.davis920@example.com,United Kingdom,London,Software,Cloud Plan,20,370.24,16.57,6177.82,4326.95,1850.87,PayPal,Partner,Liam Smith,2,No,Promo campaign
ORD-101922,2024-02-09 00:00:00,CUST-1139,Robert Miller,robert.miller922@example.com,Germany,Frankfurt,Office,Printer,24,323.53,5.97,7301.17,4825.94,2475.23,Bank Transfer,Online,Ethan Davis,5,No,Repeat order
ORD-101924,2024-06-07 00:00:00,CUST-2253,Charles Davis,charles.davis924@example.com,United Kingdom,London,Office,Scanner,14,219.43,0.75,3048.98,1698.82,1350.16,Bank Transfer,Retail,Emma Clark,5,No,Manual review
ORD-101926,2025-05-10 00:00:00,CUST-4396,Barbara Thomas,barbara.thomas926@example.com,United States,New York,Software,Design Suite,22,515.67,16.59,9462.65,7554.39,1908.26,Bank Transfer,Online,Sophia Taylor,2,No,Manual review
ORD-101927,2025-11-27 00:00:00,CUST-4862,Lisa Perez,lisa.perez927@example.com,Australia,Sydney,Software,CRM License,10,595.6,25.18,4456.28,3534.79,921.49,Cash,Partner,Noah Brown,3,No,Repeat order
ORD-101929,2024-10-18 00:00:00,CUST-1397,Anthony Lee,anthony.lee929@example.com,United States,Seattle,Electronics,Laptop,4,1166.29,5.35,4415.57,2510.38,1905.19,Visa,Retail,Mia Wilson,4,No,Priority customer
ORD-101930,2025-06-15 00:00:00,CUST-2389,Linda Jackson,linda.jackson930@example.com,Germany,Berlin,Office,Desk,22,449.74,6.09,9291.72,6605.34,2686.38,Visa,Retail,Ethan Davis,4,No,Priority customer
ORD-101932,2024-09-20 00:00:00,CUST-4793,Lisa Taylor,lisa.taylor932@example.com,Canada,Montreal,Software,Security Suite,5,523.3,20.61,2077.24,1608.76,468.48,Cash,Retail,Noah Brown,5,No,Priority customer
ORD-101933,2024-10-06 00:00:00,CUST-5992,Susan Davis,susan.davis933@example.com,Canada,Ottawa,Home,Blender,3,118.3,25.89,263.02,204.21,58.81,Cash,Retail,Ethan Davis,5,No,Promo campaign
ORD-101935,2026-04-07 00:00:00,CUST-5254,Robert Taylor,robert.taylor935@example.com,Germany,Berlin,Software,Security Suite,25,559.3,20.78,11076.94,7978.74,3098.2,Visa,Online,Noah Brown,4,No,Manual review
ORD-101936,2025-05-12 00:00:00,CUST-5571,Robert Davis,robert.davis936@example.com,United States,Chicago,Software,Design Suite,16,501.39,0.45,7986.14,4650.62,3335.52,PayPal,Online,Lucas Martin,3,No,Priority customer
ORD-101937,2025-01-29 00:00:00,CUST-3666,Jessica Martinez,jessica.martinez937@example.com,Germany,Hamburg,Software,Design Suite,8,485.51,11.57,3434.69,2123.87,1310.82,Bank Transfer,Phone,Sophia Taylor,5,No,Repeat order
ORD-101944,2026-04-21 00:00:00,CUST-2587,Jennifer Anderson,jennifer.anderson944@example.com,AUS,Cologne,Software,CRM License,4,724.48,5.63,2734.77,2226.19,508.58,Visa,Partner,Ava Chen,5,No,Promo campaign
ORD-101946,2024-09-11 00:00:00,CUST-1712,Joseph Brown,user@,United Kingdom,Leeds,Office,Chair,2,245.32,1.22,484.65,316.5,168.15,Mastercard,Phone,Lucas Martin,5,No,Manual review
ORD-101947,2024-05-29 00:00:00,CUST-3052,Mary Garcia,mary.garcia947@example.com,United States,Los Angeles,Software,CRM License,14,760.14,16.02,8937.12,5769.41,3167.71,Bank Transfer,Partner,Sophia Taylor,5,No,Priority customer
ORD-101950,2025-04-29 00:00:00,CUST-1459,James Anderson,james.anderson950@example.com,United Kingdom,Glasgow,Home,Blender,23,105.1,1.74,2375.24,1533.41,841.83,Bank Transfer,Partner,Mia Wilson,4,No,Promo campaign
ORD-101951,2025-10-05 00:00:00,CUST-3710,Thomas Davis,thomas.davis951@example.com,Australia,Melbourne,Home,Coffee Machine,13,204.35,21.5,2085.39,1574.96,510.43,Visa,Online,Noah Brown,2,No,Manual review
ORD-101952,2025-01-08 00:00:00,CUST-3030,Anthony Williams,anthony.williams952@example.com,United Kingdom,Birmingham,Electronics,Monitor,4,303.26,5.38,1147.78,731.6,416.18,Mastercard,Phone,Mia Wilson,4,Yes,Priority customer
ORD-101953,2024-09-26 00:00:00,CUST-2911,Matthew Anderson,matthew.anderson953@example.com,United Kingdom,Manchester,Software,CRM License,1,676.4,10.24,607.14,456.16,150.98,Bank Transfer,Phone,Ava Chen,4,No,Priority customer
ORD-101954,2026-04-04 00:00:00,CUST-2834,James Rodriguez,james.rodriguez954@example.com,Canada,Toronto,Electronics,Phone,11,919.91,1.1,10007.7,7245.46,2762.24,Mastercard,Phone,Liam Smith,5,No,Manual review
ORD-101955,2025-05-20 00:00:00,CUST-2939,Sarah Anderson,sarah.anderson955@example.com,Canada,Ottawa,Electronics,Tablet,13,629.82,15.07,6953.78,4876.63,2077.15,Cash,Retail,Ava Chen,3,No,Promo campaign
ORD-101956,2025-08-25 00:00:00,CUST-2735,Barbara Anderson,barbara.anderson956@example.com,Germany,Berlin,Software,Design Suite,25,577.31,6.43,13504.72,7320.78,6183.94,Bank Transfer,Partner,Emma Clark,2,No,Promo campaign
ORD-101960,2025-05-22 00:00:00,CUST-1407,Mary Miller,mary.miller960@example.com,United States,Houston,Software,Analytics Suite,17,772.16,25.93,9722.96,6487.98,3234.98,Visa,Partner,Emma Clark,4,No,Repeat order
ORD-101962,2024-09-02 00:00:00,CUST-5660,Nancy Brown,nancy.brown962@example.com,Germany,Munich,Office,Desk,12,476.93,1.94,5612.13,3538.55,2073.58,Bank Transfer,Partner,Noah Brown,5,Yes,Priority customer
ORD-101965,2024-06-01 00:00:00,CUST-4125,Anthony Johnson,anthony.johnson965@example.com,Australia,Adelaide,Office,Desk,23,409.66,10.85,8399.87,5824.29,2575.58,Bank Transfer,Online,Liam Smith,5,No,Repeat order
ORD-101968,2025-03-17 00:00:00,CUST-3749,Patricia Moore,patricia.moore968@example.com,United States,Seattle,Office,Chair,5,270.68,0.88,1341.49,882.74,458.75,Visa,Retail,Ethan Davis,5,No,Manual review
ORD-101970,2024-02-21 00:00:00,CUST-6070,Thomas Williams,thomas.williams970@example.com,Australia,Brisbane,Software,Security Suite,2,543.76,1.8,1067.94,702.52,365.42,PayPal,Online,Mia Wilson,5,No,Manual review
ORD-101971,2026-04-26 00:00:00,CUST-4773,Barbara Moore,barbara.moore971@example.com,United Kingdom,Leeds,Office,Stationery Pack,9,41.18,0.81,367.62,232.8,134.82,Visa,Partner,Sophia Taylor,2,No,Manual review
ORD-101972,2025-05-13 00:00:00,CUST-5857,William Davis,william.davis972@example.com,Germany,Hamburg,Home,Vacuum,2,310.61,0.03,621.03,350.12,270.91,Bank Transfer,Partner,Mia Wilson,5,No,Repeat order
ORD-101974,2025-04-14 00:00:00,CUST-4026,Michael Martin,michael.martin974@example.com,United Kingdom,Glasgow,Electronics,Laptop,3,1148.68,25.08,2581.77,1488.64,1093.13,Bank Transfer,Online,Liam Smith,5,No,Promo campaign
ORD-101979,2026-02-16 00:00:00,CUST-3617,Susan Taylor,susan.taylor979@example.com,United Kingdom,London,Office,Stationery Pack,11,52.81,0.66,577.08,374.71,202.37,Cash,Online,Emma Clark,3,No,Promo campaign
ORD-101980,2026-04-13 00:00:00,CUST-5791,Jessica Lee,jessica.lee980@example.com,United States,Seattle,Electronics,Monitor,6,382.71,11.19,2039.31,1164.56,874.75,Visa,Online,Ethan Davis,-2,No,Repeat order
ORD-101981,2025-12-11 00:00:00,CUST-4250,William Martin,william.martin981@example.com,Australia,Brisbane,Electronics,Monitor,1,384.25,6.63,358.77,290.05,68.72,Cash,Retail,Liam Smith,4,No,Priority customer
ORD-101982,2025-06-02 00:00:00,CUST-6296,David Jones,david.jones982@example.com,Australia,Sydney,Office,Desk,4,419.4,0.3,1672.57,1180.47,492.1,PayPal,Partner,Lucas Martin,5,No,Repeat order
ORD-101983,2026-06-27 00:00:00,CUST-6472,Elizabeth Lee,elizabeth.lee983@example.com,Australia,Adelaide,Office,Scanner,6,255.21,0.49,1523.76,968.62,555.14,PayPal,Online,Lucas Martin,4,No,Promo campaign
ORD-101984,2024-03-04 00:00:00,CUST-5238,Daniel Perez,daniel.perez984@example.com,Australia,Brisbane,Office,Chair,24,230.75,1.78,5439.42,2989.03,2450.39,PayPal,Retail,Mia Wilson,3,No,Manual review
ORD-101985,2026-01-13 00:00:00,CUST-3062,Sarah Garcia,sarah.garcia985@example.com,United States,Chicago,Office,Stationery Pack,9,52.12,1.45,462.28,260.85,201.43,Bank Transfer,Retail,Lucas Martin,5,No,Promo campaign
ORD-101990,2025-10-28 00:00:00,CUST-4493,Sarah Garcia,sarah.garcia990@example.com,U.K.,Cologne,Office,Scanner,21,200.92,1.55,4153.92,2732.56,1421.36,Cash,Online,Emma Clark,2,No,Promo campaign
ORD-101992,2025-07-18 00:00:00,CUST-3437,Matthew Moore,matthew.moore992@example.com,Australia,Brisbane,Electronics,Tablet,21,510.65,25.75,7962.31,5867.94,2094.37,Cash,Partner,Lucas Martin,4,No,Priority customer
ORD-101994,2025-09-19 00:00:00,CUST-1551,Jennifer Anderson,jennifer.anderson994@example.com,Germany,Hamburg,Home,Vacuum,7,313.5,151.99,2053.61,1525.32,528.29,PayPal,Partner,Liam Smith,5,No,Promo campaign
ORD-101996,2025-05-29 00:00:00,CUST-4818,John Jackson,john.jackson996@example.com,United States,Houston,Office,Chair,8,243.38,21.73,1523.95,1015.04,508.91,Visa,Retail,Noah Brown,4,No,Repeat order
ORD-101997,2025-11-21 00:00:00,CUST-4630,Patricia Jones,patricia.jones997@example.com,Germany,Berlin,Software,CRM License,17,727.53,5.71,11661.8,9075.4,2586.4,PayPal,Retail,Liam Smith,3,No,Priority customer
ORD-101998,2024-09-01 00:00:00,CUST-1861,Lisa Wilson,lisa.wilson998@example.com,Germany,Frankfurt,Office,Scanner,7,192.11,11.21,1194.02,962.61,231.41,Visa,Phone,Noah Brown,4,Yes,Priority customer
ORD-102002,2024-04-23 00:00:00,CUST-2632,Mary Thomas,mary.thomas2@example.com,United Kingdom,London,Electronics,Laptop,10,1354.01,0.13,13522.5,9583.42,3939.08,Visa,Retail,Sophia Taylor,5,No,Promo campaign
ORD-102003,2024-08-25 00:00:00,CUST-5888,Joseph Perez,joseph.perez3@example.com,United Kingdom,Manchester,Electronics,Tablet,25,703.2,1.37,17339.15,9681.68,7657.47,PayPal,Phone,Emma Clark,4,No,Priority customer
ORD-102005,2024-08-18 00:00:00,CUST-1318,Karen Lee,karen.lee5@example.com,Australia,Adelaide,Office,Stationery Pack,15,47.8,0.08,716.43,481.44,234.99,PayPal,Partner,Liam Smith,4,No,Promo campaign
ORD-102006,2025-11-04 00:00:00,CUST-4299,Thomas Thomas,thomas.thomas6@example.com,Germany,Berlin,Software,Analytics Suite,9,798.7,1.0,7116.42,5780.98,1335.44,PayPal,Online,Mia Wilson,3,No,Priority customer
ORD-102007,2024-05-23 00:00:00,CUST-1270,David Martin,david.martin7@example.com,United Kingdom,Glasgow,Office,Stationery Pack,4,49.64,15.48,167.82,106.97,60.85,PayPal,Partner,Ethan Davis,4,No,Repeat order
ORD-102009,2026-01-06 00:00:00,CUST-3757,Anthony Anderson,anthony.anderson9@example.com,United States,Houston,Home,Coffee Machine,2,204.56,15.72,344.81,246.42,98.39,Mastercard,Partner,Ethan Davis,4,No,Manual review
ORD-102012,2025-03-19 00:00:00,CUST-2032,Matthew Martinez,matthew.martinez12@example.com,Germany,Frankfurt,Software,Cloud Plan,3,327.1,11.9,864.53,488.18,376.35,PayPal,Partner,Emma Clark,2,No,Repeat order
ORD-102013,2024-06-09 00:00:00,CUST-3673,Sarah Thomas,sarah.thomas13@example.com,Canada,Toronto,Electronics,Laptop,4,1218.82,26.56,3580.41,2109.86,1470.55,Bank Transfer,Online,Ethan Davis,4,No,Manual review
ORD-102015,2026-05-25 00:00:00,CUST-5320,Joseph Moore,joseph.moore15@example.com,Germany,Cologne,Office,Printer,13,349.58,0.57,4518.64,2379.96,2138.68,Visa,Online,Mia Wilson,2,No,Priority customer
ORD-102016,2026-03-17 00:00:00,CUST-2021,Anthony Martinez,anthony.martinez16@example.com,United States,Los Angeles,Office,Desk,9,484.83,21.63,3419.65,1877.62,1542.03,Mastercard,Phone,Sophia Taylor,3,No,Priority customer
ORD-102019,2024-09-28 00:00:00,CUST-2343,Lisa Taylor,lisa.taylor19@example.com,Germany,Munich,Electronics,Laptop,12,1364.97,0.15,16355.07,11816.03,4539.04,Bank Transfer,Phone,Mia Wilson,5,No,Repeat order
ORD-102021,2025-06-26 00:00:00,CUST-2042,Sarah Rodriguez,sarah.rodriguez21@example.com,United Kingdom,Birmingham,Office,Scanner,25,243.19,16.07,5102.73,2889.51,2213.22,Cash,Partner,Ava Chen,3,No,Repeat order
ORD-102022,2025-06-07 00:00:00,CUST-1458,Charles Martinez,charles.martinez22@example.com,Australia,Melbourne,Office,Chair,7,250.8,16.19,1471.37,1129.49,341.88,Mastercard,Partner,Noah Brown,2,No,Manual review
ORD-102023,2026-03-18 00:00:00,CUST-3414,Jessica Wilson,jessica.wilson23@example.com,Australia,Perth,Electronics,Headphones,22,205.42,26.62,91503.84,7430.68,84073.16,Mastercard,Partner,Noah Brown,4,No,Priority customer
ORD-102024,2026-04-06 00:00:00,CUST-1433,Jessica Jackson,jessica.jackson24@example.com,Canada,Montreal,Home,Air Purifier,19,234.93,5.07,4237.36,2746.41,1490.95,Visa,Phone,Ava Chen,5,No,Manual review
ORD-102025,2025-05-23 00:00:00,CUST-4789,Thomas Jones,thomas.jones25@example.com,Canada,Montreal,Software,Analytics Suite,24,964.46,16.61,19302.32,14683.24,4619.08,Cash,Retail,Sophia Taylor,4,No,Priority customer
ORD-102027,2025-11-15 00:00:00,CUST-1853,Charles Thompson,charles.thompson27@example.com,United States,Los Angeles,Home,Lamp,1,69.67,0.79,69.12,38.76,30.36,Bank Transfer,Partner,Mia Wilson,3,No,Manual review
ORD-102029,2025-09-11 00:00:00,CUST-3902,Robert Davis,robert.davis29@example.com,Canada,Toronto,SOFTWARE,Design Suite,9,581.32,10.67,4673.64,3549.78,1123.86,Cash,Partner,Emma Clark,3,No,Promo campaign
ORD-102030,2025-11-30 00:00:00,CUST-3292,Michael Brown,michael.brown30@example.com,Canada,Montreal,Office,Scanner,24,194.73,5.27,4427.23,2494.83,1932.4,Visa,Retail,Mia Wilson,4,No,Promo campaign
ORD-102034,2026-02-13 00:00:00,CUST-2352,Karen Thomas,karen.thomas34@example.com,Germany,Munich,Electronics,Monitor,4,302.24,0.76,1199.77,800.14,399.63,Visa,Partner,Mia Wilson,4,No,Promo campaign
ORD-102036,2024-08-21 00:00:00,CUST-1863,James Perez,james.perez36@example.com,United Kingdom,London,Software,Design Suite,4524,631.47,25.9,3275.43,2518.41,757.02,Mastercard,Phone,Mia Wilson,4,No,Promo campaign
ORD-102040,2025-07-13 00:00:00,CUST-4466,John Moore,john.moore40@example.com,United Kingdom,London,Office,Printer,4,360.36,0.09,1440.14,970.61,469.53,Bank Transfer,Partner,Emma Clark,5,No,Repeat order
ORD-102041,2025-02-26 00:00:00,CUST-6095,David Smith,david.smith41@example.com,Germany,Hamburg,Electronics,Monitor,11,302.48,25.35,2483.81,1476.46,1007.35,PayPal,Phone,Noah Brown,5,No,Priority customer
ORD-102042,2025-11-09 00:00:00,CUST-3653,David Brown,david.brown42@example.com,Germany,Berlin,HOME,Coffee Machine,2,180.84,6.3,338.89,203.71,135.18,Visa,Partner,Lucas Martin,4,No,Priority customer
ORD-102043,2025-03-28 00:00:00,CUST-5554,William Miller,william.miller43@example.com,United Kingdom,Glasgow,Office,Stationery Pack,10,39.83,20.9,315.06,255.39,59.67,Cash,Phone,Sophia Taylor,5,No,Repeat order
ORD-102046,2024-07-01 00:00:00,CUST-4539,Mary Jackson,mary.jackson46@example.com,Germany,Munich,Software,Security Suite,3,535.01,25.75,1191.73,900.84,290.89,Cash,Retail,Ava Chen,4,No,Promo campaign
ORD-102047,2024-06-07 00:00:00,CUST-3041,Jennifer Jackson,jennifer.jackson47@example.com,United States,Chicago,Software,CRM License,5,630.62,26.98,2302.39,1880.37,422.02,Visa,Online,Sophia Taylor,5,No,Manual review
ORD-102049,2025-10-31 00:00:00,CUST-2548,Susan Thompson,susan.thompson49@example.com,Australia,Melbourne,Electronics,Phone,9,743.03,6.64,6243.24,4006.28,2236.96,Mastercard,Partner,Lucas Martin,4,No,Promo campaign
ORD-102050,2026-05-01 00:00:00,CUST-3277,Karen Moore,karen.moore50@example.com,Canada,Toronto,Software,CRM License,14,561.93,25.54,5857.78,3709.14,2148.64,Mastercard,Retail,Emma Clark,2,No,Manual review
ORD-102052,2024-10-24 00:00:00,CUST-5417,Jessica Jackson,jessica.jackson52@example.com,United Kingdom,London,Home,Air Purifier,12,270.0,20.86,2564.14,1736.07,828.07,Bank Transfer,Partner,Liam Smith,4,No,Repeat order
ORD-102055,2024-01-08 00:00:00,CUST-3430,Susan Moore,susan.moore55@example.com,Canada,Toronto,Home,Air Purifier,4,262.14,26.3,772.79,489.92,282.87,PayPal,Phone,Mia Wilson,3,No,Priority customer
ORD-102057,2024-03-13 00:00:00,CUST-5022,Sarah Anderson,sarah.anderson57@example.com,United States,New York,Home,Coffee Machine,19,188.82,16.76,2986.3,2382.98,603.32,PayPal,Online,Ethan Davis,5,No,Repeat order
ORD-102058,2025-12-04 00:00:00,CUST-5538,Sarah Martin,sarah.martin58@example.com,Canada,Vancouver,Software,Security Suite,10,525.28,0.33,-5235.47,3399.59,-8635.06,PayPal,Online,Lucas Martin,4,No,Repeat order
ORD-102060,2024-03-21 00:00:00,CUST-1888,William Davis,william.davis60@example.com,UK,Melbourne,Electronics,Headphones,23,164.28,5.48,3571.38,1878.35,1693.03,Visa,Partner,Ava Chen,5,No,Repeat order
ORD-102062,2024-04-01 00:00:00,CUST-6379,Barbara Moore,barbara.moore62@example.com,Germany,Munich,Home,Vacuum,15,326.49,6.3,4588.82,3014.32,1574.5,Mastercard,Partner,Sophia Taylor,5,No,Repeat order
ORD-102063,2024-05-24 00:00:00,CUST-3678,Susan Davis,susan.davis63@example.com,United States,Seattle,Home,Blender,14,117.61,0.93,1631.23,1109.51,521.72,Bank Transfer,Online,Liam Smith,3,No,Promo campaign
ORD-102064,2026-06-25 00:00:00,CUST-5396,Susan Jones,susan.jones64@example.com,United Kingdom,Leeds,Home,Lamp,14,75.76,1.18,1048.12,668.7,379.42,PayPal,Retail,Lucas Martin,5,No,Priority customer
ORD-102065,2024-05-14 00:00:00,CUST-6365,Charles Moore,charles.moore65@example.com,United States,Houston,Software,Design Suite,24,630.95,0.18,15115.54,11840.27,3275.27,Bank Transfer,Online,Ava Chen,5,No,Promo campaign
ORD-102066,2025-10-14 00:00:00,CUST-1616,Nancy Jones,nancy.jones66@example.com,Australia,Melbourne,Software,Analytics Suite,4,1036.79,1.55,4082.88,3105.01,977.87,Cash,Online,Ethan Davis,5,No,Priority customer
ORD-102072,2026-06-09 00:00:00,CUST-2044,Jennifer Taylor,jennifer.taylor72@example.com,Canada,Calgary,Electronics,Monitor,22,326.04,6.6,6699.47,4643.61,2055.86,Cash,Partner,Noah Brown,5,No,Manual review
ORD-102073,2025-03-23 00:00:00,CUST-2291,Robert Williams,robert.williams73@example.com,United Kingdom,London,Electronics,Phone,9,955.46,6.27,8059.97,5567.97,2492.0,Bank Transfer,Partner,Noah Brown,4,No,Priority customer
ORD-102074,2025-09-06 00:00:00,CUST-1898,Michael Miller,michael.miller74@example.com,Germany,Berlin,Office,Stationery Pack,20,51.09,5.9,961.51,532.27,429.24,Mastercard,Phone,Sophia Taylor,4,No,Manual review
ORD-102076,2025-07-30 00:00:00,CUST-4427,William Miller,william.miller76@example.com,Canada,Montreal,Office,Scanner,9,208.06,6.65,1748.02,1301.62,446.4,Cash,Online,Ethan Davis,4,No,Manual review
ORD-102077,2024-02-18 00:00:00,CUST-6138,Matthew Smith,matthew.smith77@example.com,Australia,Perth,Office,Chair,15,255.15,5.64,3611.39,2378.26,1233.13,Cash,Phone,Sophia Taylor,5,No,Repeat order
ORD-102080,2025-04-21 00:00:00,CUST-3560,Richard Anderson,richard.anderson80@example.com,Canada,Ottawa,Home,Vacuum,11,265.41,21.47,2292.69,1421.17,871.52,Bank Transfer,Retail,Sophia Taylor,3,No,Repeat order
ORD-102082,2026-06-27 00:00:00,CUST-2047,Robert Garcia,robert.garcia82@example.com,Germany,Frankfurt,Home,Blender,9,116.64,0.02,1049.55,596.07,453.48,PayPal,Online,Ethan Davis,5,No,Repeat order
ORD-102084,2024-11-14 00:00:00,CUST-6498,Linda Jackson,linda.jackson84@example.com,United States,Los Angeles,Office,Desk,1,442.92,5.72,417.58,312.0,105.58,Mastercard,Retail,Noah Brown,6,Yes,Promo campaign
ORD-102085,2026-04-09 00:00:00,CUST-3690,Nancy Martinez,nancy.martinez85@example.com,Germany,Frankfurt,Office,Stationery Pack,9,38.63,21.35,273.44,196.95,76.49,Mastercard,Online,Emma Clark,4,No,Promo campaign
ORD-102086,2025-02-05 00:00:00,CUST-4090,Elizabeth Jackson,elizabeth.jackson86@example.com,Canada,Calgary,Electronics,Laptop,15,1220.29,10.61,16362.26,10623.73,5738.53,Cash,Partner,Mia Wilson,5,No,Manual review
ORD-102087,2024-11-30 00:00:00,CUST-3747,James Perez,james.perez87@example.com,United Kingdom,Manchester,Software,Design Suite,6,638.4,16.81,3186.51,1672.66,1513.85,Cash,Retail,Sophia Taylor,5,No,Priority customer
ORD-102088,2024-09-07 00:00:00,CUST-6177,Jennifer Taylor,jennifer.taylor88@example.com,Canada,Ottawa,Office,Chair,25,233.25,26.47,4287.72,2433.93,1853.79,PayPal,Phone,Noah Brown,5,No,Promo campaign
ORD-102089,2024-12-27 00:00:00,CUST-1820,Nancy Rodriguez,nancy.rodriguez89@example.com,Canada,Vancouver,Office,Chair,9,275.74,20.83,1964.73,1083.76,880.97,PayPal,Phone,Liam Smith,2,No,Manual review
ORD-102090,2024-06-22 00:00:00,CUST-3226,Thomas Taylor,thomas.taylor90@example.com,United States,Seattle,Software,Design Suite,23,572.42,26.89,9625.41,6784.2,2841.21,PayPal,Partner,Ava Chen,4,No,Manual review
ORD-102091,2024-02-18 00:00:00,CUST-5599,Anthony Thompson,anthony.thompson91@example.com,United Kingdom,London,Software,Design Suite,23,535.88,0.46,12268.54,7482.69,4785.85,Cash,Retail,Mia Wilson,3,No,Repeat order
ORD-102092,2026-03-19 00:00:00,CUST-2666,James Brown,james.brown92@example.com,Canada,Ottawa,Office,Printer,16,306.55,1.61,4825.83,3443.81,1382.02,Bank Transfer,Phone,Mia Wilson,2,No,Promo campaign
ORD-102095,2026-07-14 00:00:00,CUST-5712,Jennifer Thompson,jennifer.thompson95@example.com,United Kingdom,Glasgow,Electronics,Phone,4,908.5,25.97,2690.25,1657.36,1032.89,Visa,Online,Ava Chen,3,No,Promo campaign
ORD-102097,2025-04-08 00:00:00,CUST-1088,Elizabeth Jackson,elizabeth.jackson97@example.com,United Kingdom,Leeds,Electronics,Laptop,15,1406.64,1.8,20719.81,15062.99,5656.82,Mastercard,Phone,Noah Brown,4,No,Manual review
ORD-102098,2025-10-18 00:00:00,CUST-1934,William Johnson,william.johnson98@example.com,Australia,Adelaide,Office,Stationery Pack,1,51.04,5.57,48.2,35.38,12.82,Mastercard,Retail,Noah Brown,3,No,Promo campaign
ORD-102099,2024-12-24 00:00:00,CUST-2531,James Smith,james.smith99@example.com,United Kingdom,Glasgow,Office,Chair,9,280.88,5.28,2394.45,1773.83,620.62,Bank Transfer,Phone,Noah Brown,5,No,Manual review
ORD-102100,2026-07-16 00:00:00,CUST-2762,Mary Garcia,mary.garcia100@example.com,Australia,Melbourne,Electronics,Laptop,14,1205.06,16.45,14095.59,8030.08,6065.51,Mastercard,Phone,Emma Clark,2,No,Manual review
ORD-102102,2024-11-02 00:00:00,CUST-1685,Thomas Taylor,thomas.taylor102@example.com,United Kingdom,Manchester,Software,Cloud Plan,8,354.34,0.34,2825.08,1990.09,834.99,Bank Transfer,Partner,Mia Wilson,2,No,Promo campaign
ORD-102104,2026-01-13 00:00:00,CUST-2861,Joseph Johnson,joseph.johnson104@example.com,United States,Houston,Home,Lamp,15,73.59,1.47,1087.62,748.0,339.62,Visa,Phone,Lucas Martin,4,No,Manual review
ORD-102105,2024-06-20 00:00:00,CUST-4723,Mary Wilson,mary.wilson105@example.com,Germany,Munich,Home,Air Purifier,23,274.95,1.0,6260.61,3562.45,2698.16,Cash,Phone,Mia Wilson,4,No,Repeat order
ORD-102106,2024-01-29 00:00:00,CUST-4499,James Brown,james.brown106@example.com,Germany,Munich,Office,Desk,12,371.96,0.13,4457.72,2576.49,1881.23,Mastercard,Phone,Ava Chen,3,No,Repeat order
ORD-102108,not-a-date,CUST-3085,William Lee,william.lee108@example.com,United Kingdom,Leeds,Software,Design Suite,18,550.94,6.26,9296.12,5083.76,4212.36,Visa,Phone,Ava Chen,4,No,Repeat order
ORD-102111,2024-11-26 00:00:00,CUST-2553,Nancy Miller,nancy.miller111@example.com,Germany,Berlin,Home,Air Purifier,8,228.18,0.88,1809.38,1297.57,511.81,Mastercard,Online,Sophia Taylor,4,No,Repeat order
ORD-102113,2024-10-19 00:00:00,CUST-3183,James Thompson,james.thompson113@example.com,United States,Seattle,Software,Cloud Plan,7,347.38,11.53,2151.29,1303.37,847.92,Mastercard,Phone,Mia Wilson,4,No,Manual review
ORD-102116,2024-10-17 00:00:00,CUST-3260,Jennifer Thomas,jennifer.thomas116@example.com,United States,Houston,Office,Stationery Pack,18,44.48,5.39,757.49,498.29,259.2,PayPal,Partner,Sophia Taylor,3,No,Promo campaign
ORD-102119,2025-09-28 00:00:00,CUST-6065,William Taylor,william.taylor119@example.com,United Kingdom,Manchester,Software,Analytics Suite,9,895.96,5.65,7608.04,5443.89,2164.15,Cash,Phone,Sophia Taylor,3,No,Manual review
ORD-102120,2024-10-11 00:00:00,CUST-4933,James Johnson,james.johnson120@example.com,Canada,Montreal,Electronics,Monitor,12,410.87,1.59,4852.05,2843.65,2008.4,Cash,Retail,Mia Wilson,2,No,Priority customer
ORD-102122,2026-04-08 00:00:00,CUST-5873,Daniel Williams,daniel.williams122@example.com,United Kingdom,Leeds,Electronics,Tablet,14,655.8,20.23,7323.84,3866.59,3457.25,Bank Transfer,Retail,Emma Clark,4,No,Manual review
ORD-102127,2025-05-16 00:00:00,CUST-5987,Thomas Wilson,thomas.wilson127@example.com,Germany,Cologne,Home,Lamp,11,74.74,20.43,654.18,488.06,166.12,Cash,Retail,Mia Wilson,2,No,Priority customer
ORD-102128,2024-02-11 00:00:00,CUST-4022,Jessica Perez,jessica.perez128@example.com,Canada,Ottawa,Office,Scanner,15,218.55,25.62,2438.36,1725.68,712.68,Cash,Retail,Ethan Davis,3,No,Manual review
ORD-102130,2024-03-31 00:00:00,CUST-5099,Michael Anderson,michael.anderson130@example.com,United Kingdom,Leeds,Software,CRM License,16,622.57,1.59,335353.42,21460.52,313892.9,PayPal,Retail,Lucas Martin,4,No,Priority customer
ORD-102132,2026-03-03 00:00:00,CUST-3643,William Davis,william.davis132@example.com,Canada,Calgary,Home,Vacuum,15,304.78,21.84,3573.24,2851.31,721.93,Bank Transfer,Retail,Emma Clark,4,No,Promo campaign
ORD-102133,2026-05-15 00:00:00,CUST-6244,Lisa Anderson,lisa.anderson133@example.com,United States,Chicago,Electronics,Phone,6,987.06,10.84,5280.38,4002.17,1278.21,Visa,Online,Emma Clark,5,No,Manual review
ORD-102134,2026-03-16 00:00:00,CUST-6113,Jennifer Jackson,jennifer.jackson134@example.com,Germany,Munich,Home,Blender,22,121.12,20.66,2114.13,1202.16,911.97,Bank Transfer,Phone,Ethan Davis,2,No,Manual review
ORD-102136,2024-06-13 00:00:00,CUST-6038,Jessica Wilson,jessica.wilson136@example.com,United States,Seattle,Home,Vacuum,23,329.77,25.75,5631.65,3346.87,2284.78,PayPal,Phone,Liam Smith,4,No,Priority customer
ORD-102138,2024-03-08 00:00:00,CUST-4940,Thomas Garcia,thomas.garcia138@example.com,Canada,Montreal,Office,Chair,23,264.55,10.2,5464.02,4405.83,1058.19,Visa,Phone,Ava Chen,4,No,Manual review
ORD-102139,2026-06-04 00:00:00,CUST-4521,Lisa Davis,lisa.davis139@example.com,Australia,Adelaide,Home,Air Purifier,10,210.88,163.51,1887.38,1351.0,536.38,Visa,Retail,Ava Chen,4,No,Priority customer
ORD-102141,2025-05-31 00:00:00,CUST-1907,Anthony Moore,anthony.moore141@example.com,Canada,Montreal,Home,Air Purifier,10,230.2,0.42,2292.33,1810.61,481.72,Cash,Partner,Ethan Davis,4,No,Promo campaign
ORD-102143,2024-01-18 00:00:00,CUST-4540,Michael Anderson,michael.anderson143@example.com,Australia,Brisbane,Home,Air Purifier,24,266.21,25.05,4788.59,3030.96,1757.63,Mastercard,Phone,Ava Chen,5,No,Promo campaign
ORD-102144,2025-03-06 00:00:00,CUST-3340,Patricia Wilson,patricia.wilson144@example.com,Australia,Brisbane,Home,Blender,16,109.36,1.87,1717.04,1358.76,358.28,Cash,Retail,Ethan Davis,4,No,Manual review
ORD-102149,2024-12-17 00:00:00,CUST-1364,Nancy Martinez,nancy.martinez149@example.com,Canada,Calgary,Electronics,Headphones,22,197.75,20.98,3437.77,2570.18,867.59,Mastercard,Online,Ava Chen,4,No,Priority customer
ORD-102151,2026-02-11 00:00:00,CUST-4273,Jessica Wilson,jessica.wilson151@example.com,United States,Houston,Home,Air Purifier,21,218.19,6.74,4273.16,3196.68,1076.48,Bank Transfer,Partner,Liam Smith,5,No,Priority customer
ORD-102152,2025-03-02 00:00:00,CUST-1663,Richard Martin,richard.martin152@example.com,Germany,Berlin,Home,Air Purifier,24,241.07,15.73,4875.59,3143.6,1731.99,Bank Transfer,Phone,Ethan Davis,2,No,Priority customer
ORD-102154,2024-05-28 00:00:00,CUST-6253,Robert Rodriguez,robert.rodriguez154@example.com,United Kingdom,London,Office,Printer,13,325.6,1.19,4182.43,2277.15,1905.28,Bank Transfer,Phone,Ethan Davis,5,No,Repeat order
ORD-102156,2026-07-27 00:00:00,CUST-1081,Charles Williams,charles.williams156@example.com,Canada,Montreal,Office,Chair,1,301.76,0.97,298.83,191.73,107.1,Visa,Phone,Lucas Martin,4,No,Manual review
ORD-102159,2025-12-27 00:00:00,CUST-4641,Matthew Johnson,matthew.johnson159@example.com,United States,Los Angeles,Software,Analytics Suite,1,829.75,0.62,824.61,558.37,266.24,PayPal,Phone,Mia Wilson,5,No,Promo campaign
ORD-102160,2025-07-07 00:00:00,CUST-1027,Linda Wilson,linda.wilson160@example.com,Canada,Toronto,Electronics,Headphones,17,194.02,0.03,3297.35,1954.84,1342.51,Bank Transfer,Partner,Lucas Martin,4,No,Repeat order
ORD-102161,2026-04-08 00:00:00,CUST-2712,David Miller,david.miller161@example.com,Australia,Sydney,Electronics,Phone,17,936.27,25.97,11783.05,8258.37,3524.68,Bank Transfer,Phone,Lucas Martin,5,No,Promo campaign
ORD-102162,2025-08-18 00:00:00,CUST-5222,Lisa Thompson,lisa.thompson162@example.com,United Kingdom,Leeds,Office,Stationery Pack,3,47.9,0.83,142.51,110.4,32.11,PayPal,Partner,Ava Chen,4,No,Promo campaign
ORD-102163,2025-11-13 00:00:00,CUST-1881,Jessica Thompson,jessica.thompson163@example.com,Australia,Melbourne,Home,Vacuum,8,283.33,5.69,2137.67,1553.12,584.55,Mastercard,Retail,Ethan Davis,5,No,Promo campaign
ORD-102164,2025-04-10 00:00:00,CUST-5550,Joseph Wilson,joseph.wilson164@example.com,Canada,Calgary,Electronics,Headphones,21,173.33,5.11,3453.93,2213.43,1240.5,Visa,Phone,Liam Smith,4,No,Manual review
ORD-102166,2024-12-26 00:00:00,CUST-4608,Charles Moore,charles.moore166@example.com,Canada,Calgary,Software,Security Suite,19,422.14,21.45,6300.23,4047.66,2252.57,Bank Transfer,Partner,Noah Brown,4,No,Promo campaign
ORD-102167,2025-07-30 00:00:00,CUST-3497,Anthony Taylor,anthony.taylor167@example.com,Australia,Adelaide,Home,Air Purifier,23,277.57,1.78,6270.47,5060.88,1209.59,Cash,Partner,Ethan Davis,4,No,Promo campaign
ORD-102169,2026-02-13 00:00:00,CUST-2542,Barbara Taylor,barbara.taylor169@example.com,Canada,Ottawa,Office,Chair,7,269.42,16.92,1566.84,1170.49,396.35,Bank Transfer,Online,Liam Smith,4,No,Promo campaign
ORD-102171,2024-08-13 00:00:00,CUST-4628,Linda Miller,linda.miller171@example.com,Germany,Cologne,Electronics,Laptop,6,1024.52,20.79,4869.13,3228.33,1640.8,Mastercard,Online,Mia Wilson,5,No,Manual review
ORD-102172,2024-12-21 00:00:00,CUST-4322,William Martin,william.martin172@example.com,United States,Houston,Home,Lamp,16,59.52,1.16,941.27,686.14,255.13,PayPal,Phone,Ethan Davis,4,No,Priority customer
ORD-102174,2024-05-19 00:00:00,CUST-5831,Matthew Johnson,matthew.johnson174@example.com,United Kingdom,Glasgow,Software,Design Suite,4,486.74,0.66,1934.11,1574.96,359.15,Mastercard,Phone,Lucas Martin,4,No,Priority customer
ORD-102175,2026-05-01 00:00:00,CUST-3584,Anthony Martin,anthony.martin175@example.com,Australia,Sydney,Home,Blender,2,104.6,1.56,205.94,130.94,75.0,Cash,Phone,Ava Chen,2,Yes,Repeat order
ORD-102176,2025-12-27 00:00:00,CUST-2898,Nancy Johnson,nancy.johnson176@example.com,Australia,Perth,Office,Stationery Pack,17,52.18,10.78,791.43,629.43,162.0,PayPal,Phone,Ethan Davis,4,No,Manual review
ORD-102178,2024-02-12 00:00:00,CUST-2608,Elizabeth Jones,elizabeth.jones178@example.com,Germany,Hamburg,Office,Printer,21,270.43,1.93,5569.42,3870.06,1699.36,PayPal,Partner,Ava Chen,4,No,Repeat order
ORD-102179,2026-03-01 00:00:00,CUST-2142,Elizabeth Williams,elizabeth.williams179@example.com,United States,Chicago,Software,Design Suite,20,612.44,1.46,12069.97,7102.95,4967.02,Mastercard,Phone,Lucas Martin,5,No,Priority customer
ORD-102180,2025-09-18 00:00:00,CUST-4853,Mary Taylor,mary.taylor180@example.com,United States,Seattle,Home,Vacuum,7,310.17,10.03,1953.42,1140.28,813.14,Cash,Retail,Emma Clark,4,No,Promo campaign
ORD-102181,2024-07-28 00:00:00,CUST-6190,Daniel Miller,daniel.miller181@example.com,Australia,Adelaide,Electronics,Headphones,7,177.2,1.38,1223.28,844.73,378.55,Cash,Phone,Ava Chen,4,No,Priority customer
ORD-102182,2024-08-16 00:00:00,CUST-1863,Linda Martin,linda.martin182@example.com,United States,New York,Software,CRM License,12,752.72,1.1,8933.28,4959.45,3973.83,Visa,Phone,Lucas Martin,2,No,Manual review
ORD-102187,2025-01-12 00:00:00,CUST-1493,Linda Lee,linda.lee187@example.com,United Kingdom,London,Home,Lamp,14,66.13,20.99,731.49,388.51,342.98,Bank Transfer,Online,Mia Wilson,4,No,Manual review
ORD-102188,2024-09-11 00:00:00,CUST-6124,Charles Davis,charles.davis188@example.com,United Kingdom,Leeds,Home,Vacuum,6,308.17,16.02,1552.81,1006.99,545.82,PayPal,Partner,Lucas Martin,4,No,Manual review
ORD-102189,2025-04-07 00:00:00,CUST-1439,Michael Lee,michael.lee189@example.com,Germany,Munich,Office,Printer,20,362.89,15.28,6148.81,4616.48,1532.33,PayPal,Online,Sophia Taylor,5,No,Manual review
ORD-102191,2025-07-27 00:00:00,CUST-4636,Jessica Thomas,jessica.thomas191@example.com,United States,Los Angeles,Software,CRM License,7,699.33,16.3,4097.37,2473.72,1623.65,Mastercard,Phone,Liam Smith,4,No,Manual review
ORD-102192,2024-05-22 00:00:00,CUST-5181,Karen Jones,karen.jones192@example.com,United States,Seattle,Home,Vacuum,25,311.38,1.87,7638.93,5580.31,2058.62,Visa,Phone,Noah Brown,5,No,Repeat order
ORD-102194,2025-09-19 00:00:00,CUST-1074,Richard Davis,richard.davis194@example.com,Australia,Melbourne,Office,Stationery Pack,5,44.65,5.65,210.64,128.67,81.97,PayPal,Phone,Lucas Martin,5,No,Priority customer
ORD-102199,2024-01-03 00:00:00,CUST-5369,Anthony Taylor,anthony.taylor199@example.com,Canada,Vancouver,Office,Stationery Pack,9,43.64,15.61,331.45,201.2,130.25,PayPal,Phone,Lucas Martin,4,No,Repeat order
ORD-102201,2026-07-01 00:00:00,CUST-2098,James Brown,james.brown201@example.com,Canada,Montreal,Home,Coffee Machine,17,213.5,1.82,86443.34,8581.03,77862.31,PayPal,Partner,Liam Smith,2,No,Promo campaign
ORD-102202,2024-02-27 00:00:00,CUST-2455,Jessica Lee,jessica.lee202@example.com,Germany,Hamburg,Home,Lamp,8,79.1,1.82,621.28,403.32,217.96,PayPal,Retail,Mia Wilson,4,No,Promo campaign
ORD-102204,2024-11-20 00:00:00,CUST-3923,William Lee,william.lee204@example.com,United Kingdom,Manchester,office,Chair,25,231.47,0.51,5757.24,3986.73,1770.51,PayPal,Online,Noah Brown,4,No,Manual review
ORD-102205,2024-02-18 00:00:00,CUST-5169,Charles Garcia,charles.garcia205@example.com,United States,New York,Office,Stationery Pack,22,51.62,0.71,1127.58,807.43,320.15,Cash,Partner,Noah Brown,3,No,Manual review
ORD-102206,2026-02-16 00:00:00,CUST-1467,Richard Lee,richard.lee206@example.com,Australia,Sydney,Office,Scanner,20,218.23,16.93,3625.67,2811.02,814.65,Bank Transfer,Retail,Noah Brown,4,No,Repeat order
ORD-102207,2024-06-21 00:00:00,CUST-4984,John Davis,john.davis207@example.com,Germany,Hamburg,Office,Desk,8,470.42,0.73,3735.89,2774.13,961.76,PayPal,Phone,Noah Brown,4,No,Repeat order
ORD-102209,2024-12-06 00:00:00,CUST-1468,Susan Rodriguez,susan.rodriguez209@example.com,Australia,Brisbane,Software,Analytics Suite,5,940.46,1.03,4653.87,3553.89,1099.98,PayPal,Phone,Liam Smith,5,No,Manual review
ORD-102210,2024-10-22 00:00:00,CUST-3106,David Brown,david.brown210@example.com,Germany,Munich,Office,Scanner,16,199.37,1.23,3150.68,2095.17,1055.51,Bank Transfer,Retail,Liam Smith,3,No,Priority customer
ORD-102211,2024-12-03 00:00:00,CUST-4987,William Smith,william.smith211@example.com,Australia,Melbourne,Home,Air Purifier,13,245.81,11.83,2817.5,1913.05,904.45,Mastercard,Phone,Ethan Davis,4,No,Priority customer
ORD-102212,2024-09-26 00:00:00,CUST-1848,Richard Smith,richard.smith212@example.com,Canada,Vancouver, Office ,Scanner,13,239.97,11.7,2754.62,2089.32,665.3,Mastercard,Online,Liam Smith,2,No,Repeat order
ORD-102213,2024-09-09 00:00:00,CUST-3990,Karen Miller,karen.miller213@example.com,Germany,Munich,Home,Coffee Machine,18,204.03,10.01,3304.92,1932.66,1372.26,Visa,Phone,Ava Chen,4,No,Manual review
ORD-102215,2026-04-29 00:00:00,CUST-5220,Joseph Wilson,joseph.wilson215@example.com,United States,Chicago,Electronics,Phone,11,790.97,21.77,6806.53,3859.44,2947.09,Mastercard,Retail,Ava Chen,4,No,Manual review
ORD-102216,2025-07-26 00:00:00,CUST-4833,Barbara Davis,barbara.davis216@example.com,Germany,Hamburg,Office,Scanner,2,224.89,15.38,380.6,266.43,114.17,Mastercard,Partner,Ava Chen,3,No,Repeat order
ORD-102217,2026-02-18 00:00:00,CUST-5820,Karen Jackson,karen.jackson217@example.com,United Kingdom,Leeds,Home,Air Purifier,24,242.76,26.71,4270.05,2267.75,2002.3,Cash,Online,Lucas Martin,5,No,Repeat order
ORD-102218,2024-07-24 00:00:00,CUST-3054,Elizabeth Anderson,elizabeth.anderson218@example.com,Canada,Montreal,Software,Cloud Plan,8,336.37,1.56,2648.98,1402.36,1246.62,Visa,Partner,Emma Clark,4,No,Priority customer
ORD-102221,2024-06-12 00:00:00,CUST-5499,Sarah Wilson,sarah.wilson221@example.com,Canada,Ottawa,Software,Cloud Plan,4,371.36,20.66,1178.55,781.52,397.03,Visa,Retail,Liam Smith,4,No,Manual review
ORD-102223,2025-05-20 00:00:00,CUST-1178,Joseph Davis,joseph.davis223@example.com,Australia,Brisbane,Office,Scanner,14,201.75,15.74,2379.92,1525.69,854.23,Bank Transfer,Online,Lucas Martin,4,No,Promo campaign
ORD-102224,2024-02-16 00:00:00,CUST-2220,Patricia Rodriguez,patricia.rodriguez224@example.com,United Kingdom,London,Electronics,Laptop,24,1310.76,1.57,30964.35,19534.71,11429.64,Mastercard,Online,Ava Chen,5,No,Manual review
ORD-102226,2025-02-21 00:00:00,CUST-6169,Charles Jackson,charles.jackson226@example.com,Germany,Cologne,Office,Printer,4,345.03,26.38,1016.04,775.98,240.06,PayPal,Partner,Emma Clark,5,No,Manual review
ORD-102227,2024-02-26 00:00:00,CUST-4523,Joseph Lee,joseph.lee227@example.com,United States,Houston,Electronics,Laptop,23,1147.76,0.71,26211.05,19243.74,6967.31,Bank Transfer,Phone,Liam Smith,5,No,Priority customer
ORD-102228,2024-03-01 00:00:00,CUST-1382,James Brown,james.brown228@example.com,Canada,Montreal,Office,Desk,9,365.49,0.7,3266.38,2633.44,632.94,PayPal,Online,Mia Wilson,3,No,Priority customer
ORD-102230,2025-07-14 00:00:00,CUST-6153,James Thomas,james.thomas230@example.com,United Kingdom,Manchester,Software,Analytics Suite,19,979.05,1.38,18345.24,10698.9,7646.34,Visa,Phone,Lucas Martin,5,No,Manual review
ORD-102234,2025-08-01 00:00:00,CUST-3273,Daniel Smith,daniel.smith234@example.com,United Kingdom,Manchester,Office,Printer,6,327.66,1.38,1938.83,1247.76,691.07,Mastercard,Partner,Mia Wilson,4,No,Repeat order
ORD-102235,2024-12-06 00:00:00,CUST-4711,Lisa Thomas,lisa.thomas235@example.com,Australia,Perth,Electronics,Monitor,18,400.23,6.95,6703.45,4530.11,2173.34,Mastercard,Retail,Liam Smith,4,No,Manual review
ORD-102237,2024-07-14 00:00:00,CUST-3815,Karen Anderson,karen.anderson237@example.com,Australia,Adelaide,Software,Design Suite,16,640.38,10.58,9162.04,5112.53,4049.51,Cash,Phone,Noah Brown,5,No,Repeat order
ORD-102240,2026-04-03 00:00:00,CUST-4535,Patricia Miller,patricia.miller240@example.com,United Kingdom,Leeds,Electronics,Tablet,9,645.28,0.64,5770.35,4625.24,1145.11,PayPal,Retail,Noah Brown,4,No,Promo campaign
ORD-102241,2024-03-15 00:00:00,CUST-6041,William Moore,william.moore241@example.com,Australia,Adelaide,Electronics,Laptop,4,1126.83,0.34,4492.0,3306.84,1185.16,Cash,Partner,Ava Chen,4,No,Manual review
ORD-102245,2025-06-05 00:00:00,CUST-5587,Thomas Brown,thomas.brown245@example.com,United States,Chicago,Office,Scanner,25,198.52,26.64,3640.86,2185.4,1455.46,PayPal,Partner,Liam Smith,4,No,Manual review
ORD-102246,2024-12-28 00:00:00,CUST-5058,Charles Jones,charles.jones246@example.com,Australia,Melbourne,Office,Desk,24,473.9,20.74,9014.72,7307.2,1707.52,Visa,Phone,Lucas Martin,5,No,Manual review
ORD-102247,2025-08-06 00:00:00,CUST-4244,Thomas Brown,thomas.brown247@example.com,United States,New York,Home,Blender,20,106.04,0.61,2107.86,1682.36,425.5,PayPal,Online,Lucas Martin,4,No,Repeat order
ORD-102248,2024-10-04 00:00:00,CUST-5526,Richard Jones,richard.jones248@example.com,Germany,Hamburg,Office,Chair,25,231.9,5.05,5504.73,4507.56,997.17,Bank Transfer,Phone,Ethan Davis,3,No,Priority customer
ORD-102250,2024-05-07 00:00:00,CUST-5829,Thomas Davis,thomas.davis250@example.com,United Kingdom,Birmingham,Home,Coffee Machine,22,201.57,16.13,3719.25,2969.31,749.94,Mastercard,Online,Lucas Martin,5,No,Repeat order
ORD-102252,2026-04-21 00:00:00,CUST-2099,Sarah Miller,sarah.miller252@example.com,Germany,Cologne,Home,Air Purifier,21,282.42,0.32,5911.84,4780.14,1131.7,Cash,Online,Liam Smith,8,No,Promo campaign
ORD-102253,00/00/0000,CUST-4725,James Thomas,james.thomas253@example.com,United States,Seattle,Home,Air Purifier,1,214.57,21.32,168.82,116.73,52.09,Mastercard,Partner,Mia Wilson,4,No,Manual review
ORD-102254,2025-06-25 00:00:00,CUST-4532,Daniel Martinez,daniel.martinez254@example.com,United States,Seattle,Electronics,Laptop,24,1105.92,6.47,24824.81,13830.12,10994.69,Bank Transfer,Phone,Ava Chen,5,No,Priority customer
ORD-102256,2026-02-03 00:00:00,CUST-3314,Richard Smith,richard.smith256@example.com,Australia,Adelaide,Software,Cloud Plan,23,322.23,16.29,6203.99,3576.7,2627.29,Mastercard,Retail,Sophia Taylor,4,No,Repeat order
ORD-102258,2026-02-23 00:00:00,CUST-5376,Elizabeth Martin,@domain.com,United Kingdom,Leeds,Electronics,Phone,23,828.66,6.16,17885.13,11426.29,6458.84,Bank Transfer,Partner,Noah Brown,2,No,Manual review
ORD-102259,2026-06-20 00:00:00,CUST-4140,Nancy Martinez,nancy.martinez259@example.com,Canada,Montreal,Office,Printer,22,314.95,10.89,6174.34,4090.14,2084.2,Cash,Retail,Noah Brown,5,No,Promo campaign
ORD-102260,2026-02-03 00:00:00,CUST-4646,Daniel Johnson,daniel.johnson260@example.com,United States,Chicago,Home,Lamp,3,79.19,26.18,175.37,106.44,68.93,Bank Transfer,Online,Lucas Martin,4,No,Promo campaign
ORD-102262,2026-02-23 00:00:00,CUST-5609,Joseph Miller,joseph.miller262@example.com,Canada,Calgary,Software,Analytics Suite,13,965.38,21.77,9817.82,6145.21,3672.61,Cash,Phone,Emma Clark,3,No,Repeat order
ORD-102266,2026-06-04 00:00:00,CUST-3097,Mary Anderson,mary.anderson266@example.com,Australia,Perth,Electronics,Headphones,15,162.22,15.13,2065.14,1478.15,586.99,Mastercard,Retail,Sophia Taylor,4,No,Priority customer
ORD-102268,2025-10-04 00:00:00,CUST-2493,Elizabeth Perez,elizabeth.perez268@example.com,Canada,Ottawa,Electronics,Monitor,1,351.82,25.15,263.34,207.68,55.66,Cash,Online,Lucas Martin,3,No,Repeat order
ORD-102270,2026-07-28 00:00:00,CUST-5692,Richard Thomas,richard.thomas270@example.com,Germany,Munich,Electronics,Phone,5,820.19,5.77,3864.33,3155.91,708.42,PayPal,Retail,Sophia Taylor,5,No,Promo campaign
ORD-102271,2024-06-29 00:00:00,CUST-5281,Lisa Taylor,lisa.taylor271@example.com,Canada,Vancouver,Home,Vacuum,16,327.59,1.49,5163.34,3709.12,1454.22,Mastercard,Partner,Emma Clark,5,No,Promo campaign
ORD-102272,2024-08-30 00:00:00,CUST-1879,Susan Williams,susan.williams272@example.com,United States,Houston,Electronics,Monitor,20,378.08,6.31,7084.46,5108.28,1976.18,Cash,Phone,Noah Brown,5,No,Promo campaign
ORD-102274,2025-05-28 00:00:00,CUST-1885,Mary Anderson,mary.anderson274@example.com,Australia,Perth,Home,Vacuum,15,285.16,1.74,4202.97,3243.78,959.19,Visa,Retail,Sophia Taylor,4,No,Promo campaign
ORD-102277,2024-01-21 00:00:00,CUST-2282,Charles Davis,charles.davis277@example.com,United States,New York,Office,Chair,13,264.7,5.94,3236.7,1937.31,1299.39,Visa,Retail,Lucas Martin,4,No,Priority customer
ORD-102278,2026-03-26 00:00:00,CUST-4388,Jessica Williams,jessica.williams278@example.com,United States,Seattle,Electronics,Headphones,9,163.26,15.13,1247.03,869.34,377.69,Visa,Phone,Lucas Martin,5,No,Repeat order
ORD-102279,2026-07-08 00:00:00,CUST-4581,Jennifer Jones,jennifer.jones279@example.com,United States,Chicago,Home,Coffee Machine,23,195.78,26.34,3316.87,2590.1,726.77,Mastercard,Online,Noah Brown,4,No,Manual review
ORD-102280,2025-01-18 00:00:00,CUST-2588,Matthew Garcia,matthew.garcia280@example.com,Germany,Munich,Office,Printer,5,319.07,26.05,1179.76,789.68,390.08,PayPal,Phone,Ethan Davis,5,No,Priority customer
ORD-102282,2024-12-12 00:00:00,CUST-5447,Thomas Lee,thomas.lee282@example.com,Australia,Adelaide,Software,Security Suite,2461,525.22,16.5,5701.26,4242.61,1458.65,Visa,Online,Sophia Taylor,2,No,Repeat order
ORD-102284,2025-05-06 00:00:00,CUST-5728,Richard Wilson,richard.wilson284@example.com,United States,Los Angeles,Office,Printer,15,308.79,21.95,3615.16,2095.31,1519.85,Mastercard,Retail,Lucas Martin,4,No,Repeat order
ORD-102285,2024-02-21 00:00:00,CUST-3647,John Anderson,john.anderson285@example.com,Australia,Melbourne,Office,Scanner,10,202.01,25.49,1505.18,1228.35,276.83,Mastercard,Online,Ethan Davis,2,No,Promo campaign
ORD-102286,2024-12-29 00:00:00,CUST-5812,James Rodriguez,james.rodriguez286@example.com,Canada,Vancouver,Software,CRM License,20,655.07,20.33,10437.89,5665.8,4772.09,Bank Transfer,Phone,Mia Wilson,5,No,Repeat order
ORD-102287,2025-09-20 00:00:00,CUST-4614,Sarah Wilson,user@,Germany,Berlin,Electronics,Tablet,25,569.01,5.78,13403.03,8436.56,4966.47,Cash,Partner,Emma Clark,4,No,Repeat order
ORD-102289,2024-08-15 00:00:00,CUST-5158,Jennifer Wilson,jennifer.wilson289@example.com,Canada,Montreal,Software,Cloud Plan,16,301.32,26.28,3554.13,1932.76,1621.37,PayPal,Phone,Emma Clark,5,No,Manual review
ORD-102291,2025-08-08 00:00:00,CUST-2835,Lisa Brown,lisa.brown291@example.com,Canada,Vancouver,Software,Security Suite,18,465.71,0.65,8328.29,5748.04,2580.25,PayPal,Partner,Noah Brown,4,No,Manual review
ORD-102292,2024-12-10 00:00:00,CUST-2939,Nancy Jackson,nancy.jackson292@example.com,Australia,Melbourne,Office,Stationery Pack,8,41.92,1.55,330.16,247.26,82.9,Mastercard,Partner,Mia Wilson,5,No,Priority customer
ORD-102293,2025-06-21 00:00:00,CUST-5014,David Perez,david.perez293@example.com,Germany,Berlin,Software,Analytics Suite,17,820.21,1.19,13777.64,10951.41,2826.23,Cash,Phone,Sophia Taylor,5,No,Manual review
ORD-102295,2025-01-07 00:00:00,CUST-6421,Nancy Perez,nancy.perez295@example.com,Canada,Ottawa,Home,Air Purifier,1,266.64,1.37,262.99,159.82,103.17,Visa,Phone,Noah Brown,5,No,Repeat order
ORD-102296,2025-06-13 00:00:00,CUST-2297,Lisa Smith,lisa.smith296@example.com,Australia,Sydney,Software,Design Suite,8,607.33,0.81,4819.29,2719.6,2099.69,PayPal,Partner,Lucas Martin,4,Yes,Repeat order
ORD-102297,2026-02-28 00:00:00,CUST-4623,Elizabeth Williams,elizabeth.williams297@example.com,United Kingdom,Leeds,Software,CRM License,3,650.92,15.41,1651.84,1132.08,519.76,Mastercard,Partner,Sophia Taylor,3,No,Repeat order
ORD-102298,2026-04-05 00:00:00,CUST-1018,Sarah Moore,sarah.moore298@example.com,Australia,Adelaide,Home,Vacuum,16,268.43,16.53,3584.94,2606.99,977.95,PayPal,Retail,Lucas Martin,5,No,Priority customer
ORD-102300,2024-12-07 00:00:00,CUST-2838,Sarah Brown,sarah.brown300@example.com,United Kingdom,Leeds,Office,Stationery Pack,15,49.85,0.97,740.5,594.85,145.65,Bank Transfer,Retail,Liam Smith,4,No,Promo campaign
ORD-102302,2024-02-17 00:00:00,CUST-4269,Nancy Martin,nancy.martin302@example.com,United States,Houston,Electronics,Tablet,15,542.05,20.85,6435.49,4633.63,1801.86,Bank Transfer,Phone,Sophia Taylor,5,No,Priority customer
ORD-102303,2024-12-28 00:00:00,CUST-1097,Linda Wilson,linda.wilson303@example.com,United Kingdom,London,Electronics,Monitor,24,384.96,25.96,6840.59,4909.37,1931.22,PayPal,Online,Noah Brown,5,No,Manual review
ORD-102304,2024-06-03 00:00:00,CUST-2730,Lisa Lee,lisa.lee304@example.com,Germany,Cologne,Electronics,Laptop,21,1234.07,16.61,21610.91,14664.72,6946.19,PayPal,Phone,Ethan Davis,5,No,Promo campaign
ORD-102305,2025-04-23 00:00:00,CUST-3481,Robert Johnson,robert.johnson305@example.com,Germany,Berlin,Office,Printer,4,265.18,10.17,952.84,512.42,440.42,Cash,Retail,Liam Smith,5,No,Repeat order
ORD-102308,2024-06-17 00:00:00,CUST-3493,Susan Anderson,susan.anderson308@example.com,Germany,Berlin,Office,Scanner,7,227.83,20.59,1266.44,711.78,554.66,PayPal,Partner,Liam Smith,5,Yes,Promo campaign
ORD-102309,2025-09-14 00:00:00,CUST-1288,Linda Davis,linda.davis309@example.com,United Kingdom,London,Home,Coffee Machine,9,178.56,20.8,1272.78,756.46,516.32,Visa,Online,Ethan Davis,5,No,Promo campaign
ORD-102310,2025-08-12 00:00:00,CUST-4084,Sarah Smith,sarah.smith310@example.com,United Kingdom,Glasgow,Software,Cloud Plan,21,289.5,15.21,5154.81,2696.35,2458.46,Visa,Phone,Ava Chen,5,No,Priority customer
ORD-102311,2026-05-28 00:00:00,CUST-6133,James Perez,james.perez311@example.com,Germany,Berlin,Software,Cloud Plan,18,368.2,0.45,6597.78,3466.11,3131.67,Cash,Partner,Lucas Martin,3,No,Repeat order
ORD-102313,2025-08-21 00:00:00,CUST-3905,Joseph Taylor,joseph.taylor313@example.com,Germany,Cologne,Software,Cloud Plan,6,353.34,1.57,2086.76,1676.14,410.62,Bank Transfer,Partner,Emma Clark,4,No,Repeat order
ORD-102314,2025-05-22 00:00:00,CUST-1770,Mary Perez,mary.perez314@example.com,Germany,Cologne,Software,CRM License,15,746.35,5.18,10615.34,6592.71,4022.63,Bank Transfer,Online,Ethan Davis,4,No,Manual review
ORD-102315,2024-07-08 00:00:00,CUST-4523,John Rodriguez,john.rodriguez315@example.com,United Kingdom,Leeds,Electronics,Tablet,11,517.3,10.52,5091.68,2807.74,2283.94,PayPal,Partner,Sophia Taylor,4,No,Manual review
ORD-102318,2024-11-29 00:00:00,CUST-3893,Elizabeth Thomas,elizabeth.thomas318@example.com,United Kingdom,Birmingham,Electronics,Phone,14,917.11,5.7,12107.69,7321.82,4785.87,PayPal,Phone,Liam Smith,4,No,Priority customer
ORD-102321,2024-05-08 00:00:00,CUST-4676,Jessica Martin,jessica.martin321@example.com,Australia,Melbourne,Office,Scanner,3752,198.5,5.49,3001.64,2351.85,649.79,Bank Transfer,Phone,Emma Clark,4,No,Repeat order
ORD-102324,2025-07-21 00:00:00,CUST-5374,Richard Brown,richard.brown324@example.com,United States,New York,Software,Cloud Plan,20,273.56,5.6,5164.81,4103.66,1061.15,Mastercard,Retail,Mia Wilson,3,No,Manual review
ORD-102331,2025-10-29 00:00:00,CUST-3330,Karen Jones,karen.jones331@example.com,Australia,Sydney,Home,Lamp,6,68.69,0.96,408.18,289.7,118.48,Bank Transfer,Partner,Sophia Taylor,5,No,Promo campaign
ORD-102333,2026-07-03 00:00:00,CUST-3422,Anthony Wilson,anthony.wilson333@example.com,United Kingdom,London,Electronics,Monitor,19,374.97,6.1,6689.84,5386.78,1303.06,Bank Transfer,Partner,Ethan Davis,4,No,Repeat order
ORD-102334,2025-08-10 00:00:00,CUST-2422,Sarah Taylor,sarah.taylor334@example.com,United Kingdom,Birmingham,Home,Lamp,18,60.7,26.63,801.64,616.74,184.9,PayPal,Phone,Mia Wilson,5,No,Repeat order
ORD-102336,2025-12-24 00:00:00,CUST-5098,Lisa Miller,lisa.miller336@example.com,Australia,Perth,Office,Desk,21,478.8,6.53,9398.22,7682.23,1715.99,Visa,Partner,Mia Wilson,4,No,Manual review
ORD-102338,2024-08-20 00:00:00,CUST-2893,Jennifer Garcia,not-an-email,Canada,Toronto,Office,Desk,13,460.01,1.52,5889.23,3766.65,2122.58,Visa,Phone,Liam Smith,4,Yes,Repeat order
ORD-102339,2024-11-20 00:00:00,CUST-4810,Robert Miller,robert.miller339@example.com,Australia,Sydney,Electronics,Tablet,3,646.84,1.2,1917.23,1331.76,585.47,PayPal,Online,Sophia Taylor,3,No,Promo campaign
ORD-102341,2025-06-23 00:00:00,CUST-4083,John Jackson,john.jackson341@example.com,Canada,Vancouver,Home,Coffee Machine,9,168.36,0.3,1510.69,869.73,640.96,Bank Transfer,Online,Ava Chen,5,No,Promo campaign
ORD-102344,2024-11-15 00:00:00,CUST-3984,David Brown,david.brown344@example.com,Australia,Sydney,Home,Coffee Machine,24,178.0,0.59,4246.8,3235.17,1011.63,PayPal,Phone,Emma Clark,4,No,Promo campaign
ORD-102346,2024-07-30 00:00:00,CUST-6326,Michael Rodriguez,michael.rodriguez346@example.com,Australia,Sydney,Electronics,Tablet,13,684.82,0.92,8820.76,5610.76,3210.0,Visa,Online,Liam Smith,4,No,Repeat order
ORD-102347,2026-05-08 00:00:00,CUST-4456,Linda Williams,linda.williams347@example.com,Germany,Berlin,Software,Analytics Suite,1,1043.44,15.94,877.12,556.27,320.85,PayPal,Online,Ava Chen,3,No,Promo campaign
ORD-102348,2026-05-22 00:00:00,CUST-3383,Anthony Wilson,anthony.wilson348@example.com,United Kingdom,Manchester,Software,CRM License,23,744.34,26.11,12649.83,10218.28,2431.55,Visa,Online,Lucas Martin,4,No,Manual review
ORD-102350,2026-04-06 00:00:00,CUST-5895,Daniel Thomas,daniel.thomas350@example.com,United Kingdom,Manchester,Electronics,Laptop,14,1384.54,10.8,17290.14,10154.41,7135.73,PayPal,Online,Sophia Taylor,4,No,Promo campaign
ORD-102352,2025-03-11 00:00:00,CUST-2983,Daniel Martinez,daniel.martinez352@example.com,Australia,Sydney,Office,Scanner,21,194.57,6.28,3829.37,2325.12,1504.25,Visa,Online,Emma Clark,2,No,Repeat order
ORD-102354,2025-05-29 00:00:00,CUST-3951,Linda Rodriguez,linda.rodriguez354@example.com,United States,Chicago,Software,Analytics Suite,14,990.44,25.07,10389.91,7475.08,2914.83,Mastercard,Partner,Mia Wilson,3,No,Manual review
ORD-102355,2025-06-14 00:00:00,CUST-3682,Matthew Jackson,matthew.jackson355@example.com,United Kingdom,London,Home,Vacuum,19,257.8,0.17,4889.87,3639.48,1250.39,Cash,Phone,Emma Clark,4,No,Promo campaign
ORD-102356,2026-08-01 00:00:00,CUST-5673,Karen Anderson,karen.anderson356@example.com,United States,Seattle,Electronics,Monitor,24,388.5,15.07,7918.87,4949.53,2969.34,Mastercard,Online,Ethan Davis,5,No,Priority customer
ORD-102357,2025-10-12 00:00:00,CUST-1777,Richard Martin,richard.martin357@example.com,Australia,Perth,Office,Stationery Pack,20,47.68,0.58,948.07,614.17,333.9,Visa,Partner,Ethan Davis,2,No,Promo campaign
ORD-102358,2024-04-01 00:00:00,CUST-2005,Lisa Taylor,lisa.taylor358@example.com,United States,Houston,Electronics,Headphones,18,212.22,0.79,3789.78,2879.16,910.62,Mastercard,Online,Emma Clark,5,No,Repeat order
ORD-102359,2025-12-07 00:00:00,CUST-2754,Robert Garcia,robert.garcia359@example.com,United States,Los Angeles,Electronics,Phone,11,831.94,25.27,6838.8,3560.91,3277.89,Cash,Partner,Lucas Martin,3,No,Promo campaign
ORD-102362,2025-01-02 00:00:00,CUST-5484,Nancy Wilson,nancy.wilson362@example.com,Germany,Munich,Home,Coffee Machine,21,212.08,1.73,4376.63,3030.39,1346.24,Bank Transfer,Phone,Mia Wilson,5,No,Manual review
ORD-102366,2026-04-15 00:00:00,CUST-5537,Thomas Anderson,thomas.anderson366@example.com,AUS,Frankfurt,Office,Scanner,20,199.3,6.9,3710.97,2053.95,1657.02,Mastercard,Retail,Lucas Martin,2,No,Repeat order
ORD-102368,2024-09-29 00:00:00,CUST-4241,Daniel Moore,daniel.moore368@example.com,United States,Seattle,Electronics,Laptop,8,1334.02,25.12,7991.31,4755.33,3235.98,Mastercard,Partner,Sophia Taylor,5,No,Priority customer
ORD-102374,2025-01-03 00:00:00,CUST-3631,Richard Garcia,richard.garcia374@example.com,United Kingdom,Leeds,Home,Coffee Machine,10,188.56,11.86,1661.97,985.8,676.17,Visa,Phone,Sophia Taylor,4,No,Repeat order
ORD-102376,2026-02-04 00:00:00,CUST-3154,Matthew Wilson,matthew.wilson376@example.com,Australia,Adelaide,Electronics,Headphones,20,197.76,21.08,3121.44,2372.98,748.46,PayPal,Partner,Lucas Martin,5,No,Priority customer
ORD-102381,2024-07-16 00:00:00,CUST-5344,Elizabeth Lee,elizabeth.lee381@example.com,Germany,Cologne,Office,Printer,13,306.98,15.89,3356.61,1806.38,1550.23,Visa,Phone,Sophia Taylor,3,No,Repeat order
ORD-102385,2024-03-09 00:00:00,CUST-1721,Barbara Martin,barbara.martin385@example.com,Germany,Munich,Home,Air Purifier,3,278.56,5.37,790.8,623.48,167.32,Mastercard,Phone,Noah Brown,4,No,Promo campaign
ORD-102387,2025-05-30 00:00:00,CUST-5049,Richard Wilson,richard.wilson387@example.com,Germany,Hamburg,Software,Analytics Suite,19,810.94,11.12,13694.51,10584.49,3110.02,Cash,Online,Emma Clark,4,No,Promo campaign
ORD-102388,2024-12-25 00:00:00,CUST-1913,Daniel Jackson,daniel.jackson388@example.com,Canada,Montreal,Software,Analytics Suite,15,922.75,15.5,11695.86,9086.99,2608.87,Cash,Online,Emma Clark,3,No,Manual review
ORD-102391,2025-05-07 00:00:00,CUST-1909,Daniel Thomas,daniel.thomas391@example.com,United States,Seattle,Software,Cloud Plan,2,341.86,11.57,604.61,401.0,203.61,PayPal,Online,Sophia Taylor,5,No,Priority customer
ORD-102392,2026-04-30 00:00:00,CUST-6086,Mary Jones,mary.jones392@example.com,United Kingdom,London,Electronics,Monitor,12,408.69,11.24,4353.04,2310.31,2042.73,Cash,Partner,Emma Clark,5,No,Priority customer
ORD-102394,2025-04-26 00:00:00,CUST-2071,Matthew Wilson,matthew.wilson394@example.com,Australia,Adelaide,Home,Coffee Machine,25,162.12,25.32,3026.78,2417.07,609.71,Cash,Retail,Emma Clark,5,No,Promo campaign
ORD-102396,2025-02-11 00:00:00,CUST-1840,William Lee,william.lee396@example.com,United States,Seattle,Home,Coffee Machine,23,184.09,1.92,4152.78,2910.88,1241.9,Bank Transfer,Partner,Mia Wilson,5,No,Manual review
ORD-102397,2024-04-24 00:00:00,CUST-4191,Joseph Martin,joseph.martin397@example.com,United Kingdom,Manchester,Home,Lamp,4,69.2,11.13,245.99,132.68,113.31,Mastercard,Phone,Sophia Taylor,2,No,Promo campaign
ORD-102400,2026-07-11 00:00:00,CUST-3153,Sarah Smith,sarah.smith400@example.com,Australia,Perth,Home,Blender,20,97.78,1.14,1933.31,1179.62,753.69,Visa,Retail,Liam Smith,3,No,Repeat order
ORD-102401,2024-07-12 00:00:00,CUST-2888,Joseph Thompson,joseph.thompson401@example.com,Australia,Brisbane,Software,Security Suite,19,463.26,1.31,8686.63,4588.7,4097.93,Cash,Online,Sophia Taylor,5,No,Promo campaign
ORD-102402,2026-06-01 00:00:00,CUST-3351,Susan Perez,susan.perez402@example.com,United Kingdom,Manchester,Office,Stationery Pack,10,50.53,6.44,472.76,296.5,176.26,Mastercard,Partner,Lucas Martin,4,No,Priority customer
ORD-102404,2024-11-08 00:00:00,CUST-5186,David Anderson,david.anderson404@example.com,United States,Los Angeles,Software,Cloud Plan,20,336.03,108.56,5932.95,4250.31,1682.64,Mastercard,Phone,Noah Brown,5,No,Promo campaign
ORD-102405,2025-05-06 00:00:00,CUST-3106,Joseph Jackson,joseph.jackson405@example.com,Germany,Munich,Home,Blender,3,122.59,20.88,290.98,195.52,95.46,Bank Transfer,Phone,Liam Smith,2,No,Priority customer
ORD-102408,2025-11-08 00:00:00,CUST-1650,Elizabeth Thompson,elizabeth.thompson408@example.com,Canada,Vancouver,Home,Air Purifier,1,210.25,5.74,198.18,156.72,41.46,Visa,Online,Sophia Taylor,4,No,Priority customer
ORD-102412,2024-12-15 00:00:00,CUST-5444,William Perez,william.perez412@example.com,Canada,Calgary,Electronics,Phone,21,810.32,1.95,476604.66,22003.68,454600.98,Visa,Partner,Emma Clark,3,No,Repeat order
ORD-102413,2025-08-08 00:00:00,CUST-3686,Matthew Smith,matthew.smith413@example.com,Australia,Brisbane,Home,Vacuum,3,320.62,6.85,895.97,656.14,239.83,Cash,Phone,Ava Chen,4,No,Repeat order
ORD-102414,2026-07-01 00:00:00,CUST-3722,Anthony Miller,anthony.miller414@example.com,United Kingdom,Leeds,Software,Design Suite,14,553.09,15.51,6542.28,4388.09,2154.19,Bank Transfer,Retail,Sophia Taylor,5,No,Manual review
ORD-102417,2024-10-12 00:00:00,CUST-2125,Sarah Garcia,sarah.garcia417@example.com,Canada,Calgary,Software,Security Suite,2,449.6,112.45,807.66,492.43,315.23,Cash,Partner,Noah Brown,5,No,Promo campaign
ORD-102423,2024-06-29 00:00:00,CUST-3978,Jennifer Lee,jennifer.lee423@example.com,United States,Chicago,Electronics,Monitor,7,298.73,0.22,2086.51,1184.16,902.35,Cash,Phone,Mia Wilson,4,No,Manual review
ORD-102424,2026-04-07 00:00:00,CUST-3347,Joseph Rodriguez,joseph.rodriguez424@example.com,Australia,Adelaide,Electronics,Phone,22,938.59,16.19,17305.91,13196.15,4109.76,Bank Transfer,Phone,Ava Chen,3,No,Manual review
ORD-102426,2025-09-29 00:00:00,CUST-1865,Matthew Johnson,matthew.johnson426@example.com,Canada,Vancouver,Software,CRM License,8,745.88,16.24,4997.99,3925.92,1072.07,PayPal,Online,Lucas Martin,5,No,Manual review
ORD-102427,2024-05-15 00:00:00,CUST-3947,John Thomas,john.thomas427@example.com,Canada,Vancouver,Software,Security Suite,18,544.17,5.77,9229.89,7532.17,1697.72,Mastercard,Phone,Emma Clark,4,No,Manual review
ORD-102428,2025-09-19 00:00:00,CUST-4597,Mary Thompson,mary.thompson428@example.com,United States,Los Angeles,Home,Air Purifier,12,207.64,0.77,2472.49,1484.66,987.83,Cash,Phone,Mia Wilson,5,No,Manual review
ORD-102430,2024-01-06 00:00:00,CUST-3331,Linda Wilson,linda.wilson430@example.com,Canada,Toronto,Software,CRM License,13,611.68,5.94,7479.5,5289.1,2190.4,PayPal,Phone,Ava Chen,5,No,Manual review
ORD-102431,2024-09-26 00:00:00,CUST-4017,Linda Johnson,linda.johnson431@example.com,United Kingdom,Leeds,Electronics,Phone,16,906.19,0.32,14452.64,9490.09,4962.55,Visa,Retail,Ava Chen,2,No,Promo campaign
ORD-102434,2024-12-19 00:00:00,CUST-1110,Michael Wilson,michael.wilson434@example.com,United States,Chicago,Software,CRM License,3,724.31,26.34,1600.58,1303.01,297.57,PayPal,Online,Mia Wilson,3,No,Promo campaign
ORD-102435,2024-01-04 00:00:00,CUST-5035,William Williams,william.williams435@example.com,Germany,Berlin,Home,Vacuum,10,247.41,1.94,2426.1,1943.05,483.05,PayPal,Online,Ethan Davis,5,No,Priority customer
ORD-102437,2026-04-10 00:00:00,CUST-1371,Mary Perez,mary.perez437@example.com,United States,Chicago,Office,Chair,20,225.16,0.73,4470.33,2591.04,1879.29,Bank Transfer,Online,Noah Brown,4,No,Manual review
ORD-102439,2026-02-17 00:00:00,CUST-1961,Susan Anderson,susan.anderson439@example.com,United States,New York,Home,Air Purifier,23,280.75,10.75,5763.1,3724.2,2038.9,PayPal,Online,Sophia Taylor,3,No,Priority customer
ORD-102440,2025-11-20 00:00:00,CUST-1379,Matthew Davis,matthew.davis440@example.com,Australia,Adelaide,Software,Design Suite,18,582.99,21.56,8231.35,4872.6,3358.75,Mastercard,Retail,Ava Chen,4,No,Manual review
ORD-102441,2025-09-17 00:00:00,CUST-6398,Michael Davis,michael.davis441@example.com,United States,Seattle,Office,Desk,22,436.0,1.54,9444.28,5830.13,3614.15,Mastercard,Phone,Ava Chen,4,Yes,Manual review
ORD-102442,2025-02-02 00:00:00,CUST-1350,Elizabeth Davis,elizabeth.davis442@example.com,Germany,Frankfurt,Software,Cloud Plan,3046,304.02,1.62,5084.61,3639.03,1445.58,Mastercard,Phone,Sophia Taylor,5,No,Repeat order
ORD-102444,2025-02-09 00:00:00,CUST-2135,John Thompson,john.thompson444@example.com,Germany,Cologne,Office,Printer,15,314.65,25.72,3505.83,2373.77,1132.06,Visa,Online,Lucas Martin,4,No,Repeat order
ORD-102446,2025-11-24 00:00:00,CUST-4683,Lisa Garcia,lisa.garcia446@example.com,United Kingdom,Manchester,Home,Lamp,11,71.13,0.84,775.86,584.12,191.74,Cash,Retail,Noah Brown,4,No,Repeat order
ORD-102447,2026-01-12 00:00:00,CUST-1035,Karen Moore,karen.moore447@example.com,Germany,Frankfurt,Electronics,Phone,4,734.08,1.06,2905.2,1741.15,1164.05,Cash,Partner,Ethan Davis,4,No,Priority customer
ORD-102450,2024-03-23 00:00:00,CUST-3733,Daniel Wilson,daniel.wilson450@example.com,United States,Houston,Electronics,Phone,14,928.65,25.05,9744.32,7969.74,1774.58,PayPal,Phone,Liam Smith,4,No,Priority customer
ORD-102457,2024-02-23 00:00:00,CUST-1632,Michael Jackson,michael.jackson457@example.com,Australia,Brisbane,Office,Scanner,5,221.92,15.01,943.05,603.21,339.84,Mastercard,Phone,Lucas Martin,4,No,Promo campaign
ORD-102458,2025-03-16 00:00:00,CUST-4213,Mary Perez,mary.perez458@example.com,Canada,Toronto,Home,Blender,2,114.07,0.01,228.12,159.5,68.62,PayPal,Partner,Ethan Davis,5,No,Promo campaign
ORD-102460,2025-02-10 00:00:00,CUST-4059,David Lee,david.lee460@example.com,Germany,Cologne,Software,Analytics Suite,2,913.23,5.32,1729.29,1112.8,616.49,Bank Transfer,Online,Ava Chen,5,No,Repeat order
ORD-102461,2024-02-04 00:00:00,CUST-1183,Nancy Taylor,not-an-email,Australia,Sydney,Software,CRM License,7,695.99,10.0,4384.74,2473.2,1911.54,Bank Transfer,Partner,Noah Brown,4,No,Priority customer
ORD-102463,2026-07-13 00:00:00,CUST-5500,John Williams,john.williams463@example.com,australia,Toronto,Office,Stationery Pack,12,48.66,15.38,494.11,381.23,112.88,Cash,Phone,Sophia Taylor,5,No,Repeat order
ORD-102465,2024-08-20 00:00:00,CUST-2866,Lisa Davis,lisa.davis465@example.com,Australia,Melbourne,Office,Stationery Pack,16,45.05,10.59,644.47,484.87,159.6,Mastercard,Partner,Sophia Taylor,5,No,Priority customer
ORD-102468,2026-07-30 00:00:00,CUST-2474,Patricia Jones,patricia.jones468@example.com,Germany,Munich,Software,Security Suite,17,463.23,26.94,5753.41,3078.61,2674.8,PayPal,Online,Ava Chen,5,No,Priority customer
ORD-102470,2024-10-26 00:00:00,CUST-2955,William Johnson,william.johnson470@example.com,Canada,Toronto,Electronics,Tablet,21,552.86,6.18,10892.56,7658.62,3233.94,PayPal,Phone,Ethan Davis,5,No,Promo campaign
ORD-102471,2024-06-04 00:00:00,CUST-1775,Jessica Miller,jessica.miller471@example.com,Australia,Melbourne,Office,Desk,21,370.96,0.36,7762.12,4754.84,3007.28,Cash,Online,Sophia Taylor,4,No,Priority customer
ORD-102473,2025-09-12 00:00:00,CUST-5303,Joseph Taylor,joseph.taylor473@example.com,United States,Chicago,Office,Chair,14,249.72,0.01,3495.73,2624.24,871.49,Visa,Partner,Emma Clark,2,No,Repeat order
ORD-102475,2024-05-30 00:00:00,CUST-5953,Nancy Perez,nancy.perez475@example.com,Germany,Munich,Home,Lamp,23,80.07,1.05,1822.27,1166.13,656.14,Visa,Online,Lucas Martin,5,No,Repeat order
ORD-102476,2024-12-05 00:00:00,CUST-2834,Lisa Perez,lisa.perez476@example.com,United Kingdom,Manchester,Software,Security Suite,15,543.0,26.92,5952.37,3740.08,2212.29,Mastercard,Retail,Liam Smith,5,No,Manual review
ORD-102477,2025-01-23 00:00:00,CUST-3955,Linda Williams,linda.williams477@example.com,United States,Chicago,Software,Security Suite,13,547.37,21.5,5585.91,4344.78,1241.13,Visa,Retail,Liam Smith,2,No,Manual review
ORD-102479,2026-05-04 00:00:00,CUST-4138,Linda Martin,linda.martin479@example.com,Australia,Perth,Office,Desk,20,454.04,16.8,7555.23,5939.44,1615.79,Cash,Retail,Noah Brown,5,No,Manual review
ORD-102480,2026-02-03 00:00:00,CUST-3850,Nancy Garcia,nancy.garcia480@example.com,Canada,Montreal,Software,Analytics Suite,6,882.38,25.63,3937.36,2152.38,1784.98,Mastercard,Partner,Mia Wilson,5,No,Promo campaign
ORD-102481,2026-04-08 00:00:00,CUST-1942,James Moore,james.moore481@example.com,United Kingdom,Leeds,Office,Desk,10,476.35,10.5,4263.33,2995.47,1267.86,Cash,Phone,Ethan Davis,5,No,Repeat order
ORD-102483,2024-04-01 00:00:00,CUST-6349,Daniel Moore,daniel.moore483@example.com,Australia,Brisbane,Electronics,Headphones,5,173.76,1.58,855.07,685.18,169.89,Cash,Phone,Emma Clark,4,No,Priority customer
ORD-102485,2025-04-17 00:00:00,CUST-4032,Linda Rodriguez,linda.rodriguez485@example.com,Australia,Sydney,Electronics,Phone,13,905.96,15.91,9903.68,7213.01,2690.67,Bank Transfer,Phone,Sophia Taylor,5,No,Promo campaign
ORD-102486,2024-01-22 00:00:00,CUST-2244,Robert Perez,robert.perez486@example.com,Canada,Calgary,Home,Vacuum,25,243.42,0.87,6032.56,3724.07,2308.49,Mastercard,Retail,Ava Chen,4,No,Priority customer
ORD-102487,2026-05-20 00:00:00,CUST-4791,Anthony Garcia,anthony.garcia487@example.com,Australia,Brisbane,Software,CRM License,14,732.22,21.9,8006.09,4966.37,3039.72,Mastercard,Online,Sophia Taylor,4,No,Manual review
ORD-102488,2025-08-12 00:00:00,CUST-6319,Elizabeth Garcia,elizabeth.garcia488@example.com,Germany,Cologne,Electronics,Tablet,23,614.58,20.3,11265.87,6542.29,4723.58,Bank Transfer,Online,Sophia Taylor,2,No,Manual review
ORD-102489,2024-10-02 00:00:00,CUST-1970,Mary Thomas,mary.thomas489@example.com,Canada,Toronto,Software,Design Suite,2,516.7,25.12,773.81,536.14,237.67,Visa,Phone,Emma Clark,5,No,Promo campaign
ORD-102490,2024-10-04 00:00:00,CUST-6045,Michael Brown,michael.brown490@example.com,Germany,Cologne,Home,Lamp,15,60.25,21.35,710.8,486.79,224.01,Bank Transfer,Online,Noah Brown,4,No,Repeat order
ORD-102492,2026-13-40,CUST-3907,Thomas Garcia,thomas.garcia492@example.com,United States,New York,Electronics,Headphones,23,179.15,15.51,3481.37,2660.85,820.52,Visa,Online,Mia Wilson,4,No,Manual review
ORD-102493,2026-07-17 00:00:00,CUST-5380,Robert Williams,robert.williams493@example.com,Australia,Brisbane,Software,Cloud Plan,25,349.29,0.55,8684.22,5911.44,2772.78,Mastercard,Partner,Lucas Martin,4,No,Promo campaign
ORD-102496,2025-05-21 00:00:00,CUST-5585,Elizabeth Thompson,elizabeth.thompson496@example.com,United Kingdom,London,Home,Blender,3,105.43,6.23,296.59,235.0,61.59,Cash,Online,Liam Smith,4,No,Manual review
ORD-102497,2024-11-11 00:00:00,CUST-1661,Sarah Thompson,sarah.thompson497@example.com,Australia,Sydney,Software,CRM License,21,643.18,1.79,13265.01,10211.12,3053.89,Bank Transfer,Phone,Lucas Martin,3,No,Manual review
ORD-102498,2024-12-16 00:00:00,CUST-5250,Joseph Jones,joseph.jones498@example.com,Germany,Hamburg,Office,Desk,14,480.16,25.1,5034.96,4081.95,953.01,PayPal,Retail,Ethan Davis,2,No,Promo campaign
ORD-102499,2025-01-09 00:00:00,CUST-1528,Jessica Jackson,jessica.jackson499@example.com,Germany,Hamburg,Software,Analytics Suite,10,1061.54,0.46,10566.57,6120.04,4446.53,Cash,Phone,Liam Smith,5,No,Repeat order
ORD-102501,2024-05-28 00:00:00,CUST-4629,Karen Perez,karen.perez501@example.com,Australia,Sydney,Electronics,Phone,13,787.69,11.86,9025.51,6954.32,2071.19,Bank Transfer,Phone,Ava Chen,6,No,Manual review
ORD-102505,2024-07-21 00:00:00,CUST-2824,Patricia Miller,patricia.miller505@example.com,Germany,Hamburg,Software,Design Suite,14,536.23,20.33,5981.0,3121.76,2859.24,PayPal,Online,Ava Chen,5,No,Manual review
ORD-102506,2025-07-08 00:00:00,CUST-2304,Matthew Wilson,matthew.wilson506@example.com,United Kingdom,Glasgow,Electronics,Monitor,17,317.21,10.08,4849.0,3769.5,1079.5,Cash,Phone,Noah Brown,5,No,Repeat order
ORD-102507,2025-06-02 00:00:00,CUST-4793,Joseph Garcia,joseph.garcia507@example.com,Germany,Munich,Software,CRM License,25,644.26,1.26,15903.56,9993.17,5910.39,Mastercard,Phone,Ava Chen,2,No,Repeat order
ORD-102509,2024-08-30 00:00:00,CUST-4601,Patricia Martinez,patricia.martinez509@example.com,Canada,Calgary,Home,Lamp,23,72.09,20.42,1319.49,879.13,440.36,Cash,Phone,Ava Chen,2,No,Promo campaign
ORD-102510,2025-02-03 00:00:00,CUST-3704,David Davis,david.davis510@example.com,Germany,Munich,Electronics,Phone,23,764.58,6.97,16359.64,12771.4,3588.24,Bank Transfer,Partner,Mia Wilson,5,No,Priority customer
ORD-102511,2026-06-16 00:00:00,CUST-6380,William Martinez,william.martinez511@example.com,United Kingdom,London,Office,Printer,13,279.32,0.31,3619.9,2470.57,1149.33,Mastercard,Partner,Lucas Martin,4,No,Manual review
ORD-102512,2025-01-20 00:00:00,CUST-1363,Robert Perez,robert.perez512@example.com,Germany,Frankfurt,Electronics,Phone,17,738.46,1.12,12413.22,9740.85,2672.37,Bank Transfer,Retail,Ethan Davis,5,No,Priority customer
ORD-102513,2026-01-18 00:00:00,CUST-4094,Nancy Martin,nancy.martin513@example.com,United States,Seattle,Office,Stationery Pack,5,39.3,1.95,192.67,130.03,62.64,Visa,Partner,Noah Brown,5,No,Promo campaign
ORD-102516,2024-10-20 00:00:00,CUST-3138,Matthew Taylor,matthew.taylor516@example.com,Australia,Melbourne,Software,Design Suite,1,569.8,16.96,473.16,340.06,133.1,PayPal,Retail,Emma Clark,4,No,Manual review
ORD-102518,2024-06-29 00:00:00,CUST-1960,Matthew Davis,matthew.davis518@example.com,Australia,Adelaide,Software,Design Suite,16,536.88,21.03,6783.59,5129.28,1654.31,Cash,Online,Ava Chen,3,No,Manual review
ORD-102520,2026-06-08 00:00:00,CUST-2151,Robert Miller,robert.miller520@example.com,Australia,Melbourne,Electronics,Tablet,17,532.44,0.62,8995.36,6575.39,2419.97,Bank Transfer,Partner,Liam Smith,3,No,Repeat order
ORD-102522,2024-01-19 00:00:00,CUST-1615,James Williams,james.williams522@example.com,Canada,Ottawa,Office,Printer,3,286.57,0.31,857.04,585.33,271.71,Mastercard,Phone,Ava Chen,4,Yes,Repeat order
ORD-102523,2026-06-05 00:00:00,CUST-2935,Daniel Lee,daniel.lee523@example.com,Australia,Adelaide,Home,Vacuum,3,317.98,10.78,851.11,541.52,309.59,Bank Transfer,Online,Emma Clark,5,No,Priority customer
ORD-102524,2024-12-25 00:00:00,CUST-2873,Jennifer Johnson,jennifer.johnson524@example.com,United Kingdom,Birmingham,Electronics,Headphones,18,153.43,6.38,2585.54,2032.82,552.72,Mastercard,Retail,Sophia Taylor,2,No,Priority customer
ORD-102525,2024-09-07 00:00:00,CUST-1290,Matthew Garcia,matthew.garcia525@example.com,Canada,Vancouver,Home,Vacuum,2,266.86,10.76,476.29,264.75,211.54,PayPal,Online,Sophia Taylor,3,No,Promo campaign
ORD-102529,2024-04-07 00:00:00,CUST-4074,Thomas Martinez,thomas.martinez529@example.com,Canada,Montreal,Office,Desk,4165,426.58,0.28,1701.54,971.16,730.38,PayPal,Online,Ava Chen,5,No,Manual review
ORD-102530,2025-04-29 00:00:00,CUST-6193,Karen Brown,karen.brown530@example.com,Canada,Montreal,Electronics,Tablet,11,533.76,0.78,5825.56,4608.5,1217.06,PayPal,Online,Ethan Davis,5,No,Priority customer
ORD-102532,2026-02-09 00:00:00,CUST-3419,William Lee,william.lee532@example.com,Canada,Toronto,Electronics,Phone,13,942.13,15.45,402745.01,14798.82,387946.19,Visa,Partner,Ethan Davis,4,No,Promo campaign
ORD-102533,2024-01-16 00:00:00,CUST-5586,Lisa Jackson,lisa.jackson533@example.com,Australia,Adelaide,Software,Security Suite,11,442.51,10.73,4345.32,2739.55,1605.77,Visa,Online,Noah Brown,2,No,Promo campaign
ORD-102537,2024-09-10 00:00:00,CUST-4679,Jennifer Lee,jennifer.lee537@example.com,Australia,Adelaide,Home,Air Purifier,3,242.95,11.36,646.05,354.59,291.46,Cash,Online,Sophia Taylor,4,No,Repeat order
ORD-102540,2024-05-27 00:00:00,CUST-5267,Daniel Martinez,daniel.martinez540@example.com,United States,Seattle,Office,Printer,15,353.81,1.03,5252.49,2920.08,2332.41,PayPal,Partner,Liam Smith,4,No,Promo campaign
ORD-102542,2026-04-11 00:00:00,CUST-1434,Karen Johnson,karen.johnson542@example.com,United Kingdom,Manchester,Electronics,Tablet,16,553.42,1.47,8724.56,5953.47,2771.09,Mastercard,Partner,Ava Chen,3,No,Promo campaign
ORD-102544,2025-04-10 00:00:00,CUST-4555,Anthony Martinez,anthony.martinez544@example.com,United Kingdom,Birmingham,Electronics,Tablet,19,696.85,1.78,13004.48,7726.87,5277.61,Bank Transfer,Retail,Ethan Davis,4,No,Promo campaign
ORD-102546,2025-11-30 00:00:00,CUST-1894,Linda Jackson,linda.jackson546@example.com,Australia,Melbourne,Electronics,Headphones,22,211.7,15.82,3920.6,2938.24,982.36,PayPal,Online,Mia Wilson,4,No,Priority customer
ORD-102549,2024-06-23 00:00:00,CUST-1206,Nancy Jackson,nancy.jackson549@example.com,Australia,Perth,Office,Scanner,4,191.75,10.92,683.24,544.93,138.31,Bank Transfer,Retail,Ethan Davis,5,No,Manual review
ORD-102551,2025-04-30 00:00:00,CUST-5154,Jessica Smith,jessica.smith551@example.com,Australia,Adelaide,Home,Coffee Machine,18,173.69,0.6,3107.66,2238.66,869.0,Visa,Phone,Sophia Taylor,5,Yes,Repeat order
ORD-102552,2025-06-23 00:00:00,CUST-2396,Mary Rodriguez,mary.rodriguez552@example.com,Australia,Adelaide,Electronics,Phone,10,802.26,21.61,6288.92,3618.49,2670.43,Bank Transfer,Online,Emma Clark,4,No,Priority customer
ORD-102556,2026-01-13 00:00:00,CUST-4879,John Miller,john.miller556@example.com,Canada,Calgary,Electronics,Tablet,2,639.03,6.01,1201.25,650.84,550.41,Cash,Phone,Lucas Martin,2,No,Priority customer
ORD-102557,2024-09-11 00:00:00,CUST-5814,Elizabeth Thompson,elizabeth.thompson557@example.com,Australia,Perth,Office,Scanner,23,236.78,0.01,160728.24,14075.49,146652.75,Visa,Phone,Emma Clark,3,No,Repeat order
ORD-102558,2026-03-06 00:00:00,CUST-5556,Nancy Davis,nancy.davis558@example.com,Canada,Ottawa,Office,Stationery Pack,21,46.27,6.88,904.82,740.74,164.08,Mastercard,Retail,Emma Clark,3,No,Repeat order
ORD-102559,2024-06-27 00:00:00,CUST-1350,Barbara Davis,barbara.davis559@example.com,Germany,Hamburg,Office,Scanner,19,224.5,0.49,4244.6,3437.91,806.69,Bank Transfer,Retail,Ethan Davis,5,No,Promo campaign
ORD-102560,2025-01-29 00:00:00,CUST-5024,John Wilson,john.wilson560@example.com,Canada,Vancouver,Office,Desk,23,410.89,162.24,9438.18,6538.78,2899.4,Visa,Online,Ethan Davis,3,No,Repeat order
ORD-102561,2025-07-15 00:00:00,CUST-4657,James Rodriguez,james.rodriguez561@example.com,United Kingdom,Leeds,Electronics,Phone,2,999.41,6.51,1868.7,1043.57,825.13,PayPal,Partner,Lucas Martin,4,No,Priority customer
ORD-102562,2025-03-01 00:00:00,CUST-2542,Sarah Lee,sarah.lee562@example.com,Canada,Toronto,Software,Analytics Suite,5,1001.94,26.94,3660.09,1931.06,1729.03,Cash,Partner,Liam Smith,4,No,Repeat order
ORD-102564,2024-05-21 00:00:00,CUST-5992,Thomas Rodriguez,thomas.rodriguez564@example.com,United Kingdom,Manchester,Home,Lamp,15,70.63,26.78,775.73,487.67,288.06,PayPal,Partner,Mia Wilson,5,No,Promo campaign
ORD-102567,2024-04-02 00:00:00,CUST-6121,Joseph Thomas,@domain.com,United States,Los Angeles,Home,Vacuum,8,315.06,0.61,2505.11,1671.54,833.57,Mastercard,Phone,Ava Chen,5,No,Manual review
ORD-102570,2026-06-11 00:00:00,CUST-3763,Daniel Jones,daniel.jones570@example.com,Germany,Berlin,Electronics,Tablet,22,658.15,1.57,14251.97,9096.87,5155.1,PayPal,Phone,Mia Wilson,4,No,Repeat order
ORD-102571,2024-03-22 00:00:00,CUST-4608,Richard Smith,richard.smith571@example.com,Australia,Perth,Software,CRM License,14,740.96,155.13,10236.51,5917.76,4318.75,Bank Transfer,Phone,Ava Chen,4,No,Promo campaign
ORD-102572,2026-04-16 00:00:00,CUST-4170,Barbara Taylor,barbara.taylor572@example.com,Germany,Frankfurt,Electronics,Headphones,3,170.43,6.52,477.95,377.02,100.93,Cash,Phone,Sophia Taylor,5,No,Manual review
ORD-102573,2024-08-29 00:00:00,CUST-5299,Barbara Rodriguez,barbara.rodriguez573@example.com,Canada,Toronto,Software,Design Suite,7,525.59,0.84,3648.23,2305.01,1343.22,Cash,Retail,Ethan Davis,5,No,Priority customer
ORD-102576,2024-12-16 00:00:00,CUST-4285,Nancy Garcia,nancy.garcia576@example.com,Australia,Melbourne,Home,Air Purifier,11,269.85,1.84,2913.73,1930.75,982.98,Bank Transfer,Phone,Noah Brown,4,No,Promo campaign
ORD-102577,2024-10-18 00:00:00,CUST-1811,Michael Thomas,michael.thomas577@example.com,United Kingdom,Leeds,Office,Scanner,23,192.35,15.22,3750.71,2836.48,914.23,Mastercard,Phone,Emma Clark,5,No,Priority customer
ORD-102578,2024-08-11 00:00:00,CUST-4833,Jessica Thompson,jessica.thompson578@example.com,United Kingdom,Glasgow,Office,Chair,24,302.7,11.74,6411.91,4070.98,2340.93,Visa,Phone,Emma Clark,5,No,Priority customer
ORD-102579,2025-12-05 00:00:00,CUST-3275,Charles Brown,charles.brown579@example.com,United States,New York,Home,Air Purifier,2637,257.07,1.08,2288.64,1618.92,669.72,PayPal,Retail,Noah Brown,5,No,Priority customer
ORD-102581,2026-03-19 00:00:00,CUST-3384,Elizabeth Brown,elizabeth.brown581@example.com,Germany,Munich,Home,Blender,2,120.58,11.22,214.1,155.46,58.64,PayPal,Phone,Ethan Davis,4,No,Priority customer
ORD-102583,2024-02-01 00:00:00,CUST-2870,Karen Davis,karen.davis583@example.com,Germany,Berlin,Home,Lamp,1,65.03,1.96,63.76,51.15,12.61,PayPal,Phone,Liam Smith,2,No,Promo campaign
ORD-102584,2025-11-19 00:00:00,CUST-6112,Barbara Lee,barbara.lee584@example.com,Canada,Calgary,Software,CRM License,24,653.25,0.21,15645.08,10837.59,4807.49,Mastercard,Retail,Sophia Taylor,5,No,Priority customer
ORD-102585,2025-02-20 00:00:00,CUST-4329,Karen Jackson,karen.jackson585@example.com,United Kingdom,Leeds,Office,Desk,25,493.16,25.13,9230.72,5916.68,3314.04,Bank Transfer,Phone,Liam Smith,5,No,Manual review
ORD-102586,2024-11-06 00:00:00,CUST-6037,Linda Lee,linda.lee586@example.com,Canada,Vancouver,Electronics,Phone,1,985.74,1.49,971.05,624.41,346.64,Cash,Phone,Ethan Davis,2,No,Priority customer
ORD-102587,2026-04-02 00:00:00,CUST-3035,Richard Anderson,richard.anderson587@example.com,United Kingdom,Glasgow,Software,Cloud Plan,1,354.13,5.79,333.63,200.41,133.22,PayPal,Partner,Ethan Davis,3,No,Promo campaign
ORD-102588,2024-06-16 00:00:00,CUST-5363,Joseph Taylor,joseph.taylor588@example.com,United States,New York,Electronics,Laptop,23,1089.95,6.79,23366.68,18585.07,4781.61,Visa,Online,Noah Brown,2,No,Manual review
ORD-102590,2025-03-09 00:00:00,CUST-5237,Robert Martinez,robert.martinez590@example.com,Australia,Brisbane,Electronics,Monitor,21,350.19,11.39,6516.37,3672.74,2843.63,Bank Transfer,Online,Noah Brown,5,No,Promo campaign
ORD-102594,2024-08-05 00:00:00,CUST-3782,Nancy Johnson,nancy.johnson594@example.com,Australia,Adelaide,Office,Stationery Pack,20,39.95,11.36,708.23,544.07,164.16,PayPal,Retail,Sophia Taylor,5,No,Repeat order
ORD-102595,2024-09-07 00:00:00,CUST-3107,Nancy Thomas,nancy.thomas595@example.com,Australia,Perth,Electronics,Phone,17,802.08,26.59,10009.72,7747.96,2261.76,Visa,Phone,Ethan Davis,3,No,Promo campaign
ORD-102596,2024-12-25 00:00:00,CUST-1639,David Smith,david.smith596@example.com,United Kingdom,Glasgow,Office,Printer,2,341.07,16.54,569.31,367.38,201.93,Mastercard,Online,Lucas Martin,2,No,Promo campaign
ORD-102597,2024-01-02 00:00:00,CUST-2900,Susan Brown,susan.brown597@example.com,Australia,Adelaide,Home,Blender,15,101.43,25.31,1136.37,672.19,464.18,Visa,Partner,Ethan Davis,5,No,Manual review
ORD-102600,2025-12-09 00:00:00,CUST-2799,Matthew Anderson,matthew.anderson600@example.com,Canada,Vancouver,Home,Blender,16,106.98,16.47,1429.77,933.31,496.46,Mastercard,Retail,Ethan Davis,4,No,Repeat order
ORD-102601,2026-05-25 00:00:00,CUST-1123,Nancy Anderson,nancy.anderson601@example.com,Australia,Adelaide,Home,Lamp,18,69.66,1.57,1234.19,837.77,396.42,Cash,Partner,Emma Clark,4,No,Manual review
ORD-102603,2025-10-16 00:00:00,CUST-5158,Susan Garcia,susan.garcia603@example.com,United Kingdom,Leeds,Software,CRM License,7,748.17,25.2,3917.42,2664.97,1252.45,Bank Transfer,Partner,Emma Clark,5,Yes,Repeat order
ORD-102604,2025-08-22 00:00:00,CUST-1384,Sarah Johnson,sarah.johnson604@example.com,United States,New York,Software,Security Suite,22,551.55,0.5,12073.43,9150.99,2922.44,Bank Transfer,Partner,Mia Wilson,2,No,Manual review
ORD-102607,2024-07-06 00:00:00,CUST-4628,Daniel Taylor,daniel.taylor607@example.com,Canada,Calgary,Home,Lamp,3,82.39,26.39,181.94,106.61,75.33,PayPal,Phone,Sophia Taylor,4,No,Promo campaign
ORD-102610,2025-10-21 00:00:00,CUST-2940,Elizabeth Taylor,elizabeth.taylor610@example.com,United Kingdom,Birmingham,Software,CRM License,2,634.18,20.12,1013.17,664.91,348.26,Bank Transfer,Phone,Noah Brown,3,No,Repeat order
ORD-102612,2024-01-22 00:00:00,CUST-2845,Anthony Taylor,anthony.taylor612@example.com,United Kingdom,Leeds,Software,Security Suite,18,507.76,26.51,6716.75,4399.19,2317.56,Mastercard,Phone,Emma Clark,5,No,Manual review
ORD-102614,2024-06-27 00:00:00,CUST-1213,Sarah Smith,sarah.smith614@example.com,United Kingdom,Birmingham,Office,Chair,9,296.24,0.53,2652.03,2029.73,622.3,Bank Transfer,Online,Ava Chen,2,No,Manual review
ORD-102615,2024-04-01 00:00:00,CUST-4476,Joseph Anderson,joseph.anderson615@example.com,United Kingdom,Birmingham,Software,Security Suite,7,536.69,21.61,2944.98,2229.26,715.72,Mastercard,Retail,Sophia Taylor,3,No,Manual review
ORD-102616,2025-12-02 00:00:00,CUST-3033,Robert Miller,robert.miller616@example.com,Australia,Melbourne,Home,Blender,6,96.76,1.96,569.18,459.33,109.85,Visa,Online,Ethan Davis,2,No,Promo campaign
ORD-102617,2025-02-11 00:00:00,CUST-3609,Thomas Thomas,thomas.thomas617@example.com,Australia,Sydney,Office,Printer,17,265.62,11.4,4000.77,2358.45,1642.32,Bank Transfer,Phone,Noah Brown,3,No,Priority customer
ORD-102618,2024-08-26 00:00:00,CUST-4010,Patricia Taylor,patricia.taylor618@example.com,Germany,Berlin,Electronics,Headphones,17,206.46,27.0,2562.17,2024.35,537.82,Mastercard,Online,Sophia Taylor,4,No,Priority customer
ORD-102620,2025-03-30 00:00:00,CUST-4111,Barbara Thompson,barbara.thompson620@example.com,United Kingdom,Leeds,Home,Coffee Machine,21,190.76,0.69,3978.32,2447.67,1530.65,Cash,Phone,Emma Clark,4,No,Repeat order
ORD-102621,2024-01-31 00:00:00,CUST-1817,Barbara Williams,barbara.williams621@example.com,Canada,Calgary,Electronics,Phone,24,767.68,6.31,17261.75,12806.14,4455.61,PayPal,Online,Sophia Taylor,2,No,Manual review
ORD-102622,2024-12-10 00:00:00,CUST-5841,Daniel Williams,daniel.williams622@example.com,United Kingdom,London,Software,Analytics Suite,5,831.41,10.98,3700.61,2469.76,1230.85,Bank Transfer,Online,Liam Smith,5,No,Promo campaign
ORD-102623,2026-02-21 00:00:00,CUST-5168,Karen Anderson,karen.anderson623@example.com,United States,Los Angeles,Home,Vacuum,13,249.62,0.87,3216.83,2201.16,1015.67,Visa,Partner,Lucas Martin,5,Yes,Manual review
ORD-102625,2025-01-31 00:00:00,CUST-2181,Matthew Martin,matthew.martin625@example.com,Canada,Calgary,Office,Printer,16,278.33,10.19,3999.49,2588.96,1410.53,Visa,Phone,Ethan Davis,4,Yes,Priority customer
ORD-102626,2026-01-06 00:00:00,CUST-6229,Elizabeth Jackson,elizabeth.jackson626@example.com,United Kingdom,Manchester,Office,Chair,13,266.33,11.04,3080.05,1623.97,1456.08,Mastercard,Partner,Liam Smith,5,No,Repeat order
ORD-102628,2026-01-30 00:00:00,CUST-3066,Nancy Lee,nancy.lee628@example.com,Canada,Calgary,Software,Analytics Suite,9,767.09,1.25,6817.51,5538.67,1278.84,PayPal,Phone,Lucas Martin,5,No,Manual review
ORD-102629,2025-05-03 00:00:00,CUST-4036,Anthony Jones,anthony.jones629@example.com,United Kingdom,Leeds,Software,Design Suite,11,649.73,0.82,7088.42,4064.46,3023.96,Visa,Phone,Liam Smith,4,No,Promo campaign
ORD-102631,2025-05-22 00:00:00,CUST-5389,Sarah Moore,sarah.moore631@example.com,Germany,Hamburg,Electronics,Phone,18,909.45,0.36,16311.17,10613.88,5697.29,Mastercard,Retail,Sophia Taylor,4,No,Promo campaign
ORD-102634,2025-05-16 00:00:00,CUST-1861,Thomas Rodriguez,thomas.rodriguez634@example.com,United Kingdom,Glasgow,Electronics,Laptop,5,1201.64,0.27,5991.98,3911.16,2080.82,PayPal,Phone,Sophia Taylor,4,No,Repeat order
ORD-102639,2024-06-20 00:00:00,CUST-1924,Sarah Williams,sarah.williams639@example.com,Canada,Ottawa,Office,Chair,7,295.91,25.76,1537.79,1098.38,439.41,PayPal,Partner,Liam Smith,5,No,Promo campaign
ORD-102640,2025-11-10 00:00:00,CUST-2365,John Perez,john.perez640@example.com,Germany,Berlin,Software,CRM License,25,698.14,0.91,17294.67,9688.95,7605.72,Cash,Partner,Noah Brown,5,No,Repeat order
ORD-102641,2024-11-27 00:00:00,CUST-3876,Anthony Davis,anthony.davis641@example.com,United Kingdom,Glasgow,Office,Scanner,7,227.62,26.29,1174.45,705.61,468.84,Cash,Online,Ava Chen,4,No,Promo campaign
ORD-102643,2026-01-06 00:00:00,CUST-5793,Barbara Wilson,barbara.wilson643@example.com,australia,Frankfurt,Home,Coffee Machine,1,205.28,1.17,202.88,110.75,92.13,Cash,Online,Ethan Davis,3,No,Repeat order
ORD-102645,2024-07-07 00:00:00,CUST-5527,Thomas Martinez,thomas.martinez645@example.com,Germany,Frankfurt,Home,Blender,9,95.06,1.15,-845.7,483.99,-1329.69,Cash,Phone,Sophia Taylor,2,No,Priority customer
ORD-102646,2026-06-03 00:00:00,CUST-2722,Nancy Garcia,nancy.garcia646@example.com,Australia,Sydney,Electronics,Monitor,15,390.15,1.14,5785.53,3872.38,1913.15,PayPal,Phone,Sophia Taylor,4,No,Repeat order
ORD-102647,2024-01-14 00:00:00,CUST-1011,Robert Wilson,robert.wilson647@example.com,United Kingdom,Birmingham,Software,Design Suite,1,605.77,10.85,540.04,377.99,162.05,Visa,Partner,Liam Smith,4,No,Priority customer
ORD-102648,2025-08-08 00:00:00,CUST-1325,Robert Rodriguez,robert.rodriguez648@example.com,United States,Chicago,Home,Lamp,22,60.36,1.95,1302.03,811.8,490.23,Bank Transfer,Phone,Noah Brown,4,No,Manual review
ORD-102649,2024-09-05 00:00:00,CUST-1445,Susan Johnson,susan.johnson649@example.com,Germany,Hamburg,Software,Cloud Plan,6,360.45,25.97,1601.05,1052.57,548.48,Cash,Retail,Sophia Taylor,5,No,Repeat order
ORD-102655,2026-06-14 00:00:00,CUST-3981,Daniel Brown,daniel.brown655@example.com,Australia,Adelaide,Electronics,Headphones,13,191.51,6.07,2338.51,1525.32,813.19,Cash,Partner,Sophia Taylor,4,No,Repeat order
ORD-102656,2026-01-06 00:00:00,CUST-1713,Thomas Brown,thomas.brown656@example.com,United States,Los Angeles,Office,Printer,3,326.52,26.69,718.12,565.25,152.87,Visa,Online,Liam Smith,5,No,Manual review
ORD-102657,2025-09-10 00:00:00,CUST-2271,Joseph Martinez,joseph.martinez657@example.com,United States,Houston,Electronics,Monitor,18,369.54,1.73,6536.65,4418.32,2118.33,Bank Transfer,Online,Ethan Davis,4,No,Repeat order
ORD-102658,2025-02-04 00:00:00,CUST-6176,Anthony Rodriguez,anthony.rodriguez658@example.com,Canada,Montreal,Office,Printer,25,312.6,6.43,7312.5,4719.29,2593.21,Visa,Phone,Emma Clark,5,No,Promo campaign
ORD-102660,2025-07-04 00:00:00,CUST-4619,Robert Thomas,robert.thomas660@example.com,Australia,Brisbane,Home,Lamp,10,60.93,11.85,537.1,379.38,157.72,Bank Transfer,Partner,Sophia Taylor,3,No,Priority customer
ORD-102661,2025-12-07 00:00:00,CUST-2980,Thomas Williams,thomas.williams661@example.com,United States,New York,Software,Design Suite,8,559.35,5.22,4241.22,2867.34,1373.88,PayPal,Partner,Liam Smith,4,No,Manual review
ORD-102664,2024-10-07 00:00:00,CUST-2702,Robert Martin,robert.martin664@example.com,Australia,Sydney,Software,CRM License,25,687.92,25.78,12764.36,9817.38,2946.98,Mastercard,Partner,Lucas Martin,2,No,Promo campaign
ORD-102665,2025-05-22 00:00:00,CUST-1309,Richard Miller,richard.miller665@example.com,United States,Chicago,Software,Security Suite,3,520.52,1.18,1543.13,1055.79,487.34,Mastercard,Partner,Noah Brown,3,No,Promo campaign
ORD-102666,2024-09-26 00:00:00,CUST-6399,John Rodriguez,john.rodriguez666@example.com,United States,Chicago,Electronics,Tablet,5,638.62,21.85,2495.41,1571.5,923.91,PayPal,Partner,Noah Brown,5,Yes,Manual review
ORD-102667,2026-04-02 00:00:00,CUST-2942,Robert Davis,robert.davis667@example.com,United Kingdom,Birmingham,Software,Analytics Suite,6,841.17,16.86,4196.09,3356.21,839.88,Visa,Phone,Liam Smith,8,No,Repeat order
ORD-102669,2026-03-07 00:00:00,CUST-4594,Richard Davis,richard.davis669@example.com,Germany,Hamburg,Electronics,Headphones,25,162.14,11.77,3576.4,2516.92,1059.48,PayPal,Phone,Ava Chen,2,No,Promo campaign
ORD-102671,2025-09-01 00:00:00,CUST-6013,James Brown,james.brown671@example.com,Canada,Montreal,Electronics,Monitor,14,375.97,20.69,4174.55,2575.58,1598.97,Visa,Phone,Sophia Taylor,5,No,Priority customer
ORD-102675,2024-09-28 00:00:00,CUST-6425,Linda Jones,linda.jones675@example.com,Australia,Sydney,Electronics,Laptop,7,1071.25,1.09,7417.01,5352.29,2064.72,Mastercard,Partner,Ava Chen,5,No,Promo campaign
ORD-102676,2024-10-14 00:00:00,CUST-5255,Linda Wilson,linda.wilson676@example.com,United States,Los Angeles,Home,Lamp,4,74.2,26.99,216.69,124.63,92.06,PayPal,Phone,Emma Clark,5,No,Manual review
ORD-102680,2024-06-29 00:00:00,CUST-2338,Jennifer Garcia,jennifer.garcia680@example.com,Germany,Munich,Office,Stationery Pack,24,49.93,6.0,1126.42,899.27,227.15,Mastercard,Partner,Ava Chen,5,No,Promo campaign
ORD-102681,2025-08-27 00:00:00,CUST-2268,James Perez,james.perez681@example.com,United Kingdom,London,Electronics,Monitor,10,306.09,10.68,2734.0,1553.24,1180.76,PayPal,Partner,Lucas Martin,5,No,Repeat order
ORD-102682,2024-07-12 00:00:00,CUST-2610,Nancy Perez,nancy.perez682@example.com,United States,Seattle,Office,Printer,2036,292.1,1.39,576.08,405.61,170.47,Bank Transfer,Partner,Liam Smith,5,No,Manual review
ORD-102683,2026-07-16 00:00:00,CUST-5992,David Lee,david.lee683@example.com,United States,Los Angeles,Software,Design Suite,21,650.32,16.58,11392.44,6196.42,5196.02,Visa,Partner,Mia Wilson,2,No,Promo campaign
ORD-102684,2024-05-12 00:00:00,CUST-2843,William Wilson,william.wilson684@example.com,Germany,Frankfurt,Home,Blender,12,95.65,0.69,1139.88,903.63,236.25,Mastercard,Retail,Ava Chen,2,No,Repeat order
ORD-102685,2026-02-10 00:00:00,CUST-3867,Susan Williams,susan.williams685@example.com,Germany,Frankfurt,Home,Blender,10,107.8,25.57,802.36,590.32,212.04,Mastercard,Online,Ethan Davis,4,No,Promo campaign
ORD-102686,2025-11-07 00:00:00,CUST-1005,Richard Anderson,richard.anderson686@example.com,Australia,Adelaide,Software,Design Suite,5,598.81,0.92,2966.5,2377.99,588.51,Mastercard,Partner,Noah Brown,5,No,Promo campaign
ORD-102687,2024-05-26 00:00:00,CUST-4463,Nancy Rodriguez,nancy.rodriguez687@example.com,Australia,Sydney,Electronics,Monitor,12,382.84,1.31,4533.9,3688.5,845.4,Bank Transfer,Phone,Lucas Martin,2,No,Repeat order
ORD-102689,2026-05-11 00:00:00,CUST-2701,Lisa Davis,lisa.davis689@example.com,United States,Houston,Electronics,Monitor,8,331.96,1.39,2618.77,2073.29,545.48,Bank Transfer,Online,Sophia Taylor,4,No,Promo campaign
ORD-102691,2025-11-15 00:00:00,CUST-4123,Jennifer Taylor,jennifer.taylor691@example.com,United Kingdom,Glasgow,Software,Security Suite,15,494.97,0.87,7359.96,5263.53,2096.43,PayPal,Partner,Noah Brown,5,No,Manual review
ORD-102693,2024-03-12 00:00:00,CUST-1447,Robert Brown,robert.brown693@example.com,Australia,Adelaide,Software,Security Suite,23,500.89,0.05,11514.71,6872.59,4642.12,Visa,Phone,Noah Brown,4,No,Promo campaign
ORD-102695,2025-07-16 00:00:00,CUST-3592,Nancy Miller,nancy.miller695@example.com,Australia,Sydney,home,Air Purifier,1,221.19,16.46,184.78,124.55,60.23,Visa,Phone,Lucas Martin,2,No,Priority customer
ORD-102697,2025-03-20 00:00:00,CUST-2426,John Wilson,john.wilson697@example.com,United States,Seattle,Software,CRM License,4,759.41,0.23,3030.65,2400.77,629.88,Bank Transfer,Online,Ethan Davis,4,No,Repeat order
ORD-102698,2025-12-15 00:00:00,CUST-5087,Michael Rodriguez,michael.rodriguez698@example.com,Australia,Sydney,Software,CRM License,21,736.33,15.02,13140.4,7837.28,5303.12,Mastercard,Partner,Sophia Taylor,4,No,Promo campaign
ORD-102699,2025-10-25 00:00:00,CUST-3508,Mary Jackson,mary.jackson699@example.com,United States,Houston,Electronics,Phone,5,724.43,0.64,3598.97,1905.84,1693.13,PayPal,Retail,Ethan Davis,2,No,Priority customer
ORD-102700,2024-01-16 00:00:00,CUST-5770,Lisa Johnson,lisa.johnson700@example.com,Germany,Frankfurt,Office,Printer,25,360.2,5.82,8480.91,4662.3,3818.61,Cash,Retail,Liam Smith,3,No,Promo campaign
ORD-102702,2024-06-01 00:00:00,CUST-4319,Matthew Perez,matthew.perez702@example.com,United Kingdom,Glasgow,Office,Printer,9,328.55,11.42,2619.27,2007.01,612.26,Bank Transfer,Partner,Noah Brown,5,No,Promo campaign
ORD-102703,2024-06-24 00:00:00,CUST-5632,Susan Thompson,susan.thompson703@example.com,Canada,Calgary,Home,Blender,3,125.4,0.67,373.68,301.06,72.62,Mastercard,Phone,Noah Brown,4,No,Promo campaign
ORD-102704,2025-12-08 00:00:00,CUST-2103,Susan Jackson,susan.jackson704@example.com,Canada,Calgary,Office,Scanner,15,220.31,0.02,3303.99,1721.09,1582.9,PayPal,Online,Mia Wilson,5,No,Promo campaign
ORD-102706,2024-04-23 00:00:00,CUST-1716,Charles Wilson,charles.wilson706@example.com,Australia,Melbourne,Software,Cloud Plan,2,365.1,21.9,570.29,368.97,201.32,Visa,Partner,Ava Chen,-2,No,Promo campaign
ORD-102707,2024-08-11 00:00:00,CUST-5777,Charles Garcia,charles.garcia707@example.com,Canada,Calgary,Software,Analytics Suite,25,887.36,20.46,17645.15,13433.07,4212.08,Cash,Partner,Ava Chen,5,No,Priority customer
ORD-102708,2026-08-01 00:00:00,CUST-1398,Daniel Jackson,daniel.jackson708@example.com,Canada,Toronto,Home,Air Purifier,1,245.67,1.3,242.48,150.81,91.67,Cash,Online,Mia Wilson,2,No,Repeat order
ORD-102709,2025-08-10 00:00:00,CUST-3358,Jennifer Anderson,jennifer.anderson709@example.com,Australia,Adelaide,Electronics,Monitor,12,400.43,10.62,4294.85,2333.61,1961.24,Visa,Retail,Ethan Davis,4,No,Priority customer
ORD-102710,2026-01-29 00:00:00,CUST-3543,Mary Anderson,mary.anderson710@example.com,Australia,Melbourne,Electronics,Tablet,13,528.26,1.52,6763.0,4540.85,2222.15,Cash,Retail,Lucas Martin,5,No,Repeat order
ORD-102713,2026-03-01 00:00:00,CUST-3662,Michael Thomas,michael.thomas713@example.com,Canada,Montreal,Software,Cloud Plan,12,365.19,26.9,3203.45,2485.97,717.48,Visa,Partner,Mia Wilson,4,No,Priority customer
ORD-102715,2024-01-26 00:00:00,CUST-5725,Daniel Jones,daniel.jones715@example.com,Australia,Adelaide,Office,Chair,9,298.79,20.02,2150.75,1560.6,590.15,Bank Transfer,Partner,Emma Clark,5,No,Priority customer
ORD-102718,2025-10-01 00:00:00,CUST-5719,Robert Williams,robert.williams718@example.com,Germany,Cologne,Home,Lamp,18,71.21,21.81,1002.22,783.8,218.42,Mastercard,Retail,Emma Clark,4,No,Repeat order
ORD-102721,2025-02-13 00:00:00,CUST-6394,James Garcia,james.garcia721@example.com,United Kingdom,Glasgow,Office,Scanner,18,255.01,15.31,3887.42,2257.81,1629.61,Visa,Partner,Liam Smith,4,No,Manual review
ORD-102722,2025-09-28 00:00:00,CUST-4651,Susan Jackson,susan.jackson722@example.com,Canada,Toronto,Software,CRM License,3,556.73,21.75,1306.92,877.86,429.06,Cash,Retail,Ethan Davis,4,No,Manual review
ORD-102724,2024-02-14 00:00:00,CUST-2125,Lisa Rodriguez,lisa.rodriguez724@example.com,Canada,Calgary,Electronics,Headphones,4,212.34,11.21,754.15,480.69,273.46,Cash,Phone,Sophia Taylor,4,No,Repeat order
ORD-102725,2025-12-23 00:00:00,CUST-5316,Matthew Davis,matthew.davis725@example.com,Australia,Brisbane,Office,Desk,16,359.31,1.24,5677.67,4308.09,1369.58,Bank Transfer,Phone,Ava Chen,3,No,Repeat order
ORD-102726,2024-09-14 00:00:00,CUST-3843,Matthew Davis,matthew.davis726@example.com,United States,Chicago,Home,Vacuum,6,294.01,1.21,22888.06,2724.87,20163.19,PayPal,Online,Mia Wilson,4,No,Repeat order
ORD-102727,2024-02-16 00:00:00,CUST-2638,Thomas Brown,thomas.brown727@example.com,United Kingdom,Leeds,Home,Coffee Machine,12,162.98,10.44,1751.58,1354.41,397.17,Cash,Partner,Ava Chen,2,No,Priority customer
ORD-102729,2025-03-20 00:00:00,CUST-2834,Michael Taylor,michael.taylor729@example.com,Australia,Brisbane,Office,Printer,16,292.23,16.53,3902.79,2138.52,1764.27,Mastercard,Partner,Lucas Martin,5,No,Promo campaign
ORD-102731,2024-03-02 00:00:00,CUST-1503,William Taylor,william.taylor731@example.com,Australia,Sydney,Software,Security Suite,25,421.62,20.61,8368.1,6606.17,1761.93,Cash,Retail,Sophia Taylor,5,No,Manual review
ORD-102733,2026-04-12 00:00:00,CUST-6282,Barbara Brown,barbara.brown733@example.com,United States,Houston,Home,Vacuum,25,249.8,0.84,6192.54,3881.63,2310.91,Bank Transfer,Partner,Noah Brown,4,No,Priority customer
ORD-102735,2025-05-21 00:00:00,CUST-4258,Linda Taylor,linda.taylor735@example.com,United Kingdom,Manchester,Office,Desk,19,393.31,0.66,7423.57,5832.19,1591.38,PayPal,Retail,Ava Chen,3,No,Promo campaign
ORD-102736,2026-01-10 00:00:00,CUST-2202,Daniel Moore,daniel.moore736@example.com,Canada,Ottawa,Office,Scanner,2,206.79,6.02,5056.6,748.24,4308.36,Cash,Phone,Liam Smith,5,No,Repeat order
ORD-102737,2024-11-21 00:00:00,CUST-3545,Linda Rodriguez,linda.rodriguez737@example.com,United Kingdom,Manchester,Electronics,Phone,19,896.37,26.8,12466.71,7380.52,5086.19,PayPal,Retail,Ethan Davis,2,No,Manual review
ORD-102738,2024-07-23 00:00:00,CUST-3088,William Lee,william.lee738@example.com,Australia,Brisbane,Software,Design Suite,17,547.19,1.08,9201.77,6030.97,3170.8,Mastercard,Phone,Noah Brown,4,No,Priority customer
ORD-102739,2026-05-09 00:00:00,CUST-4306,Patricia Brown,patricia.brown739@example.com,United Kingdom,Leeds,Software,Analytics Suite,16,997.27,0.68,15847.82,10174.16,5673.66,Mastercard,Online,Emma Clark,4,No,Priority customer
ORD-102741,2025-04-20 00:00:00,CUST-5665,Lisa Taylor,lisa.taylor741@example.com,Germany,Cologne,Software,Cloud Plan,13,290.19,1.0,3734.75,2143.92,1590.83,Mastercard,Retail,Ethan Davis,5,No,Repeat order
ORD-102743,2024-09-14 00:00:00,CUST-3794,David Jones,david.jones743@example.com,Germany,Cologne,Electronics,Laptop,20,1094.89,0.45,21799.26,14222.77,7576.49,PayPal,Retail,Ethan Davis,5,No,Manual review
ORD-102744,2024-12-07 00:00:00,CUST-1690,Anthony Brown,anthony.brown744@example.com,Australia,Brisbane,Home,Blender,6,124.63,1.11,739.48,567.92,171.56,Bank Transfer,Online,Ava Chen,5,No,Priority customer
ORD-102746,2025-12-15 00:00:00,CUST-4305,James Davis,james.davis746@example.com,United Kingdom,Manchester,Office,Chair,24,228.6,0.32,5468.84,4399.04,1069.8,Bank Transfer,Partner,Liam Smith,4,No,Promo campaign
ORD-102748,2025-03-05 00:00:00,CUST-6183,Michael Wilson,michael.wilson748@example.com,United Kingdom,Birmingham,Software,Analytics Suite,4019,1024.81,5.87,12540.5,8152.26,4388.24,PayPal,Partner,Ethan Davis,3,Yes,Priority customer
ORD-102752,2025-11-29 00:00:00,CUST-3212,Susan Lee,susan.lee752@example.com,Australia,Perth,Electronics,Phone,2,809.56,0.01,1618.96,1314.15,304.81,Bank Transfer,Online,Liam Smith,4,No,Manual review
ORD-102753,2024-05-02 00:00:00,CUST-3818,William Miller,william.miller753@example.com,United States,Houston,Electronics,Monitor,16,327.76,0.2,5233.67,4106.9,1126.77,PayPal,Partner,Noah Brown,3,No,Priority customer
ORD-102756,2024-07-20 00:00:00,CUST-3742,Barbara Miller,barbara.miller756@example.com,United Kingdom,Glasgow,Software,Analytics Suite,5,782.47,20.07,3127.14,1735.44,1391.7,Mastercard,Online,Sophia Taylor,4,No,Manual review
ORD-102758,2025-10-03 00:00:00,CUST-1012,Jennifer Martinez,jennifer.martinez758@example.com,Australia,Brisbane,Software,Security Suite,4,420.76,5.74,1586.43,1094.7,491.73,Mastercard,Online,Lucas Martin,5,No,Promo campaign
ORD-102759,2024-09-24 00:00:00,CUST-2549,James Thompson,james.thompson759@example.com,United Kingdom,Manchester,Electronics,Headphones,11,193.18,21.06,1677.46,1232.67,444.79,Cash,Partner,Noah Brown,2,Yes,Manual review
ORD-102763,2024-10-18 00:00:00,CUST-3665,Thomas Anderson,thomas.anderson763@example.com,United Kingdom,London,Office,Chair,22,242.52,0.02,5334.37,3934.31,1400.06,Mastercard,Partner,Sophia Taylor,4,No,Priority customer
ORD-102768,00/00/0000,CUST-6268,Elizabeth Davis,elizabeth.davis768@example.com,United Kingdom,Birmingham,Software,Analytics Suite,6,1003.18,1.5,5928.79,3552.24,2376.55,Visa,Partner,Mia Wilson,2,No,Repeat order
ORD-102771,2025-05-06 00:00:00,CUST-6268,Linda Wilson,linda.wilson771@example.com,United States,Los Angeles,Electronics,Tablet,7,535.39,164.15,3362.46,2532.15,830.31,Mastercard,Online,Noah Brown,2,No,Repeat order
ORD-102772,2024-12-09 00:00:00,CUST-5019,John Moore,john.moore772@example.com,United States,Houston,Home,Vacuum,21,297.86,10.29,5611.41,3443.78,2167.63,Cash,Online,Mia Wilson,3,No,Manual review
ORD-102773,2024-01-16 00:00:00,CUST-1946,Richard Jones,richard.jones773@example.com,United Kingdom,Manchester,Electronics,Phone,2,970.38,11.7,1713.69,1004.02,709.67,Visa,Retail,Liam Smith,4,No,Manual review
ORD-102774,2025-11-10 00:00:00,CUST-6055,Elizabeth Garcia,elizabeth.garcia774@example.com,Australia,Brisbane,Office,Scanner,21,221.71,1.93,4566.05,2882.97,1683.08,Mastercard,Retail,Emma Clark,5,Yes,Promo campaign
ORD-102777,2024-04-07 00:00:00,CUST-1541,Joseph Brown,joseph.brown777@example.com,Australia,Adelaide,Home,Lamp,11,60.6,16.27,558.14,311.69,246.45,Mastercard,Phone,Ava Chen,4,No,Promo campaign
ORD-102778,2026-07-05 00:00:00,CUST-1609,Barbara Perez,barbara.perez778@example.com,United States,Los Angeles,Office,Chair,25,268.35,10.46,6007.01,3324.95,2682.06,Bank Transfer,Phone,Emma Clark,4,No,Priority customer
ORD-102780,2026-01-11 00:00:00,CUST-3476,Jessica Brown,jessica.brown780@example.com,United Kingdom,Birmingham,Software,CRM License,6,638.8,0.42,3816.7,2980.93,835.77,PayPal,Partner,Lucas Martin,4,No,Manual review
ORD-102782,2025-02-19 00:00:00,CUST-4192,Lisa Jackson,lisa.jackson782@example.com,United Kingdom,Glasgow,Home,Coffee Machine,9,180.74,5.88,1531.01,1175.4,355.61,Bank Transfer,Online,Ethan Davis,4,No,Priority customer
ORD-102783,2024-10-29 00:00:00,CUST-4648,Lisa Moore,lisa.moore783@example.com,Australia,Sydney,Electronics,Tablet,3,614.16,26.43,1355.51,967.0,388.51,Bank Transfer,Partner,Lucas Martin,5,No,Promo campaign
ORD-102785,2025-04-16 00:00:00,CUST-5924,Patricia Miller,patricia.miller785@example.com,United Kingdom,Birmingham,Home,Air Purifier,22,238.7,26.27,3871.86,2048.1,1823.76,Visa,Phone,Emma Clark,2,No,Promo campaign
ORD-102786,2024-06-03 00:00:00,CUST-4856,Daniel Anderson,daniel.anderson786@example.com,United Kingdom,Manchester,Electronics,Laptop,3,1212.03,1.55,3579.73,2143.03,1436.7,Mastercard,Partner,Noah Brown,3,No,Repeat order
ORD-102787,2025-10-03 00:00:00,CUST-2331,Daniel Lee,daniel.lee787@example.com,United Kingdom,Leeds,Software,Analytics Suite,9,780.52,15.68,5923.21,4227.52,1695.69,PayPal,Online,Emma Clark,5,No,Repeat order
ORD-102789,2026-04-28 00:00:00,CUST-1875,James Thomas,james.thomas789@example.com,United Kingdom,Glasgow,Software,CRM License,15,587.23,15.31,261406.19,15787.3,245618.89,PayPal,Phone,Lucas Martin,2,No,Priority customer
ORD-102796,2024-12-09 00:00:00,CUST-1362,Mary Anderson,mary.anderson796@example.com,United States,Seattle,Office,Chair,17,240.09,0.3,4069.29,2684.25,1385.04,PayPal,Partner,Ava Chen,5,No,Promo campaign
ORD-102798,2025-11-17 00:00:00,CUST-4120,Robert Moore,robert.moore798@example.com,Germany,Munich,Office,Stationery Pack,19,45.21,0.24,856.93,672.82,184.11,Visa,Phone,Ava Chen,4,No,Priority customer
ORD-102801,2025-02-17 00:00:00,CUST-4974,John Williams,john.williams801@example.com,Germany,Cologne,Electronics,Tablet,11,659.04,5.35,6861.59,3951.18,2910.41,Cash,Online,Liam Smith,3,No,Repeat order
ORD-102803,2026-06-02 00:00:00,CUST-3982,Sarah Moore,sarah.moore803@example.com,United Kingdom,Leeds,Software,CRM License,16,639.42,25.32,7640.3,5508.4,2131.9,Cash,Retail,Lucas Martin,5,Yes,Repeat order
ORD-102804,2026-05-20 00:00:00,CUST-6206,Sarah Miller,sarah.miller804@example.com,United States,Chicago,Electronics,Headphones,7,196.54,5.94,1294.06,757.6,536.46,Visa,Partner,Noah Brown,5,No,Priority customer
ORD-102805,2024-07-09 00:00:00,CUST-2172,Richard Martin,richard.martin805@example.com,Australia,Adelaide,Electronics,Tablet,19,583.11,15.48,9364.05,4940.22,4423.83,Bank Transfer,Partner,Ava Chen,4,No,Promo campaign
ORD-102806,2024-05-25 00:00:00,CUST-1913,James Rodriguez,james.rodriguez806@example.com,Canada,Toronto,Office,Stationery Pack,2,41.74,5.91,78.55,42.9,35.65,Mastercard,Phone,Ethan Davis,5,No,Priority customer
ORD-102807,2024-06-10 00:00:00,CUST-5085,Charles Davis,charles.davis807@example.com,Germany,Munich,Office,Scanner,24,238.07,11.75,5042.32,3117.76,1924.56,Bank Transfer,Retail,Mia Wilson,4,No,Promo campaign
ORD-102809,2024-05-30 00:00:00,CUST-3201,Charles Martin,charles.martin809@example.com,Australia,Adelaide,Electronics,Monitor,1,369.68,5.79,348.28,199.6,148.68,PayPal,Partner,Noah Brown,4,No,Repeat order
ORD-102812,2026-04-27 00:00:00,CUST-4803,Charles Wilson,charles.wilson812@example.com,Australia,Melbourne,Office,Stationery Pack,14,44.58,1.9,612.26,492.94,119.32,PayPal,Retail,Lucas Martin,5,No,Priority customer
ORD-102813,2025-08-19 00:00:00,CUST-1714,John Williams,john.williams813@example.com,Germany,Berlin,Office,Chair,22,221.33,0.39,4850.27,3356.41,1493.86,Cash,Partner,Lucas Martin,5,No,Manual review
ORD-102817,2024-07-27 00:00:00,CUST-1851,Daniel Brown,daniel.brown817@example.com,Germany,Frankfurt,Office,Stationery Pack,3,48.17,1.83,141.87,84.73,57.14,Bank Transfer,Partner,Liam Smith,2,No,Repeat order
ORD-102818,2024-11-01 00:00:00,CUST-3572,Barbara Lee,barbara.lee818@example.com,UK,Seattle,Home,Vacuum,17,305.96,5.34,4923.57,2709.62,2213.95,Mastercard,Partner,Liam Smith,4,No,Priority customer
ORD-102819,2026-04-05 00:00:00,CUST-2602,Lisa Miller,lisa.miller819@example.com,United Kingdom,Manchester,Electronics,Tablet,3,629.88,1.79,1855.82,1176.99,678.83,PayPal,Partner,Emma Clark,3,No,Manual review
ORD-102820,2025-12-06 00:00:00,CUST-2205,William Miller,william.miller820@example.com,United States,Seattle,Office,Printer,10,274.52,21.09,2166.24,1752.87,413.37,Visa,Phone,Noah Brown,4,No,Repeat order
ORD-102822,2025-06-13 00:00:00,CUST-4552,Karen Thompson,karen.thompson822@example.com,United States,New York,Home,Air Purifier,8,261.79,15.2,-1775.98,1039.12,-2815.1,Visa,Retail,Lucas Martin,5,No,Manual review
ORD-102823,2026-02-09 00:00:00,CUST-6473,Richard Williams,richard.williams823@example.com,AUS,Toronto,Software,CRM License,11,611.0,5.91,6323.79,3326.01,2997.78,Mastercard,Phone,Emma Clark,3,No,Promo campaign
ORD-102824,2025-09-01 00:00:00,CUST-3478,William Jackson,william.jackson824@example.com,Australia,Perth,Home,Coffee Machine,3,172.41,26.58,379.75,290.35,89.4,Visa,Phone,Emma Clark,4,No,Priority customer
ORD-102825,2024-04-18 00:00:00,CUST-6282,Joseph Jones,joseph.jones825@example.com,Australia,Brisbane,Electronics,Headphones,14,163.08,5.13,2166.0,1617.51,548.49,Bank Transfer,Phone,Emma Clark,5,No,Repeat order
ORD-102826,2025-04-08 00:00:00,CUST-3743,Richard Rodriguez,richard.rodriguez826@example.com,Canada,Montreal,Electronics,Laptop,20,1344.98,15.69,22679.05,17760.12,4918.93,PayPal,Online,Ethan Davis,5,No,Priority customer
ORD-102829,2025-09-13 00:00:00,CUST-4794,Karen Thompson,karen.thompson829@example.com,Canada,Calgary,Office,Printer,7,358.99,16.24,2104.83,1162.75,942.08,Bank Transfer,Phone,Mia Wilson,5,No,Priority customer
ORD-102830,2025-05-29 00:00:00,CUST-5074,Matthew Perez,matthew.perez830@example.com,United States,Los Angeles,Home,Air Purifier,8,242.63,20.39,1545.26,991.4,553.86,Visa,Online,Emma Clark,3,No,Priority customer
ORD-102832,2025-12-18 00:00:00,CUST-6048,Mary Thompson,mary.thompson832@example.com,Germany,Frankfurt,Office,Stationery Pack,11,43.08,10.24,425.35,295.24,130.11,PayPal,Retail,Liam Smith,4,No,Promo campaign
ORD-102834,2026-03-30 00:00:00,CUST-2896,James Anderson,james.anderson834@example.com,United States,Houston,Software,CRM License,7,631.47,25.86,3277.2,2622.34,654.86,Visa,Phone,Emma Clark,5,No,Promo campaign
ORD-102840,2024-05-01 00:00:00,CUST-4975,Susan Johnson,susan.johnson840@example.com,Canada,Montreal,Home,Blender,2,100.81,6.75,188.01,114.16,73.85,Bank Transfer,Retail,Mia Wilson,4,No,Promo campaign
ORD-102841,2024-01-18 00:00:00,CUST-4553,Linda Johnson,linda.johnson841@example.com,Canada,Toronto,Office,Desk,21,474.9,0.18,9954.95,6320.12,3634.83,Mastercard,Retail,Mia Wilson,3,No,Priority customer
ORD-102842,2026-06-27 00:00:00,CUST-4269,Joseph Martin,joseph.martin842@example.com,Australia,Sydney,Electronics,Headphones,2,162.16,6.84,302.14,207.61,94.53,Cash,Phone,Ava Chen,4,No,Promo campaign
ORD-102844,2024-08-18 00:00:00,CUST-1576,Charles Perez,charles.perez844@example.com,Canada,Vancouver,Home,Vacuum,22,252.49,11.94,4891.54,2754.76,2136.78,Bank Transfer,Partner,Liam Smith,4,No,Repeat order
ORD-102846,2025-08-13 00:00:00,CUST-4188,Thomas Garcia,thomas.garcia846@example.com,Canada,Calgary, Home ,Coffee Machine,25,180.03,1.72,4423.34,3218.76,1204.58,Bank Transfer,Retail,Mia Wilson,5,No,Promo campaign
ORD-102848,2024-12-02 00:00:00,CUST-6040,Barbara Brown,barbara.brown848@example.com,Germany,Frankfurt,Electronics,Phone,22,760.27,1.45,16483.41,10806.84,5676.57,Cash,Online,Noah Brown,5,No,Promo campaign
ORD-102849,2025-10-17 00:00:00,CUST-4987,Daniel Thompson,daniel.thompson849@example.com,Germany,Munich,Electronics,Laptop,7,1089.67,10.21,6848.9,3668.76,3180.14,Mastercard,Online,Ava Chen,4,No,Repeat order
ORD-102851,2024-10-19 00:00:00,CUST-4423,Jennifer Garcia,jennifer.garcia851@example.com,United Kingdom,London,Software,Cloud Plan,14,318.14,0.24,4443.27,2529.42,1913.85,Mastercard,Online,Mia Wilson,4,No,Repeat order
ORD-102853,2024-10-26 00:00:00,CUST-5161,Jessica Anderson,jessica.anderson853@example.com,United States,Houston,Software,Analytics Suite,25,899.2,0.7,22322.64,14403.16,7919.48,PayPal,Phone,Ethan Davis,5,No,Repeat order
ORD-102855,2024-09-25 00:00:00,CUST-4095,Charles Smith,charles.smith855@example.com,United Kingdom,Glasgow,Office,Printer,14,314.97,0.62,4382.24,2496.59,1885.65,Cash,Phone,Sophia Taylor,2,No,Repeat order
ORD-102856,2024-10-29 00:00:00,CUST-1837,Mary Martinez,mary.martinez856@example.com,Canada,Calgary,Electronics,Tablet,8,610.43,1.01,4834.12,2559.66,2274.46,Bank Transfer,Retail,Emma Clark,5,Yes,Manual review
ORD-102857,2025-07-28 00:00:00,CUST-1102,Daniel Garcia,daniel.garcia857@example.com,Australia,Adelaide,Office,Chair,11,236.0,1.53,2556.28,1953.09,603.19,Mastercard,Partner,Ethan Davis,5,No,Manual review
ORD-102858,2024-04-03 00:00:00,CUST-3581,Robert Jackson,robert.jackson858@example.com,Canada,Vancouver,Home,Vacuum,10,285.26,11.18,2533.68,1675.74,857.94,Visa,Retail,Sophia Taylor,4,No,Manual review
ORD-102860,2025-08-08 00:00:00,CUST-1361,Anthony Thompson,anthony.thompson860@example.com,United Kingdom,Manchester,Office,Stationery Pack,23,45.28,15.16,883.56,722.25,161.31,Visa,Online,Emma Clark,4,No,Priority customer
ORD-102861,2025-09-16 00:00:00,CUST-1788,Linda Williams,linda.williams861@example.com,Australia,Sydney,Home,Blender,14,102.17,21.7,1119.99,772.08,347.91,Visa,Partner,Ava Chen,4,No,Manual review
ORD-102863,2026-05-03 00:00:00,CUST-4811,Matthew Martinez,matthew.martinez863@example.com,United States,New York,Home,Vacuum,17,255.28,20.64,3444.03,2380.11,1063.92,Cash,Phone,Noah Brown,5,No,Promo campaign
ORD-102864,2025-04-22 00:00:00,CUST-1018,Barbara Martinez,barbara.martinez864@example.com,Australia,Brisbane,Electronics,Headphones,2,187.08,25.74,277.85,181.8,96.05,Bank Transfer,Phone,Ava Chen,5,No,Promo campaign
ORD-102865,2025-01-23 00:00:00,CUST-5922,Susan Perez,susan.perez865@example.com,United Kingdom,London,Office,Printer,4,281.08,11.58,24175.67,2292.85,21882.82,PayPal,Partner,Sophia Taylor,4,No,Promo campaign
ORD-102866,2025-11-19 00:00:00,CUST-6500,Mary Thomas,mary.thomas866@example.com,Germany,Cologne,Office,Chair,14,272.4,1.64,3751.06,2387.92,1363.14,PayPal,Online,Lucas Martin,2,No,Promo campaign
ORD-102867,2024-01-28 00:00:00,CUST-6111,Jennifer Jackson,jennifer.jackson867@example.com,Canada,Toronto,Electronics,Laptop,6,1301.81,16.63,6511.91,4671.69,1840.22,PayPal,Partner,Lucas Martin,3,No,Manual review
ORD-102868,2025-08-03 00:00:00,CUST-5193,Jessica Miller,jessica.miller868@example.com,United Kingdom,Glasgow,home,Coffee Machine,18,183.2,20.4,2624.89,1740.29,884.6,PayPal,Online,Mia Wilson,5,No,Repeat order
ORD-102871,2026-06-01 00:00:00,CUST-3605,Jennifer Johnson,jennifer.johnson871@example.com,Germany,Munich,Office,Desk,10,396.07,11.32,3512.35,2581.2,931.15,Visa,Phone,Liam Smith,5,No,Repeat order
ORD-102873,2026-06-30 00:00:00,CUST-1485,Jessica Johnson,jessica.johnson873@example.com,Australia,Adelaide,Office,Desk,8,425.53,10.42,3049.52,1617.69,1431.83,PayPal,Phone,Noah Brown,5,No,Promo campaign
ORD-102875,2024-04-18 00:00:00,CUST-2087,Richard Garcia,richard.garcia875@example.com,Australia,Sydney,Software,Cloud Plan,1,338.94,20.33,270.03,182.07,87.96,PayPal,Online,Emma Clark,5,No,Promo campaign
ORD-102876,2025-10-10 00:00:00,CUST-1822,Daniel Wilson,daniel.wilson876@example.com,United States,Houston,Office,Stationery Pack,5,39.98,6.78,186.35,115.5,70.85,Visa,Retail,Ethan Davis,4,No,Priority customer
ORD-102878,2024-08-24 00:00:00,CUST-5661,Joseph Jones,joseph.jones878@example.com,Australia,Brisbane,Software,Security Suite,10,565.07,0.9,5599.84,3517.91,2081.93,PayPal,Online,Ethan Davis,5,No,Manual review
ORD-102881,2024-09-14 00:00:00,CUST-2241,Karen Miller,karen.miller881@example.com,Canada,Calgary,Software,Analytics Suite,24,995.83,26.48,17571.22,14401.22,3170.0,Mastercard,Partner,Liam Smith,4,No,Manual review
ORD-102882,2026-05-26 00:00:00,CUST-4729,James Miller,user@,Germany,Munich,Home,Vacuum,6,264.61,0.36,1581.94,1285.16,296.78,Mastercard,Online,Emma Clark,4,No,Repeat order
ORD-102885,2026-03-29 00:00:00,CUST-5928,Anthony Anderson,anthony.anderson885@example.com,Australia,Sydney,Home,Blender,19,119.12,1.06,2239.29,1777.05,462.24,Cash,Partner,Noah Brown,3,No,Promo campaign
ORD-102889,2025-05-30 00:00:00,CUST-6398,John Garcia,john.garcia889@example.com,United Kingdom,Leeds,Software,Design Suite,3,485.21,11.7,1285.32,887.73,397.59,Mastercard,Phone,Noah Brown,4,No,Repeat order
ORD-102891,2026-02-08 00:00:00,CUST-2179,Patricia Thomas,patricia.thomas891@example.com,Canada,Montreal,Electronics,Laptop,18,1039.13,15.55,15795.82,12826.91,2968.91,Bank Transfer,Phone,Lucas Martin,2,No,Manual review
ORD-102893,2024-03-17 00:00:00,CUST-4181,Jessica Davis,jessica.davis893@example.com,Germany,Hamburg,Software,CRM License,24,701.18,11.6,14876.23,9369.51,5506.72,Mastercard,Online,Noah Brown,3,No,Manual review
ORD-102894,2025-09-02 00:00:00,CUST-6437,John Lee,john.lee894@example.com,United States,Los Angeles,Software,Analytics Suite,16,1053.72,16.65,14052.41,7700.88,6351.53,Cash,Online,Mia Wilson,3,Yes,Priority customer
ORD-102895,2025-11-23 00:00:00,CUST-3870,Robert Davis,robert.davis895@example.com,Canada,Toronto,Home,Vacuum,13,310.29,11.11,3585.62,2867.8,717.82,Mastercard,Retail,Noah Brown,5,No,Manual review
ORD-102896,2025-09-01 00:00:00,CUST-1438,Richard Wilson,richard.wilson896@example.com,United Kingdom,Leeds,Software,Analytics Suite,3,893.45,0.59,2664.54,1668.46,996.08,Mastercard,Phone,Sophia Taylor,4,No,Promo campaign
ORD-102897,2025-02-23 00:00:00,CUST-4947,Elizabeth Garcia,elizabeth.garcia897@example.com,United States,Houston,Office,Printer,14,306.89,21.49,3373.15,1881.22,1491.93,Bank Transfer,Online,Emma Clark,4,No,Repeat order
ORD-102898,2026-03-11 00:00:00,CUST-4496,James Rodriguez,james.rodriguez898@example.com,United Kingdom,Birmingham,Office,Chair,10,283.12,1.38,2792.13,1753.48,1038.65,PayPal,Retail,Sophia Taylor,4,No,Repeat order
ORD-102904,2026-07-05 00:00:00,CUST-5935,Mary Martin,mary.martin904@example.com,Australia,Brisbane,Electronics,Headphones,13,210.23,10.75,2439.19,1347.06,1092.13,Mastercard,Retail,Ethan Davis,5,No,Promo campaign
ORD-102905,2024-01-09 00:00:00,CUST-2203,Matthew Perez,matthew.perez905@example.com,Germany,Cologne,Office,Scanner,11,199.42,26.8,1605.73,844.75,760.98,Cash,Partner,Lucas Martin,4,No,Manual review
ORD-102906,2025-01-20 00:00:00,CUST-1625,Anthony Lee,anthony.lee906@example.com,Canada,Montreal,Software,CRM License,12,596.24,0.08,7149.16,5258.2,1890.96,Mastercard,Online,Liam Smith,4,No,Priority customer
ORD-102908,2025-04-14 00:00:00,CUST-5841,Joseph Williams,joseph.williams908@example.com,United States,New York,Office,Scanner,1,231.95,1.06,229.49,147.71,81.78,Visa,Phone,Emma Clark,4,No,Promo campaign
ORD-102909,2024-02-14 00:00:00,CUST-1132,Patricia Thomas,patricia.thomas909@example.com,Germany,Munich,Software,Security Suite,20,434.83,171.69,7754.76,4142.54,3612.22,Bank Transfer,Phone,Emma Clark,4,Yes,Repeat order
ORD-102910,2025-07-11 00:00:00,CUST-1071,Matthew Moore,matthew.moore910@example.com,Australia,Sydney,Office,Chair,12,275.03,20.76,2615.21,2039.77,575.44,Bank Transfer,Online,Ava Chen,5,No,Manual review
ORD-102911,2024-04-29 00:00:00,CUST-2386,Joseph Johnson,joseph.johnson911@example.com,Australia,Perth,Electronics,Laptop,4,1022.44,1.5,4028.41,2254.79,1773.62,Bank Transfer,Retail,Ava Chen,5,No,Promo campaign
ORD-102913,2025-08-04 00:00:00,CUST-4122,Elizabeth Thompson,elizabeth.thompson913@example.com,United Kingdom,London,Electronics,Tablet,8,675.52,1.49,5323.64,3347.72,1975.92,PayPal,Retail,Sophia Taylor,5,No,Priority customer
ORD-102917,2024-06-20 00:00:00,CUST-2457,Karen Jones,karen.jones917@example.com,Australia,Melbourne,Electronics,Headphones,14,179.71,25.56,1872.87,1264.97,607.9,Cash,Phone,Ava Chen,5,No,Repeat order
ORD-102918,2026-02-14 00:00:00,CUST-4579,Mary Johnson,mary.johnson918@example.com,United Kingdom,Glasgow,Software,Analytics Suite,2,972.3,20.83,1539.54,1200.98,338.56,Mastercard,Phone,Ava Chen,4,No,Promo campaign
ORD-102919,2026-04-21 00:00:00,CUST-5877,Karen Thomas,karen.thomas919@example.com,United Kingdom,Glasgow,Electronics,Laptop,9,1333.64,25.25,8972.06,5782.57,3189.49,PayPal,Partner,Sophia Taylor,4,No,Priority customer
ORD-102920,2025-08-18 00:00:00,CUST-2735,Barbara Moore,barbara.moore920@example.com,Canada,Toronto,Office,Scanner,4,212.02,10.33,760.47,509.97,250.5,Mastercard,Phone,Mia Wilson,4,No,Manual review
ORD-102921,2026-02-25 00:00:00,CUST-5866,Jennifer Moore,jennifer.moore921@example.com,Canada,Calgary,Home,Air Purifier,25,262.1,10.26,5880.21,4577.0,1303.21,PayPal,Phone,Ethan Davis,5,No,Promo campaign
ORD-102923,2025-06-20 00:00:00,CUST-5904,Elizabeth Wilson,elizabeth.wilson923@example.com,United States,Los Angeles,Home,Lamp,14,71.39,1.97,979.77,737.04,242.73,Bank Transfer,Partner,Emma Clark,5,No,Promo campaign
ORD-102925,2025-07-15 00:00:00,CUST-1600,John Brown,john.brown925@example.com,Australia,Brisbane,Electronics,Tablet,5,551.95,15.49,2332.26,1404.02,928.24,Visa,Partner,Emma Clark,5,No,Repeat order
ORD-102926,2026-03-15 00:00:00,CUST-2123,Anthony Williams,anthony.williams926@example.com,Canada,Vancouver,Software,Security Suite,1,466.47,26.64,342.2,240.1,102.1,Visa,Partner,Liam Smith,2,No,Repeat order
ORD-102927,2026-02-07 00:00:00,CUST-1115,Sarah Williams,sarah.williams927@example.com,Australia,Sydney,Home,Air Purifier,8,205.2,0.92,1626.5,955.71,670.79,Bank Transfer,Partner,Lucas Martin,4,No,Promo campaign
ORD-102933,2024-06-29 00:00:00,CUST-2760,Michael Perez,michael.perez933@example.com,Australia,Brisbane,Software,Design Suite,18,546.28,1.95,9641.3,6260.43,3380.87,Mastercard,Partner,Mia Wilson,2,Yes,Promo campaign
ORD-102937,2024-06-27 00:00:00,CUST-3709,David Thompson,david.thompson937@example.com,United States,Chicago,Electronics,Laptop,12,1330.25,11.08,14194.3,10665.32,3528.98,Bank Transfer,Retail,Emma Clark,4,No,Manual review
ORD-102939,2025-09-22 00:00:00,CUST-5856,David Davis,david.davis939@example.com,Canada,Calgary,Office,Desk,23,438.76,15.07,8570.69,5443.66,3127.03,Visa,Retail,Sophia Taylor,5,No,Repeat order
ORD-102940,2025-10-14 00:00:00,CUST-5439,William Martinez,william.martinez940@example.com,Australia,Perth,Home,Blender,2665,100.96,0.17,806.31,511.57,294.74,PayPal,Partner,Ava Chen,4,No,Manual review
ORD-102942,2025-03-24 00:00:00,CUST-1643,Susan Anderson,susan.anderson942@example.com,Canada,Toronto,Office,Desk,15,458.83,6.6,6428.21,4336.91,2091.3,PayPal,Partner,Sophia Taylor,4,No,Manual review
ORD-102945,2024-01-20 00:00:00,CUST-5223,Jennifer Wilson,jennifer.wilson945@example.com,Australia,Perth,Software,Cloud Plan,14,276.71,21.15,3054.6,2205.83,848.77,PayPal,Retail,Lucas Martin,3,No,Priority customer
ORD-102946,2025-10-26 00:00:00,CUST-3127,Thomas Thompson,thomas.thompson946@example.com,Canada,Montreal,Home,Coffee Machine,5,185.67,10.99,826.32,644.28,182.04,Visa,Retail,Ethan Davis,2,No,Manual review
ORD-102954,2025-11-06 00:00:00,CUST-2449,Daniel Martinez,daniel.martinez954@example.com,Canada,Montreal,Home,Air Purifier,18,215.28,25.44,2889.23,2352.34,536.89,Visa,Retail,Sophia Taylor,5,No,Priority customer
ORD-102955,2025-01-23 00:00:00,CUST-4059,Jessica Rodriguez,jessica.rodriguez955@example.com,Australia,Brisbane,Electronics,Phone,25,740.77,0.42,18441.47,13817.16,4624.31,Visa,Phone,Sophia Taylor,5,No,Priority customer
ORD-102957,2026-06-16 00:00:00,CUST-4448,Anthony Moore,anthony.moore957@example.com,United States,Seattle,Software,Cloud Plan,13,310.72,1.9,3962.61,2979.87,982.74,Bank Transfer,Online,Mia Wilson,4,No,Priority customer
ORD-102963,2026-04-05 00:00:00,CUST-2826,William Brown,william.brown963@example.com,Australia,Brisbane,Office,Desk,24,418.4,20.75,7957.97,4365.4,3592.57,Mastercard,Partner,Noah Brown,4,No,Priority customer
ORD-102965,2025-02-17 00:00:00,CUST-1559,Matthew Perez,matthew.perez965@example.com,Canada,Calgary,Software,Cloud Plan,5,283.99,5.67,-1339.44,950.07,-2289.51,PayPal,Retail,Liam Smith,5,No,Promo campaign
ORD-102966,2025-08-13 00:00:00,CUST-1348,Thomas Miller,thomas.miller966@example.com,United Kingdom,Glasgow,Home,Coffee Machine,3,172.68,0.06,517.73,388.19,129.54,PayPal,Online,Ava Chen,4,No,Promo campaign
ORD-102967,2026-04-16 00:00:00,CUST-6189,Joseph Johnson,joseph.johnson967@example.com,United States,Houston,Home,Coffee Machine,8,211.55,5.44,1600.33,930.38,669.95,Mastercard,Partner,Liam Smith,4,No,Priority customer
ORD-102968,2026-04-14 00:00:00,CUST-3411,Patricia Martin,patricia.martin968@example.com,Germany,Frankfurt,Software,Analytics Suite,3,990.61,26.21,2192.91,1750.2,442.71,Mastercard,Retail,Liam Smith,2,No,Priority customer
ORD-102970,2024-06-24 00:00:00,CUST-4943,Nancy Johnson,nancy.johnson970@example.com,United Kingdom,Glasgow,Software,CRM License,20,745.62,15.18,12648.7,8081.49,4567.21,Visa,Partner,Sophia Taylor,5,Yes,Priority customer
ORD-102971,2026-02-07 00:00:00,CUST-4674,David Lee,david.lee971@example.com,Canada,Ottawa,Software,Analytics Suite,25,1039.15,5.88,24451.2,15443.64,9007.56,Bank Transfer,Online,Emma Clark,3,No,Repeat order
ORD-102972,2025-05-16 00:00:00,CUST-6217,Charles Perez,charles.perez972@example.com,United States,Seattle,Electronics,Tablet,13,652.82,25.0,6364.99,4957.06,1407.93,Visa,Online,Noah Brown,6,No,Repeat order
ORD-102974,2025-12-14 00:00:00,CUST-3226,Susan Wilson,susan.wilson974@example.com,Germany,Hamburg,Electronics,Headphones,14,185.24,11.2,2302.9,1550.68,752.22,Cash,Retail,Noah Brown,2,No,Repeat order
ORD-102975,2026-01-25 00:00:00,CUST-5023,Robert Garcia,robert.garcia975@example.com,U.K.,Ottawa,Software,Design Suite,16,480.74,5.94,7234.94,4569.93,2665.01,Cash,Partner,Ethan Davis,5,No,Promo campaign
ORD-102977,2026-02-17 00:00:00,CUST-1024,James Rodriguez,james.rodriguez977@example.com,Australia,Melbourne,OFFICE,Scanner,13,209.21,6.38,2546.21,1609.3,936.91,Cash,Partner,Sophia Taylor,5,No,Promo campaign
ORD-102978,2025-11-04 00:00:00,CUST-3074,Daniel Moore,daniel.moore978@example.com,United States,New York,Home,Blender,5,117.44,20.84,464.83,262.0,202.83,Bank Transfer,Phone,Lucas Martin,2,No,Repeat order
ORD-102979,2025-06-24 00:00:00,CUST-4510,Robert Martin,robert.martin979@example.com,Australia,Perth,Electronics,Laptop,2,1077.22,16.05,1808.65,1399.24,409.41,PayPal,Online,Emma Clark,4,No,Manual review
ORD-102980,2024-07-19 00:00:00,CUST-5317,Richard Thompson,richard.thompson980@example.com,Canada,Ottawa,Office,Chair,25,289.25,5.49,6834.25,3955.03,2879.22,Bank Transfer,Phone,Mia Wilson,5,No,Manual review
ORD-102981,2025-01-22 00:00:00,CUST-3855,Thomas Jones,thomas.jones981@example.com,United Kingdom,Glasgow,Electronics,Tablet,7,620.34,21.93,3390.1,1867.09,1523.01,Mastercard,Retail,Mia Wilson,5,Yes,Manual review
ORD-102983,2025-11-09 00:00:00,CUST-6170,Elizabeth Garcia,elizabeth.garcia983@example.com,Germany,Cologne,Home,Vacuum,18,274.46,2.0,4841.47,2741.62,2099.85,Bank Transfer,Retail,Liam Smith,2,No,Priority customer
ORD-102984,2025-09-15 00:00:00,CUST-1371,Joseph Moore,joseph.moore984@example.com,Germany,Frankfurt,Software,Analytics Suite,23,943.72,1.07,21473.31,11601.67,9871.64,PayPal,Phone,Ethan Davis,5,No,Manual review
ORD-102987,2026-02-22 00:00:00,CUST-2207,Richard Davis,richard.davis987@example.com,United Kingdom,Leeds,Office,Printer,15,304.72,6.2,4287.41,2677.37,1610.04,Bank Transfer,Partner,Ava Chen,2,No,Repeat order
ORD-102990,2025-10-13 00:00:00,CUST-4642,Linda Taylor,linda.taylor990@example.com,United Kingdom,Glasgow,Software,CRM License,23,565.69,26.44,9570.8,6624.54,2946.26,Bank Transfer,Retail,Noah Brown,4,No,Priority customer
ORD-102992,2024-04-29 00:00:00,CUST-4562,Sarah Johnson,sarah.johnson992@example.com,United Kingdom,London,Home,Air Purifier,8,272.97,21.3,1718.62,1242.99,475.63,Cash,Online,Noah Brown,2,No,Manual review
ORD-102993,2025-08-22 00:00:00,CUST-6420,James Johnson,james.johnson993@example.com,Australia,Perth,Electronics,Monitor,12,358.69,16.86,3578.58,2096.02,1482.56,Mastercard,Retail,Ethan Davis,4,No,Priority customer
ORD-102995,2025-11-06 00:00:00,CUST-4566,Michael Miller,michael.miller995@example.com,Australia,Melbourne,Electronics,Monitor,14,364.93,0.96,5059.97,3161.31,1898.66,Cash,Partner,Liam Smith,2,No,Manual review
ORD-102998,2025-07-13 00:00:00,CUST-3899,David Taylor,david.taylor998@example.com,Australia,Adelaide,Office,Desk,19,370.3,20.11,5620.82,4106.06,1514.76,Cash,Phone,Sophia Taylor,4,No,Repeat order
ORD-102999,2024-03-12 00:00:00,CUST-6097,John Lee,john.lee999@example.com,United Kingdom,Birmingham,Electronics,Headphones,8,185.29,20.71,1175.33,719.72,455.61,Mastercard,Phone,Ava Chen,5,No,Priority customer
ORD-103000,2024-02-18 00:00:00,CUST-4043,Elizabeth Martin,elizabeth.martin0@example.com,Canada,Toronto,Home,Lamp,13,63.04,1.72,805.42,642.71,162.71,Bank Transfer,Online,Ethan Davis,4,No,Manual review
ORD-103001,2025-03-19 00:00:00,CUST-1452,Patricia Anderson,patricia.anderson1@example.com,Australia,Sydney,Office,Chair,11,225.52,21.26,-1953.32,1519.54,-3472.86,PayPal,Online,Sophia Taylor,2,No,Manual review
ORD-103002,2025-12-17 00:00:00,CUST-3036,Barbara Anderson,barbara.anderson2@example.com,Canada,Calgary,Home,Lamp,18,80.09,6.65,1345.75,892.08,453.67,Cash,Online,Ethan Davis,5,No,Priority customer
ORD-103003,2024-05-07 00:00:00,CUST-1220,Robert Perez,robert.perez3@example.com,Germany,Berlin,Office,Printer,5,271.96,21.62,1065.81,560.07,505.74,Mastercard,Phone,Lucas Martin,4,No,Manual review
ORD-103004,2026-02-19 00:00:00,CUST-2094,Anthony Martinez,anthony.martinez4@example.com,United States,Chicago,Office,Chair,3,229.64,0.26,687.13,490.89,196.24,Mastercard,Phone,Emma Clark,4,No,Repeat order
ORD-103005,2026-02-25 00:00:00,CUST-1107,Patricia Davis,patricia.davis5@example.com,United States,New York,Office,Desk,9,408.28,0.5,3656.15,2486.93,1169.22,Mastercard,Partner,Lucas Martin,4,No,Promo campaign
ORD-103006,2026-02-04 00:00:00,CUST-6393,Jennifer Martin,jennifer.martin6@example.com,Canada,Montreal,Office,Printer,14,296.22,20.83,3283.24,2230.77,1052.47,PayPal,Online,Ava Chen,2,No,Repeat order
ORD-103010,2025-09-25 00:00:00,CUST-5911,Nancy Wilson,nancy.wilson10@example.com,United States,Houston,OFFICE,Scanner,16,217.9,16.21,2921.25,2298.54,622.71,Visa,Retail,Mia Wilson,4,No,Manual review
ORD-103013,2025-08-14 00:00:00,CUST-2568,Patricia Moore,not-an-email,Australia,Melbourne,Software,Design Suite,10,563.75,10.61,5039.36,4099.06,940.3,Bank Transfer,Retail,Noah Brown,4,No,Manual review
ORD-103014,2024-12-20 00:00:00,CUST-5278,Lisa Brown,lisa.brown14@example.com,Canada,Calgary,Electronics,Headphones,23,210.74,21.12,3823.33,2998.78,824.55,Cash,Partner,Ethan Davis,4,No,Promo campaign
ORD-103020,not-a-date,CUST-6337,Patricia Perez,patricia.perez20@example.com,United Kingdom,Leeds,Electronics,Monitor,12,309.24,15.2,3146.83,2186.18,960.65,PayPal,Partner,Mia Wilson,5,No,Priority customer
ORD-103021,2025-06-16 00:00:00,CUST-5248,Sarah Johnson,sarah.johnson21@example.com,Canada,Vancouver,Software,Cloud Plan,24,280.22,1.07,6653.32,3941.25,2712.07,Visa,Phone,Ethan Davis,4,No,Promo campaign
ORD-103022,2024-08-29 00:00:00,CUST-1179,Jennifer Miller,jennifer.miller22@example.com,Australia,Adelaide,Electronics,Tablet,1,665.95,20.55,529.1,329.16,199.94,Visa,Phone,Ava Chen,4,No,Promo campaign
ORD-103023,2026-04-23 00:00:00,CUST-4093,Patricia Thompson,patricia.thompson23@example.com,Germany,Berlin,Electronics,Headphones,16,166.71,0.06,2665.76,1780.45,885.31,Mastercard,Retail,Emma Clark,4,No,Manual review
ORD-103025,2025-07-30 00:00:00,CUST-4835,David Jones,david.jones25@example.com,United States,Houston,Home,Air Purifier,19,220.32,16.72,3486.17,2818.27,667.9,Mastercard,Partner,Sophia Taylor,3,No,Promo campaign
ORD-103027,2025-12-19 00:00:00,CUST-2639,Matthew Wilson,matthew.wilson27@example.com,Australia,Brisbane,Office,Desk,13,397.33,1.22,5102.27,3961.33,1140.94,Bank Transfer,Partner,Lucas Martin,4,No,Promo campaign
ORD-103028,2025-11-05 00:00:00,CUST-2500,Anthony Garcia,anthony.garcia28@example.com,United Kingdom,Birmingham,Office,Scanner,2,190.06,1.08,376.01,268.39,107.62,Mastercard,Retail,Ethan Davis,4,No,Priority customer
ORD-103029,2025-05-09 00:00:00,CUST-3283,Karen Thompson,karen.thompson29@example.com,United States,Seattle,Home,Blender,10,106.83,0.31,1064.99,574.18,490.81,Bank Transfer,Partner,Noah Brown,4,No,Priority customer
ORD-103034,2026-07-01 00:00:00,CUST-1863,Susan Lee,missing.domain,Germany,Cologne,Office,Printer,16,273.94,15.95,3683.95,2270.3,1413.65,Visa,Online,Liam Smith,2,No,Manual review
ORD-103036,2024-04-26 00:00:00,CUST-3416,William Brown,william.brown36@example.com,United Kingdom,Manchester,Office,Scanner,8,232.59,21.49,1460.85,1086.81,374.04,PayPal,Partner,Mia Wilson,5,No,Promo campaign
ORD-103037,2026-02-23 00:00:00,CUST-1642,Mary Rodriguez,mary.rodriguez37@example.com,United Kingdom,London,Software,Cloud Plan,18,363.01,26.1,4828.76,3684.05,1144.71,Visa,Partner,Liam Smith,4,No,Repeat order
ORD-103038,2024-07-31 00:00:00,CUST-2574,Elizabeth Garcia,elizabeth.garcia38@example.com,United States,Los Angeles,Software,Analytics Suite,11,870.53,10.83,8538.77,6183.29,2355.48,Bank Transfer,Retail,Liam Smith,2,No,Manual review
ORD-103040,2025-06-30 00:00:00,CUST-4551,Jennifer Miller,jennifer.miller40@example.com,United Kingdom,Leeds,Home,Vacuum,22,291.9,1.25,6341.53,4743.18,1598.35,Cash,Online,Sophia Taylor,2,No,Repeat order
ORD-103041,2024-10-24 00:00:00,CUST-5603,Susan Jackson,susan.jackson41@example.com,Germany,Frankfurt,Office,Stationery Pack,4,53.08,1.77,208.56,147.72,60.84,Bank Transfer,Partner,Lucas Martin,3,No,Promo campaign
ORD-103044,2026-01-21 00:00:00,CUST-3979,Matthew Taylor,matthew.taylor44@example.com,United Kingdom,London,Home,Blender,9,124.08,6.57,1043.35,835.16,208.19,PayPal,Retail,Liam Smith,2,No,Priority customer
ORD-103045,2025-07-12 00:00:00,CUST-5736,Jessica Williams,jessica.williams45@example.com,Australia,Melbourne,Electronics,Phone,15,815.22,20.08,9772.86,7781.16,1991.7,PayPal,Phone,Emma Clark,4,No,Manual review
ORD-103046,2024-04-13 00:00:00,CUST-2382,Thomas Martinez,thomas.martinez46@example.com,United States,Chicago,Office,Chair,4,243.46,11.54,861.46,491.14,370.32,PayPal,Phone,Ava Chen,5,No,Manual review
ORD-103052,2025-11-17 00:00:00,CUST-3869,Patricia Wilson,patricia.wilson52@example.com,Germany,Berlin,Electronics,Tablet,11,638.58,5.23,6657.0,3571.23,3085.77,Mastercard,Retail,Emma Clark,5,Yes,Priority customer
ORD-103054,2024-03-12 00:00:00,CUST-1822,Michael Garcia,michael.garcia54@example.com,United Kingdom,Leeds,Software,Security Suite,15,528.94,0.38,7903.95,6258.91,1645.04,PayPal,Online,Lucas Martin,4,No,Repeat order
ORD-103057,2025-09-01 00:00:00,CUST-4660,Daniel Jones,daniel.jones57@example.com,United States,Los Angeles,Home,Coffee Machine,10,193.57,16.45,1617.28,1240.71,376.57,Cash,Retail,Ethan Davis,5,No,Priority customer
ORD-103058,2024-10-28 00:00:00,CUST-1053,Joseph Wilson,joseph.wilson58@example.com,Germany,Munich,Office,Printer,6,275.7,25.0,1240.65,899.48,341.17,Bank Transfer,Partner,Liam Smith,4,No,Promo campaign
ORD-103059,2025-04-08 00:00:00,CUST-3736,Lisa Williams,lisa.williams59@example.com,United Kingdom,Birmingham,Electronics,Phone,10,795.79,26.01,5888.05,3076.52,2811.53,Visa,Online,Lucas Martin,4,No,Promo campaign
ORD-103061,2026-02-25 00:00:00,CUST-4940,Lisa Williams,lisa.williams61@example.com,United States,Houston,Home,Air Purifier,10,220.05,25.84,1631.89,1165.76,466.13,Cash,Phone,Emma Clark,4,No,Promo campaign
ORD-103062,2024-05-15 00:00:00,CUST-4999,Jennifer Taylor,jennifer.taylor62@example.com,Germany,Cologne,Software,Analytics Suite,1,1030.02,1.38,1015.81,591.04,424.77,Cash,Retail,Liam Smith,5,Yes,Promo campaign
ORD-103063,2024-12-26 00:00:00,CUST-1979,Susan Jackson,susan.jackson63@example.com,Australia,Adelaide,Software,CRM License,10,736.27,11.25,6534.4,5078.09,1456.31,PayPal,Phone,Sophia Taylor,5,No,Priority customer
ORD-103064,2025-06-11 00:00:00,CUST-2506,Lisa Johnson,lisa.johnson64@example.com,United States,Seattle,Home,Blender,11,128.88,0.8,1406.34,1076.89,329.45,Mastercard,Phone,Sophia Taylor,5,No,Manual review
ORD-103066,31/02/2026,CUST-6324,Michael Johnson,michael.johnson66@example.com,United States,Chicago,Software,CRM License,3,591.97,0.94,1759.22,927.73,831.49,Mastercard,Retail,Sophia Taylor,5,No,Manual review
ORD-103067,2026-01-23 00:00:00,CUST-5533,Patricia Jones,patricia.jones67@example.com,Germany,Munich,Electronics,Tablet,5,539.14,1.58,2653.11,1572.65,1080.46,Mastercard,Retail,Mia Wilson,5,No,Promo campaign
ORD-103068,2025-04-24 00:00:00,CUST-4195,Patricia Davis,patricia.davis68@example.com,Germany,Cologne,Software,Cloud Plan,8,329.14,26.2,1943.24,1266.41,676.83,Bank Transfer,Retail,Mia Wilson,5,Yes,Repeat order
ORD-103072,2025-08-27 00:00:00,CUST-2360,James Moore,user@,United Kingdom,Glasgow,Home,Vacuum,10,264.14,0.88,2618.16,2010.05,608.11,Cash,Online,Noah Brown,4,No,Promo campaign
ORD-103078,2024-02-20 00:00:00,CUST-2170,Sarah Brown,sarah.brown78@example.com,United States,Los Angeles,Home,Lamp,8,78.26,20.99,494.67,314.0,180.67,Bank Transfer,Online,Lucas Martin,4,No,Promo campaign
ORD-103079,2024-11-10 00:00:00,CUST-5084,Sarah Lee,sarah.lee79@example.com,United Kingdom,Leeds,Software,CRM License,18,568.95,6.69,9555.97,6493.62,3062.35,Bank Transfer,Online,Sophia Taylor,3,Yes,Manual review
ORD-103081,2025-02-26 00:00:00,CUST-2810,Lisa Davis,lisa.davis81@example.com,Australia,Brisbane,Home,Air Purifier,13,248.91,10.29,2902.86,1794.82,1108.04,PayPal,Online,Ava Chen,3,No,Priority customer
ORD-103082,2024-03-29 00:00:00,CUST-2622,Thomas Thompson,thomas.thompson82@example.com,United States,Los Angeles,Home,Air Purifier,1,208.85,1.24,206.26,112.78,93.48,Visa,Retail,Ava Chen,5,No,Manual review
ORD-103085,2025-08-19 00:00:00,CUST-1609,Jessica Moore,jessica.moore85@example.com,United States,New York,Office,Stationery Pack,14,50.92,20.31,568.09,415.93,152.16,Bank Transfer,Online,Ethan Davis,4,No,Priority customer
ORD-103086,2026-08-01 00:00:00,CUST-4079,Lisa Garcia,lisa.garcia86@example.com,United States,New York,Electronics,Laptop,15,1042.13,20.85,12372.69,9491.69,2881.0,Mastercard,Phone,Noah Brown,3,No,Manual review
ORD-103088,2024-04-24 00:00:00,CUST-1681,Richard Rodriguez,richard.rodriguez88@example.com,Australia,Perth,Home,Lamp,13,69.19,0.67,893.44,671.79,221.65,Visa,Retail,Ava Chen,5,Yes,Repeat order
ORD-103092,2024-12-13 00:00:00,CUST-4544,Linda Jackson,linda.jackson92@example.com,Canada,Montreal,Home,Blender,22,123.73,1.78,2673.61,1424.27,1249.34,PayPal,Online,Noah Brown,5,No,Priority customer
ORD-103094,2025-02-02 00:00:00,CUST-4646,Anthony Martin,anthony.martin94@example.com,Canada,Montreal,Office,Scanner,5,216.66,20.16,864.91,631.51,233.4,Bank Transfer,Online,Emma Clark,5,No,Repeat order
ORD-103096,2024-11-25 00:00:00,CUST-4522,David Garcia,david.garcia96@example.com,Canada,Calgary,Electronics,Monitor,2,389.04,25.68,578.27,359.33,218.94,Mastercard,Partner,Ethan Davis,3,No,Manual review
ORD-103099,2025-05-08 00:00:00,CUST-2861,Elizabeth Jackson,elizabeth.jackson99@example.com,Germany,Frankfurt,Office,Printer,15,358.33,0.43,5351.84,3847.76,1504.08,Mastercard,Online,Ava Chen,4,No,Manual review
ORD-103100,2024-02-13 00:00:00,CUST-5864,Elizabeth Martinez,elizabeth.martinez100@example.com,Canada,Ottawa,Home,Coffee Machine,25,172.7,1.95,4233.31,3397.21,836.1,PayPal,Partner,Lucas Martin,5,No,Priority customer
ORD-103102,2025-10-02 00:00:00,CUST-5874,Matthew Anderson,matthew.anderson102@example.com,Canada,Vancouver,Home,Lamp,23,68.69,0.11,1578.13,1291.94,286.19,Visa,Retail,Ava Chen,5,No,Manual review
ORD-103103,2026-05-13 00:00:00,CUST-4131,Charles Wilson,charles.wilson103@example.com,United Kingdom,London,Electronics,Laptop,25,1121.7,10.15,25196.19,16325.39,8870.8,Mastercard,Online,Sophia Taylor,5,No,Priority customer
ORD-103105,2025-06-15 00:00:00,CUST-5979,Daniel Jackson,daniel.jackson105@example.com,Canada,Toronto,Software,Analytics Suite,1,964.52,5.31,913.3,675.43,237.87,Mastercard,Retail,Mia Wilson,5,No,Priority customer
ORD-103106,2024-04-29 00:00:00,CUST-3404,Barbara Thomas,barbara.thomas106@example.com,Canada,Calgary,Home,Lamp,13,79.49,15.41,874.13,503.39,370.74,Cash,Partner,Noah Brown,5,No,Repeat order
ORD-103107,2024-12-12 00:00:00,CUST-4596,Karen Martin,karen.martin107@example.com,Germany,Berlin,SOFTWARE,Cloud Plan,12,322.29,10.87,3447.08,2148.75,1298.33,Cash,Partner,Lucas Martin,4,No,Manual review
ORD-103109,2025-10-04 00:00:00,CUST-1556,Nancy Martin,nancy.martin109@example.com,Canada,Vancouver,Home,Vacuum,3,288.89,164.7,640.82,379.47,261.35,PayPal,Partner,Emma Clark,5,No,Priority customer
ORD-103110,2026-04-20 00:00:00,CUST-2466,Susan Miller,susan.miller110@example.com,Germany,Frankfurt,Electronics,Laptop,7,1046.66,26.71,5369.68,4399.73,969.95,Bank Transfer,Phone,Lucas Martin,2,No,Promo campaign
ORD-103116,2024-10-11 00:00:00,CUST-5921,Jennifer Garcia,jennifer.garcia116@example.com,Canada,Toronto,Electronics,Phone,21,745.14,0.12,15629.16,8512.88,7116.28,Cash,Online,Ava Chen,4,No,Promo campaign
ORD-103117,2026-06-23 00:00:00,CUST-5967,David Wilson,david.wilson117@example.com,United Kingdom,Leeds,Software,Analytics Suite,1968,968.93,5.3,9175.77,5268.19,3907.58,Visa,Retail,Noah Brown,3,No,Manual review
ORD-103118,2025-06-12 00:00:00,CUST-5073,Daniel Davis,daniel.davis118@example.com,Canada,Calgary,Home,Blender,17,102.54,1.05,1724.88,1098.77,626.11,Mastercard,Retail,Emma Clark,5,No,Manual review
ORD-103119,2026-05-19 00:00:00,CUST-5998,David Thomas,david.thomas119@example.com,United States,Houston,Electronics,Phone,15,737.46,0.52,11004.38,6708.9,4295.48,Cash,Partner,Sophia Taylor,2,No,Priority customer
ORD-103123,2026-01-12 00:00:00,CUST-4530,Anthony Lee,anthony.lee123@example.com,Canada,Calgary,Software,Security Suite,3,505.34,0.41,-1509.8,856.85,-2366.65,Visa,Phone,Mia Wilson,4,No,Priority customer
ORD-103124,2024-08-12 00:00:00,CUST-1635,Thomas Martinez,thomas.martinez124@example.com,United States,Los Angeles,Software,Cloud Plan,9,365.0,10.84,2928.91,2398.67,530.24,Visa,Retail,Noah Brown,4,No,Repeat order
ORD-103127,2025-12-21 00:00:00,CUST-6340,William Brown,william.brown127@example.com,United States,Chicago,Software,CRM License,22,640.99,0.91,13973.45,10752.35,3221.1,Mastercard,Partner,Ethan Davis,5,No,Manual review
ORD-103130,2025-10-11 00:00:00,CUST-1581,Thomas Jackson,thomas.jackson130@example.com,United States,Houston,Office,Chair,23,289.89,15.07,5662.68,3262.8,2399.88,Cash,Retail,Lucas Martin,4,No,Promo campaign
ORD-103131,2025-02-28 00:00:00,CUST-6222,James Garcia,james.garcia131@example.com,United States,Seattle,Software,Analytics Suite,17,1048.45,0.98,17648.98,11479.07,6169.91,PayPal,Phone,Ava Chen,5,No,Manual review
ORD-103132,2025-12-29 00:00:00,CUST-2963,David Perez,david.perez132@example.com,Germany,Berlin,Electronics,Headphones,13,192.38,10.44,2239.84,1609.61,630.23,PayPal,Phone,Noah Brown,0,No,Manual review
ORD-103135,not-a-date,CUST-5650,John Martinez,john.martinez135@example.com,Canada,Ottawa,Office,Printer,15,347.84,1.54,5137.25,4065.46,1071.79,Visa,Phone,Lucas Martin,5,No,Priority customer
ORD-103136,2025-03-10 00:00:00,CUST-1162,Thomas Martin,thomas.martin136@example.com,Germany,Hamburg,Software,Cloud Plan,25,276.09,26.9,5045.54,2921.65,2123.89,Mastercard,Partner,Ava Chen,4,No,Manual review
ORD-103137,2026-07-25 00:00:00,CUST-1721,David Smith,david.smith137@example.com,Canada,Vancouver,Office,Scanner,1908,254.75,15.31,431.5,341.87,89.63,Bank Transfer,Partner,Sophia Taylor,5,No,Priority customer
ORD-103138,2024-11-08 00:00:00,CUST-1068,Sarah Thomas,sarah.thomas138@example.com,Canada,Calgary,Software,Security Suite,14,505.26,0.56,7034.03,5164.98,1869.05,Visa,Online,Ava Chen,3,No,Priority customer
ORD-103139,2024-07-14 00:00:00,CUST-2478,William Miller,william.miller139@example.com,Canada,Ottawa,Home,Lamp,24,61.76,25.48,1104.57,843.36,261.21,Mastercard,Partner,Mia Wilson,4,No,Manual review
ORD-103140,2025-02-18 00:00:00,CUST-4023,Anthony Garcia,anthony.garcia140@example.com,United States,Los Angeles,OFFICE,Printer,11,268.04,15.55,2489.96,1646.4,843.56,Bank Transfer,Phone,Lucas Martin,3,Yes,Promo campaign
ORD-103141,2025-09-14 00:00:00,CUST-2955,Mary Johnson,mary.johnson141@example.com,Australia,Brisbane,Electronics,Laptop,17,1375.3,1.29,23078.5,13857.23,9221.27,Cash,Retail,Mia Wilson,4,No,Repeat order
ORD-103142,2025-12-17 00:00:00,CUST-3847,John Martinez,john.martinez142@example.com,Australia,Melbourne,Software,Design Suite,21,600.76,5.17,11963.71,7369.76,4593.95,PayPal,Online,Ava Chen,5,No,Manual review
ORD-103143,2024-07-16 00:00:00,CUST-5023,David Moore,david.moore143@example.com,United Kingdom,London,Office,Desk,17,485.76,6.47,7723.63,5294.31,2429.32,Visa,Partner,Ethan Davis,4,No,Promo campaign
ORD-103145,2025-03-08 00:00:00,CUST-3960,Joseph Johnson,joseph.johnson145@example.com,Australia,Perth,Software,Analytics Suite,8,1014.77,26.32,5981.46,3230.19,2751.27,Mastercard,Phone,Ava Chen,5,No,Promo campaign
ORD-103146,2024-06-17 00:00:00,CUST-6302,Charles Jackson,charles.jackson146@example.com,Australia,Melbourne,Software,Design Suite,8,490.6,1.07,3882.8,3042.26,840.54,Bank Transfer,Phone,Sophia Taylor,5,No,Promo campaign
ORD-103147,2025-09-17 00:00:00,CUST-3944,Karen Thompson,karen.thompson147@example.com,Germany,Berlin,Software,CRM License,10,577.35,21.23,4547.79,2894.5,1653.29,Bank Transfer,Phone,Liam Smith,3,No,Manual review
ORD-103152,2025-03-29 00:00:00,CUST-5145,Sarah Lee,sarah.lee152@example.com,United States,New York,Office,Scanner,24,258.77,26.69,4552.9,3474.02,1078.88,Mastercard,Partner,Ava Chen,5,No,Promo campaign
ORD-103155,2024-04-05 00:00:00,CUST-3025,John Davis,john.davis155@example.com,United States,New York,Office,Desk,9,471.28,0.51,4219.89,2204.5,2015.39,Cash,Retail,Liam Smith,5,No,Repeat order
ORD-103157,2025-10-06 00:00:00,CUST-5837,Barbara Lee,barbara.lee157@example.com,United States,Los Angeles,Software,Security Suite,20,528.41,10.97,9408.87,5018.21,4390.66,Visa,Partner,Emma Clark,3,No,Promo campaign
ORD-103158,2025-04-26 00:00:00,CUST-5380,Nancy Thompson,user@,Australia,Adelaide,Office,Chair,17,297.19,20.7,4006.42,2229.12,1777.3,Cash,Phone,Liam Smith,4,No,Priority customer
ORD-103159,2025-11-22 00:00:00,CUST-5115,Nancy Thompson,nancy.thompson159@example.com,Germany,Berlin,Software,Design Suite,19,637.2,26.74,8869.44,6405.66,2463.78,Bank Transfer,Phone,Sophia Taylor,5,No,Manual review
ORD-103160,2025-12-09 00:00:00,CUST-6450,Elizabeth Lee,elizabeth.lee160@example.com,Canada,Montreal,Software,Cloud Plan,22,372.69,25.98,6069.03,4034.2,2034.83,Cash,Online,Ava Chen,5,No,Promo campaign
ORD-103161,2026-03-01 00:00:00,CUST-3314,Susan Martin,susan.martin161@example.com,United States,Los Angeles,Office,Scanner,8,247.83,6.13,1861.1,1123.57,737.53,Visa,Retail,Lucas Martin,5,No,Priority customer
ORD-103165,2026-06-30 00:00:00,CUST-3336,Linda Martinez,linda.martinez165@example.com,United Kingdom,Glasgow,Electronics,Headphones,16,171.43,25.01,2056.89,1406.47,650.42,Cash,Phone,Emma Clark,3,No,Priority customer
ORD-103166,2026-01-11 00:00:00,CUST-1385,Anthony Garcia,anthony.garcia166@example.com,United Kingdom,Glasgow,Home,Blender,13,102.2,5.84,1251.01,962.17,288.84,Cash,Partner,Liam Smith,5,No,Promo campaign
ORD-103168,2025-08-09 00:00:00,CUST-5903,John Thompson,john.thompson168@example.com,Australia,Adelaide,Software,CRM License,15,576.35,11.57,7644.99,5617.11,2027.88,Mastercard,Online,Emma Clark,3,No,Manual review
ORD-103170,2024-09-10 00:00:00,CUST-2691,Jessica Rodriguez,jessica.rodriguez170@example.com,Australia,Brisbane,Software,Security Suite,12,455.53,1.61,5378.35,3092.48,2285.87,PayPal,Partner,Liam Smith,5,No,Manual review
ORD-103172,2024-09-22 00:00:00,CUST-4776,William Miller,william.miller172@example.com,United Kingdom,Manchester,Home,Vacuum,3,328.79,0.83,978.18,576.44,401.74,Visa,Phone,Lucas Martin,5,No,Promo campaign
ORD-103174,2025-09-07 00:00:00,CUST-3109,Charles Smith,charles.smith174@example.com,United Kingdom,Manchester,Home,Vacuum,17,263.62,21.88,3500.98,2449.19,1051.79,Bank Transfer,Partner,Liam Smith,4,No,Priority customer
ORD-103176,2026-03-30 00:00:00,CUST-4203,Mary Thompson,mary.thompson176@example.com,Australia,Perth,office,Chair,19,279.01,1.32,5231.21,4004.34,1226.87,Mastercard,Partner,Mia Wilson,4,No,Priority customer
ORD-103177,2026-03-02 00:00:00,CUST-2735,Barbara Jackson,barbara.jackson177@example.com,Australia,Sydney,Office,Printer,19,339.54,1.02,6385.46,4745.65,1639.81,Visa,Online,Lucas Martin,4,No,Manual review
ORD-103180,2026-07-21 00:00:00,CUST-1229,Matthew Lee,matthew.lee180@example.com,Canada,Vancouver,Home,Air Purifier,23,269.66,1.54,6106.67,4492.21,1614.46,Cash,Partner,Liam Smith,4,No,Promo campaign
ORD-103182,2026-01-03 00:00:00,CUST-2330,Karen Jackson,karen.jackson182@example.com,Australia,Melbourne,Software,Security Suite,21,545.27,26.76,8386.47,4717.0,3669.47,Mastercard,Retail,Noah Brown,4,No,Priority customer
ORD-103185,2025-08-13 00:00:00,CUST-5810,Jennifer Perez,jennifer.perez185@example.com,United States,Los Angeles,Home,Air Purifier,9,256.49,5.56,2180.06,1378.37,801.69,PayPal,Partner,Ava Chen,5,No,Manual review
ORD-103187,2025-08-21 00:00:00,CUST-2059,Nancy Moore,nancy.moore187@example.com,Canada,Toronto,Home,Blender,10,113.39,25.33,846.68,571.85,274.83,Bank Transfer,Online,Sophia Taylor,4,No,Manual review
ORD-103188,2025-04-30 00:00:00,CUST-6254,Anthony Davis,anthony.davis188@example.com,Australia,Brisbane,Software,Design Suite,5,610.56,1.02,3021.66,1590.6,1431.06,Cash,Online,Noah Brown,4,No,Repeat order
ORD-103189,2025-05-17 00:00:00,CUST-5627,Robert Anderson,robert.anderson189@example.com,United States,New York,Electronics,Headphones,3976,198.58,6.27,1675.16,1212.18,462.98,Visa,Retail,Ava Chen,4,No,Manual review
ORD-103190,2026-13-40,CUST-4925,Charles Jones,charles.jones190@example.com,Germany,Cologne,Electronics,Phone,11,746.88,1.59,8085.05,6420.31,1664.74,Cash,Retail,Sophia Taylor,5,No,Manual review
ORD-103192,2024-02-20 00:00:00,CUST-4111,Daniel Moore,daniel.moore192@example.com,Canada,Toronto,Electronics,Phone,16,939.1,0.98,14878.35,11249.39,3628.96,Cash,Partner,Noah Brown,4,No,Repeat order
ORD-103193,2025-10-23 00:00:00,CUST-5179,Thomas Lee,thomas.lee193@example.com,Germany,Hamburg,Office,Desk,18,402.26,15.17,6142.27,3538.17,2604.1,Bank Transfer,Phone,Ava Chen,2,No,Repeat order
ORD-103194,2024-03-04 00:00:00,CUST-2922,Karen Moore,karen.moore194@example.com,United Kingdom,Glasgow,Home,Vacuum,4,310.0,0.75,1230.7,855.11,375.59,Bank Transfer,Partner,Emma Clark,4,No,Promo campaign
ORD-103196,2025-05-23 00:00:00,CUST-1422,Nancy Garcia,nancy.garcia196@example.com,Germany,Hamburg,Home,Lamp,3,77.69,10.88,207.71,162.19,45.52,Visa,Phone,Liam Smith,3,No,Promo campaign
ORD-103199,2025-01-30 00:00:00,CUST-3664,Elizabeth Jones,elizabeth.jones199@example.com,Australia,Sydney,Home,Blender,9,115.19,1.25,1023.75,755.08,268.67,Cash,Partner,Liam Smith,5,No,Priority customer
ORD-103200,2026-02-21 00:00:00,CUST-1005,Daniel Taylor,daniel.taylor200@example.com,Canada,Montreal,Electronics,Monitor,8,307.69,26.8,1801.83,949.49,852.34,Visa,Online,Liam Smith,3,Yes,Priority customer
ORD-103205,2026-04-03 00:00:00,CUST-3670,Mary Taylor,mary.taylor205@example.com,Canada,Toronto,Electronics,Headphones,4,179.23,20.74,568.23,298.49,269.74,Cash,Retail,Ava Chen,5,No,Promo campaign
ORD-103206,2026-05-12 00:00:00,CUST-4560,Jessica Martinez,jessica.martinez206@example.com,Germany,Hamburg,Home,Air Purifier,23,246.21,5.17,5370.06,3379.36,1990.7,Bank Transfer,Partner,Ethan Davis,4,No,Priority customer
ORD-103207,2025-11-18 00:00:00,CUST-2952,Thomas Brown,thomas.brown207@example.com,United States,Houston,Electronics,Laptop,16,1268.58,21.99,-15833.91,11582.69,-27416.6,Mastercard,Online,Liam Smith,5,Yes,Manual review
ORD-103208,2024-12-09 00:00:00,CUST-5350,Michael Smith,not-an-email,Canada,Ottawa,Electronics,Tablet,24,593.92,6.93,13266.27,7586.19,5680.08,Cash,Online,Liam Smith,3,No,Priority customer
ORD-103210,2026-03-27 00:00:00,CUST-4608,Karen Moore,karen.moore210@example.com,Canada,Montreal,Software,CRM License,6,625.13,11.75,3310.06,2262.49,1047.57,Cash,Partner,Liam Smith,5,No,Repeat order
ORD-103211,2024-06-23 00:00:00,CUST-6317,Karen Smith,karen.smith211@example.com,Australia,Brisbane,Electronics,Headphones,1,172.88,10.62,154.52,106.84,47.68,PayPal,Retail,Liam Smith,5,No,Repeat order
ORD-103212,2026-05-17 00:00:00,CUST-3103,Karen Moore,karen.moore212@example.com,United States,Seattle,Electronics,Tablet,13,587.29,20.97,6033.76,4407.49,1626.27,PayPal,Retail,Ava Chen,4,No,Manual review
ORD-103213,2024-05-14 00:00:00,CUST-3272,David Jackson,david.jackson213@example.com,Germany,Cologne,Software,CRM License,13,750.07,16.57,8135.18,4390.64,3744.54,PayPal,Online,Emma Clark,5,No,Priority customer
ORD-103214,2026-02-21 00:00:00,CUST-4427,Linda Wilson,linda.wilson214@example.com,Australia,Adelaide,Software,Design Suite,2,637.59,1.98,45748.77,2426.21,43322.56,Bank Transfer,Retail,Mia Wilson,4,No,Priority customer
ORD-103215,2026-03-22 00:00:00,CUST-4560,James Williams,james.williams215@example.com,Canada,Calgary,Office,Scanner,11,211.38,1.68,2286.12,1328.7,957.42,Visa,Retail,Sophia Taylor,4,No,Manual review
ORD-103216,2024-02-22 00:00:00,CUST-2360,Joseph Smith,joseph.smith216@example.com,Australia,Adelaide,Office,Chair,7,276.44,1.29,1910.12,1513.07,397.05,PayPal,Retail,Ava Chen,4,No,Manual review
ORD-103218,2024-06-03 00:00:00,CUST-1907,Lisa Lee,lisa.lee218@example.com,Canada,Montreal,Office,Desk,25,427.56,5.48,10103.24,6125.66,3977.58,PayPal,Retail,Lucas Martin,4,No,Repeat order
ORD-103220,2025-07-13 00:00:00,CUST-2560,John Wilson,john.wilson220@example.com,United Kingdom,Leeds,Home,Vacuum,5,325.59,15.2,1380.5,760.87,619.63,Mastercard,Partner,Ava Chen,3,No,Promo campaign
ORD-103228,2025-11-27 00:00:00,CUST-1539,William Thomas,william.thomas228@example.com,United States,New York,Office,Printer,11,333.45,10.91,3267.78,2269.77,998.01,Visa,Phone,Ava Chen,4,No,Priority customer
ORD-103229,2026-03-28 00:00:00,CUST-3372,Sarah Brown,sarah.brown229@example.com,Germany,Munich,Office,Chair,7,276.16,11.36,1713.52,1217.12,496.4,PayPal,Phone,Ethan Davis,4,No,Manual review
ORD-103232,2025-03-27 00:00:00,CUST-6230,Lisa Jones,lisa.jones232@example.com,United Kingdom,Glasgow,Electronics,Phone,15,770.97,1.65,11373.73,8623.47,2750.26,Mastercard,Online,Emma Clark,2,No,Repeat order
ORD-103233,2025-07-30 00:00:00,CUST-1948,Karen Miller,karen.miller233@example.com,United Kingdom,Leeds,Software,Analytics Suite,2,977.18,16.94,1623.29,1305.65,317.64,Cash,Online,Mia Wilson,4,No,Promo campaign
ORD-103234,2024-12-13 00:00:00,CUST-1089,Charles Williams,charles.williams234@example.com,Germany,Munich,Home,Vacuum,15,259.83,11.06,3466.39,2779.36,687.03,PayPal,Online,Lucas Martin,3,No,Promo campaign
ORD-103235,2025-12-24 00:00:00,CUST-4216,John Rodriguez,john.rodriguez235@example.com,Canada,Vancouver,Software,Design Suite,11,549.05,20.32,4812.31,3180.18,1632.13,Mastercard,Phone,Noah Brown,4,No,Repeat order
ORD-103238,2026-01-04 00:00:00,CUST-3529,Barbara Thompson,barbara.thompson238@example.com,United States,New York,Office,Desk,19,454.21,0.3,8604.1,4576.3,4027.8,Visa,Phone,Lucas Martin,5,No,Repeat order
ORD-103239,2024-03-02 00:00:00,CUST-1150,Joseph Johnson,joseph.johnson239@example.com,Canada,Ottawa,Office,Stationery Pack,6,46.46,21.41,219.08,143.39,75.69,Visa,Phone,Emma Clark,4,No,Manual review
ORD-103240,2024-12-06 00:00:00,CUST-2547,Elizabeth Perez,elizabeth.perez240@example.com,Canada,Vancouver,Home,Blender,12,114.96,0.28,1375.66,805.06,570.6,Visa,Online,Noah Brown,5,No,Promo campaign
ORD-103242,2025-01-18 00:00:00,CUST-3623,Jennifer Brown,jennifer.brown242@example.com,Australia,Adelaide,Home,Air Purifier,25,259.27,0.04,6479.16,5042.69,1436.47,Mastercard,Retail,Liam Smith,5,No,Promo campaign
ORD-103243,2025-06-19 00:00:00,CUST-2708,Lisa Lee,lisa.lee243@example.com,United Kingdom,Birmingham,Home,Vacuum,5,273.81,11.6,1210.24,634.31,575.93,Bank Transfer,Online,Emma Clark,4,No,Repeat order
ORD-103244,2025-06-25 00:00:00,CUST-1119,Thomas Martinez,thomas.martinez244@example.com,Germany,Cologne,Office,Stationery Pack,5,50.03,21.75,195.74,131.47,64.27,Visa,Online,Lucas Martin,5,No,Promo campaign
ORD-103246,2025-03-29 00:00:00,CUST-5670,Jessica Rodriguez,jessica.rodriguez246@example.com,United States,New York,Electronics,Monitor,2,318.66,11.61,22186.28,1177.46,21008.82,Cash,Retail,Emma Clark,5,No,Repeat order
ORD-103247,2024-06-23 00:00:00,CUST-3424,John Johnson,john.johnson247@example.com,United Kingdom,Glasgow,Home,Blender,4,127.56,1.48,502.69,391.74,110.95,Cash,Phone,Ethan Davis,2,No,Manual review
ORD-103248,2024-12-23 00:00:00,CUST-1635,Elizabeth Jackson,elizabeth.jackson248@example.com,Australia,Brisbane,Electronics,Headphones,25,206.9,25.98,3828.68,2652.95,1175.73,PayPal,Phone,Noah Brown,4,No,Promo campaign
ORD-103249,2025-02-17 00:00:00,CUST-2930,Michael Moore,michael.moore249@example.com,Germany,Berlin,Electronics,Tablet,18,613.65,0.62,10977.22,7281.26,3695.96,Mastercard,Online,Ethan Davis,5,No,Repeat order
ORD-103250,2024-10-11 00:00:00,CUST-1839,Patricia Martinez,patricia.martinez250@example.com,Australia,Brisbane,Office,Stationery Pack,10,40.31,20.98,318.53,246.07,72.46,Bank Transfer,Partner,Mia Wilson,5,No,Priority customer
ORD-103253,2024-04-01 00:00:00,CUST-2058,John Smith,john.smith253@example.com,United States,Seattle,Office,Desk,9,436.23,0.54,3904.87,2092.88,1811.99,Visa,Online,Emma Clark,4,No,Promo campaign
ORD-103260,2026-03-29 00:00:00,CUST-2058,Barbara Davis,barbara.davis260@example.com,Canada,Ottawa,Office,Scanner,21,188.3,20.04,3161.86,2156.26,1005.6,Mastercard,Retail,Ava Chen,2,Yes,Promo campaign
ORD-103267,2026-02-17 00:00:00,CUST-3977,Richard Smith,richard.smith267@example.com,Germany,Munich,Electronics,Tablet,16,558.15,21.49,7011.26,4449.0,2562.26,Cash,Partner,Emma Clark,5,No,Promo campaign
ORD-103268,2024-02-08 00:00:00,CUST-2510,Lisa Wilson,lisa.wilson268@example.com,Canada,Vancouver,Office,Chair,11,306.44,6.0,3168.59,2569.96,598.63,Mastercard,Partner,Ava Chen,5,No,Promo campaign
ORD-103269,2024-02-14 00:00:00,CUST-4779,Elizabeth Moore,elizabeth.moore269@example.com,Canada,Toronto,Office,Scanner,24,251.33,0.31,6013.22,4347.32,1665.9,Cash,Phone,Noah Brown,4,No,Repeat order
ORD-103270,2024-09-08 00:00:00,CUST-4658,Karen Anderson,karen.anderson270@example.com,United States,Los Angeles,Home,Coffee Machine,25,190.0,20.23,3789.07,2481.7,1307.37,Mastercard,Online,Liam Smith,5,No,Promo campaign
ORD-103271,2024-09-10 00:00:00,CUST-4017,James Williams,james.williams271@example.com,Australia,Perth,Home,Air Purifier,11,258.93,25.92,2109.97,1283.46,826.51,Visa,Online,Lucas Martin,5,No,Manual review
ORD-103272,2026-05-13 00:00:00,CUST-5220,Elizabeth Rodriguez,elizabeth.rodriguez272@example.com,Germany,Cologne,Electronics,Tablet,4,648.8,26.26,1913.7,1293.3,620.4,Visa,Retail,Ava Chen,4,No,Manual review
ORD-103273,2024-05-03 00:00:00,CUST-3622,Charles Jones,charles.jones273@example.com,United States,New York,Electronics,Headphones,7,166.33,1.8,1143.35,759.12,384.23,PayPal,Online,Mia Wilson,4,Yes,Manual review
ORD-103275,2024-02-09 00:00:00,CUST-6094,Jessica Anderson,jessica.anderson275@example.com,Germany,Cologne,Software,Analytics Suite,5,971.18,1.75,4770.92,3169.29,1601.63,Cash,Retail,Mia Wilson,5,No,Repeat order
ORD-103276,2026-02-25 00:00:00,CUST-2823,Patricia Johnson,patricia.johnson276@example.com,Canada,Vancouver,Electronics,Monitor,14,393.42,21.82,4306.06,3411.86,894.2,Cash,Online,Lucas Martin,3,No,Manual review
ORD-103279,2026-05-12 00:00:00,CUST-2376,Linda Smith,linda.smith279@example.com,United States,Los Angeles,Software,Analytics Suite,16,970.31,15.32,13146.54,9546.67,3599.87,Bank Transfer,Retail,Mia Wilson,3,No,Promo campaign
ORD-103280,2026-03-24 00:00:00,CUST-5773,William Davis,william.davis280@example.com,United Kingdom,London,Software,Cloud Plan,8,329.25,20.92,2082.97,1556.24,526.73,Bank Transfer,Retail,Emma Clark,5,No,Promo campaign
ORD-103285,2026-07-24 00:00:00,CUST-5049,Daniel Martinez,daniel.martinez285@example.com,United Kingdom,Birmingham,Home,Air Purifier,25,226.43,26.89,4138.57,2702.93,1435.64,Cash,Retail,Ethan Davis,4,No,Manual review
ORD-103286,2026-02-02 00:00:00,CUST-3136,Nancy Moore,nancy.moore286@example.com,Australia,Perth,Home,Vacuum,14,323.51,20.9,3582.55,2691.26,891.29,Mastercard,Online,Lucas Martin,3,No,Priority customer
ORD-103288,2024-02-04 00:00:00,CUST-2417,Thomas Williams,thomas.williams288@example.com,United States,New York,Office,Scanner,7,209.95,0.73,1458.92,967.96,490.96,Bank Transfer,Retail,Noah Brown,5,No,Promo campaign
ORD-103290,2025-10-27 00:00:00,CUST-1964,Matthew Jones,matthew.jones290@example.com,Australia,Sydney,Home,Coffee Machine,6,164.42,1.08,975.87,653.93,321.94,Mastercard,Partner,Emma Clark,5,No,Priority customer
ORD-103291,2026-06-15 00:00:00,CUST-4895,Nancy Moore,nancy.moore291@example.com,Germany,Munich,Electronics,Phone,4,860.0,10.1,3092.56,2173.51,919.05,PayPal,Online,Mia Wilson,5,No,Promo campaign
ORD-103292,2024-04-12 00:00:00,CUST-5559,Sarah Rodriguez,sarah.rodriguez292@example.com,Germany,Berlin,Home,Vacuum,23,293.02,20.99,5324.85,3750.88,1573.97,PayPal,Partner,Liam Smith,4,Yes,Promo campaign
ORD-103295,2025-01-09 00:00:00,CUST-3579,Matthew Brown,matthew.brown295@example.com,United States,Los Angeles,Software,Analytics Suite,12,844.92,110.95,8988.26,6211.16,2777.1,Visa,Retail,Ava Chen,5,No,Repeat order
ORD-103296,2024-07-14 00:00:00,CUST-5616,Robert Wilson,robert.wilson296@example.com,United Kingdom,Leeds,Software,Cloud Plan,5,297.1,20.88,1175.33,782.16,393.17,Visa,Phone,Sophia Taylor,3,No,Repeat order
ORD-103297,2026-05-27 00:00:00,CUST-1315,James Taylor,james.taylor297@example.com,Canada,Vancouver,Software,Cloud Plan,20,369.37,1.22,7297.27,5060.69,2236.58,Bank Transfer,Retail,Emma Clark,4,No,Promo campaign
ORD-103298,2026-01-05 00:00:00,CUST-2493,Patricia Jackson,patricia.jackson298@example.com,Canada,Montreal, Electronics ,Phone,13,741.83,15.61,8138.39,4293.93,3844.46,Cash,Online,Sophia Taylor,5,No,Promo campaign
ORD-103300,2026-01-22 00:00:00,CUST-1378,Barbara Williams,barbara.williams300@example.com,Australia,Perth,Home,Blender,21,108.24,21.24,1790.25,1428.05,362.2,PayPal,Partner,Lucas Martin,2,No,Promo campaign
ORD-103301,2024-03-08 00:00:00,CUST-1273,William Davis,william.davis301@example.com,United Kingdom,London,Software,Security Suite,20,438.33,25.32,6546.9,5229.54,1317.36,Cash,Partner,Sophia Taylor,5,No,Promo campaign
ORD-103302,2025-09-15 00:00:00,CUST-5959,John Rodriguez,john.rodriguez302@example.com,Canada,Ottawa,Software,CRM License,25,591.01,15.1,12544.19,8537.93,4006.26,Bank Transfer,Partner,Sophia Taylor,5,No,Priority customer
ORD-103304,2025-02-10 00:00:00,CUST-1324,Jennifer Williams,jennifer.williams304@example.com,Canada,Calgary,Home,Air Purifier,11,240.54,26.85,1935.51,1274.81,660.7,Cash,Partner,Sophia Taylor,4,No,Manual review
ORD-103307,2024-07-24 00:00:00,CUST-2316,Richard Davis,richard.davis307@example.com,Australia,Perth,Home,Lamp,2,68.73,21.27,108.22,74.59,33.63,Mastercard,Phone,Sophia Taylor,5,No,Repeat order
ORD-103308,2024-10-19 00:00:00,CUST-5187,Michael Martin,michael.martin308@example.com,Germany,Munich,Office,Chair,21,228.63,6.3,4498.75,2822.05,1676.7,PayPal,Retail,Noah Brown,2,No,Manual review
ORD-103310,2025-10-01 00:00:00,CUST-5754,Lisa Thomas,lisa.thomas310@example.com,AUS,Calgary,Electronics,Tablet,18,512.59,21.59,7234.59,4431.42,2803.17,Visa,Phone,Noah Brown,5,No,Manual review
ORD-103311,2025-08-10 00:00:00,CUST-1953,Susan Anderson,susan.anderson311@example.com,Australia,Melbourne,Home,Coffee Machine,12,165.41,0.31,1978.77,1511.57,467.2,PayPal,Retail,Sophia Taylor,4,No,Repeat order
ORD-103312,2025-09-12 00:00:00,CUST-2555,Jennifer Jackson,jennifer.jackson312@example.com,Australia,Adelaide,Software,Cloud Plan,24,313.65,0.75,7471.14,4531.91,2939.23,Mastercard,Online,Liam Smith,2,No,Priority customer
ORD-103313,2025-01-19 00:00:00,CUST-3173,Nancy Johnson,nancy.johnson313@example.com,Australia,Perth,Software,Security Suite,10,470.76,5.59,4444.45,3056.61,1387.84,Cash,Online,Emma Clark,5,Yes,Repeat order
ORD-103314,2024-06-26 00:00:00,CUST-1844,Anthony Miller,anthony.miller314@example.com,Australia,Melbourne,Office,Chair,4,294.51,5.55,1112.66,745.04,367.62,Bank Transfer,Partner,Liam Smith,2,No,Promo campaign
ORD-103316,2026-08-01 00:00:00,CUST-3914,Joseph Martin,joseph.martin316@example.com,Canada,Toronto,Office,Stationery Pack,10,48.58,20.43,386.55,242.74,143.81,Visa,Online,Noah Brown,3,No,Promo campaign
ORD-103317,2024-01-08 00:00:00,CUST-1687,Charles Williams,charles.williams317@example.com,United Kingdom,Glasgow,Home,Coffee Machine,11,173.5,16.15,1600.28,945.75,654.53,Cash,Phone,Sophia Taylor,4,No,Priority customer
ORD-103318,2024-03-13 00:00:00,CUST-1037,Mary Wilson,mary.wilson318@example.com,Germany,Hamburg,Home,Air Purifier,22,256.47,0.52,5613.0,3167.67,2445.33,Mastercard,Online,Mia Wilson,5,Yes,Priority customer
ORD-103320,2025-06-13 00:00:00,CUST-4143,Mary Martin,mary.martin320@example.com,United Kingdom,Glasgow,Software,Security Suite,10,435.77,16.42,3642.17,2922.12,720.05,Mastercard,Retail,Noah Brown,2,No,Promo campaign
ORD-103321,2024-05-27 00:00:00,CUST-6079,David Rodriguez,david.rodriguez321@example.com,United Kingdom,London,Software,CRM License,1,626.97,21.0,495.31,346.8,148.51,Mastercard,Phone,Ava Chen,5,No,Manual review
ORD-103324,2025-03-11 00:00:00,CUST-2705,Joseph Martinez,joseph.martinez324@example.com,United States,Seattle,Office,Chair,23,291.27,1.73,6583.31,4089.49,2493.82,PayPal,Retail,Emma Clark,4,No,Promo campaign
ORD-103327,2025-06-25 00:00:00,CUST-4938,Charles Lee,charles.lee327@example.com,Australia,Adelaide,Office,Printer,2,331.39,21.39,521.01,279.5,241.51,Bank Transfer,Partner,Lucas Martin,5,No,Promo campaign
ORD-103332,2025-06-05 00:00:00,CUST-2170,Daniel Martinez,daniel.martinez332@example.com,Canada,Calgary,Software,Analytics Suite,2,1024.36,20.64,1625.86,1107.04,518.82,Bank Transfer,Phone,Sophia Taylor,4,No,Promo campaign
ORD-103336,2024-03-02 00:00:00,CUST-4197,John Garcia,john.garcia336@example.com,Canada,Ottawa,Office,Desk,12,462.1,1.3,5473.11,3274.26,2198.85,Visa,Partner,Liam Smith,3,No,Manual review
ORD-103339,2025-03-29 00:00:00,CUST-2127,Michael Martinez,michael.martinez339@example.com,Germany,Cologne,Electronics,Monitor,14,379.83,6.99,4945.92,3870.6,1075.32,Visa,Online,Ethan Davis,5,No,Manual review
ORD-103341,2025-05-26 00:00:00,CUST-2581,Sarah Brown,sarah.brown341@example.com,United States,New York,Office,Printer,10,355.78,1.92,3489.49,2418.95,1070.54,PayPal,Online,Mia Wilson,5,No,Manual review
ORD-103345,2025-10-18 00:00:00,CUST-2177,Anthony Martinez,anthony.martinez345@example.com,United Kingdom,Birmingham,Home,Vacuum,23,312.34,0.81,7125.63,4750.2,2375.43,Visa,Online,Mia Wilson,2,No,Promo campaign
ORD-103347,2026-05-19 00:00:00,CUST-2811,Michael Rodriguez,michael.rodriguez347@example.com,Germany,Frankfurt,Office,Printer,17,306.4,5.33,4931.17,3892.41,1038.76,PayPal,Online,Noah Brown,4,No,Priority customer
ORD-103349,2024-02-18 00:00:00,CUST-2537,John Garcia,john.garcia349@example.com,Australia,Sydney,Home,Vacuum,21,251.89,10.27,4746.44,3791.39,955.05,Mastercard,Phone,Mia Wilson,4,No,Manual review
ORD-103350,2025-01-21 00:00:00,CUST-4403,Michael Anderson,michael.anderson350@example.com,Australia,Sydney,Office,Desk,11,448.94,20.48,3926.97,2275.6,1651.37,Cash,Partner,Mia Wilson,5,No,Repeat order
ORD-103352,2025-10-24 00:00:00,CUST-5453,Karen Taylor,karen.taylor352@example.com,Canada,Calgary,Office,Scanner,11,229.22,1.08,2494.19,1363.38,1130.81,Cash,Phone,Liam Smith,5,No,Priority customer
ORD-103353,2024-06-25 00:00:00,CUST-3419,Linda Davis,linda.davis353@example.com,United Kingdom,Manchester,Electronics,Headphones,3,158.79,11.46,421.78,267.3,154.48,Cash,Phone,Emma Clark,2,No,Promo campaign
ORD-103354,2024-04-07 00:00:00,CUST-2486,William Perez,william.perez354@example.com,Australia,Sydney,Home,Vacuum,14,272.3,11.97,3355.88,2144.48,1211.4,Bank Transfer,Phone,Ethan Davis,2,No,Manual review
ORD-103356,2025-01-07 00:00:00,CUST-6488,Mary Thompson,mary.thompson356@example.com,United Kingdom,Leeds,Software,CRM License,11,674.24,25.82,5501.66,4081.52,1420.14,Bank Transfer,Online,Noah Brown,4,No,Repeat order
ORD-103358,2024-08-18 00:00:00,CUST-1688,Elizabeth Thompson,elizabeth.thompson358@example.com,United States,Houston,Office,Printer,21,330.21,1.23,6849.12,4628.46,2220.66,Visa,Phone,Lucas Martin,5,No,Manual review
ORD-103359,2025-02-17 00:00:00,CUST-6055,William Moore,william.moore359@example.com,Germany,Frankfurt,Software,Analytics Suite,5,765.96,1.06,3789.2,3079.48,709.72,PayPal,Partner,Liam Smith,4,No,Repeat order
ORD-103364,2026-05-04 00:00:00,CUST-4173,Nancy Jones,nancy.jones364@example.com,Germany,Hamburg,Software,Design Suite,1,655.73,15.56,553.7,295.58,258.12,PayPal,Retail,Noah Brown,4,No,Repeat order
ORD-103365,2025-06-14 00:00:00,CUST-3313,Thomas Rodriguez,thomas.rodriguez365@example.com,Germany,Cologne,Software,Cloud Plan,20,341.99,20.57,5432.85,4071.95,1360.9,Visa,Retail,Liam Smith,4,No,Repeat order
ORD-103366,2024-05-22 00:00:00,CUST-4205,Richard Johnson,richard.johnson366@example.com,United Kingdom,Glasgow,Office,Scanner,2,238.26,0.93,472.09,277.47,194.62,PayPal,Retail,Lucas Martin,6,No,Manual review
ORD-103368,2026-03-21 00:00:00,CUST-5198,Charles Thomas,charles.thomas368@example.com,United Kingdom,Leeds,Electronics,Monitor,13,363.72,11.03,4206.82,3429.36,777.46,PayPal,Phone,Ava Chen,3,No,Priority customer
ORD-103370,2026-01-08 00:00:00,CUST-4591,Karen Perez,karen.perez370@example.com,australia,Munich,Office,Scanner,24,188.57,21.97,3531.39,2506.28,1025.11,PayPal,Retail,Mia Wilson,5,No,Priority customer
ORD-103371,2024-01-22 00:00:00,CUST-4736,Lisa Martin,lisa.martin371@example.com,Australia,Melbourne,Software,CRM License,15,568.11,20.64,6762.78,5302.65,1460.13,PayPal,Phone,Liam Smith,4,Yes,Manual review
ORD-103374,2024-12-21 00:00:00,CUST-5891,Jennifer Davis,jennifer.davis374@example.com,United States,Chicago,Software,Design Suite,24,516.24,26.26,-9136.21,6692.24,-15828.45,Visa,Online,Noah Brown,4,No,Promo campaign
ORD-103375,2025-04-30 00:00:00,CUST-3188,Karen Jones,karen.jones375@example.com,Germany,Munich,Electronics,Laptop,8,1102.82,1.49,8691.1,5356.58,3334.52,Visa,Partner,Ava Chen,5,No,Repeat order
ORD-103376,2025-09-30 00:00:00,CUST-2962,Daniel Williams,daniel.williams376@example.com,Australia,Melbourne,Office,Stationery Pack,5,41.17,21.16,162.29,120.84,41.45,Cash,Retail,Lucas Martin,4,No,Repeat order
ORD-103378,2025-09-08 00:00:00,CUST-3363,Susan Williams,susan.williams378@example.com,United Kingdom,Glasgow,Electronics,Headphones,4,191.33,0.8,759.2,612.45,146.75,Mastercard,Retail,Noah Brown,4,No,Repeat order
ORD-103379,2026-03-23 00:00:00,CUST-5242,Jessica Martin,jessica.martin379@example.com,Germany,Hamburg,Office,Chair,2,226.51,1.99,444.0,305.41,138.59,Visa,Online,Emma Clark,4,No,Promo campaign
ORD-103380,2025-07-02 00:00:00,CUST-2666,Robert Jackson,robert.jackson380@example.com,United Kingdom,Leeds,Office,Desk,3,443.61,10.53,1190.69,621.26,569.43,PayPal,Partner,Ethan Davis,4,No,Priority customer
ORD-103383,2025-07-27 00:00:00,CUST-3403,Robert Anderson,robert.anderson383@example.com,Australia,Brisbane,Software,Analytics Suite,4,781.63,21.53,2453.38,1587.68,865.7,PayPal,Online,Emma Clark,5,No,Manual review
ORD-103384,2025-03-03 00:00:00,CUST-2026,Nancy Lee,nancy.lee384@example.com,Germany,Frankfurt,Electronics,Tablet,14,635.48,26.4,6547.99,4510.93,2037.06,Visa,Partner,Noah Brown,5,No,Promo campaign
ORD-103385,2024-07-02 00:00:00,CUST-2733,Sarah Williams,sarah.williams385@example.com,Australia,Sydney,Home,Vacuum,2,304.75,0.69,605.29,422.31,182.98,Visa,Phone,Sophia Taylor,3,No,Priority customer
ORD-103386,2024-01-26 00:00:00,CUST-3987,Sarah Garcia,sarah.garcia386@example.com,United Kingdom,London,Home,Coffee Machine,17,193.72,0.62,3272.82,2594.78,678.04,PayPal,Phone,Ava Chen,5,No,Repeat order
ORD-103387,2026-05-09 00:00:00,CUST-1179,Elizabeth Perez,elizabeth.perez387@example.com,United Kingdom,London,Software,CRM License,9,579.48,1.52,5136.05,3409.36,1726.69,Cash,Phone,Emma Clark,5,No,Priority customer
ORD-103389,2025-11-16 00:00:00,CUST-1677,James Jones,james.jones389@example.com,United States,Los Angeles,Home,Blender,5,100.7,0.87,499.12,329.69,169.43,PayPal,Phone,Ava Chen,4,No,Priority customer
ORD-103390,2025-08-21 00:00:00,CUST-1919,Mary Rodriguez,mary.rodriguez390@example.com,Australia,Perth,Electronics,Monitor,8,336.97,10.44,2414.32,1772.08,642.24,Cash,Retail,Ethan Davis,5,No,Priority customer
ORD-103394,2026-03-07 00:00:00,CUST-3293,Barbara Miller,barbara.miller394@example.com,Germany,Hamburg,Software,Design Suite,23,504.27,15.13,204462.62,25199.8,179262.82,Bank Transfer,Partner,Liam Smith,4,No,Repeat order
ORD-103395,2025-06-02 00:00:00,CUST-2849,Patricia Rodriguez,patricia.rodriguez395@example.com,Canada,Toronto,Office,Desk,4,458.2,1.46,1806.04,1258.6,547.44,PayPal,Online,Ava Chen,5,No,Manual review
ORD-103398,2024-08-21 00:00:00,CUST-3815,Daniel Johnson,daniel.johnson398@example.com,Australia,Melbourne,Home,Blender,7,111.43,16.71,649.67,354.13,295.54,Visa,Online,Noah Brown,4,No,Promo campaign
ORD-103400,2025-10-27 00:00:00,CUST-5845,Daniel Martinez,daniel.martinez400@example.com,Germany,Munich,Home,Vacuum,13,304.71,11.75,3495.79,2332.96,1162.83,Mastercard,Phone,Lucas Martin,4,No,Manual review
ORD-103403,2024-12-18 00:00:00,CUST-4061,James Johnson,james.johnson403@example.com,Germany,Berlin,Electronics,Phone,20,747.97,1.29,14766.42,7733.75,7032.67,Cash,Phone,Lucas Martin,4,No,Priority customer
ORD-103404,2025-10-11 00:00:00,CUST-4922,Michael Rodriguez,michael.rodriguez404@example.com,Germany,Hamburg,Home,Coffee Machine,2,182.42,11.85,321.61,257.09,64.52,PayPal,Partner,Ava Chen,4,No,Repeat order
ORD-103405,2024-11-30 00:00:00,CUST-5222,Robert Martin,robert.martin405@example.com,Germany,Cologne,Electronics,Tablet,3,556.13,26.31,1229.44,853.68,375.76,Cash,Online,Emma Clark,4,No,Manual review
ORD-103406,2025-06-16 00:00:00,CUST-4392,Robert Jackson,robert.jackson406@example.com,Australia,Brisbane,Software,Analytics Suite,12,866.94,1.07,10291.96,6694.28,3597.68,Mastercard,Phone,Noah Brown,2,No,Manual review
ORD-103408,2025-05-31 00:00:00,CUST-3902,Karen Garcia,karen.garcia408@example.com,United Kingdom,Birmingham,Electronics,Phone,8,924.78,5.24,7010.57,4713.34,2297.23,PayPal,Online,Sophia Taylor,3,No,Promo campaign
ORD-103409,2025-08-09 00:00:00,CUST-3123,Thomas Martin,thomas.martin409@example.com,United States,Houston,Office,Scanner,21,243.2,11.81,4504.04,2404.44,2099.6,PayPal,Phone,Liam Smith,3,No,Manual review
ORD-103410,2024-09-23 00:00:00,CUST-4586,Robert Martinez,robert.martinez410@example.com,Australia,Perth,Office,Desk,24,396.5,20.19,7594.72,4442.78,3151.94,Mastercard,Retail,Emma Clark,2,No,Manual review
ORD-103411,2024-12-27 00:00:00,CUST-4795,David Wilson,david.wilson411@example.com,United Kingdom,Leeds,Office,Printer,21,319.7,10.23,6026.89,4722.41,1304.48,Bank Transfer,Online,Ava Chen,5,No,Repeat order
ORD-103412,2024-04-18 00:00:00,CUST-5861,Robert Jones,robert.jones412@example.com,United States,Seattle,Software,Cloud Plan,12,286.43,16.41,2873.12,2044.67,828.45,Visa,Retail,Emma Clark,4,No,Priority customer
ORD-103414,2024-12-02 00:00:00,CUST-5345,Jessica Brown,jessica.brown414@example.com,United States,New York,Home,Lamp,8,60.73,1.3,479.52,257.69,221.83,Mastercard,Online,Ethan Davis,4,No,Repeat order
ORD-103416,2025-09-24 00:00:00,CUST-2735,Robert Brown,robert.brown416@example.com,Canada,Toronto,Office,Printer,2,280.58,26.61,411.84,310.59,101.25,Cash,Retail,Ethan Davis,5,No,Manual review
ORD-103417,2025-03-02 00:00:00,CUST-2093,Karen Miller,karen.miller417@example.com,United Kingdom,Manchester,Home,Lamp,6,77.99,15.58,395.03,288.96,106.07,Bank Transfer,Phone,Liam Smith,4,No,Promo campaign
ORD-103419,2026-03-15 00:00:00,CUST-4172,William Jackson,william.jackson419@example.com,Canada,Vancouver,Electronics,Monitor,11,323.55,6.95,3311.7,2161.63,1150.07,Cash,Phone,Liam Smith,5,No,Priority customer
ORD-103420,2025-06-27 00:00:00,CUST-2416,Robert Rodriguez,robert.rodriguez420@example.com,United States,Seattle,Software,CRM License,25,638.49,0.08,15949.48,10522.05,5427.43,Mastercard,Retail,Liam Smith,5,No,Manual review
ORD-103421,2026-01-29 00:00:00,CUST-4146,Michael Anderson,michael.anderson421@example.com,Canada,Vancouver,Office,Desk,4,426.8,26.11,1261.45,941.23,320.22,Mastercard,Phone,Emma Clark,5,No,Promo campaign
ORD-103422,not-a-date,CUST-1301,Nancy Brown,nancy.brown422@example.com,Australia,Brisbane,Software,Analytics Suite,10,854.13,21.05,6743.36,5136.23,1607.13,Cash,Partner,Emma Clark,4,No,Promo campaign
ORD-103423,2024-06-06 00:00:00,CUST-5993,Anthony Perez,anthony.perez423@example.com,United States,Seattle,Office,Scanner,25,259.2,0.78,6429.46,4137.19,2292.27,Visa,Phone,Noah Brown,5,No,Priority customer
ORD-103427,2025-07-29 00:00:00,CUST-4546,Nancy Martinez,nancy.martinez427@example.com,United Kingdom,Leeds,Software,CRM License,23,641.14,0.95,14606.13,11221.55,3384.58,Bank Transfer,Phone,Noah Brown,5,No,Priority customer
ORD-103429,2024-11-18 00:00:00,CUST-5652,Joseph Taylor,joseph.taylor429@example.com,United Kingdom,Glasgow,Home,Lamp,15,82.03,10.33,1103.34,643.14,460.2,Cash,Partner,Ava Chen,5,Yes,Manual review
ORD-103430,2025-08-24 00:00:00,CUST-4382,David Martinez,david.martinez430@example.com,Canada,Vancouver,Electronics,Headphones,5,178.74,21.38,702.63,535.36,167.27,Bank Transfer,Partner,Emma Clark,3,No,Manual review
ORD-103431,2024-03-22 00:00:00,CUST-4669,John Thomas,john.thomas431@example.com,Canada,Ottawa,Electronics ,Tablet,8,684.18,1.45,5394.08,2879.39,2514.69,Cash,Phone,Emma Clark,5,No,Promo campaign
ORD-103435,2024-03-01 00:00:00,CUST-6436,James Thompson,james.thompson435@example.com,United States,Houston,Office,Stationery Pack,20,50.26,16.35,840.85,561.11,279.74,Mastercard,Online,Ethan Davis,4,No,Priority customer
ORD-103436,2026-04-12 00:00:00,CUST-1174,Patricia Martinez,patricia.martinez436@example.com,United States,Los Angeles,Home,Blender,19,116.08,25.08,1652.38,1185.89,466.49,Bank Transfer,Online,Noah Brown,4,No,Priority customer
ORD-103439,2024-01-04 00:00:00,CUST-1250,Jennifer Perez,jennifer.perez439@example.com,Canada,Toronto,Office,Stationery Pack,24,51.65,25.41,924.62,742.38,182.24,PayPal,Online,Ethan Davis,4,No,Manual review
ORD-103440,2024-01-15 00:00:00,CUST-1274,Matthew Thomas,matthew.thomas440@example.com,Germany,Hamburg,Home,Vacuum,1,313.99,1.89,308.06,235.42,72.64,Cash,Phone,Sophia Taylor,5,No,Promo campaign
ORD-103441,2024-03-06 00:00:00,CUST-3332,Michael Davis,michael.davis441@example.com,United Kingdom,Glasgow,Software,Design Suite,3,589.74,11.72,1561.87,1232.59,329.28,Bank Transfer,Partner,Lucas Martin,5,No,Priority customer
ORD-103442,2024-03-29 00:00:00,CUST-2454,Linda Garcia,linda.garcia442@example.com,United Kingdom,London,Home,Vacuum,11,319.55,0.91,3483.06,2009.6,1473.46,PayPal,Retail,Noah Brown,3,No,Priority customer
ORD-103443,2025-12-25 00:00:00,CUST-1306,Charles Jones,charles.jones443@example.com,United Kingdom,Leeds,Software,CRM License,15,611.25,5.66,8649.8,6345.74,2304.06,Visa,Partner,Lucas Martin,4,No,Priority customer
ORD-103444,2024-08-20 00:00:00,CUST-2491,Robert Jackson,robert.jackson444@example.com,United States,Chicago,Electronics,Tablet,19,675.62,26.62,9419.63,5640.6,3779.03,Bank Transfer,Retail,Ava Chen,3,No,Manual review
ORD-103445,2026-02-22 00:00:00,CUST-2839,David Johnson,user@,Germany,Cologne,Office,Chair,20,264.28,1.18,5223.23,2942.64,2280.59,Mastercard,Phone,Ava Chen,4,No,Manual review
ORD-103447,2024-02-10 00:00:00,CUST-6286,Patricia Thompson,patricia.thompson447@example.com,Canada,Vancouver,Home,Air Purifier,18,234.38,5.24,3997.77,3163.23,834.54,Mastercard,Phone,Lucas Martin,4,No,Promo campaign
ORD-103448,2025-09-12 00:00:00,CUST-3855,Elizabeth Lee,elizabeth.lee448@example.com,Canada,Calgary,Home,Lamp,24,61.71,1.98,1451.72,1161.86,289.86,PayPal,Retail,Liam Smith,3,Yes,Manual review
ORD-103449,2024-12-11 00:00:00,CUST-6024,Karen Wilson,karen.wilson449@example.com,United States,New York,Software,CRM License,11,634.51,20.94,5518.08,3785.79,1732.29,Bank Transfer,Online,Mia Wilson,4,No,Manual review
ORD-103451,2025-10-09 00:00:00,CUST-1359,Elizabeth Anderson,elizabeth.anderson451@example.com,Australia,Adelaide,Home,Air Purifier,9,246.83,16.2,1861.59,1445.97,415.62,Bank Transfer,Online,Ethan Davis,4,No,Repeat order
ORD-103453,2025-06-29 00:00:00,CUST-5120,Barbara Jones,barbara.jones453@example.com,Australia,Adelaide,Electronics,Phone,1,945.54,25.93,700.36,404.95,295.41,Visa,Partner,Mia Wilson,2,No,Repeat order
ORD-103456,2024-12-24 00:00:00,CUST-1126,Robert Brown,robert.brown456@example.com,United States,New York,Electronics,Monitor,10,372.73,11.29,3306.49,2229.51,1076.98,Mastercard,Partner,Lucas Martin,3,Yes,Promo campaign
ORD-103457,2026-01-31 00:00:00,CUST-5011,John Taylor,john.taylor457@example.com,Germany,Berlin,Electronics,Tablet,4,558.87,25.97,1654.93,1148.8,506.13,Mastercard,Online,Sophia Taylor,3,No,Promo campaign
ORD-103462,2026-03-29 00:00:00,CUST-4194,Richard Brown,richard.brown462@example.com,Germany,Frankfurt,Electronics,Phone,16,918.13,6.78,13694.09,7652.53,6041.56,Bank Transfer,Retail,Liam Smith,4,No,Manual review
ORD-103463,2024-07-22 00:00:00,CUST-6113,Richard Rodriguez,richard.rodriguez463@example.com,United States,Chicago,Electronics,Headphones,17,196.6,5.28,3165.73,1897.67,1268.06,Bank Transfer,Phone,Ethan Davis,5,No,Priority customer
ORD-103464,2024-09-09 00:00:00,CUST-2888,Michael Jones,michael.jones464@example.com,United States,Houston,Office,Printer,19,336.48,1.21,6315.76,4514.36,1801.4,Mastercard,Partner,Ava Chen,5,No,Priority customer
ORD-103465,2025-01-14 00:00:00,CUST-1221,Nancy Thompson,nancy.thompson465@example.com,United Kingdom,Leeds,Electronics,Monitor,13,365.47,1.82,4664.64,2778.67,1885.97,PayPal,Phone,Sophia Taylor,4,No,Manual review
ORD-103470,2024-05-28 00:00:00,CUST-4495,Matthew Williams,matthew.williams470@example.com,United States,Seattle,Software,Cloud Plan,25,369.08,0.27,9202.09,6817.11,2384.98,Visa,Retail,Ethan Davis,5,No,Repeat order
ORD-103473,2024-11-02 00:00:00,CUST-4805,James Wilson,james.wilson473@example.com,United Kingdom,London,Home,Coffee Machine,17,163.15,26.0,2052.43,1609.38,443.05,Bank Transfer,Online,Liam Smith,5,No,Priority customer
ORD-103474,00/00/0000,CUST-5585,Robert Smith,robert.smith474@example.com,United States,Los Angeles,Office,Scanner,5,222.69,0.8,1104.54,828.94,275.6,Visa,Retail,Emma Clark,5,No,Promo campaign
ORD-103478,2024-09-20 00:00:00,CUST-6034,Patricia Thomas,missing.domain,Germany,Frankfurt,Software,CRM License,6,727.97,1.05,4321.96,3352.35,969.61,Cash,Phone,Sophia Taylor,5,No,Repeat order
ORD-103479,2026-01-28 00:00:00,CUST-1564,Nancy Brown,nancy.brown479@example.com,Canada,Ottawa,Electronics,Monitor,9,375.55,6.93,3145.72,2393.73,751.99,PayPal,Retail,Mia Wilson,4,No,Priority customer
ORD-103480,2024-05-25 00:00:00,CUST-4524,Anthony Martinez,anthony.martinez480@example.com,United Kingdom,Glasgow,Office,Printer,15,335.2,5.1,4771.57,2902.71,1868.86,Bank Transfer,Partner,Sophia Taylor,5,No,Manual review
ORD-103481,2025-01-27 00:00:00,CUST-3517,John Brown,john.brown481@example.com,United Kingdom,Birmingham,Software,Design Suite,21,490.25,21.84,8046.77,5623.7,2423.07,Visa,Partner,Emma Clark,5,No,Priority customer
ORD-103482,2024-01-18 00:00:00,CUST-4706,James Williams,james.williams482@example.com,Canada,Ottawa,Office,Stationery Pack,13,50.92,11.5,585.83,387.42,198.41,PayPal,Online,Noah Brown,5,No,Promo campaign
ORD-103486,2025-09-26 00:00:00,CUST-3327,Michael Smith,michael.smith486@example.com,United States,Los Angeles,Office,Scanner,13,202.65,0.79,2613.64,1854.4,759.24,Cash,Phone,Mia Wilson,5,No,Priority customer
ORD-103487,2024-08-20 00:00:00,CUST-3180,Nancy Taylor,nancy.taylor487@example.com,United Kingdom,Glasgow,Software,Security Suite,16,425.32,1.35,6713.25,4462.33,2250.92,Visa,Phone,Liam Smith,5,No,Manual review
ORD-103488,2024-02-21 00:00:00,CUST-2248,Barbara Brown,barbara.brown488@example.com,Australia,Perth,Home,Lamp,7,78.48,11.64,485.41,260.93,224.48,Visa,Online,Liam Smith,5,No,Manual review
ORD-103489,2026-05-04 00:00:00,CUST-2957,Jennifer Thomas,jennifer.thomas489@example.com,Germany,Frankfurt,Software,Cloud Plan,6,353.51,26.58,1557.28,1045.4,511.88,Mastercard,Retail,Noah Brown,5,No,Priority customer
ORD-103492,2024-12-05 00:00:00,CUST-2640,Jessica Brown,jessica.brown492@example.com,US,London,Electronics,Tablet,21,647.65,20.69,10786.68,6145.78,4640.9,Visa,Online,Ethan Davis,5,No,Promo campaign
ORD-103494,2025-07-16 00:00:00,CUST-4827,William Jones,william.jones494@example.com,Australia,Sydney,Electronics,Phone,10,987.66,1.43,9735.36,7981.74,1753.62,Mastercard,Online,Emma Clark,2,No,Promo campaign
ORD-103495,2025-03-20 00:00:00,CUST-4960,Susan Thomas,susan.thomas495@example.com,Germany,Frankfurt,Electronics,Headphones,4,200.49,20.28,639.32,347.9,291.42,Visa,Retail,Mia Wilson,2,No,Promo campaign
ORD-103499,2024-08-29 00:00:00,CUST-5781,Patricia Moore,patricia.moore499@example.com,United Kingdom,Leeds,Software,Cloud Plan,3,359.77,20.37,859.45,504.29,355.16,Mastercard,Partner,Ava Chen,3,No,Manual review
ORD-103500,2025-12-24 00:00:00,CUST-1037,Charles Jackson,charles.jackson500@example.com,Canada,Toronto,Electronics,Phone,5,947.72,20.68,3758.66,2862.28,896.38,Cash,Phone,Noah Brown,5,No,Promo campaign
ORD-103503,2026-05-16 00:00:00,CUST-5229,Susan Jackson,susan.jackson503@example.com,United States,Los Angeles,Home,Vacuum,6,285.18,16.46,1429.44,1043.26,386.18,PayPal,Online,Ava Chen,3,No,Repeat order
ORD-103507,2024-09-28 00:00:00,CUST-2269,Thomas Jackson,thomas.jackson507@example.com,Australia,Melbourne,Home,Coffee Machine,17,206.55,26.72,2573.12,1453.47,1119.65,Visa,Partner,Emma Clark,2,No,Priority customer
ORD-103508,2025-10-31 00:00:00,CUST-5712,Barbara Perez,barbara.perez508@example.com,United Kingdom,Glasgow,Office,Printer,16,266.13,1.58,4190.8,2782.03,1408.77,Mastercard,Online,Ethan Davis,5,No,Promo campaign
ORD-103509,2025-03-17 00:00:00,CUST-1584,Karen Lee,karen.lee509@example.com,Australia,Sydney,Software,Analytics Suite,3,957.88,5.96,2702.37,1552.03,1150.34,Bank Transfer,Phone,Liam Smith,5,No,Priority customer
ORD-103510,2025-07-01 00:00:00,CUST-2691,Jennifer Jackson,jennifer.jackson510@example.com,Australia,Melbourne,Office,Printer,3,267.37,0.84,795.37,436.86,358.51,Visa,Retail,Noah Brown,2,No,Repeat order
ORD-103512,2024-03-15 00:00:00,CUST-2723,John Davis,john.davis512@example.com,Germany,Frankfurt,Office,Stationery Pack,18,45.96,1.06,818.51,653.94,164.57,Visa,Partner,Noah Brown,4,No,Promo campaign
ORD-103516,2025-12-15 00:00:00,CUST-1091,Thomas Moore,thomas.moore516@example.com,United Kingdom,Glasgow,Home,Coffee Machine,3,182.79,20.57,435.57,334.16,101.41,Cash,Phone,Noah Brown,5,No,Manual review
ORD-103517,2025-06-20 00:00:00,CUST-1652,Jessica Jackson,jessica.jackson517@example.com,United Kingdom,Manchester,Electronics,Tablet,14,616.31,15.38,7301.3,4399.84,2901.46,Visa,Online,Liam Smith,5,No,Repeat order
ORD-103519,2024-09-01 00:00:00,CUST-1204,Jessica Johnson,jessica.johnson519@example.com,United Kingdom,Birmingham,Home,Vacuum,20,301.85,11.66,5333.09,4168.94,1164.15,Bank Transfer,Phone,Liam Smith,2,No,Promo campaign
ORD-103520,2025-01-26 00:00:00,CUST-6330,William Martin,william.martin520@example.com,United Kingdom,Manchester,Home,Coffee Machine,9,215.32,25.24,1448.76,848.11,600.65,PayPal,Phone,Mia Wilson,2,No,Priority customer
ORD-103521,2026-07-08 00:00:00,CUST-3959,Barbara Miller,barbara.miller521@example.com,United Kingdom,Glasgow,Office,Chair,24,244.44,5.66,5534.51,3878.25,1656.26,Visa,Retail,Mia Wilson,4,No,Promo campaign
ORD-103522,2024-05-06 00:00:00,CUST-4427,Susan Thompson,susan.thompson522@example.com,United Kingdom,Birmingham,Office,Chair,8,236.74,21.13,1493.73,933.91,559.82,Cash,Phone,Mia Wilson,5,No,Priority customer
ORD-103524,2024-11-02 00:00:00,CUST-4038,Barbara Miller,barbara.miller524@example.com,Germany,Munich,Home,Vacuum,7,325.26,25.87,1687.81,1180.34,507.47,PayPal,Partner,Ava Chen,5,No,Repeat order
ORD-103530,2024-03-28 00:00:00,CUST-6000,Patricia Lee,patricia.lee530@example.com,United States,Seattle,Electronics,Phone,1,950.46,15.15,806.47,456.87,349.6,Visa,Partner,Liam Smith,4,No,Manual review
ORD-103534,2024-10-26 00:00:00,CUST-1800,Patricia Williams,patricia.williams534@example.com,United States,Seattle,Home,Coffee Machine,2,192.1,1.07,380.09,281.32,98.77,PayPal,Phone,Sophia Taylor,5,No,Promo campaign
ORD-103535,2025-12-21 00:00:00,CUST-4009,Linda Moore,linda.moore535@example.com,Australia,Perth,Electronics,Monitor,25,377.23,25.39,7036.28,5611.99,1424.29,Visa,Partner,Mia Wilson,5,No,Manual review
ORD-103537,2026-06-08 00:00:00,CUST-4037,Daniel Jones,daniel.jones537@example.com,Canada,Toronto,Office,Printer,18,273.54,0.6,4894.18,3343.8,1550.38,Cash,Partner,Ava Chen,2,No,Repeat order
ORD-103538,2026-05-29 00:00:00,CUST-3571,Karen Taylor,karen.taylor538@example.com,United Kingdom,Leeds,Electronics,Headphones,9,175.97,15.54,1337.62,804.77,532.85,Bank Transfer,Phone,Emma Clark,5,No,Manual review
ORD-103541,2026-01-02 00:00:00,CUST-2961,Elizabeth Williams,elizabeth.williams541@example.com,Germany,Cologne,Home,Lamp,15,76.3,25.42,853.57,472.12,381.45,Bank Transfer,Retail,Mia Wilson,2,No,Priority customer
ORD-103543,2024-10-22 00:00:00,CUST-2965,Linda Wilson,linda.wilson543@example.com,United Kingdom,Glasgow,Home,Vacuum,11,262.97,10.5,2588.94,2068.23,520.71,Cash,Phone,Noah Brown,4,No,Repeat order
ORD-103547,2025-11-23 00:00:00,CUST-1433,Barbara Brown,barbara.brown547@example.com,Germany,Munich,Home,Air Purifier,1,218.43,15.73,184.07,130.75,53.32,Visa,Partner,Noah Brown,5,Yes,Promo campaign
ORD-103549,2025-09-09 00:00:00,CUST-2018,Michael Martinez,michael.martinez549@example.com,Germany,Munich,Electronics,Headphones,14,177.4,21.82,1941.68,1124.63,817.05,Bank Transfer,Phone,Ava Chen,5,No,Priority customer
ORD-103550,2024-08-15 00:00:00,CUST-2580,Joseph Miller,joseph.miller550@example.com,Germany,Berlin,Home,Air Purifier,11,254.5,5.83,2636.29,1518.11,1118.18,Visa,Retail,Liam Smith,4,No,Promo campaign
ORD-103551,2026-07-26 00:00:00,CUST-5490,Mary Lee,mary.lee551@example.com,Australia,Sydney,Electronics,Phone,18,859.69,6.86,14412.87,11675.13,2737.74,Visa,Online,Emma Clark,5,No,Repeat order
ORD-103552,2025-01-29 00:00:00,CUST-4521,Karen Martin,karen.martin552@example.com,Australia,Adelaide,Software,Design Suite,25,646.7,1.39,15942.77,10281.4,5661.37,Cash,Partner,Mia Wilson,4,No,Priority customer
ORD-103553,2025-09-12 00:00:00,CUST-1365,David Johnson,david.johnson553@example.com,Germany,Cologne,Office,Chair,18,226.67,0.98,4040.08,3056.51,983.57,Visa,Partner,Ava Chen,5,No,Repeat order
ORD-103555,2024-08-18 00:00:00,CUST-1289,Anthony Davis,anthony.davis555@example.com,United Kingdom,Glasgow,Home,Blender,14,99.05,0.07,1385.73,796.44,589.29,Mastercard,Online,Liam Smith,4,No,Repeat order
ORD-103558,2025-06-22 00:00:00,CUST-5854,Daniel Taylor,daniel.taylor558@example.com,UK,Glasgow,Electronics,Phone,11,906.61,25.52,7427.67,5986.85,1440.82,PayPal,Phone,Ethan Davis,4,No,Priority customer
ORD-103561,2025-05-30 00:00:00,CUST-3544,Richard Taylor,richard.taylor561@example.com,United States,Chicago,Home,Lamp,18,70.41,10.22,1137.85,635.83,502.02,Cash,Partner,Noah Brown,3,No,Promo campaign
ORD-103563,2024-03-29 00:00:00,CUST-3510,Daniel Thomas,daniel.thomas563@example.com,Germany,Hamburg,Electronics,Phone,13,967.39,0.9,12462.89,8703.23,3759.66,PayPal,Partner,Ava Chen,5,No,Manual review
ORD-103566,2024-06-16 00:00:00,CUST-2600,Anthony Anderson,anthony.anderson566@example.com,United States,Los Angeles,Electronics,Headphones,3,173.86,16.88,433.54,294.7,138.84,Bank Transfer,Phone,Lucas Martin,2,No,Repeat order
ORD-103570,2025-02-04 00:00:00,CUST-3893,Thomas Moore,thomas.moore570@example.com,Canada,Montreal,Software,Design Suite,3,653.11,16.47,1636.63,887.16,749.47,PayPal,Online,Emma Clark,4,No,Priority customer
ORD-103573,2026-05-31 00:00:00,CUST-6156,James Thompson,james.thompson573@example.com,United Kingdom,Manchester,Electronics,Tablet,25,631.94,1.39,15578.9,10864.1,4714.8,Cash,Phone,Lucas Martin,5,No,Promo campaign
ORD-103576,2025-10-18 00:00:00,CUST-1746,Mary Williams,mary.williams576@example.com,United Kingdom,Birmingham,Electronics,Monitor,1,343.58,15.18,4821.19,505.68,4315.51,Visa,Phone,Emma Clark,5,No,Repeat order
ORD-103580,2026-07-15 00:00:00,CUST-5614,Lisa Moore,lisa.moore580@example.com,Canada,Toronto,Home,Vacuum,19,274.6,1.47,5140.7,3324.74,1815.96,Mastercard,Retail,Sophia Taylor,5,No,Priority customer
ORD-103581,2024-02-11 00:00:00,CUST-4542,Jennifer Brown,jennifer.brown581@example.com,Australia,Adelaide,Home,Coffee Machine,6,206.38,0.88,1227.38,688.24,539.14,Bank Transfer,Phone,Sophia Taylor,4,No,Promo campaign
ORD-103583,2024-05-18 00:00:00,CUST-4653,Charles Rodriguez,charles.rodriguez583@example.com,Germany,Berlin,Software,CRM License,9,754.81,20.98,5368.06,3731.61,1636.45,Cash,Online,Liam Smith,5,No,Manual review
ORD-103584,2026-01-16 00:00:00,CUST-5347,Michael Moore,michael.moore584@example.com,Germany,Cologne,Electronics,Laptop,9,1319.03,25.29,8869.03,5055.17,3813.86,Cash,Retail,Mia Wilson,5,No,Manual review
ORD-103589,2024-11-06 00:00:00,CUST-4338,Sarah Jones,sarah.jones589@example.com,United States,Los Angeles,Office,Stationery Pack,13,52.66,10.33,613.86,380.84,233.02,PayPal,Phone,Liam Smith,5,No,Priority customer
ORD-103592,2025-08-28 00:00:00,CUST-2071,Jessica Garcia,jessica.garcia592@example.com,Australia,Melbourne,Electronics,Tablet,7,523.75,10.14,3294.49,1747.5,1546.99,PayPal,Partner,Mia Wilson,4,No,Promo campaign
ORD-103594,2024-10-15 00:00:00,CUST-3359,Thomas Lee,thomas.lee594@example.com,Germany,Frankfurt,Electronics,Tablet,2,571.12,20.28,910.59,531.09,379.5,PayPal,Phone,Liam Smith,3,No,Promo campaign
ORD-103595,2025-07-25 00:00:00,CUST-1635,Jessica Miller,jessica.miller595@example.com,United Kingdom,Manchester,Electronics,Monitor,5,407.48,0.56,2025.99,1335.26,690.73,Mastercard,Phone,Lucas Martin,4,No,Manual review
ORD-103596,2026-02-03 00:00:00,CUST-2803,Charles Smith,charles.smith596@example.com,Canada,Toronto,Office,Stationery Pack,8,50.85,10.35,364.7,202.17,162.53,PayPal,Retail,Ethan Davis,5,No,Promo campaign
ORD-103598,2026-05-10 00:00:00,CUST-1737,Daniel Rodriguez,daniel.rodriguez598@example.com,United Kingdom,Leeds,Home,Lamp,13,64.54,25.16,627.92,420.82,207.1,Mastercard,Online,Lucas Martin,4,No,Priority customer
ORD-103599,2025-01-22 00:00:00,CUST-6406,Barbara Perez,barbara.perez599@example.com,Germany,Frankfurt,Home,Blender,15,104.95,20.92,1244.92,803.69,441.23,Bank Transfer,Phone,Lucas Martin,5,No,Manual review
ORD-103602,2025-11-13 00:00:00,CUST-1701,Anthony Thompson,anthony.thompson602@example.com,Germany,Munich,Software,Security Suite,3,528.96,21.16,1251.1,771.68,479.42,Cash,Retail,Emma Clark,5,No,Repeat order
ORD-103604,2025-12-05 00:00:00,CUST-1357,Barbara Brown,barbara.brown604@example.com,United States,Houston,Home,Vacuum,5,305.02,10.35,1367.25,1009.6,357.65,Cash,Partner,Sophia Taylor,2,No,Manual review
ORD-103608,2026-06-25 00:00:00,CUST-3108,Richard Brown,richard.brown608@example.com,Australia,Perth,Office,Scanner,1,199.56,15.42,168.79,129.94,38.85,PayPal,Online,Mia Wilson,5,No,Repeat order
ORD-103609,2026-03-08 00:00:00,CUST-1610,Karen Taylor,karen.taylor609@example.com,Canada,Vancouver,Electronics,Phone,22,752.59,0.41,16489.1,12837.78,3651.32,Mastercard,Partner,Mia Wilson,4,No,Priority customer
ORD-103611,2024-08-13 00:00:00,CUST-6071,Susan Brown,susan.brown611@example.com,United States,New York,Home,Blender,9,115.13,10.52,927.16,607.78,319.38,Mastercard,Phone,Ava Chen,2,No,Repeat order
ORD-103613,2026-07-19 00:00:00,CUST-4077,Richard Anderson,richard.anderson613@example.com,Germany,Munich,Home,Air Purifier,9,244.44,6.01,2067.74,1421.72,646.02,Visa,Retail,Mia Wilson,5,No,Priority customer
ORD-103614,2024-09-13 00:00:00,CUST-5332,Karen Smith,karen.smith614@example.com,United Kingdom,London,Software,Analytics Suite,2,973.63,0.96,1928.57,1076.51,852.06,PayPal,Phone,Mia Wilson,5,No,Priority customer
ORD-103616,2026-02-02 00:00:00,CUST-2221,Michael Anderson,michael.anderson616@example.com,Germany,Munich,Office,Stationery Pack,9,40.64,26.97,267.11,179.9,87.21,Cash,Online,Sophia Taylor,5,No,Repeat order
ORD-103617,2024-01-20 00:00:00,CUST-4150,Anthony Taylor,anthony.taylor617@example.com,Australia,Brisbane,Electronics,Phone,18,906.99,10.61,14593.65,9623.58,4970.07,PayPal,Online,Mia Wilson,4,No,Repeat order
ORD-103618,2025-06-13 00:00:00,CUST-3558,Jennifer Thompson,jennifer.thompson618@example.com,Germany,Munich,Home,Air Purifier,5,222.36,16.55,927.8,595.44,332.36,Mastercard,Retail,Mia Wilson,5,Yes,Promo campaign
ORD-103619,2025-12-16 00:00:00,CUST-5114,Robert Thomas,robert.thomas619@example.com,United States,Seattle,Office,Chair,20,230.41,1.17,4554.28,3010.73,1543.55,Bank Transfer,Partner,Sophia Taylor,4,No,Priority customer
ORD-103621,2026-02-06 00:00:00,CUST-5811,Thomas Jones,thomas.jones621@example.com,Canada,Calgary,Electronics,Headphones,24,196.18,1.9,4618.86,2570.37,2048.49,PayPal,Online,Mia Wilson,5,No,Promo campaign
ORD-103627,2025-08-04 00:00:00,CUST-6460,Mary Anderson,mary.anderson627@example.com,United Kingdom,Glasgow,Software,Analytics Suite,8,1008.71,16.19,6763.2,5119.93,1643.27,Cash,Partner,Sophia Taylor,4,No,Repeat order
ORD-103628,2026-07-24 00:00:00,CUST-3575,Robert Thompson,not-an-email,Canada,Calgary,Electronics,Phone,12,899.41,10.71,9637.0,7349.52,2287.48,PayPal,Retail,Noah Brown,2,No,Promo campaign
ORD-103630,2025-10-26 00:00:00,CUST-1978,James Williams,james.williams630@example.com,Canada,Toronto,Home,Air Purifier,16,266.96,5.27,4046.26,3176.98,869.28,Bank Transfer,Phone,Noah Brown,3,No,Promo campaign
ORD-103631,2024-08-05 00:00:00,CUST-4390,Susan Jackson,susan.jackson631@example.com,United Kingdom,Glasgow,Software,Analytics Suite,16,848.95,25.1,10173.82,7252.76,2921.06,Bank Transfer,Retail,Lucas Martin,2,No,Promo campaign
ORD-103632,2024-03-09 00:00:00,CUST-5353,Thomas Moore,thomas.moore632@example.com,Australia,Perth,Home,Blender,9,126.46,0.67,1130.51,915.92,214.59,Cash,Phone,Sophia Taylor,5,No,Repeat order
ORD-103634,2025-09-10 00:00:00,CUST-4905,Barbara Williams,barbara.williams634@example.com,Canada,Toronto,Home,Blender,15,102.87,1.69,1516.97,1238.63,278.34,Visa,Phone,Ethan Davis,4,Yes,Promo campaign
ORD-103635,2024-12-08 00:00:00,CUST-2494,Jessica Williams,jessica.williams635@example.com,United States,Chicago,Office,Printer,14,274.38,16.69,3200.2,1979.59,1220.61,PayPal,Online,Noah Brown,5,No,Promo campaign
ORD-103636,2026-07-04 00:00:00,CUST-2870,Lisa Garcia,lisa.garcia636@example.com,Australia,Sydney,Home,Blender,3,97.66,1.79,287.74,233.73,54.01,Cash,Partner,Mia Wilson,3,No,Priority customer
ORD-103637,2024-02-26 00:00:00,CUST-5509,Daniel Thompson,daniel.thompson637@example.com,United Kingdom,London,Home,Coffee Machine,5,216.99,5.53,1024.95,776.54,248.41,Cash,Phone,Ava Chen,5,No,Promo campaign
ORD-103639,2025-09-27 00:00:00,CUST-1166,Sarah Davis,sarah.davis639@example.com,United States,Seattle,Home,Vacuum,23,306.87,11.45,6249.87,3326.25,2923.62,PayPal,Retail,Mia Wilson,5,No,Priority customer
ORD-103640,2024-03-09 00:00:00,CUST-3032,Michael Jones,michael.jones640@example.com,United Kingdom,Leeds,Electronics,Monitor,22,338.88,0.58,7412.12,5431.68,1980.44,PayPal,Online,Ethan Davis,3,No,Promo campaign
ORD-103642,2025-05-18 00:00:00,CUST-5649,Karen Rodriguez,karen.rodriguez642@example.com,United Kingdom,Leeds,Home,Lamp,2,81.69,6.76,152.34,107.53,44.81,Cash,Phone,Sophia Taylor,3,No,Promo campaign
ORD-103643,2025-05-29 00:00:00,CUST-3148,Linda Thompson,linda.thompson643@example.com,United Kingdom,Birmingham,Home,Blender,7,93.68,10.66,585.86,455.37,130.49,PayPal,Online,Noah Brown,4,No,Manual review
ORD-103646,2024-03-18 00:00:00,CUST-1708,Anthony Jones,anthony.jones646@example.com,United Kingdom,Leeds,Software,Analytics Suite,3,1054.05,1.13,3126.42,2362.51,763.91,Visa,Partner,Sophia Taylor,4,No,Manual review
ORD-103648,2025-08-16 00:00:00,CUST-2555,Elizabeth Davis,elizabeth.davis648@example.com,Canada,Calgary,Office,Chair,6,264.51,16.88,1319.16,855.98,463.18,Visa,Partner,Mia Wilson,5,No,Repeat order
ORD-103650,2025-12-12 00:00:00,CUST-3842,James Garcia,james.garcia650@example.com,United Kingdom,Manchester,Software,Security Suite,19,442.73,16.88,6991.95,4293.8,2698.15,Visa,Partner,Ethan Davis,2,No,Priority customer
ORD-103651,2024-05-27 00:00:00,CUST-1788,William Thomas,william.thomas651@example.com,Canada,Vancouver,Office,Stationery Pack,15,49.72,0.21,744.23,603.21,141.02,Visa,Phone,Lucas Martin,2,No,Manual review
ORD-103654,2025-06-20 00:00:00,CUST-5618,Patricia Taylor,patricia.taylor654@example.com,Canada,Vancouver,Software,Cloud Plan,17,338.59,0.96,5700.77,3417.8,2282.97,Visa,Partner,Noah Brown,5,No,Promo campaign
ORD-103657,31/02/2026,CUST-4988,William Smith,william.smith657@example.com,United Kingdom,Birmingham,Electronics,Tablet,7,528.16,21.54,2900.76,1758.88,1141.88,Visa,Online,Ava Chen,4,No,Repeat order
ORD-103659,2024-06-02 00:00:00,CUST-1508,Anthony Jones,anthony.jones659@example.com,Germany,Cologne,Electronics,Tablet,2,609.16,0.88,1207.6,678.94,528.66,Bank Transfer,Partner,Mia Wilson,2,No,Repeat order
ORD-103660,2025-09-26 00:00:00,CUST-3581,Matthew Moore,matthew.moore660@example.com,Canada,Vancouver,Office,Scanner,20,217.76,21.86,3403.15,2000.06,1403.09,Cash,Phone,Ava Chen,3,No,Promo campaign
ORD-103661,00/00/0000,CUST-5066,Mary Johnson,mary.johnson661@example.com,Germany,Hamburg,Home,Air Purifier,19,209.34,11.38,3524.83,2203.18,1321.65,Cash,Retail,Liam Smith,4,No,Promo campaign
ORD-103664,2026-01-14 00:00:00,CUST-5934,Elizabeth Davis,elizabeth.davis664@example.com,Canada,Vancouver,Home,Lamp,19,62.16,15.49,998.1,742.83,255.27,Mastercard,Online,Sophia Taylor,3,No,Priority customer
ORD-103667,2026-01-03 00:00:00,CUST-4171,Joseph Martinez,joseph.martinez667@example.com,United States,Houston,Electronics,Phone,11,740.9,1.52,8026.02,5762.65,2263.37,Visa,Online,Noah Brown,4,No,Manual review
ORD-103668,2024-02-16 00:00:00,CUST-4164,Matthew Garcia,matthew.garcia668@example.com,Australia,Melbourne,Electronics,Headphones,8,199.95,178.22,1502.18,874.34,627.84,Visa,Retail,Noah Brown,5,No,Promo campaign
ORD-103669,2025-08-27 00:00:00,CUST-3523,Barbara Moore,barbara.moore669@example.com,United States,Houston,Software,Security Suite,14,558.48,11.29,6935.99,3651.73,3284.26,PayPal,Retail,Ava Chen,5,No,Manual review
ORD-103671,2026-02-09 00:00:00,CUST-4211,Barbara Wilson,barbara.wilson671@example.com,United Kingdom,Glasgow,Home,Coffee Machine,6,193.45,0.52,1154.66,909.66,245.0,Mastercard,Retail,Sophia Taylor,5,No,Priority customer
ORD-103672,2025-11-02 00:00:00,CUST-2999,Patricia Davis,patricia.davis672@example.com,United States,Los Angeles,Office,Desk,12,416.26,5.22,4734.37,2637.77,2096.6,Bank Transfer,Retail,Mia Wilson,5,No,Promo campaign
ORD-103674,2025-09-11 00:00:00,CUST-1675,Thomas Jackson,thomas.jackson674@example.com,Germany,Cologne,Office,Chair,7,225.01,0.38,1569.08,1195.06,374.02,Cash,Phone,Ava Chen,4,Yes,Manual review
ORD-103680,2025-08-30 00:00:00,CUST-4094,Michael Rodriguez,michael.rodriguez680@example.com,United Kingdom,Leeds,Electronics,Headphones,22,157.18,25.72,2568.57,1976.99,591.58,Bank Transfer,Online,Ethan Davis,4,No,Priority customer
ORD-103683,2024-04-21 00:00:00,CUST-5061,Lisa Rodriguez,lisa.rodriguez683@example.com,Germany,Cologne,Home ,Blender,22,119.02,21.44,2057.05,1110.59,946.46,PayPal,Partner,Emma Clark,5,No,Repeat order
ORD-103685,2026-03-19 00:00:00,CUST-1243,Susan Moore,susan.moore685@example.com,United Kingdom,Manchester,Office,Printer,1,321.47,25.11,240.75,149.6,91.15,Visa,Retail,Mia Wilson,4,No,Manual review
ORD-103688,2026-01-30 00:00:00,CUST-3485,Barbara Martinez,barbara.martinez688@example.com,United States,New York,Electronics,Laptop,17,1186.13,0.94,19974.67,12779.52,7195.15,Visa,Online,Liam Smith,4,No,Manual review
ORD-103689,2026-07-12 00:00:00,CUST-1845,Matthew Moore,matthew.moore689@example.com,United Kingdom,London,Electronics,Headphones,23,204.45,25.16,3519.24,2205.67,1313.57,Mastercard,Online,Ethan Davis,4,No,Repeat order
ORD-103690,2026-01-21 00:00:00,CUST-1855,Anthony Jones,anthony.jones690@example.com,Canada,Calgary,Office,Printer,7,344.87,10.86,2151.92,1358.59,793.33,Cash,Phone,Mia Wilson,5,No,Priority customer
ORD-103693,2026-02-09 00:00:00,CUST-1267,William Brown,william.brown693@example.com,United Kingdom,Birmingham,Software,CRM License,7,637.18,5.3,4223.87,2662.58,1561.29,Bank Transfer,Retail,Noah Brown,5,No,Manual review
ORD-103695,2024-07-18 00:00:00,CUST-4183,Nancy Perez,nancy.perez695@example.com,Canada,Calgary,Software,Cloud Plan,19,293.61,0.99,5523.36,3762.76,1760.6,Visa,Phone,Ava Chen,5,No,Repeat order
ORD-103696,2025-02-17 00:00:00,CUST-2067,Karen Garcia,karen.garcia696@example.com,Australia,Perth,Office,Chair,17,227.03,0.22,3851.02,2877.26,973.76,PayPal,Online,Mia Wilson,3,No,Manual review
ORD-103699,2026-01-07 00:00:00,CUST-4778,Nancy Moore,nancy.moore699@example.com,Australia,Brisbane,Office,Printer,7,332.67,1.58,2291.9,1360.87,931.03,Mastercard,Partner,Noah Brown,4,No,Manual review
ORD-103700,2026-05-11 00:00:00,CUST-1893,Lisa Perez,lisa.perez700@example.com,Canada,Ottawa,Software,Security Suite,16,443.31,15.47,5995.68,3954.89,2040.79,Mastercard,Retail,Ava Chen,5,No,Manual review
ORD-103704,2024-05-06 00:00:00,CUST-5171,Charles Miller,charles.miller704@example.com,Canada,Montreal,Electronics,Tablet,9,703.44,16.68,5274.96,4275.34,999.62,Mastercard,Retail,Noah Brown,4,No,Promo campaign
ORD-103707,2025-10-13 00:00:00,CUST-3651,David Thompson,david.thompson707@example.com,Canada,Ottawa,Home,Coffee Machine,22,195.37,11.86,3788.38,2952.99,835.39,Visa,Partner,Liam Smith,5,No,Manual review
ORD-103709,2025-10-02 00:00:00,CUST-1243,Patricia Smith,patricia.smith709@example.com,United Kingdom,Glasgow,Office,Desk,14,393.36,15.76,4639.13,2615.04,2024.09,Visa,Retail,Noah Brown,5,No,Manual review
ORD-103710,2024-11-18 00:00:00,CUST-4102,Barbara Jones,barbara.jones710@example.com,Germany,Munich,Software,Analytics Suite,12,1057.89,0.1,12681.99,10394.47,2287.52,PayPal,Phone,Emma Clark,3,No,Priority customer
ORD-103711,2025-04-06 00:00:00,CUST-2069,Joseph Williams,joseph.williams711@example.com,United States,Houston,Home,Air Purifier,23,205.5,5.04,4488.28,3649.74,838.54,PayPal,Retail,Mia Wilson,4,No,Promo campaign
ORD-103713,2025-06-16 00:00:00,CUST-6378,Sarah Anderson,sarah.anderson713@example.com,United Kingdom,London,Home,Vacuum,5,275.27,0.86,1364.51,869.26,495.25,PayPal,Partner,Ava Chen,3,No,Priority customer
ORD-103714,2026-04-28 00:00:00,CUST-6282,Lisa Jones,lisa.jones714@example.com,United States,Chicago,Home,Blender,4,116.11,0.81,460.68,279.69,180.99,Cash,Retail,Emma Clark,3,No,Priority customer
ORD-103715,2024-04-07 00:00:00,CUST-3569,Mary Wilson,mary.wilson715@example.com,Canada,Montreal,Software,CRM License,16,583.73,0.34,9307.93,6413.33,2894.6,Mastercard,Retail,Ethan Davis,5,No,Repeat order
ORD-103716,2025-12-30 00:00:00,CUST-2444,Elizabeth Miller,elizabeth.miller716@example.com,Australia,Adelaide,Office,Scanner,20,219.94,5.42,4160.39,2226.29,1934.1,Visa,Partner,Noah Brown,2,No,Priority customer
ORD-103717,2024-12-31 00:00:00,CUST-6047,William Wilson,william.wilson717@example.com,Germany,Cologne,Electronics,Phone,9,794.15,16.07,5998.77,3763.91,2234.86,PayPal,Online,Emma Clark,4,No,Manual review
ORD-103718,2025-01-15 00:00:00,CUST-3293,Karen Anderson,karen.anderson718@example.com,Australia,Brisbane,Home,Air Purifier,23,281.76,1.51,6382.62,3352.46,3030.16,PayPal,Partner,Ethan Davis,3,No,Repeat order
ORD-103719,2024-05-24 00:00:00,CUST-6112,Michael Williams,michael.williams719@example.com,Australia,Perth,Home,Blender,10,126.3,0.37,1258.33,848.24,410.09,Cash,Partner,Emma Clark,4,No,Repeat order
ORD-103720,2025-11-21 00:00:00,CUST-4111,Susan Davis,susan.davis720@example.com,Australia,Brisbane,Home,Air Purifier,1,248.95,11.94,219.23,148.95,70.28,PayPal,Online,Lucas Martin,4,No,Manual review
ORD-103722,31/02/2026,CUST-3419,John Thomas,john.thomas722@example.com,Canada,Montreal,Home,Lamp,8,80.08,21.74,501.36,260.78,240.58,Mastercard,Retail,Sophia Taylor,2,No,Priority customer
ORD-103723,2026-01-15 00:00:00,CUST-4629,Elizabeth Smith,elizabeth.smith723@example.com,Canada,Montreal,Home,Lamp,19,66.1,0.53,1249.24,795.73,453.51,Mastercard,Partner,Noah Brown,4,No,Manual review
ORD-103725,2025-08-07 00:00:00,CUST-4348,Richard Miller,richard.miller725@example.com,United States,Houston,Home,Air Purifier,17,235.05,25.23,2987.7,1603.51,1384.19,Bank Transfer,Phone,Mia Wilson,4,No,Repeat order
ORD-103726,2024-12-18 00:00:00,CUST-4404,Daniel Thomas,daniel.thomas726@example.com,United States,Los Angeles,Home,Air Purifier,7,237.51,1.01,1645.78,1011.61,634.17,Mastercard,Retail,Emma Clark,4,No,Promo campaign
ORD-103727,2025-07-04 00:00:00,CUST-4481,Elizabeth Williams,elizabeth.williams727@example.com,Canada,Vancouver,Office,Chair,14,284.44,0.23,3973.0,3204.92,768.08,Bank Transfer,Phone,Ava Chen,5,No,Promo campaign
ORD-103728,2026-06-26 00:00:00,CUST-5424,David Johnson,david.johnson728@example.com,United States,Chicago,Electronics,Tablet,22,656.44,16.84,12009.7,8446.3,3563.4,Visa,Phone,Liam Smith,4,No,Repeat order
ORD-103730,2024-08-25 00:00:00,CUST-5975,Jessica Brown,jessica.brown730@example.com,Germany,Munich,Electronics,Tablet,8,591.2,16.96,3927.46,2535.7,1391.76,Visa,Phone,Ava Chen,5,No,Priority customer
ORD-103732,2025-12-06 00:00:00,CUST-3150,Jennifer Taylor,jennifer.taylor732@example.com,Australia,Melbourne,Office,Printer,19,335.68,16.45,5328.75,3049.58,2279.17,Cash,Online,Emma Clark,5,No,Promo campaign
ORD-103734,2026-05-04 00:00:00,CUST-6484,Linda Davis,linda.davis734@example.com,Australia,Brisbane,Software,Cloud Plan,16,273.0,6.65,4077.53,2912.22,1165.31,Visa,Partner,Liam Smith,4,No,Priority customer
ORD-103736,2025-11-22 00:00:00,CUST-1800,Sarah Smith,sarah.smith736@example.com,United Kingdom,London,Home,Air Purifier,4,277.79,0.79,1102.38,783.55,318.83,Mastercard,Online,Lucas Martin,4,No,Repeat order
ORD-103738,2024-05-25 00:00:00,CUST-4755,Lisa Johnson,lisa.johnson738@example.com,United States,Chicago,Office,Stationery Pack,15,39.24,6.08,552.81,386.7,166.11,Cash,Retail,Sophia Taylor,4,No,Manual review
ORD-103739,2025-08-28 00:00:00,CUST-5918,William Rodriguez,william.rodriguez739@example.com,United Kingdom,Glasgow,Electronics,Monitor,24,348.05,6.3,7826.95,6327.78,1499.17,PayPal,Retail,Lucas Martin,3,No,Promo campaign
ORD-103740,2025-01-02 00:00:00,CUST-1905,Barbara Moore,barbara.moore740@example.com,Germany,Munich,Home,Air Purifier,24,254.7,20.46,4862.12,2840.83,2021.29,Mastercard,Online,Lucas Martin,4,No,Repeat order
ORD-103741,2024-12-26 00:00:00,CUST-4243,Charles Thomas,charles.thomas741@example.com,United States,New York,Software,Analytics Suite,7,988.99,6.99,6439.02,4429.82,2009.2,Cash,Retail,Lucas Martin,5,No,Promo campaign
ORD-103743,2025-07-01 00:00:00,CUST-4480,Linda Anderson,linda.anderson743@example.com,Canada,Toronto,Office,Desk,11,424.55,1.64,4593.46,2690.67,1902.79,Visa,Phone,Noah Brown,5,No,Manual review
ORD-103744,2024-05-02 00:00:00,CUST-1410,Nancy Martin,nancy.martin744@example.com,Canada,Toronto,Office,Printer,12,304.56,16.76,3042.19,1794.83,1247.36,Bank Transfer,Phone,Ava Chen,5,Yes,Manual review
ORD-103749,2025-05-09 00:00:00,CUST-4510,Elizabeth Davis,elizabeth.davis749@example.com,Canada,Calgary,Home,Blender,15,101.98,10.77,1364.95,1093.31,271.64,Bank Transfer,Retail,Mia Wilson,2,No,Promo campaign
ORD-103750,2024-10-02 00:00:00,CUST-2902,Jessica Miller,jessica.miller750@example.com,Canada,Toronto,Office,Stationery Pack,15,50.06,11.69,663.12,513.72,149.4,Cash,Partner,Ava Chen,4,No,Priority customer
ORD-103753,2026-06-01 00:00:00,CUST-3065,Charles Davis,charles.davis753@example.com,Germany,Cologne,Home,Lamp,15,77.12,21.57,907.28,732.23,175.05,Mastercard,Phone,Ava Chen,4,No,Priority customer
ORD-103754,2026-07-08 00:00:00,CUST-4366,Anthony Wilson,anthony.wilson754@example.com,United Kingdom,Glasgow,Home,Coffee Machine,22,208.59,1.83,4505.0,2838.81,1666.19,Mastercard,Partner,Emma Clark,3,No,Promo campaign
ORD-103756,2024-07-26 00:00:00,CUST-1800,William Perez,william.perez756@example.com,Australia,Brisbane,Electronics,Headphones,15,168.38,0.19,2520.9,1694.07,826.83,Visa,Partner,Emma Clark,5,No,Priority customer
ORD-103757,2025-05-25 00:00:00,CUST-5519,Karen Rodriguez,karen.rodriguez757@example.com,Canada,Toronto,Home,Vacuum,13,267.78,25.13,2606.33,1436.39,1169.94,Bank Transfer,Partner,Liam Smith,2,No,Priority customer
ORD-103758,2026-07-18 00:00:00,CUST-6227,Michael Jones,michael.jones758@example.com,Canada,Vancouver,Home,Lamp,7,81.03,0.36,565.17,424.08,141.09,Bank Transfer,Phone,Sophia Taylor,4,No,Repeat order
ORD-103760,2025-06-09 00:00:00,CUST-2666,Jessica Thompson,jessica.thompson760@example.com,Germany,Cologne,Home,Air Purifier,23,260.27,176.74,5080.5,3547.72,1532.78,Mastercard,Phone,Lucas Martin,4,No,Manual review
ORD-103762,2026-01-31 00:00:00,CUST-1801,Robert Jackson,robert.jackson762@example.com,United States,Los Angeles,Home,Coffee Machine,23,218.54,26.85,3676.83,2970.95,705.88,Visa,Phone,Noah Brown,5,No,Promo campaign
ORD-103763,2025-01-28 00:00:00,CUST-2659,Karen Moore,karen.moore763@example.com,Australia,Adelaide,Home,Vacuum,4,262.8,25.88,779.15,600.19,178.96,Visa,Partner,Mia Wilson,2,No,Priority customer
ORD-103764,2025-12-03 00:00:00,CUST-3297,Robert Moore,robert.moore764@example.com,Germany,Frankfurt,Electronics,Laptop,17,1315.86,1.13,22116.84,15206.76,6910.08,PayPal,Online,Noah Brown,5,No,Manual review
ORD-103765,2026-03-02 00:00:00,CUST-5170,Mary Martin,mary.martin765@example.com,United States,Chicago,Software,Security Suite,21,509.38,16.29,8954.44,4819.57,4134.87,PayPal,Partner,Noah Brown,2,No,Manual review
ORD-103767,2025-02-08 00:00:00,CUST-6396,Anthony Perez,anthony.perez767@example.com,United States,Chicago,Electronics,Phone,24,971.5,25.41,17391.4,13232.98,4158.42,PayPal,Online,Liam Smith,4,No,Repeat order
ORD-103768,2024-11-19 00:00:00,CUST-4903,Charles Johnson,charles.johnson768@example.com,United States,New York,Home,Coffee Machine,15,176.15,1.14,2612.13,1458.45,1153.68,Cash,Phone,Ethan Davis,4,No,Manual review
ORD-103771,2024-02-22 00:00:00,CUST-5636,William Anderson,william.anderson771@example.com,Canada,Calgary,Software,CRM License,7,646.96,0.88,4488.87,2424.59,2064.28,PayPal,Partner,Emma Clark,5,No,Repeat order
ORD-103772,2026-05-12 00:00:00,CUST-5557,Thomas Jones,thomas.jones772@example.com,United Kingdom,Leeds,Home,Coffee Machine,15,167.33,0.95,2486.11,1867.41,618.7,PayPal,Phone,Liam Smith,3,No,Priority customer
ORD-103774,2026-02-18 00:00:00,CUST-1869,Mary Martin,mary.martin774@example.com,Canada,Toronto,Home,Lamp,3,67.46,105.08,157.92,123.7,34.22,Visa,Online,Ava Chen,4,No,Promo campaign
ORD-103777,2024-02-23 00:00:00,CUST-1769,Richard Smith,richard.smith777@example.com,United Kingdom,Leeds,Office,Stationery Pack,5,44.23,1.79,217.19,138.2,78.99,Mastercard,Partner,Noah Brown,3,No,Repeat order
ORD-103778,2025-07-18 00:00:00,CUST-1146,Jessica Thomas,jessica.thomas778@example.com,United States,New York,Office,Stationery Pack,17,44.1,1.99,734.78,406.24,328.54,Mastercard,Online,Lucas Martin,5,No,Repeat order
ORD-103779,2026-06-01 00:00:00,CUST-5337,John Miller,john.miller779@example.com,U.K.,Glasgow,Office,Scanner,8,223.15,10.89,1590.79,1265.56,325.23,Mastercard,Partner,Sophia Taylor,3,No,Priority customer
ORD-103780,2026-02-19 00:00:00,CUST-2843,Sarah Brown,sarah.brown780@example.com,United States,Los Angeles,Electronics,Tablet,5,549.14,1.11,2715.22,1540.41,1174.81,Cash,Retail,Emma Clark,5,No,Manual review
ORD-103782,2024-10-11 00:00:00,CUST-1861,Michael Thomas,michael.thomas782@example.com,Germany,Berlin,Software,CRM License,6,707.97,11.17,3773.34,3036.5,736.84,Visa,Phone,Liam Smith,5,No,Priority customer
ORD-103784,2024-11-15 00:00:00,CUST-3244,Linda Moore,linda.moore784@example.com,United States,Houston,Office,Chair,13,293.84,15.4,3231.65,1823.2,1408.45,Cash,Phone,Liam Smith,4,No,Priority customer
ORD-103786,2024-09-23 00:00:00,CUST-1287,Robert Thompson,robert.thompson786@example.com,Canada,Toronto,Home,Coffee Machine,17,223.91,25.04,2853.33,1856.33,997.0,Visa,Retail,Emma Clark,4,No,Priority customer
ORD-103788,2024-10-06 00:00:00,CUST-5956,Anthony Jackson,anthony.jackson788@example.com,Germany,Hamburg,Electronics,Monitor,2,389.59,16.57,650.07,403.06,247.01,Visa,Phone,Ava Chen,4,No,Priority customer
ORD-103790,2024-04-30 00:00:00,CUST-3969,Joseph Jackson,joseph.jackson790@example.com,United Kingdom,London,Home,Lamp,19,69.7,5.15,1256.1,909.62,346.48,PayPal,Partner,Liam Smith,5,No,Promo campaign
ORD-103791,2024-04-17 00:00:00,CUST-5523,Linda Perez,linda.perez791@example.com,Germany,Munich,Office,Scanner,15,257.19,1.19,3811.94,2270.56,1541.38,Cash,Phone,Noah Brown,5,No,Priority customer
ORD-103792,2025-12-11 00:00:00,CUST-3842,Patricia Perez,patricia.perez792@example.com,Germany,Cologne,Software,Analytics Suite,21,994.87,5.1,19826.76,12921.97,6904.79,Bank Transfer,Phone,Liam Smith,5,No,Repeat order
ORD-103793,2024-07-01 00:00:00,CUST-1176,William Brown,william.brown793@example.com,United States,New York,Electronics,Headphones,7,208.35,0.04,1457.87,885.94,571.93,Bank Transfer,Phone,Emma Clark,4,No,Repeat order
ORD-103795,2025-10-19 00:00:00,CUST-5310,Anthony Thompson,anthony.thompson795@example.com,United States,Seattle,Electronics,Phone,3,819.69,0.34,2450.71,1591.12,859.59,Visa,Phone,Emma Clark,4,No,Promo campaign
ORD-103797,2024-05-25 00:00:00,CUST-2363,Daniel Williams,daniel.williams797@example.com,Germany,Berlin,Office,Chair,1,262.2,1.87,257.3,139.7,117.6,Visa,Retail,Ethan Davis,4,No,Manual review
ORD-103798,2024-02-18 00:00:00,CUST-3850,Nancy Thomas,nancy.thomas798@example.com,United Kingdom,Manchester,Electronics,Laptop,3,1032.57,10.67,2767.18,2192.64,574.54,Visa,Online,Liam Smith,3,No,Promo campaign
ORD-103799,2026-06-17 00:00:00,CUST-3644,Joseph Brown,joseph.brown799@example.com,United Kingdom,Glasgow,Electronics,Headphones,12,190.29,1.94,2239.18,1206.84,1032.34,Visa,Partner,Liam Smith,4,No,Promo campaign
ORD-103801,2025-01-13 00:00:00,CUST-1907,Joseph Thompson,joseph.thompson801@example.com,Germany,Berlin,Home,Blender,8,111.39,1.2,880.43,466.15,414.28,PayPal,Online,Ethan Davis,5,No,Repeat order
ORD-103804,2025-07-19 00:00:00,CUST-1598,Lisa Thomas,lisa.thomas804@example.com,United States,Houston,Home,Vacuum,21,324.45,16.05,5719.89,3541.62,2178.27,Visa,Partner,Sophia Taylor,5,No,Priority customer
ORD-103806,2025-09-29 00:00:00,CUST-4824,Linda Smith,linda.smith806@example.com,Canada,Vancouver,Home,Coffee Machine,18,185.99,1.72,3290.24,1775.58,1514.66,Cash,Online,Ava Chen,5,No,Promo campaign
ORD-103808,2026-07-04 00:00:00,CUST-3816,Anthony Perez,anthony.perez808@example.com,United Kingdom,Birmingham,Software,Design Suite,6,549.9,0.83,3272.01,1914.13,1357.88,Visa,Online,Mia Wilson,4,No,Promo campaign
ORD-103809,2025-11-25 00:00:00,CUST-4718,Karen Martinez,karen.martinez809@example.com,Australia,Brisbane,Home,Coffee Machine,19,207.95,0.92,3914.7,2588.78,1325.92,Visa,Retail,Sophia Taylor,5,No,Manual review
ORD-103811,2025-02-28 00:00:00,CUST-2531,Anthony Moore,anthony.moore811@example.com,Canada,Vancouver,Home,Blender,10,95.27,1.21,941.17,490.92,450.25,PayPal,Online,Ethan Davis,5,No,Promo campaign
ORD-103813,2025-11-26 00:00:00,CUST-1853,James Moore,james.moore813@example.com,Australia,Brisbane,Electronics,Headphones,1,163.3,11.64,144.29,92.79,51.5,Bank Transfer,Phone,Noah Brown,4,No,Repeat order
ORD-103816,2025-07-04 00:00:00,CUST-2185,Mary Miller,mary.miller816@example.com,Canada,Toronto,Home,Vacuum,1,282.74,6.78,263.57,148.84,114.73,Visa,Online,Noah Brown,2,No,Manual review
ORD-103817,2025-12-30 00:00:00,CUST-5033,Patricia Wilson,patricia.wilson817@example.com,United States,Houston,Office,Desk,16,448.39,21.37,5641.1,3902.34,1738.76,PayPal,Phone,Liam Smith,5,No,Manual review
ORD-103819,2026-07-17 00:00:00,CUST-6069,Patricia Brown,patricia.brown819@example.com,Australia,Adelaide,Electronics,Tablet,17,549.2,164.31,8807.96,5791.81,3016.15,Visa,Retail,Lucas Martin,5,No,Priority customer
ORD-103822,2024-02-27 00:00:00,CUST-5187,Elizabeth Miller,elizabeth.miller822@example.com,United Kingdom,London,Office,Stationery Pack,17,43.22,16.19,615.79,497.56,118.23,Bank Transfer,Phone,Liam Smith,5,No,Priority customer
ORD-103824,2025-08-08 00:00:00,CUST-4645,Joseph Smith,joseph.smith824@example.com,Australia,Sydney,Office,Scanner,20,229.48,26.3,3382.54,1894.31,1488.23,Bank Transfer,Online,Mia Wilson,4,No,Priority customer
ORD-103826,2024-12-31 00:00:00,CUST-4419,Robert Garcia,robert.garcia826@example.com,Canada,Toronto,Electronics,Tablet,17,561.46,21.68,7475.5,5870.62,1604.88,PayPal,Partner,Ava Chen,4,No,Promo campaign
ORD-103827,2025-05-22 00:00:00,CUST-1603,Charles Williams,charles.williams827@example.com,Australia,Melbourne,Software,Security Suite,19,557.11,5.85,9965.86,6267.89,3697.97,Mastercard,Online,Noah Brown,4,No,Promo campaign
ORD-103828,2024-03-07 00:00:00,CUST-6088,Joseph Thomas,joseph.thomas828@example.com,United Kingdom,London,Home,Air Purifier,16,269.66,0.24,4304.21,2558.47,1745.74,Visa,Retail,Lucas Martin,4,No,Manual review
ORD-103829,2026-04-09 00:00:00,CUST-1690,Matthew Johnson,matthew.johnson829@example.com,United States,Seattle,Office,Stationery Pack,15,44.68,0.36,667.79,350.53,317.26,Visa,Retail,Sophia Taylor,2,No,Promo campaign
ORD-103833,2024-02-07 00:00:00,CUST-4612,James Martinez,user@,United States,Seattle,Home,Air Purifier,24,260.23,26.9,4565.48,2600.35,1965.13,Mastercard,Online,Lucas Martin,2,No,Priority customer
ORD-103835,2026-04-25 00:00:00,CUST-3421,Karen Perez,karen.perez835@example.com,Australia,Brisbane,Home,Vacuum,19,308.37,11.03,5212.78,3141.73,2071.05,Visa,Online,Ava Chen,4,No,Priority customer
ORD-103836,2024-01-31 00:00:00,CUST-4246,Joseph Johnson,joseph.johnson836@example.com,Australia,Perth,Electronics,Tablet,20,552.52,10.98,9837.07,6623.83,3213.24,Mastercard,Phone,Ava Chen,5,No,Repeat order
ORD-103839,31/02/2026,CUST-2262,Lisa Anderson,lisa.anderson839@example.com,United States,Los Angeles,Software,Design Suite,5,598.32,6.68,2791.76,1592.77,1198.99,Mastercard,Online,Liam Smith,5,No,Promo campaign
ORD-103844,2025-08-25 00:00:00,CUST-5014,Karen Jackson,karen.jackson844@example.com,United Kingdom,Manchester,Office,Stationery Pack,23,45.8,0.06,1052.77,743.13,309.64,PayPal,Online,Ava Chen,4,No,Priority customer
ORD-103847,2025-12-12 00:00:00,CUST-6041,John Brown,john.brown847@example.com,Canada,Montreal,Office,Desk,5,476.2,20.5,1892.89,1516.98,375.91,Bank Transfer,Phone,Sophia Taylor,-2,Yes,Priority customer
ORD-103848,2026-03-01 00:00:00,CUST-6179,Patricia Jackson,patricia.jackson848@example.com,Australia,Brisbane, Electronics ,Headphones,8,206.95,5.46,1565.2,999.6,565.6,PayPal,Partner,Ava Chen,3,No,Manual review
ORD-103849,2024-05-22 00:00:00,CUST-1193,Sarah Martinez,sarah.martinez849@example.com,Australia,Sydney,Office,Printer,3,271.48,5.88,766.55,587.59,178.96,Mastercard,Retail,Ava Chen,3,No,Priority customer
ORD-103850,2025-05-07 00:00:00,CUST-1135,Linda Lee,linda.lee850@example.com,United States,Los Angeles,Software,CRM License,13,668.1,20.84,6875.28,3576.66,3298.62,Cash,Phone,Ethan Davis,5,No,Repeat order
ORD-103853,2024-03-13 00:00:00,CUST-1800,Linda Smith,linda.smith853@example.com,Canada,Montreal,Office,Chair,6,241.35,21.83,1131.98,916.76,215.22,Cash,Phone,Lucas Martin,4,No,Manual review
ORD-103854,2025-09-11 00:00:00,CUST-2206,Patricia Williams,patricia.williams854@example.com,United Kingdom,London,Software,Security Suite,23,530.79,11.85,10761.5,8169.01,2592.49,Mastercard,Phone,Sophia Taylor,5,No,Priority customer
ORD-103856,2025-12-21 00:00:00,CUST-1066,Karen Moore,karen.moore856@example.com,United States,New York,Electronics,Monitor,7,362.43,5.2,2405.09,1366.8,1038.29,PayPal,Partner,Noah Brown,4,No,Priority customer
ORD-103858,2025-12-17 00:00:00,CUST-1275,Susan Johnson,susan.johnson858@example.com,Germany,Frankfurt,Home,Blender,16,118.05,11.88,1664.41,1185.1,479.31,Cash,Phone,Emma Clark,5,No,Priority customer
ORD-103859,2026-07-16 00:00:00,CUST-6179,Nancy Davis,nancy.davis859@example.com,Australia,Sydney,Electronics,Headphones,10,172.84,1.19,1707.83,1327.73,380.1,PayPal,Retail,Noah Brown,4,No,Promo campaign
ORD-103861,2024-08-07 00:00:00,CUST-4401,Mary Perez,mary.perez861@example.com,United Kingdom,Birmingham,Home,Blender,8,96.52,11.49,683.44,535.2,148.24,Visa,Online,Lucas Martin,3,No,Repeat order
ORD-103863,2025-11-19 00:00:00,CUST-2709,Michael Martin,michael.martin863@example.com,Germany,Cologne,Electronics,Laptop,5,1245.32,26.11,4600.83,2567.05,2033.78,Mastercard,Partner,Lucas Martin,4,No,Manual review
ORD-103864,2026-03-30 00:00:00,CUST-2156,Robert Jones,robert.jones864@example.com,United States,Chicago,Office,Chair,14,246.92,0.24,3448.58,2451.15,997.43,Mastercard,Online,Sophia Taylor,5,No,Manual review
ORD-103866,2025-02-03 00:00:00,CUST-4538,Karen Lee,karen.lee866@example.com,Germany,Cologne,Office,Stationery Pack,1,41.95,0.87,41.59,26.77,14.82,Cash,Online,Noah Brown,5,No,Promo campaign
ORD-103867,2025-12-31 00:00:00,CUST-4498,Sarah Jackson,sarah.jackson867@example.com,United Kingdom,Glasgow,Home,Vacuum,21,295.9,26.65,4557.9,2950.12,1607.78,Visa,Retail,Ethan Davis,5,No,Manual review
ORD-103868,2025-01-11 00:00:00,CUST-5899,Nancy Taylor,nancy.taylor868@example.com,AUS,Hamburg,Software,Cloud Plan,14,303.9,21.13,3355.6,2670.64,684.96,Visa,Retail,Noah Brown,5,No,Priority customer
ORD-103874,2026-06-08 00:00:00,CUST-3048,Robert Thompson,robert.thompson874@example.com,Australia,Perth,Home,Vacuum,13,270.16,1.99,3442.19,2119.58,1322.61,Bank Transfer,Retail,Emma Clark,2,No,Manual review
ORD-103877,2024-08-31 00:00:00,CUST-4240,James Miller,james.miller877@example.com,Canada,Calgary,Electronics,Phone,21,947.73,25.06,14914.81,8858.59,6056.22,Bank Transfer,Online,Mia Wilson,3,No,Repeat order
ORD-103881,2024-11-26 00:00:00,CUST-2413,Charles Williams,charles.williams881@example.com,Canada,Toronto,Software,Design Suite,7,498.79,5.5,3299.5,1914.43,1385.07,Cash,Online,Ethan Davis,4,No,Promo campaign
ORD-103882,2026-07-21 00:00:00,CUST-1785,Anthony Taylor,anthony.taylor882@example.com,UK,Birmingham,Home,Air Purifier,17,211.55,11.17,3194.64,1923.21,1271.43,PayPal,Retail,Lucas Martin,3,No,Repeat order
ORD-103883,2025-12-11 00:00:00,CUST-6001,Patricia Anderson,patricia.anderson883@example.com,Canada,Calgary,Home,Vacuum,21,282.97,11.14,5280.39,3441.02,1839.37,Visa,Phone,Ava Chen,3,No,Priority customer
ORD-103884,2025-02-23 00:00:00,CUST-4999,Mary Taylor,mary.taylor884@example.com,Australia,Melbourne,Office,Chair,9,299.33,25.13,2016.98,1336.83,680.15,PayPal,Phone,Sophia Taylor,2,No,Manual review
ORD-103885,2024-01-08 00:00:00,CUST-6336,James Smith,james.smith885@example.com,United States,New York,Software,Design Suite,15,645.69,148.16,7689.2,5486.68,2202.52,PayPal,Phone,Ava Chen,3,No,Priority customer
ORD-103886,2024-03-09 00:00:00,CUST-4456,John Jones,john.jones886@example.com,United Kingdom,Leeds,Software,Analytics Suite,11,887.43,15.13,8284.78,6410.74,1874.04,Mastercard,Online,Noah Brown,5,No,Manual review
ORD-103889,2025-02-04 00:00:00,CUST-6187,Robert Brown,robert.brown889@example.com,United States,Seattle,Electronics,Monitor,17,355.5,10.13,5431.29,4450.63,980.66,Mastercard,Phone,Mia Wilson,3,No,Promo campaign
ORD-103890,2024-05-11 00:00:00,CUST-1888,Elizabeth Perez,elizabeth.perez890@example.com,United Kingdom,Leeds,Electronics,Tablet,17,523.65,1.25,8790.77,7061.04,1729.73,Cash,Retail,Sophia Taylor,4,No,Repeat order
ORD-103891,2025-12-09 00:00:00,CUST-4703,Michael Brown,michael.brown891@example.com,Australia,Brisbane,Office,Chair,3,227.81,10.97,608.46,479.16,129.3,Visa,Partner,Mia Wilson,3,No,Promo campaign
ORD-103892,2026-07-15 00:00:00,CUST-5213,Jennifer Smith,jennifer.smith892@example.com,Canada,Toronto,Home,Coffee Machine,19,182.95,10.49,3111.41,2279.44,831.97,PayPal,Partner,Liam Smith,4,No,Promo campaign
ORD-103897,2026-05-25 00:00:00,CUST-5638,Susan Jackson,susan.jackson897@example.com,Australia,Perth,Electronics,Tablet,5,668.56,25.64,2485.71,1796.08,689.63,PayPal,Partner,Mia Wilson,3,No,Promo campaign
ORD-103901,2025-11-05 00:00:00,CUST-6260,Michael Rodriguez,michael.rodriguez901@example.com,Australia,Melbourne,Software,Security Suite,3,481.49,26.95,1055.19,836.54,218.65,Mastercard,Phone,Noah Brown,5,No,Manual review
ORD-103902,2024-03-17 00:00:00,CUST-6428,Charles Smith,charles.smith902@example.com,Canada,Vancouver,Home,Blender,23,101.45,1.54,2297.42,1675.63,621.79,Visa,Online,Liam Smith,4,No,Repeat order
ORD-103903,2026-07-19 00:00:00,CUST-5258,Thomas Garcia,thomas.garcia903@example.com,United Kingdom,Glasgow,Software,CRM License,7,699.24,0.0,4894.68,3841.45,1053.23,Visa,Phone,Emma Clark,3,No,Repeat order
ORD-103905,2024-08-26 00:00:00,CUST-4202,Richard Lee,richard.lee905@example.com,Australia,Adelaide,Software,Cloud Plan,6,359.35,0.02,2155.67,1681.85,473.82,Mastercard,Phone,Sophia Taylor,5,No,Manual review
ORD-103906,2024-08-19 00:00:00,CUST-2754,Mary Martin,mary.martin906@example.com,Australia,Brisbane,Electronics,Headphones,23,153.73,25.99,2616.84,2048.33,568.51,Bank Transfer,Retail,Lucas Martin,3,No,Manual review
ORD-103907,2024-05-19 00:00:00,CUST-4360,Matthew Martinez,matthew.martinez907@example.com,Canada,Montreal,Home,Air Purifier,15,231.76,5.13,3298.06,2595.96,702.1,Bank Transfer,Phone,Ethan Davis,4,No,Priority customer
ORD-103909,2024-09-19 00:00:00,CUST-3711,Nancy Wilson,nancy.wilson909@example.com,Germany,Frankfurt,Software,Design Suite,10,647.05,0.89,6412.91,3641.98,2770.93,Mastercard,Retail,Noah Brown,4,Yes,Manual review
ORD-103910,2026-02-03 00:00:00,CUST-3563,Robert Miller,robert.miller910@example.com,Australia,Adelaide,Electronics,Phone,6,969.69,10.39,5213.64,3399.32,1814.32,Visa,Online,Ava Chen,4,No,Promo campaign
ORD-103911,2024-02-11 00:00:00,CUST-1995,Linda Perez,linda.perez911@example.com,United Kingdom,London,Home,Coffee Machine,22,204.79,0.12,4499.97,3107.42,1392.55,Bank Transfer,Phone,Ethan Davis,3,No,Repeat order
ORD-103912,2025-04-07 00:00:00,CUST-1252,Michael Jones,michael.jones912@example.com,U.S.A,Glasgow,Home,Vacuum,4,238.56,21.77,746.5,575.8,170.7,Mastercard,Partner,Liam Smith,3,No,Repeat order
ORD-103913,2025-03-27 00:00:00,CUST-5970,Karen Davis,karen.davis913@example.com,United Kingdom,Leeds,Software,Cloud Plan,14,287.1,25.55,2992.44,2377.53,614.91,Mastercard,Online,Emma Clark,4,No,Manual review
ORD-103914,2026-01-01 00:00:00,CUST-1455,Lisa Jackson,lisa.jackson914@example.com,Germany,Munich,Electronics,Headphones,23,193.37,0.97,4404.37,3328.16,1076.21,Bank Transfer,Partner,Lucas Martin,4,No,Priority customer
ORD-103915,2026-06-10 00:00:00,CUST-2762,Linda Martinez,linda.martinez915@example.com,United Kingdom,Leeds,Software,Analytics Suite,22,1056.21,25.39,17336.84,9469.15,7867.69,PayPal,Partner,Noah Brown,5,No,Priority customer
ORD-103916,2025-01-30 00:00:00,CUST-1637,William Wilson,william.wilson916@example.com,Canada,Montreal,Home,Coffee Machine,4,174.39,1.75,685.35,433.18,252.17,Mastercard,Phone,Noah Brown,4,No,Promo campaign
ORD-103917,2025-03-28 00:00:00,CUST-3436,Lisa Jones,lisa.jones917@example.com,Germany,Berlin,Home,Lamp,1,79.25,10.77,70.71,56.35,14.36,Visa,Phone,Noah Brown,4,No,Repeat order
ORD-103918,2024-03-24 00:00:00,CUST-3610,Mary Brown,mary.brown918@example.com,UK,Frankfurt,Software,CRM License,16,751.68,1.08,11896.99,7093.24,4803.75,Mastercard,Phone,Emma Clark,3,No,Promo campaign
ORD-103919,2026-03-30 00:00:00,CUST-4258,Jennifer Jackson,jennifer.jackson919@example.com,United Kingdom,London,Software,Analytics Suite,25,891.42,5.37,21088.77,12888.03,8200.74,Mastercard,Retail,Noah Brown,4,No,Promo campaign
ORD-103920,2024-04-02 00:00:00,CUST-5911,Thomas Brown,thomas.brown920@example.com,Germany,Frankfurt,Electronics,Laptop,3,1104.0,25.46,2468.76,1595.17,873.59,Bank Transfer,Phone,Liam Smith,5,No,Priority customer
ORD-103921,2026-03-25 00:00:00,CUST-5470,Karen Moore,karen.moore921@example.com,Germany,Berlin,Software,Analytics Suite,13,877.76,1.52,11237.43,6059.6,5177.83,Mastercard,Phone,Sophia Taylor,5,Yes,Priority customer
ORD-103924,2024-04-18 00:00:00,CUST-3215,Daniel Brown,daniel.brown924@example.com,United States,New York,Software,CRM License,5,710.45,26.75,2602.02,1719.86,882.16,PayPal,Phone,Emma Clark,3,No,Promo campaign
ORD-103925,2024-08-27 00:00:00,CUST-2760,Barbara Martin,barbara.martin925@example.com,Germany,Munich,Software,Design Suite,4,655.73,1.37,2586.99,1807.72,779.27,Cash,Online,Emma Clark,4,No,Priority customer
ORD-103928,2025-04-13 00:00:00,CUST-1593,John Rodriguez,john.rodriguez928@example.com,United States,Los Angeles,Home,Coffee Machine,16,203.83,10.48,2919.5,1550.91,1368.59,Bank Transfer,Retail,Emma Clark,5,No,Priority customer
ORD-103930,2024-01-15 00:00:00,CUST-4295,David Brown,david.brown930@example.com,United States,Chicago,Software,CRM License,20,679.49,1.31,13411.77,10176.01,3235.76,Cash,Online,Ava Chen,5,No,Manual review
ORD-103931,00/00/0000,CUST-1177,Charles Anderson,charles.anderson931@example.com,Australia,Melbourne,Software,Analytics Suite,22,997.14,20.34,17475.08,10275.8,7199.28,PayPal,Partner,Mia Wilson,4,No,Promo campaign
ORD-103932,2025-12-05 00:00:00,CUST-5232,Susan Smith,susan.smith932@example.com,United States,Houston,Home,Lamp,23,80.79,11.71,1640.58,1037.93,602.65,Mastercard,Phone,Sophia Taylor,4,No,Repeat order
ORD-103933,2024-02-12 00:00:00,CUST-1183,Jessica Johnson,jessica.johnson933@example.com,United States,Los Angeles,Electronics,Tablet,21,666.9,1.5,13794.83,8733.3,5061.53,Bank Transfer,Phone,Ethan Davis,3,No,Priority customer
ORD-103934,2026-05-23 00:00:00,CUST-6374,Jessica Thompson,jessica.thompson934@example.com,United Kingdom,Manchester,Home,Vacuum,21,287.61,11.67,5334.96,3280.03,2054.93,PayPal,Online,Emma Clark,5,No,Priority customer
ORD-103935,2026-05-18 00:00:00,CUST-3256,William Martinez,william.martinez935@example.com,Germany,Frankfurt,Office,Stationery Pack,6,39.67,1.14,235.31,144.29,91.02,Visa,Partner,Mia Wilson,5,No,Promo campaign
ORD-103939,2024-02-07 00:00:00,CUST-5422,William Martinez,william.martinez939@example.com,Canada,Toronto,Software,Design Suite,10,597.86,6.79,5572.65,2984.41,2588.24,Visa,Phone,Noah Brown,4,No,Promo campaign
ORD-103941,2025-07-29 00:00:00,CUST-3674,Daniel Jones,daniel.jones941@example.com,United Kingdom,London,Office,Scanner,14,216.27,1.91,2969.95,1584.73,1385.22,Bank Transfer,Phone,Ava Chen,2,No,Repeat order
ORD-103942,2024-06-07 00:00:00,CUST-4078,Sarah Wilson,sarah.wilson942@example.com,United Kingdom,London,Electronics,Laptop,23,1067.13,0.06,24529.26,15395.24,9134.02,Visa,Partner,Sophia Taylor,4,No,Priority customer
ORD-103943,2025-02-20 00:00:00,CUST-3377,Matthew Moore,matthew.moore943@example.com,Australia,Brisbane,Electronics,Laptop,10,1383.29,1.75,13590.82,9253.14,4337.68,Bank Transfer,Online,Ava Chen,4,No,Promo campaign
ORD-103944,2025-01-28 00:00:00,CUST-3265,David Jones,david.jones944@example.com,Canada,Toronto,Home,Vacuum,24,306.49,16.66,6130.29,4537.1,1593.19,Visa,Retail,Emma Clark,4,No,Repeat order
ORD-103946,2025-02-24 00:00:00,CUST-2142,Anthony Perez,anthony.perez946@example.com,Germany,Frankfurt,Home,Coffee Machine,14,183.24,25.08,1921.97,1032.16,889.81,Cash,Partner,Ethan Davis,4,No,Manual review
ORD-103947,2025-08-01 00:00:00,CUST-3674,Robert Thompson,robert.thompson947@example.com,Australia,Adelaide,Electronics,Laptop,14,1037.18,20.36,11564.14,8391.81,3172.33,Bank Transfer,Online,Mia Wilson,5,No,Manual review
ORD-103948,2024-01-10 00:00:00,CUST-6075,Patricia Smith,patricia.smith948@example.com,Australia,Melbourne,Software ,Security Suite,21,508.55,0.25,10652.85,6019.33,4633.52,Bank Transfer,Phone,Ava Chen,2,No,Priority customer
ORD-103949,2025-03-02 00:00:00,CUST-3528,Joseph Wilson,joseph.wilson949@example.com,Canada,Toronto,Home,Air Purifier,11,234.55,6.15,2421.38,1465.39,955.99,Bank Transfer,Online,Ethan Davis,5,No,Manual review
ORD-103950,2026-03-02 00:00:00,CUST-1500,Barbara Thompson,barbara.thompson950@example.com,Australia,Adelaide,Home,Vacuum,20,305.12,176.47,6031.0,4215.36,1815.64,PayPal,Phone,Ava Chen,4,No,Priority customer
ORD-103951,2024-02-04 00:00:00,CUST-2956,Richard Jones,richard.jones951@example.com,United Kingdom,London,Electronics,Phone,4,824.66,5.05,3132.06,2068.54,1063.52,Mastercard,Online,Noah Brown,4,No,Priority customer
ORD-103952,2025-09-29 00:00:00,CUST-6415,Susan Thompson,susan.thompson952@example.com,Canada,Ottawa,Software,CRM License,14,754.0,0.11,10544.39,5652.18,4892.21,Visa,Online,Emma Clark,4,No,Repeat order
ORD-103953,2025-10-08 00:00:00,CUST-4670,Lisa Thomas,lisa.thomas953@example.com,Canada,Vancouver,Office,Printer,25,364.72,15.7,7686.47,4783.91,2902.56,Visa,Retail,Ethan Davis,4,No,Manual review
ORD-103955,2026-07-12 00:00:00,CUST-2507,Linda Jackson,linda.jackson955@example.com,US,Leeds,Home,Vacuum,14,257.23,15.42,3045.91,2153.64,892.27,Cash,Phone,Mia Wilson,5,No,Promo campaign
ORD-103958,2025-12-21 00:00:00,CUST-2572,Mary Johnson,mary.johnson958@example.com,Germany,Munich,Office,Printer,25,270.93,25.95,5015.59,3161.3,1854.29,Bank Transfer,Phone,Mia Wilson,3,No,Manual review
ORD-103959,2026-06-25 00:00:00,CUST-2945,Elizabeth Garcia,elizabeth.garcia959@example.com,Australia,Sydney,Home,Coffee Machine,4,209.53,1.64,824.37,613.11,211.26,Bank Transfer,Online,Emma Clark,2,No,Manual review
ORD-103961,2025-05-16 00:00:00,CUST-1295,Robert Davis,robert.davis961@example.com,Australia,Perth,Home,Lamp,25,69.88,15.5,1476.21,1187.65,288.56,Cash,Phone,Ethan Davis,4,No,Priority customer
ORD-103965,2026-04-04 00:00:00,CUST-1224,Anthony Garcia,anthony.garcia965@example.com,Germany,Berlin,Software,Cloud Plan,2,362.61,1.79,712.24,555.88,156.36,Cash,Retail,Lucas Martin,5,Yes,Priority customer
ORD-103966,2025-12-04 00:00:00,CUST-3046,Robert Williams,robert.williams966@example.com,United Kingdom,London,Home,Lamp,25,66.04,0.12,1649.02,1014.68,634.34,Visa,Retail,Noah Brown,4,No,Priority customer
ORD-103970,2024-12-23 00:00:00,CUST-5545,Patricia Martin,patricia.martin970@example.com,Germany,Berlin,Office,Printer,16,310.48,10.55,4443.59,3132.92,1310.67,PayPal,Retail,Liam Smith,3,No,Manual review
ORD-103973,2026-06-12 00:00:00,CUST-5555,Anthony Thompson,anthony.thompson973@example.com,Germany,Cologne,Software,CRM License,1,628.92,10.07,565.59,427.01,138.58,Visa,Online,Lucas Martin,5,No,Repeat order
ORD-103977,2026-07-18 00:00:00,CUST-5250,David Johnson,david.johnson977@example.com,Canada,Toronto,Electronics,Phone,25,732.95,10.09,16474.88,10372.64,6102.24,Cash,Retail,Noah Brown,4,No,Promo campaign
ORD-103978,2025-11-08 00:00:00,CUST-4960,Elizabeth Martin,elizabeth.martin978@example.com,United Kingdom,Glasgow,Office,Desk,16,428.25,16.01,5754.99,3864.68,1890.31,Mastercard,Partner,Ava Chen,5,No,Priority customer
ORD-103981,2024-08-25 00:00:00,CUST-4247,Karen Moore,karen.moore981@example.com,Australia,Adelaide,Office,Printer,2,307.97,20.28,491.03,309.63,181.4,PayPal,Partner,Liam Smith,4,No,Priority customer
ORD-103982,2025-07-08 00:00:00,CUST-5752,Jessica Moore,jessica.moore982@example.com,United Kingdom,Birmingham,Home,Vacuum,17,287.55,21.03,3860.33,2843.93,1016.4,Cash,Online,Mia Wilson,4,Yes,Repeat order
ORD-103985,2026-01-22 00:00:00,CUST-4515,Daniel Wilson,daniel.wilson985@example.com,Germany,Munich,Software,Analytics Suite,2,823.54,1.02,1630.28,1016.42,613.86,Bank Transfer,Partner,Mia Wilson,5,Yes,Repeat order
ORD-103986,2026-07-22 00:00:00,CUST-3593,Nancy Thompson,nancy.thompson986@example.com,Germany,Cologne,Office,Chair,13,232.79,1.87,2969.68,1935.14,1034.54,Visa,Phone,Ava Chen,4,No,Priority customer
ORD-103988,2025-02-02 00:00:00,CUST-1627,Anthony Smith,anthony.smith988@example.com,Canada,Montreal,Software,Design Suite,24,547.9,6.08,12350.1,7820.68,4529.42,Visa,Phone,Liam Smith,4,No,Manual review
ORD-103989,2025-07-19 00:00:00,CUST-5168,Karen Rodriguez,karen.rodriguez989@example.com,Germany,Berlin,Software,Cloud Plan,11,361.91,16.91,3307.82,2605.14,702.68,Mastercard,Retail,Liam Smith,5,No,Priority customer
ORD-103990,2024-08-30 00:00:00,CUST-2690,Mary Martinez,mary.martinez990@example.com,Germany,Berlin,Home,Vacuum,17,324.34,15.83,4640.95,2591.3,2049.65,Cash,Retail,Liam Smith,5,No,Repeat order
ORD-103992,2026-07-19 00:00:00,CUST-4917,David Anderson,david.anderson992@example.com,United States,Seattle,Electronics,Laptop,7,1158.88,1.28,8008.32,6461.96,1546.36,Visa,Retail,Noah Brown,4,No,Manual review
ORD-103994,2026-04-25 00:00:00,CUST-2631,Daniel Jackson,daniel.jackson994@example.com,Germany,Cologne,Electronics,Phone,7,775.76,1.37,5355.92,4358.55,997.37,Visa,Retail,Sophia Taylor,5,No,Promo campaign
ORD-103995,2026-04-07 00:00:00,CUST-3316,John Williams,john.williams995@example.com,United Kingdom,London,Office,Desk,12,386.08,1.99,64513.24,14568.32,49944.92,Visa,Retail,Emma Clark,5,No,Priority customer
ORD-104001,2025-01-18 00:00:00,CUST-3868,Matthew Williams,matthew.williams1@example.com,Canada,Toronto,Electronics,Phone,23,811.36,1.36,18407.49,10238.73,8168.76,Mastercard,Partner,Mia Wilson,2,No,Repeat order
ORD-104003,2026-05-30 00:00:00,CUST-5867,Charles Smith,charles.smith3@example.com,Canada,Toronto,Electronics,Phone,24,882.81,20.94,16750.79,13435.83,3314.96,Bank Transfer,Phone,Ava Chen,4,No,Manual review
ORD-104005,2024-08-26 00:00:00,CUST-1875,David Wilson,david.wilson5@example.com,Canada,Montreal,Software,Security Suite,8,432.17,11.56,3057.69,2128.68,929.01,Cash,Online,Sophia Taylor,5,Yes,Repeat order
ORD-104006,2025-06-08 00:00:00,CUST-2106,Michael Garcia,michael.garcia6@example.com,Canada,Vancouver,Home,Coffee Machine,2,199.06,20.31,317.26,242.35,74.91,PayPal,Online,Liam Smith,5,No,Priority customer
ORD-104010,2025-10-29 00:00:00,CUST-2283,Matthew Martinez,matthew.martinez10@example.com,United States,Los Angeles,Software,CRM License,20,758.45,15.75,12779.88,8390.96,4388.92,Visa,Online,Sophia Taylor,4,No,Repeat order
ORD-104012,2024-02-27 00:00:00,CUST-4642,Charles Rodriguez,charles.rodriguez12@example.com,United Kingdom,London,Electronics,Monitor,8,370.46,0.3,2954.79,1974.1,980.69,Mastercard,Phone,Lucas Martin,4,Yes,Priority customer
ORD-104014,2024-04-23 00:00:00,CUST-2332,Robert Thomas,robert.thomas14@example.com,United Kingdom,Birmingham,Home,Lamp,11,81.04,21.78,697.28,470.09,227.19,Visa,Online,Sophia Taylor,5,No,Promo campaign
ORD-104016,2024-05-12 00:00:00,CUST-3022,Karen Miller,karen.miller16@example.com,United States,Chicago,Office,Printer,6,283.45,10.5,1522.13,1203.34,318.79,Mastercard,Online,Liam Smith,5,No,Priority customer
ORD-104017,2025-12-21 00:00:00,CUST-3814,Michael Jackson,michael.jackson17@example.com,Germany,Berlin,Electronics,Headphones,14,184.02,6.09,2419.38,1682.07,737.31,PayPal,Retail,Ethan Davis,5,No,Priority customer
ORD-104018,2025-07-19 00:00:00,CUST-5340,Matthew Williams,matthew.williams18@example.com,United States,Seattle,Home,Vacuum,7,308.03,11.51,1908.03,1489.38,418.65,Bank Transfer,Online,Ethan Davis,3,No,Manual review
ORD-104019,2025-09-22 00:00:00,CUST-4393,Patricia Lee,patricia.lee19@example.com,Canada,Vancouver,Office,Chair,24,237.48,1.13,5635.12,3485.8,2149.32,Mastercard,Retail,Mia Wilson,4,No,Promo campaign
ORD-104020,2024-11-30 00:00:00,CUST-5295,Barbara Perez,barbara.perez20@example.com,United States,Seattle,Office,Chair,7,239.02,25.41,1248.0,895.43,352.57,Visa,Partner,Noah Brown,5,No,Repeat order
ORD-104021,2025-02-17 00:00:00,CUST-3465,John Martinez,john.martinez21@example.com,Germany,Cologne,Electronics,Monitor,20,336.11,15.68,5668.16,3777.52,1890.64,Mastercard,Retail,Emma Clark,4,Yes,Priority customer
ORD-104023,2026-03-09 00:00:00,CUST-4673,Joseph Thomas,joseph.thomas23@example.com,United States,Los Angeles,Software,Cloud Plan,25,335.62,6.02,7885.39,6299.92,1585.47,Visa,Online,Mia Wilson,2,No,Priority customer
ORD-104024,2025-08-16 00:00:00,CUST-4668,Susan Smith,susan.smith24@example.com,United Kingdom,Glasgow,Electronics,Headphones,4,196.8,25.04,590.09,365.57,224.52,Mastercard,Online,Ava Chen,2,No,Priority customer
ORD-104025,2024-09-12 00:00:00,CUST-2217,Lisa Williams,lisa.williams25@example.com,United States,Houston,Office,Chair,11,252.53,10.14,2496.16,1720.24,775.92,Mastercard,Retail,Liam Smith,3,No,Promo campaign
ORD-104029,2025-09-21 00:00:00,CUST-4075,Linda Perez,linda.perez29@example.com,Australia,Perth,Office,Scanner,15,247.27,16.69,3090.01,2285.5,804.51,Mastercard,Partner,Liam Smith,5,No,Manual review
ORD-104030,2026-01-18 00:00:00,CUST-2141,James Garcia,james.garcia30@example.com,Canada,Toronto,Home,Coffee Machine,5,189.88,26.71,695.82,508.21,187.61,Bank Transfer,Retail,Lucas Martin,3,No,Priority customer
ORD-104031,2024-01-30 00:00:00,CUST-3940,Patricia Taylor,patricia.taylor31@example.com,Germany,Berlin,Office,Stationery Pack,7,43.29,1.57,298.27,200.46,97.81,Mastercard,Partner,Sophia Taylor,2,No,Priority customer
ORD-104034,2025-02-18 00:00:00,CUST-3842,David Johnson,david.johnson34@example.com,Canada,Montreal,Office,Desk,6,447.67,0.05,2684.68,1828.8,855.88,Mastercard,Retail,Noah Brown,2,No,Manual review
ORD-104035,2024-03-18 00:00:00,CUST-2647,James Martinez,james.martinez35@example.com,United States,Los Angeles,Home,Lamp,1,65.54,11.0,58.33,35.86,22.47,Bank Transfer,Phone,Noah Brown,4,No,Repeat order
ORD-104037,2024-08-07 00:00:00,CUST-6163,Linda Brown,@domain.com,Australia,Melbourne,Electronics,Phone,1,880.72,21.31,693.04,551.34,141.7,PayPal,Phone,Liam Smith,5,No,Manual review
ORD-104039,2024-02-03 00:00:00,CUST-2805,Karen Smith,karen.smith39@example.com,Australia,Perth,Home,Vacuum,4,281.07,15.56,949.34,734.72,214.62,Visa,Phone,Liam Smith,5,No,Priority customer
ORD-104041,2025-05-17 00:00:00,CUST-2331,Karen Wilson,karen.wilson41@example.com,United Kingdom,Birmingham,Electronics,Headphones,18,186.05,16.77,2787.29,1614.26,1173.03,Visa,Retail,Ava Chen,4,No,Repeat order
ORD-104044,2025-01-06 00:00:00,CUST-1255,Matthew Garcia,matthew.garcia44@example.com,U.S.A,Cologne,Home,Air Purifier,15,232.02,6.58,3251.3,2206.88,1044.42,Bank Transfer,Partner,Ethan Davis,3,No,Repeat order
ORD-104045,2026-07-04 00:00:00,CUST-2120,James Jackson,james.jackson45@example.com,United Kingdom,Birmingham,Office,Chair,19,262.61,1.38,4920.73,2562.67,2358.06,Mastercard,Online,Noah Brown,4,No,Priority customer
ORD-104046,2025-11-22 00:00:00,CUST-4553,Nancy Smith,nancy.smith46@example.com,United States,Los Angeles,Office,Stationery Pack,17,52.71,26.59,657.8,475.87,181.93,Visa,Online,Sophia Taylor,4,No,Manual review
ORD-104049,2024-02-24 00:00:00,CUST-6316,Matthew Davis,matthew.davis49@example.com,Canada,Ottawa,Electronics,Tablet,24,568.36,1.48,13438.76,9223.11,4215.65,Cash,Phone,Liam Smith,3,No,Repeat order
ORD-104051,2024-09-06 00:00:00,CUST-5520,Linda Taylor,linda.taylor51@example.com,United States,Seattle,Software,Security Suite,3,418.88,0.98,1244.32,890.42,353.9,Cash,Retail,Liam Smith,4,No,Promo campaign
ORD-104054,2024-09-11 00:00:00,CUST-4248,Jessica Martinez,jessica.martinez54@example.com,Germany,Berlin,Software,Design Suite,6,521.04,15.41,2644.49,2081.57,562.92,Mastercard,Retail,Ava Chen,5,No,Priority customer
ORD-104059,2024-05-17 00:00:00,CUST-2093,Joseph Brown,joseph.brown59@example.com,Canada,Ottawa,Electronics,Tablet,12,574.09,0.34,6865.66,4194.96,2670.7,Mastercard,Online,Ethan Davis,5,No,Manual review
ORD-104060,2024-12-23 00:00:00,CUST-5277,Robert Johnson,robert.johnson60@example.com,United States,New York,Software,Cloud Plan,12,376.49,21.92,129679.56,12445.56,117234.0,Visa,Retail,Ethan Davis,4,No,Promo campaign
ORD-104061,2025-07-16 00:00:00,CUST-4501,William Moore,william.moore61@example.com,Canada,Calgary,Office,Chair,13,281.58,20.82,2898.42,1722.63,1175.79,Visa,Retail,Ava Chen,4,No,Repeat order
ORD-104062,2025-10-20 00:00:00,CUST-5901,Jessica Jackson,jessica.jackson62@example.com,Canada,Calgary,home,Vacuum,9,295.25,0.79,2636.26,2116.93,519.33,Mastercard,Partner,Liam Smith,3,No,Promo campaign
ORD-104064,2024-06-09 00:00:00,CUST-4156,Michael Lee,michael.lee64@example.com,United States,Seattle,Home,Vacuum,5,295.78,26.12,1092.61,883.14,209.47,Mastercard,Online,Ethan Davis,3,No,Promo campaign
ORD-104065,2024-03-16 00:00:00,CUST-5766,Mary Miller,mary.miller65@example.com,Germany,Frankfurt,Home,Vacuum,10,313.59,0.03,3134.96,2477.54,657.42,Visa,Phone,Emma Clark,5,No,Priority customer
ORD-104070,2024-11-15 00:00:00,CUST-4278,Karen Thompson,karen.thompson70@example.com,United States,Chicago,Office,Printer,3,279.3,26.97,611.92,383.98,227.94,Bank Transfer,Online,Ava Chen,4,No,Promo campaign
ORD-104072,2025-07-23 00:00:00,CUST-1179,Thomas Miller,thomas.miller72@example.com,Australia,Sydney,Home,Coffee Machine,11,208.68,1.73,2255.77,1476.81,778.96,Visa,Partner,Lucas Martin,2,No,Priority customer
ORD-104075,2026-02-24 00:00:00,CUST-5581,Joseph Lee,joseph.lee75@example.com,Canada,Vancouver,Electronics,Headphones,21,187.6,0.93,3902.96,2474.49,1428.47,PayPal,Phone,Emma Clark,5,No,Priority customer
ORD-104076,2026-01-26 00:00:00,CUST-5899,Matthew Miller,matthew.miller76@example.com,Canada,Ottawa,Home,Lamp,18,71.53,1.46,1268.74,856.83,411.91,Bank Transfer,Phone,Sophia Taylor,4,No,Priority customer
ORD-104079,2024-02-06 00:00:00,CUST-4259,Lisa Moore,lisa.moore79@example.com,United States,Seattle,Office,Scanner,13,257.51,0.87,3318.51,2417.02,901.49,Mastercard,Partner,Ava Chen,3,No,Priority customer
ORD-104083,2026-03-10 00:00:00,CUST-4517,James Thompson,james.thompson83@example.com,United Kingdom,Glasgow,Software,Analytics Suite,11,851.32,0.5,9317.7,5234.74,4082.96,Mastercard,Partner,Noah Brown,5,No,Priority customer
ORD-104087,2026-01-30 00:00:00,CUST-1131,Anthony Taylor,anthony.taylor87@example.com,Canada,Toronto,Office,Chair,5,295.39,5.9,1389.81,1109.12,280.69,Cash,Online,Mia Wilson,3,No,Priority customer
ORD-104088,2025-07-27 00:00:00,CUST-2838,Elizabeth Martinez,elizabeth.martinez88@example.com,United States,Seattle,Electronics,Laptop,11,1287.67,5.44,13393.83,10552.86,2840.97,Mastercard,Retail,Lucas Martin,5,Yes,Repeat order
ORD-104089,2025-09-07 00:00:00,CUST-1510,James Brown,james.brown89@example.com,United States,Seattle,Electronics,Headphones,10,191.74,6.27,1797.18,1096.1,701.08,Mastercard,Online,Ava Chen,5,No,Manual review
ORD-104090,2024-12-21 00:00:00,CUST-4240,Charles Perez,charles.perez90@example.com,USA,Melbourne,Home,Lamp,18,76.53,21.26,1084.67,572.99,511.68,Visa,Retail,Liam Smith,5,No,Priority customer
ORD-104091,2026-06-16 00:00:00,CUST-3772,Robert Thomas,robert.thomas91@example.com,Canada,Vancouver,Office,Printer,2,363.91,25.99,538.66,357.9,180.76,Mastercard,Phone,Lucas Martin,5,No,Priority customer
ORD-104092,2025-09-11 00:00:00,CUST-5137,Michael Martinez,michael.martinez92@example.com,United States,New York,Electronics,Headphones,20,193.37,5.22,3665.52,2919.22,746.3,Mastercard,Retail,Emma Clark,5,No,Promo campaign
ORD-104095,2024-05-26 00:00:00,CUST-4683,Charles Thompson,charles.thompson95@example.com,United Kingdom,London,Electronics,Headphones,18,197.31,0.79,3523.52,2753.93,769.59,Visa,Phone,Emma Clark,5,No,Manual review
ORD-104099,2024-06-01 00:00:00,CUST-1324,Thomas Smith,thomas.smith99@example.com,Germany,Munich,Office,Desk,10,383.69,1.33,3785.87,2141.38,1644.49,Visa,Retail,Ava Chen,4,No,Priority customer
ORD-104103,2026-07-24 00:00:00,CUST-5437,Daniel Martinez,daniel.martinez103@example.com,Australia,Brisbane,Office,Scanner,4,205.71,1.37,811.57,578.24,233.33,Mastercard,Online,Mia Wilson,4,No,Promo campaign
ORD-104104,2024-02-29 00:00:00,CUST-4986,Thomas Brown,thomas.brown104@example.com,Canada,Calgary,Electronics,Monitor,19,309.5,15.79,4951.97,2736.11,2215.86,Mastercard,Phone,Ava Chen,5,No,Repeat order
ORD-104107,2024-07-30 00:00:00,CUST-5090,Robert Wilson,robert.wilson107@example.com,Germany,Hamburg,Software,Security Suite,23,495.35,1.51,11221.01,9115.29,2105.72,PayPal,Retail,Mia Wilson,4,No,Repeat order
ORD-104109,2024-07-13 00:00:00,CUST-1761,Susan Martin,susan.martin109@example.com,Australia,Perth,Office,Printer,16,331.28,25.71,3937.73,2794.77,1142.96,PayPal,Partner,Lucas Martin,4,No,Promo campaign
ORD-104110,2024-09-29 00:00:00,CUST-4810,Susan Jones,susan.jones110@example.com,Australia,Melbourne,Software,CRM License,14,584.15,11.64,7226.17,5036.86,2189.31,Mastercard,Phone,Noah Brown,4,No,Promo campaign
ORD-104114,2024-12-11 00:00:00,CUST-2812,Joseph Taylor,joseph.taylor114@example.com,Germany,Frankfurt,Office,Desk,11,465.87,0.24,5112.27,3319.04,1793.23,Mastercard,Phone,Liam Smith,5,No,Priority customer
ORD-104116,2024-05-12 00:00:00,CUST-1203,Mary Thomas,mary.thomas116@example.com,Germany,Cologne,Software,Analytics Suite,23,766.34,1.62,17340.28,11188.06,6152.22,PayPal,Phone,Mia Wilson,4,No,Manual review
ORD-104117,2024-06-12 00:00:00,CUST-5569,William Johnson,william.johnson117@example.com,Germany,Frankfurt,Software,Analytics Suite,25,926.47,0.89,22955.61,18315.3,4640.31,Cash,Retail,Lucas Martin,4,No,Promo campaign
ORD-104119,2026-04-07 00:00:00,CUST-2378,Thomas Williams,thomas.williams119@example.com,United States,Houston,Software,Analytics Suite,4,989.62,25.59,2945.5,2306.22,639.28,Bank Transfer,Partner,Mia Wilson,5,No,Repeat order
ORD-104121,2024-02-06 00:00:00,CUST-4956,Joseph Johnson,joseph.johnson121@example.com,United Kingdom,Glasgow,Home,Blender,18,124.77,25.68,1669.12,1219.34,449.78,Mastercard,Retail,Ethan Davis,5,No,Repeat order
ORD-104123,2025-06-10 00:00:00,CUST-5513,William Perez,william.perez123@example.com,Canada,Calgary,Home,Blender,8,101.16,26.56,594.34,350.34,244.0,PayPal,Partner,Ethan Davis,2,No,Priority customer
ORD-104127,2026-06-01 00:00:00,CUST-1745,Robert Smith,robert.smith127@example.com,Australia,Brisbane,Home,Lamp,3,62.52,11.46,166.07,128.53,37.54,Mastercard,Retail,Lucas Martin,5,No,Promo campaign
ORD-104130,2025-12-15 00:00:00,CUST-3771,Anthony Thompson,anthony.thompson130@example.com,Germany,Berlin,Software,Security Suite,16,431.09,6.04,6480.83,3571.08,2909.75,Cash,Partner,Sophia Taylor,5,No,Promo campaign
ORD-104131,2024-11-24 00:00:00,CUST-3136,William Anderson,william.anderson131@example.com,United Kingdom,London,Home,Coffee Machine,14,161.55,15.84,1903.45,1047.04,856.41,Visa,Partner,Noah Brown,3,No,Priority customer
ORD-104133,2025-10-07 00:00:00,CUST-1043,Robert Moore,robert.moore133@example.com,United Kingdom,Manchester,Electronics,Tablet,13,653.75,20.89,6723.36,4814.79,1908.57,Visa,Online,Ethan Davis,5,No,Manual review
ORD-104137,2025-08-15 00:00:00,CUST-2638,Jennifer Williams,jennifer.williams137@example.com,Canada,Ottawa,Electronics,Tablet,14,607.78,11.7,7513.38,4065.31,3448.07,Visa,Online,Lucas Martin,4,No,Manual review
ORD-104138,2026-07-07 00:00:00,CUST-5882,Susan Martin,susan.martin138@example.com,United Kingdom,Manchester,Software,Analytics Suite,7,894.81,1.95,6141.53,3777.1,2364.43,Bank Transfer,Partner,Emma Clark,4,No,Repeat order
ORD-104139,2025-11-21 00:00:00,CUST-2943,Jessica Lee,jessica.lee139@example.com,Australia,Adelaide,Home,Vacuum,24,266.11,25.76,4741.44,3613.91,1127.53,Cash,Online,Noah Brown,5,No,Priority customer
ORD-104140,2026-06-21 00:00:00,CUST-3281,Mary Thompson,mary.thompson140@example.com,United Kingdom,Leeds,Electronics,Headphones,14,180.46,25.18,1890.28,1404.1,486.18,Visa,Online,Ethan Davis,5,Yes,Promo campaign
ORD-104141,2024-05-30 00:00:00,CUST-5249,Nancy Perez,nancy.perez141@example.com,Germany,Berlin,Office,Stationery Pack,22,51.74,21.79,890.25,668.5,221.75,Visa,Retail,Emma Clark,2,No,Manual review
ORD-104142,2025-01-31 00:00:00,CUST-4955,John Miller,john.miller142@example.com,United Kingdom,Leeds,Office,Desk,19,417.15,6.08,7443.96,5933.54,1510.42,PayPal,Online,Lucas Martin,5,No,Manual review
ORD-104144,2024-03-25 00:00:00,CUST-6210,Sarah Miller,sarah.miller144@example.com,United States,Houston,Electronics,Laptop,3124,1190.05,26.84,8706.41,5442.68,3263.73,Cash,Retail,Emma Clark,2,No,Promo campaign
ORD-104146,2025-04-07 00:00:00,CUST-5944,Charles Jones,charles.jones146@example.com,Canada,Montreal,Home,Blender,6,111.24,16.19,559.38,442.54,116.84,Mastercard,Retail,Emma Clark,2,No,Repeat order
ORD-104149,2025-10-12 00:00:00,CUST-6185,Sarah Brown,sarah.brown149@example.com,Canada,Ottawa,Home,Air Purifier,8,267.6,10.63,1913.23,1165.63,747.6,Bank Transfer,Retail,Ethan Davis,4,No,Priority customer
ORD-104150,2025-06-14 00:00:00,CUST-2213,Barbara Miller,barbara.miller150@example.com,Germany,Cologne,Software,Design Suite,23,613.35,0.18,14081.66,11076.59,3005.07,Cash,Retail,Mia Wilson,5,No,Manual review
ORD-104152,2026-02-07 00:00:00,CUST-1419,Barbara Smith,barbara.smith152@example.com,United States,Chicago,Home,Air Purifier,18,212.15,1.35,3767.15,2733.56,1033.59,Bank Transfer,Phone,Ava Chen,5,No,Promo campaign
ORD-104154,2026-04-28 00:00:00,CUST-1531,Anthony Davis,anthony.davis154@example.com,australia,Ottawa,Electronics,Laptop,20,1288.99,26.33,18991.98,12456.31,6535.67,Cash,Online,Lucas Martin,4,No,Promo campaign
ORD-104158,2025-02-13 00:00:00,CUST-6152,Jennifer Martinez,jennifer.martinez158@example.com,United States,New York,Office,Printer,17,330.77,5.49,5314.38,2789.94,2524.44,Visa,Retail,Noah Brown,4,No,Priority customer
ORD-104160,2026-01-16 00:00:00,CUST-2985,Sarah Jackson,sarah.jackson160@example.com,Canada,Calgary,Software,Design Suite,10,538.75,5.58,5086.88,3638.09,1448.79,PayPal,Phone,Ethan Davis,4,No,Manual review
ORD-104162,2024-10-21 00:00:00,CUST-3898,Lisa Anderson,lisa.anderson162@example.com,Australia,Sydney,Software,Analytics Suite,24,961.1,26.11,17043.76,13456.3,3587.46,Bank Transfer,Retail,Lucas Martin,4,No,Manual review
ORD-104163,2026-06-29 00:00:00,CUST-6054,Linda Smith,linda.smith163@example.com,United States,Chicago,Office,Scanner,1,199.26,5.37,188.56,105.31,83.25,Cash,Retail,Emma Clark,4,No,Priority customer
ORD-104164,2024-03-12 00:00:00,CUST-1030,James Jones,james.jones164@example.com,United States,Seattle,Home,Vacuum,1,292.28,25.66,217.28,168.19,49.09,Mastercard,Retail,Ethan Davis,2,No,Manual review
ORD-104167,2025-08-18 00:00:00,CUST-3770,Daniel Johnson,daniel.johnson167@example.com,United Kingdom,Manchester,Home,Lamp,1,63.89,1.19,-63.13,45.75,-108.88,Cash,Phone,Noah Brown,2,No,Manual review
ORD-104168,2024-01-08 00:00:00,CUST-4564,Joseph Anderson,joseph.anderson168@example.com,United States,New York,Electronics,Phone,11,822.69,5.17,8581.73,7004.87,1576.86,Mastercard,Retail,Liam Smith,4,No,Priority customer
ORD-104171,2025-06-24 00:00:00,CUST-5595,Linda Jackson,linda.jackson171@example.com,United Kingdom,Leeds,HOME,Vacuum,10,260.93,10.06,2346.8,1385.5,961.3,Bank Transfer,Partner,Noah Brown,5,No,Manual review
ORD-104172,2025-06-29 00:00:00,CUST-5148,Michael Moore,michael.moore172@example.com,Australia,Adelaide,Home,Coffee Machine,18,217.07,1.58,3845.53,2804.9,1040.63,PayPal,Phone,Mia Wilson,2,No,Repeat order
ORD-104173,2026-06-29 00:00:00,CUST-3946,Anthony Wilson,anthony.wilson173@example.com,United States,New York,Office,Desk,2,471.28,0.81,934.93,747.94,186.99,Visa,Partner,Sophia Taylor,5,No,Priority customer
ORD-104175,2024-08-20 00:00:00,CUST-3805,Karen Rodriguez,karen.rodriguez175@example.com,Australia,Melbourne,Electronics,Tablet,19,617.05,1.81,11511.75,7891.75,3620.0,Bank Transfer,Retail,Lucas Martin,4,No,Promo campaign
ORD-104177,2025-01-21 00:00:00,CUST-1807,Matthew Lee,matthew.lee177@example.com,United Kingdom,Leeds,Office,Scanner,2,251.52,11.85,443.43,352.94,90.49,Bank Transfer,Retail,Sophia Taylor,4,No,Priority customer
ORD-104180,2024-05-27 00:00:00,CUST-5903,Sarah Thompson,sarah.thompson180@example.com,United Kingdom,Leeds,Home,Air Purifier,3,259.41,0.55,773.95,568.81,205.14,Bank Transfer,Online,Lucas Martin,3,No,Repeat order
ORD-104181,2024-05-26 00:00:00,CUST-2735,Jennifer Brown,jennifer.brown181@example.com,Canada,Vancouver,Home,Coffee Machine,23,166.36,20.86,111505.87,6870.96,104634.91,Cash,Phone,Emma Clark,5,No,Priority customer
ORD-104184,2025-10-07 00:00:00,CUST-2442,Linda Thomas,linda.thomas184@example.com,Australia,Brisbane,Office,Scanner,10,190.44,20.27,1518.38,1107.93,410.45,Cash,Retail,Ava Chen,5,No,Repeat order
ORD-104188,2024-10-08 00:00:00,CUST-5918,Thomas Davis,thomas.davis188@example.com,United Kingdom,Manchester,Software,CRM License,14,554.82,26.29,5725.41,4091.95,1633.46,Bank Transfer,Phone,Ethan Davis,4,No,Repeat order
ORD-104192,2025-08-11 00:00:00,CUST-4171,Susan Lee,susan.lee192@example.com,Germany,Frankfurt,Home,Lamp,21,74.85,0.57,-1562.89,964.62,-2527.51,Visa,Phone,Noah Brown,5,No,Manual review
ORD-104195,2026-01-03 00:00:00,CUST-1012,James Davis,james.davis195@example.com,Australia,Melbourne,Office,Scanner,19,231.24,20.14,3508.7,2364.93,1143.77,Mastercard,Phone,Lucas Martin,5,Yes,Priority customer
ORD-104199,2024-08-08 00:00:00,CUST-1881,Richard Brown,richard.brown199@example.com,Canada,Calgary,Electronics,Monitor,25,321.62,1.83,7893.36,4128.97,3764.39,Visa,Partner,Sophia Taylor,2,No,Priority customer
ORD-104201,2024-12-23 00:00:00,CUST-1185,Mary Thompson,mary.thompson201@example.com,Australia,Sydney,Home,Blender,1774,112.58,0.23,2695.71,1710.57,985.14,Cash,Partner,Emma Clark,4,No,Manual review
ORD-104203,2024-02-08 00:00:00,CUST-3729,Sarah Garcia,sarah.garcia203@example.com,United States,Los Angeles,Home,Coffee Machine,15,181.36,26.96,1986.98,1310.46,676.52,Cash,Retail,Sophia Taylor,2,No,Repeat order
ORD-104204,2026-01-15 00:00:00,CUST-4810,Daniel Lee,daniel.lee204@example.com,Canada,Vancouver,Electronics,Tablet,20,589.48,25.99,8725.48,5811.78,2913.7,Cash,Phone,Liam Smith,4,No,Repeat order
ORD-104205,2025-09-24 00:00:00,CUST-3741,Daniel Rodriguez,daniel.rodriguez205@example.com,Germany,Munich,Software,Analytics Suite,1,1037.11,21.41,815.06,475.85,339.21,Bank Transfer,Phone,Sophia Taylor,5,No,Manual review
ORD-104206,2024-08-10 00:00:00,CUST-5292,Charles Davis,charles.davis206@example.com,Canada,Calgary,Electronics,Tablet,24,522.99,26.84,9182.87,4797.74,4385.13,Visa,Partner,Ava Chen,4,No,Repeat order
ORD-104207,2025-06-29 00:00:00,CUST-2720,Sarah Smith,sarah.smith207@example.com,Australia,Brisbane,Office,Desk,12,490.62,0.02,5886.26,3697.28,2188.98,PayPal,Retail,Ethan Davis,5,No,Repeat order
ORD-104208,2025-06-17 00:00:00,CUST-3470,Elizabeth Garcia,elizabeth.garcia208@example.com,United Kingdom,Birmingham,Software,CRM License,9,748.87,2.0,6605.03,4309.43,2295.6,Mastercard,Phone,Lucas Martin,2,No,Repeat order
ORD-104209,2026-02-11 00:00:00,CUST-2894,Lisa Miller,lisa.miller209@example.com,United States,Chicago,Software,Design Suite,17,655.17,21.19,8777.77,6397.86,2379.91,PayPal,Retail,Ethan Davis,5,No,Repeat order
ORD-104210,2025-11-22 00:00:00,CUST-1059,Michael Thomas,michael.thomas210@example.com,Australia,Brisbane,Office,Printer,19,358.94,0.52,6784.4,5161.57,1622.83,Visa,Retail,Sophia Taylor,3,No,Repeat order
ORD-104211,2024-07-06 00:00:00,CUST-3580,Lisa Martinez,lisa.martinez211@example.com,United States,Los Angeles,Home,Air Purifier,12,243.31,11.65,2579.57,1582.81,996.76,Cash,Partner,Liam Smith,4,No,Repeat order
ORD-104213,2025-10-23 00:00:00,CUST-3492,David Thompson,david.thompson213@example.com,Australia,Sydney,Office,Chair,24,291.17,16.7,5821.07,3832.95,1988.12,PayPal,Online,Ethan Davis,4,No,Manual review
ORD-104214,2026-05-16 00:00:00,CUST-2803,Michael Smith,michael.smith214@example.com,United States,Chicago,Home,Blender,17,113.76,16.8,1609.02,937.56,671.46,Cash,Phone,Ethan Davis,4,No,Priority customer
ORD-104215,2024-04-22 00:00:00,CUST-3177,James Lee,james.lee215@example.com,United Kingdom,Birmingham,Electronics,Phone,22,832.82,16.58,15284.25,10638.93,4645.32,Mastercard,Partner,Mia Wilson,5,No,Manual review
ORD-104216,2025-07-24 00:00:00,CUST-5125,David Thomas,david.thomas216@example.com,Germany,Berlin,Software,Analytics Suite,1,904.96,5.87,851.84,567.13,284.71,Cash,Retail,Emma Clark,4,No,Manual review
ORD-104217,2025-07-13 00:00:00,CUST-5050,Mary Brown,mary.brown217@example.com,United Kingdom,Manchester,Software,Cloud Plan,7,321.43,0.25,2244.38,1369.64,874.74,Cash,Online,Sophia Taylor,4,No,Repeat order
ORD-104219,2025-11-28 00:00:00,CUST-3070,James Davis,james.davis219@example.com,Canada,Vancouver,Home,Air Purifier,2,271.91,16.28,455.29,264.2,191.09,Visa,Online,Lucas Martin,4,No,Manual review
ORD-104220,2025-07-03 00:00:00,CUST-4117,Nancy Moore,nancy.moore220@example.com,Germany,Hamburg,Electronics,Tablet,2,633.63,5.4,1198.83,648.23,550.6,PayPal,Partner,Liam Smith,2,No,Promo campaign
ORD-104221,2026-06-13 00:00:00,CUST-1181,Lisa Williams,lisa.williams221@example.com,United Kingdom,Leeds,Home,Air Purifier,18,274.74,5.35,4680.75,3570.98,1109.77,Bank Transfer,Online,Sophia Taylor,4,No,Manual review
ORD-104222,2024-11-02 00:00:00,CUST-4818,James Williams,james.williams222@example.com,Germany,Berlin,Software,Cloud Plan,20,369.64,26.13,5461.06,2873.95,2587.11,Visa,Online,Lucas Martin,4,No,Manual review
ORD-104225,2024-06-08 00:00:00,CUST-3384,Lisa Wilson,lisa.wilson225@example.com,Germany,Cologne,Office,Chair,3,265.22,26.58,584.17,323.03,261.14,PayPal,Partner,Sophia Taylor,3,No,Priority customer
ORD-104227,2024-05-17 00:00:00,CUST-1448,Charles Davis,charles.davis227@example.com,Germany,Berlin,Electronics,Tablet,12,564.93,11.84,5976.51,3150.46,2826.05,Cash,Partner,Noah Brown,5,No,Repeat order
ORD-104230,2024-02-14 00:00:00,CUST-2050,Mary Miller,mary.miller230@example.com,Germany,Munich,Electronics,Laptop,17,1183.5,1.53,19811.67,15023.22,4788.45,PayPal,Partner,Liam Smith,4,Yes,Repeat order
ORD-104231,2026-02-20 00:00:00,CUST-5025,Anthony Perez,anthony.perez231@example.com,Germany,Frankfurt,Office,Stationery Pack,10,40.92,20.58,324.99,228.74,96.25,Visa,Phone,Ava Chen,4,No,Priority customer
ORD-104232,2025-08-06 00:00:00,CUST-1843,Jennifer Williams,not-an-email,United Kingdom,Birmingham,Home,Coffee Machine,16,217.73,1.91,3417.14,1889.73,1527.41,Cash,Partner,Emma Clark,5,No,Manual review
ORD-104233,2026-06-03 00:00:00,CUST-5070,Elizabeth Brown,elizabeth.brown233@example.com,Germany,Berlin,Home,Air Purifier,9,270.89,0.87,2416.8,1475.03,941.77,Cash,Retail,Noah Brown,4,No,Repeat order
ORD-104236,2025-09-30 00:00:00,CUST-2975,Anthony Anderson,missing.domain,Australia,Perth,Software,Security Suite,10,480.31,1.59,4726.73,3582.45,1144.28,Cash,Phone,Emma Clark,5,No,Promo campaign
ORD-104240,2024-03-13 00:00:00,CUST-3959,Linda Perez,linda.perez240@example.com,United States,Houston,Electronics,Monitor,23,352.16,1.36,7989.52,4637.47,3352.05,Bank Transfer,Phone,Lucas Martin,4,No,Repeat order
ORD-104241,2024-07-12 00:00:00,CUST-1281,Susan Anderson,susan.anderson241@example.com,United kingdom,Munich,Software,Analytics Suite,1,999.03,21.73,781.94,524.81,257.13,Mastercard,Phone,Ethan Davis,4,No,Promo campaign
ORD-104242,2024-06-09 00:00:00,CUST-2535,Elizabeth Smith,elizabeth.smith242@example.com,United Kingdom,Birmingham,Software,Security Suite,12,419.52,21.24,3964.97,2329.36,1635.61,Cash,Online,Liam Smith,4,No,Promo campaign
ORD-104243,2024-07-10 00:00:00,CUST-4993,James Thompson,james.thompson243@example.com,Australia,Adelaide,Electronics,Tablet,16,648.14,1.15,10250.98,7445.96,2805.02,Bank Transfer,Online,Emma Clark,5,No,Repeat order
ORD-104246,2026-01-07 00:00:00,CUST-3495,Nancy Rodriguez,nancy.rodriguez246@example.com,United Kingdom,Leeds,Office,Printer,6,303.45,1.6,1791.57,989.72,801.85,Cash,Online,Mia Wilson,3,Yes,Priority customer
ORD-104248,2025-11-01 00:00:00,CUST-1274,Robert Perez,robert.perez248@example.com,United Kingdom,Leeds,Office,Stationery Pack,19,40.2,5.39,722.63,382.82,339.81,Cash,Partner,Liam Smith,3,No,Promo campaign
ORD-104250,2025-05-17 00:00:00,CUST-1215,Jennifer Davis,jennifer.davis250@example.com,Australia,Adelaide,Home,Blender,7,128.97,5.34,854.58,568.1,286.48,Mastercard,Partner,Ava Chen,5,No,Promo campaign
ORD-104251,2025-10-30 00:00:00,CUST-3184,Sarah Williams,sarah.williams251@example.com,United Kingdom,Glasgow,Home,Air Purifier,8,279.18,1.28,2204.85,1437.36,767.49,Cash,Online,Emma Clark,4,No,Promo campaign
ORD-104252,2025-07-17 00:00:00,CUST-3598,Sarah Wilson,sarah.wilson252@example.com,United States,Seattle,Software,Cloud Plan,10,289.14,11.31,2564.38,1911.23,653.15,Visa,Retail,Lucas Martin,3,No,Promo campaign
ORD-104253,2025-10-21 00:00:00,CUST-1434,Anthony Anderson,anthony.anderson253@example.com,Germany,Frankfurt,Office,Scanner,23,238.66,1.32,5416.72,2897.93,2518.79,Mastercard,Online,Lucas Martin,3,Yes,Repeat order
ORD-104255,2024-03-22 00:00:00,CUST-4409,Lisa Moore,lisa.moore255@example.com,Australia,Melbourne,Electronics,Tablet,8,621.89,26.54,3654.72,1962.05,1692.67,Mastercard,Online,Lucas Martin,4,No,Repeat order
ORD-104257,2025-09-23 00:00:00,CUST-5154,Sarah Martin,sarah.martin257@example.com,Germany,Hamburg,Home,Air Purifier,22,214.78,15.12,4010.72,2413.53,1597.19,Cash,Phone,Ethan Davis,5,No,Priority customer
ORD-104259,2024-01-25 00:00:00,CUST-4201,John Moore,john.moore259@example.com,Germany,Munich,Office,Desk,3,377.97,1.11,1121.32,757.14,364.18,Mastercard,Partner,Sophia Taylor,5,No,Promo campaign
ORD-104261,2024-12-23 00:00:00,CUST-1672,Jennifer Miller,jennifer.miller261@example.com,United Kingdom,Glasgow,Office,Stationery Pack,17,47.73,1.82,796.64,493.57,303.07,Mastercard,Phone,Noah Brown,5,No,Manual review
ORD-104262,2026-01-14 00:00:00,CUST-5108,Jennifer Wilson,jennifer.wilson262@example.com,Germany,Frankfurt,Electronics,Headphones,6,158.85,10.02,857.6,587.1,270.5,Bank Transfer,Partner,Noah Brown,5,No,Promo campaign
ORD-104263,2025-12-27 00:00:00,CUST-2507,Elizabeth Moore,elizabeth.moore263@example.com,AUS,Melbourne,Electronics,Tablet,5,603.5,26.26,2225.1,1318.0,907.1,Visa,Online,Lucas Martin,3,No,Promo campaign
ORD-104265,2024-11-11 00:00:00,CUST-4205,Jennifer Davis,jennifer.davis265@example.com,United Kingdom,Glasgow,Home,Air Purifier,20,238.31,6.94,4435.43,3178.2,1257.23,Visa,Phone,Ethan Davis,3,No,Repeat order
ORD-104267,2024-12-12 00:00:00,CUST-4906,Robert Wilson,robert.wilson267@example.com,Germany,Hamburg,Software,Security Suite,17,558.02,5.4,8974.08,6799.01,2175.07,Visa,Phone,Lucas Martin,5,No,Manual review
ORD-104268,2025-09-21 00:00:00,CUST-4709,William Perez,william.perez268@example.com,Germany,Hamburg,Electronics,Headphones,24,204.21,25.93,3630.2,2048.51,1581.69,Mastercard,Online,Noah Brown,5,No,Promo campaign
ORD-104270,2025-06-21 00:00:00,CUST-2383,William Anderson,william.anderson270@example.com,United States,New York,Software,Security Suite,6,510.75,0.22,3057.76,2064.58,993.18,Cash,Partner,Ethan Davis,5,No,Promo campaign
ORD-104271,2025-08-05 00:00:00,CUST-6490,John Jones,john.jones271@example.com,Australia,Brisbane,Home,Lamp,8,63.85,1.5,503.14,374.06,129.08,Cash,Partner,Noah Brown,5,No,Repeat order
ORD-104272,2025-04-23 00:00:00,CUST-1503,Mary Brown,mary.brown272@example.com,Canada,Calgary,Electronics,Tablet,20,637.39,16.87,10597.25,8396.88,2200.37,Visa,Retail,Lucas Martin,4,No,Promo campaign
ORD-104274,2024-10-08 00:00:00,CUST-1092,John Perez,john.perez274@example.com,Australia,Adelaide,Office,Scanner,16,196.02,16.07,2632.31,2030.1,602.21,PayPal,Phone,Lucas Martin,2,No,Promo campaign
ORD-104275,2024-03-01 00:00:00,CUST-6196,Linda Smith,linda.smith275@example.com,Canada,Vancouver,Home,Air Purifier,14,207.79,26.16,2148.05,1571.39,576.66,Bank Transfer,Phone,Sophia Taylor,5,No,Manual review
ORD-104276,2025-07-13 00:00:00,CUST-1494,Anthony Thompson,anthony.thompson276@example.com,United States,Chicago,Home,Blender,8,102.46,21.14,646.4,395.92,250.48,Visa,Retail,Noah Brown,2,No,Priority customer
ORD-104278,2024-07-10 00:00:00,CUST-4214,Elizabeth Brown,elizabeth.brown278@example.com,United States,Seattle,Office,Printer,8,328.64,25.05,1970.53,1297.36,673.17,Cash,Phone,Sophia Taylor,5,No,Repeat order
ORD-104279,2025-02-10 00:00:00,CUST-1722,John Taylor,john.taylor279@example.com,Germany,Berlin,Office,Stationery Pack,9,43.89,5.47,373.4,248.42,124.98,Bank Transfer,Retail,Ethan Davis,3,No,Priority customer
ORD-104281,2026-01-01 00:00:00,CUST-3046,Daniel Martin,daniel.martin281@example.com,Australia,Adelaide,Home,Air Purifier,9,217.62,20.0,1566.86,1109.5,457.36,Cash,Phone,Ava Chen,2,No,Repeat order
ORD-104284,2024-09-13 00:00:00,CUST-1077,Sarah Williams,sarah.williams284@example.com,United Kingdom,Glasgow,Home,Air Purifier,7,278.38,0.52,1938.53,1245.38,693.15,Visa,Partner,Ava Chen,4,No,Repeat order
ORD-104291,2025-03-16 00:00:00,CUST-2629,Patricia Rodriguez,patricia.rodriguez291@example.com,Canada,Ottawa,Electronics,Phone,18,960.31,5.49,16336.6,9532.34,6804.26,PayPal,Retail,Mia Wilson,5,No,Promo campaign
ORD-104293,2024-05-12 00:00:00,CUST-1945,John Thomas,john.thomas293@example.com,United Kingdom,London,Home,Vacuum,8,329.04,26.51,1934.49,1387.49,547.0,Visa,Online,Lucas Martin,2,No,Manual review
ORD-104294,2026-04-12 00:00:00,CUST-3078,Thomas Perez,thomas.perez294@example.com,Australia,Sydney,Home,Blender,5,96.04,0.34,478.57,302.8,175.77,PayPal,Online,Sophia Taylor,2,No,Priority customer
ORD-104296,2024-06-07 00:00:00,CUST-2280,Linda Garcia,linda.garcia296@example.com,Germany,Munich,Electronics,Monitor,19,324.33,1.79,6051.97,4086.24,1965.73,Mastercard,Partner,Lucas Martin,4,No,Promo campaign
ORD-104297,2026-07-02 00:00:00,CUST-2363,Jessica Garcia,jessica.garcia297@example.com,Canada,Vancouver,Home,Lamp,4,80.19,6.14,301.07,194.55,106.52,Bank Transfer,Phone,Mia Wilson,2,No,Promo campaign
ORD-104298,2025-11-11 00:00:00,CUST-3908,Robert Rodriguez,robert.rodriguez298@example.com,Australia,Melbourne,Software,Security Suite,17,526.95,0.02,8956.36,6506.47,2449.89,PayPal,Online,Lucas Martin,4,No,Promo campaign
ORD-104301,2024-01-24 00:00:00,CUST-5861,Mary Perez,mary.perez301@example.com,United States,Los Angeles,Office,Printer,7,303.01,10.74,1893.27,1225.69,667.58,Visa,Phone,Lucas Martin,5,No,Promo campaign
ORD-104303,2024-02-12 00:00:00,CUST-4893,Thomas Martin,thomas.martin303@example.com,United States,Chicago,Office,Stationery Pack,9,50.22,15.66,381.2,312.05,69.15,PayPal,Retail,Noah Brown,2,No,Priority customer
ORD-104304,2025-08-13 00:00:00,CUST-4962,Charles Rodriguez,charles.rodriguez304@example.com,United Kingdom,London,Electronics,Laptop,3,1021.45,15.87,2578.04,2107.62,470.42,Bank Transfer,Online,Mia Wilson,5,No,Repeat order
ORD-104309,2025-04-09 00:00:00,CUST-3940,Barbara Anderson,barbara.anderson309@example.com,Canada,Vancouver,Office,Chair,3465,236.81,0.8,1174.58,623.81,550.77,PayPal,Retail,Lucas Martin,4,No,Repeat order
ORD-104311,2025-02-07 00:00:00,CUST-4856,Jessica Miller,jessica.miller311@example.com,Australia,Melbourne,Office,Stationery Pack,10,46.53,26.39,342.51,186.27,156.24,Mastercard,Retail,Ava Chen,4,No,Promo campaign
ORD-104312,2024-10-22 00:00:00,CUST-6232,Joseph Johnson,joseph.johnson312@example.com,Australia,Adelaide,Office,Chair,16,243.5,6.95,3625.23,2360.37,1264.86,Bank Transfer,Partner,Mia Wilson,4,No,Repeat order
ORD-104317,2024-08-17 00:00:00,CUST-2628,Patricia Williams,patricia.williams317@example.com,United States,New York,Office,Chair,6,239.11,0.5,1427.49,1046.21,381.28,Bank Transfer,Partner,Sophia Taylor,4,No,Promo campaign
ORD-104318,2025-02-08 00:00:00,CUST-2806,David Taylor,david.taylor318@example.com,Australia,Melbourne,Software,Cloud Plan,23,304.93,1.71,6893.46,3751.68,3141.78,Cash,Retail,Ethan Davis,5,No,Priority customer
ORD-104319,2026-01-24 00:00:00,CUST-1404,Jennifer Garcia,jennifer.garcia319@example.com,United States,Seattle,Software,Analytics Suite,9,969.96,10.44,7818.27,5068.54,2749.73,Cash,Phone,Ava Chen,5,No,Repeat order
ORD-104322,2025-11-04 00:00:00,CUST-4741,Matthew Lee,matthew.lee322@example.com,Australia,Sydney,Software,Security Suite,17,553.96,1.9,9238.39,5673.42,3564.97,Cash,Retail,Noah Brown,4,No,Repeat order
ORD-104323,2025-12-28 00:00:00,CUST-4451,Daniel Taylor,daniel.taylor323@example.com,United Kingdom,Glasgow,Office,Stationery Pack,19,44.69,21.02,670.63,369.51,301.12,Bank Transfer,Retail,Ava Chen,2,No,Priority customer
ORD-104324,2025-06-10 00:00:00,CUST-2570,Richard Rodriguez,richard.rodriguez324@example.com,United States,Chicago,Home,Air Purifier,5,262.76,1.68,1291.73,706.72,585.01,Mastercard,Partner,Sophia Taylor,3,No,Priority customer
ORD-104326,2025-11-11 00:00:00,CUST-1081,Charles Taylor,charles.taylor326@example.com,United States,New York,Software,Security Suite,2,426.56,0.55,848.43,456.35,392.08,Mastercard,Partner,Liam Smith,5,No,Promo campaign
ORD-104327,2024-09-25 00:00:00,CUST-4814,Nancy Thompson,nancy.thompson327@example.com,Canada,Toronto,Office,Scanner,16,221.87,6.04,3335.5,2032.32,1303.18,Visa,Partner,Noah Brown,2,No,Manual review
ORD-104328,2024-03-18 00:00:00,CUST-2217,Susan Taylor,susan.taylor328@example.com,United Kingdom,Leeds,Software,Analytics Suite,12,972.54,10.5,10445.08,7632.89,2812.19,Mastercard,Phone,Ethan Davis,3,No,Promo campaign
ORD-104329,2026-04-18 00:00:00,CUST-2328,David Rodriguez,david.rodriguez329@example.com,United States,New York,Software,CRM License,21,757.81,16.51,13286.61,9383.95,3902.66,Mastercard,Online,Lucas Martin,4,No,Repeat order
ORD-104331,2024-06-04 00:00:00,CUST-4920,David Jones,david.jones331@example.com,Germany,Frankfurt,Home,Air Purifier,1,215.1,1.9,211.01,123.07,87.94,Bank Transfer,Online,Mia Wilson,4,No,Repeat order
ORD-104332,2024-05-22 00:00:00,CUST-6024,Patricia Thomas,patricia.thomas332@example.com,United Kingdom,Glasgow,Electronics,Tablet,9,695.93,164.59,5224.9,3877.33,1347.57,Cash,Phone,Lucas Martin,4,No,Repeat order
ORD-104333,2025-01-19 00:00:00,CUST-2639,Nancy Smith,nancy.smith333@example.com,United Kingdom,Glasgow,Office,Desk,20,419.57,1.57,8259.66,5028.96,3230.7,PayPal,Online,Emma Clark,5,No,Promo campaign
ORD-104334,2024-09-20 00:00:00,CUST-6219,Patricia Lee,patricia.lee334@example.com,Germany,Hamburg,Office,Scanner,15,213.27,5.7,3016.7,2174.22,842.48,Visa,Partner,Mia Wilson,4,No,Promo campaign
ORD-104335,2026-01-18 00:00:00,CUST-5239,William Davis,william.davis335@example.com,United States,Chicago,Electronics,Tablet,19,658.66,11.73,11046.58,6550.31,4496.27,Cash,Online,Noah Brown,5,No,Priority customer
ORD-104337,2024-08-19 00:00:00,CUST-5069,Barbara Wilson,barbara.wilson337@example.com,Australia,Melbourne,Software,CRM License,24,572.94,5.84,12947.53,8268.62,4678.91,Visa,Partner,Sophia Taylor,4,No,Promo campaign
ORD-104340,2026-03-11 00:00:00,CUST-2173,Thomas Johnson,thomas.johnson340@example.com,Germany,Berlin,Electronics,Tablet,23,554.84,15.71,10756.52,7461.7,3294.82,Bank Transfer,Retail,Ethan Davis,4,No,Priority customer
ORD-104342,2025-03-19 00:00:00,CUST-1994,Nancy Williams,nancy.williams342@example.com,Canada,Toronto,Electronics,Phone,14,867.91,20.95,9605.16,7524.41,2080.75,Cash,Retail,Ava Chen,4,No,Priority customer
ORD-104344,2024-06-19 00:00:00,CUST-5705,John Taylor,john.taylor344@example.com,United States,Chicago,Office,Printer,6,277.33,6.94,1548.5,1064.81,483.69,Visa,Phone,Mia Wilson,5,No,Manual review
ORD-104345,2026-06-02 00:00:00,CUST-1190,Linda Moore,linda.moore345@example.com,United States,Houston,Home,Vacuum,7,245.19,16.04,1441.03,913.31,527.72,Bank Transfer,Online,Mia Wilson,4,No,Priority customer
ORD-104346,2024-03-27 00:00:00,CUST-1845,Nancy Lee,nancy.lee346@example.com,United Kingdom,Birmingham,Electronics,Tablet,19,561.51,15.49,9016.11,5262.25,3753.86,Mastercard,Retail,Lucas Martin,4,No,Promo campaign
ORD-104348,2025-05-06 00:00:00,CUST-5164,Linda Jackson,linda.jackson348@example.com,United Kingdom,London,Electronics,Tablet,1,573.94,26.49,421.9,254.53,167.37,Bank Transfer,Online,Noah Brown,4,No,Promo campaign
ORD-104349,2025-02-27 00:00:00,CUST-3847,Jennifer Lee,jennifer.lee349@example.com,Canada,Vancouver,Home,Lamp,13,78.73,15.87,861.06,486.9,374.16,Mastercard,Online,Sophia Taylor,4,No,Priority customer
ORD-104351,2026-05-09 00:00:00,CUST-4859,Elizabeth Miller,elizabeth.miller351@example.com,United Kingdom,Glasgow,Office,Printer,24,365.69,0.0,8776.56,5661.27,3115.29,Visa,Phone,Lucas Martin,2,No,Promo campaign
ORD-104352,2025-01-03 00:00:00,CUST-2269,Nancy Rodriguez,nancy.rodriguez352@example.com,United Kingdom,Manchester,Electronics,Laptop,21,1340.36,26.27,20753.2,12539.83,8213.37,Bank Transfer,Partner,Noah Brown,3,No,Repeat order
ORD-104354,2025-06-09 00:00:00,CUST-4161,Lisa Thomas,lisa.thomas354@example.com,Australia,Sydney,Office,Scanner,21,250.43,25.53,3916.4,2839.76,1076.64,Visa,Partner,Noah Brown,2,No,Manual review
ORD-104358,2026-01-14 00:00:00,CUST-4752,Elizabeth Moore,elizabeth.moore358@example.com,Canada,Montreal,Home,Blender,23,119.82,16.77,2293.7,1723.03,570.67,Bank Transfer,Retail,Ava Chen,5,No,Manual review
ORD-104362,2025-05-12 00:00:00,CUST-1390,Karen Johnson,karen.johnson362@example.com,Canada,Toronto,Software,Cloud Plan,3,367.52,25.35,823.06,645.14,177.92,Mastercard,Partner,Sophia Taylor,2,No,Repeat order
ORD-104363,2025-09-20 00:00:00,CUST-6170,Anthony Martin,anthony.martin363@example.com,United States,New York,Office,Printer,9,356.26,11.26,2845.31,2181.39,663.92,Bank Transfer,Partner,Noah Brown,4,No,Priority customer
ORD-104364,2024-07-20 00:00:00,CUST-2965,Charles Martin,charles.martin364@example.com,United States,New York,Home,Coffee Machine,4,178.71,6.02,671.81,536.44,135.37,Mastercard,Online,Mia Wilson,2,No,Repeat order
ORD-104365,2024-03-06 00:00:00,CUST-5892,Michael Lee,michael.lee365@example.com,Canada,Ottawa,Office,Chair,13,261.0,0.49,3376.37,2181.19,1195.18,PayPal,Retail,Lucas Martin,3,No,Manual review
ORD-104367,2024-04-18 00:00:00,CUST-4867,Thomas Martin,thomas.martin367@example.com,United States,Chicago,Software,Analytics Suite,10,910.13,21.11,7180.02,4868.92,2311.1,Bank Transfer,Online,Ava Chen,5,No,Priority customer
ORD-104368,2024-03-26 00:00:00,CUST-3447,Barbara Rodriguez,barbara.rodriguez368@example.com,Australia,Perth,Home,Vacuum,2,251.45,15.81,423.39,258.64,164.75,Visa,Phone,Emma Clark,3,No,Manual review
ORD-104370,2025-09-05 00:00:00,CUST-1701,Matthew Lee,matthew.lee370@example.com,Australia,Perth,Software,Design Suite,12,640.46,16.22,6438.93,5204.47,1234.46,Cash,Retail,Noah Brown,3,No,Priority customer
ORD-104371,2026-03-15 00:00:00,CUST-1687,Susan Perez,susan.perez371@example.com,Canada,Toronto,Office,Stationery Pack,8,42.14,20.3,268.68,161.83,106.85,Bank Transfer,Online,Sophia Taylor,2,No,Priority customer
ORD-104372,2026-03-05 00:00:00,CUST-4326,James Wilson,james.wilson372@example.com,Australia,Melbourne,Home,Vacuum,24,307.91,1.91,7248.69,4854.08,2394.61,Visa,Online,Ethan Davis,2,No,Priority customer
ORD-104374,2024-08-09 00:00:00,CUST-3614,Mary Moore,mary.moore374@example.com,United Kingdom,Leeds,Software,Analytics Suite,3,932.36,6.88,2604.64,1778.96,825.68,Cash,Retail,Ava Chen,3,No,Manual review
ORD-104375,2025-04-13 00:00:00,CUST-1634,William Perez,william.perez375@example.com,Canada,Toronto,Software,CRM License,19,678.41,15.97,10831.29,6020.72,4810.57,PayPal,Partner,Ava Chen,4,No,Repeat order
ORD-104378,2026-03-08 00:00:00,CUST-4906,Patricia Jackson,patricia.jackson378@example.com,United Kingdom,Manchester,Office,Desk,14,407.17,0.17,5690.69,4215.29,1475.4,Cash,Online,Mia Wilson,5,No,Priority customer
ORD-104385,2024-02-09 00:00:00,CUST-1986,Karen Martinez,karen.martinez385@example.com,Canada,Toronto,Software,Security Suite,12,458.55,6.59,5139.98,3529.55,1610.43,Cash,Phone,Liam Smith,5,No,Manual review
ORD-104386,2025-08-24 00:00:00,CUST-5696,James Smith,james.smith386@example.com,Canada,Vancouver,Home,Vacuum,19,276.64,0.35,5237.76,3737.88,1499.88,Mastercard,Phone,Noah Brown,4,No,Priority customer
ORD-104388,2026-06-19 00:00:00,CUST-1163,Joseph Anderson,joseph.anderson388@example.com,United Kingdom,Manchester,Office,Desk,25,390.72,170.67,9144.8,5613.61,3531.19,Visa,Retail,Mia Wilson,4,No,Manual review
ORD-104390,2024-08-19 00:00:00,CUST-3801,Sarah Lee,sarah.lee390@example.com,Australia,Adelaide,Home,Vacuum,13,275.62,16.2,3002.6,2195.9,806.7,Bank Transfer,Online,Ethan Davis,2,Yes,Promo campaign
ORD-104391,2024-11-10 00:00:00,CUST-3147,Patricia Martinez,patricia.martinez391@example.com,United Kingdom,Manchester,Software,CRM License,13,667.42,1.61,8536.77,5677.4,2859.37,Bank Transfer,Online,Emma Clark,4,No,Promo campaign
ORD-104393,2024-02-23 00:00:00,CUST-4420,Matthew Thomas,matthew.thomas393@example.com,United Kingdom,Glasgow,Software,CRM License,24,743.92,15.25,15131.33,10684.99,4446.34,Mastercard,Partner,Ethan Davis,3,No,Manual review
ORD-104394,2026-06-29 00:00:00,CUST-3824,Matthew Thomas,matthew.thomas394@example.com,Canada,Ottawa,Home,Coffee Machine,1,178.85,15.78,150.63,113.47,37.16,Cash,Online,Lucas Martin,4,No,Promo campaign
ORD-104395,2025-04-20 00:00:00,CUST-3128,Elizabeth Miller,elizabeth.miller395@example.com,United States,Chicago,Electronics,Headphones,21,211.18,1.74,4357.61,2432.08,1925.53,Cash,Online,Lucas Martin,4,No,Manual review
ORD-104396,2025-08-07 00:00:00,CUST-2585,Karen Martin,karen.martin396@example.com,United Kingdom,Manchester,Electronics,Monitor,14,374.41,0.67,5206.62,3606.54,1600.08,Mastercard,Online,Emma Clark,4,No,Priority customer
ORD-104397,2025-12-16 00:00:00,CUST-6093,Michael Martin,michael.martin397@example.com,United States,Chicago,Software,Design Suite,2,505.09,26.28,744.7,407.75,336.95,Bank Transfer,Phone,Liam Smith,4,No,Manual review
ORD-104398,2026-01-11 00:00:00,CUST-1146,Patricia Smith,patricia.smith398@example.com,United States,New York,Software,Security Suite,2,435.75,6.68,813.28,504.11,309.17,Visa,Retail,Liam Smith,2,No,Priority customer
ORD-104399,2025-04-09 00:00:00,CUST-5082,Sarah Lee,sarah.lee399@example.com,United States,Chicago,Home,Coffee Machine,6,162.68,20.71,773.93,589.51,184.42,PayPal,Phone,Ava Chen,4,No,Priority customer
ORD-104400,2024-06-25 00:00:00,CUST-6374,Linda Jackson,linda.jackson400@example.com,Germany,Berlin,Electronics,Tablet,19,520.51,25.3,7387.6,4820.41,2567.19,Cash,Partner,Sophia Taylor,5,No,Repeat order
ORD-104402,2026-04-19 00:00:00,CUST-3518,James Taylor,james.taylor402@example.com,United Kingdom,Leeds,Software,Design Suite,6,617.91,20.94,2931.12,1984.33,946.79,Visa,Phone,Lucas Martin,2,No,Repeat order
ORD-104403,2024-05-04 00:00:00,CUST-5961,Sarah Jackson,sarah.jackson403@example.com,Germany,Cologne,Office,Printer,19,317.2,26.38,4436.93,3230.4,1206.53,PayPal,Partner,Liam Smith,5,No,Priority customer
ORD-104405,2025-08-13 00:00:00,CUST-2941,Karen Perez,karen.perez405@example.com,Germany,Munich,Electronics,Monitor,7,411.71,15.46,2436.42,1342.07,1094.35,Visa,Partner,Mia Wilson,2,No,Repeat order
ORD-104407,2025-04-07 00:00:00,CUST-6373,Susan Thompson,@domain.com,Canada,Montreal,Software,Cloud Plan,22,368.57,25.2,6065.19,4763.63,1301.56,PayPal,Retail,Ethan Davis,2,No,Promo campaign
ORD-104410,2026-01-25 00:00:00,CUST-3032,Sarah Martin,sarah.martin410@example.com,Canada,Ottawa,Office,Printer,1,355.58,11.11,316.08,221.7,94.38,Cash,Partner,Liam Smith,4,No,Priority customer
ORD-104413,2025-02-12 00:00:00,CUST-2516,Barbara Johnson,user@,Australia,Adelaide,Electronics,Laptop,2,1044.81,0.84,2072.07,1079.94,992.13,Visa,Online,Liam Smith,2,No,Manual review
ORD-104416,2026-05-29 00:00:00,CUST-2656,Nancy Davis,nancy.davis416@example.com,United Kingdom,Glasgow,Office,Chair,12,257.05,1.85,3027.53,2037.22,990.31,Bank Transfer,Online,Liam Smith,5,No,Manual review
ORD-104417,2025-11-26 00:00:00,CUST-6367,Jessica Martinez,jessica.martinez417@example.com,United Kingdom,London,Software,Cloud Plan,5,284.36,16.45,1187.91,801.1,386.81,Cash,Partner,Emma Clark,3,No,Manual review
ORD-104419,2024-08-20 00:00:00,CUST-4750,Daniel Martinez,daniel.martinez419@example.com,United Kingdom,Leeds,Electronics,Laptop,10,1287.12,0.97,12746.35,7353.16,5393.19,PayPal,Online,Liam Smith,4,No,Priority customer
ORD-104422,2025-08-16 00:00:00,CUST-6275,Lisa Perez,lisa.perez422@example.com,Germany,Hamburg,Office,Stationery Pack,5,50.39,16.59,210.15,163.33,46.82,Bank Transfer,Retail,Ava Chen,4,No,Promo campaign
ORD-104424,2025-07-13 00:00:00,CUST-2395,Barbara Martinez,barbara.martinez424@example.com,United Kingdom,Glasgow,Software,CRM License,15,625.25,15.58,7917.54,4569.76,3347.78,Mastercard,Retail,Ethan Davis,2,No,Priority customer
ORD-104427,2025-12-25 00:00:00,CUST-5117,William Anderson,william.anderson427@example.com,Germany,Frankfurt,Office,Chair,13,288.53,20.3,2989.46,1851.47,1137.99,PayPal,Online,Liam Smith,4,No,Priority customer
ORD-104428,2024-04-08 00:00:00,CUST-2009,Barbara Martin,barbara.martin428@example.com,Canada,Vancouver,Software,Design Suite,17,481.5,1.39,8071.72,4927.5,3144.22,PayPal,Retail,Ethan Davis,5,No,Repeat order
ORD-104429,2026-05-28 00:00:00,CUST-6398,Lisa Moore,lisa.moore429@example.com,Australia,Sydney,Electronics,Laptop,25,1098.56,0.49,27329.43,19619.95,7709.48,Bank Transfer,Partner,Liam Smith,5,No,Repeat order
ORD-104433,2024-12-09 00:00:00,CUST-5177,Robert Smith,robert.smith433@example.com,Canada,Vancouver,Home,Blender,1,110.33,1.75,108.4,65.61,42.79,PayPal,Phone,Mia Wilson,4,No,Priority customer
ORD-104434,2024-01-06 00:00:00,CUST-3891,Lisa Rodriguez,lisa.rodriguez434@example.com,United States,Chicago,Office,Desk,11,359.33,10.11,3553.02,2469.39,1083.63,Visa,Retail,Ethan Davis,5,No,Manual review
ORD-104437,2025-12-04 00:00:00,CUST-6402,Charles Martin,charles.martin437@example.com,Canada,Montreal,Home,Air Purifier,4,277.64,0.29,1107.34,715.5,391.84,Visa,Phone,Lucas Martin,5,Yes,Priority customer
ORD-104438,2025-01-14 00:00:00,CUST-5691,Matthew Taylor,matthew.taylor438@example.com,United Kingdom,Birmingham,Office,Desk,15,362.21,25.21,4063.45,3256.77,806.68,Cash,Retail,Mia Wilson,4,No,Repeat order
ORD-104442,2026-01-28 00:00:00,CUST-3370,David Martinez,david.martinez442@example.com,United States,Los Angeles,Electronics,Phone,23,765.44,0.34,17545.26,11649.7,5895.56,Cash,Online,Sophia Taylor,5,No,Promo campaign
ORD-104443,2024-02-23 00:00:00,CUST-5907,Daniel Lee,daniel.lee443@example.com,Canada,Vancouver,Office,Printer,6,267.17,25.79,1189.6,650.67,538.93,Bank Transfer,Phone,Mia Wilson,2,No,Repeat order
ORD-104444,2025-09-25 00:00:00,CUST-1874,Susan Thomas,susan.thomas444@example.com,United Kingdom,Manchester,Home,Blender,3,113.47,16.64,283.77,224.84,58.93,Bank Transfer,Retail,Liam Smith,4,No,Repeat order
ORD-104445,2025-08-21 00:00:00,CUST-3007,Sarah Garcia,sarah.garcia445@example.com,United States,Seattle,Home,Air Purifier,4,257.02,0.06,1027.46,740.51,286.95,PayPal,Phone,Lucas Martin,5,No,Repeat order
ORD-104449,2024-11-27 00:00:00,CUST-1058,Joseph Miller,joseph.miller449@example.com,Australia,Brisbane,Office,Desk,25,478.63,6.01,11246.61,7350.55,3896.06,Cash,Retail,Liam Smith,2,No,Promo campaign
ORD-104454,2025-08-02 00:00:00,CUST-6087,Elizabeth Jackson,elizabeth.jackson454@example.com,Canada,Ottawa,Electronics,Laptop,11,1088.15,0.98,11852.35,8060.0,3792.35,Mastercard,Partner,Mia Wilson,5,No,Manual review
ORD-104455,2024-01-18 00:00:00,CUST-2854,William Moore,william.moore455@example.com,Germany,Berlin,Software,Cloud Plan,11,332.31,0.57,3634.57,2172.24,1462.33,Mastercard,Retail,Liam Smith,4,No,Repeat order
ORD-104456,2026-03-15 00:00:00,CUST-5927,Daniel Perez,daniel.perez456@example.com,Australia,Brisbane,Office,Scanner,9,196.31,16.01,1483.93,817.43,666.5,Bank Transfer,Partner,Ethan Davis,5,No,Repeat order
ORD-104457,2024-09-29 00:00:00,CUST-1976,Robert Jackson,robert.jackson457@example.com,United States,Houston,Office,Desk,9,372.86,6.22,3147.01,1888.33,1258.68,Cash,Partner,Ava Chen,4,No,Manual review
ORD-104460,2024-08-20 00:00:00,CUST-5987,Jessica Williams,jessica.williams460@example.com,United Kingdom,Leeds,Software,Analytics Suite,24,801.53,25.66,14300.58,10840.8,3459.78,Bank Transfer,Phone,Ava Chen,4,No,Manual review
ORD-104462,2025-08-16 00:00:00,CUST-4974,James Johnson,james.johnson462@example.com,United States,New York,Home,Lamp,10,65.31,16.11,547.89,351.35,196.54,PayPal,Retail,Emma Clark,5,No,Repeat order
ORD-104465,2026-02-16 00:00:00,CUST-4338,Michael Davis,michael.davis465@example.com,Canada,Vancouver,Home,Lamp,21,60.94,16.09,1073.83,842.52,231.31,Bank Transfer,Online,Lucas Martin,5,No,Priority customer
ORD-104468,2024-09-26 00:00:00,CUST-5716,Mary Lee,mary.lee468@example.com,United States,Los Angeles,Electronics,Monitor,16,373.5,5.04,5674.81,3960.13,1714.68,Visa,Phone,Ethan Davis,4,No,Manual review
ORD-104470,2026-05-11 00:00:00,CUST-3322,Mary Martin,mary.martin470@example.com,Germany,Hamburg,Electronics,Headphones,1,192.0,16.59,160.15,86.87,73.28,Cash,Phone,Noah Brown,4,Yes,Priority customer
ORD-104471,2024-09-11 00:00:00,CUST-3931,Sarah Thomas,sarah.thomas471@example.com,Canada,Vancouver,Software,Security Suite,8,507.29,10.13,3647.21,2303.97,1343.24,Cash,Retail,Ava Chen,4,No,Repeat order
ORD-104472,2026-02-12 00:00:00,CUST-2306,Daniel Johnson,daniel.johnson472@example.com,Australia,Perth,Software,Security Suite,4,465.47,25.53,1386.54,904.45,482.09,Mastercard,Partner,Mia Wilson,5,No,Priority customer
ORD-104473,2024-09-29 00:00:00,CUST-4136,Elizabeth Moore,elizabeth.moore473@example.com,Germany,Cologne, Home ,Lamp,11,77.95,0.43,853.76,535.69,318.07,Cash,Online,Liam Smith,5,No,Priority customer
ORD-104476,2024-05-02 00:00:00,CUST-6027,Mary Thomas,mary.thomas476@example.com,Australia,Adelaide,Office,Scanner,23,248.31,26.29,4209.67,2266.92,1942.75,Cash,Phone,Ava Chen,3,No,Manual review
ORD-104477,2025-05-14 00:00:00,CUST-2348,Nancy Williams,nancy.williams477@example.com,Canada,Calgary,Office,Printer,21,272.48,16.7,4766.49,2965.69,1800.8,PayPal,Retail,Emma Clark,4,No,Promo campaign
ORD-104481,2025-09-03 00:00:00,CUST-6116,Charles Jones,charles.jones481@example.com,Australia,Perth,Electronics,Headphones,5,161.84,5.92,761.3,565.22,196.08,Bank Transfer,Retail,Lucas Martin,4,No,Repeat order
ORD-104483,2025-09-15 00:00:00,CUST-1206,Lisa Martin,lisa.martin483@example.com,Canada,Toronto,Electronics,Tablet,9,668.42,0.5,-5985.7,4353.05,-10338.75,Mastercard,Online,Noah Brown,5,No,Promo campaign
ORD-104486,2024-06-30 00:00:00,CUST-4680,Robert Smith,robert.smith486@example.com,Canada,Montreal,Office,Desk,5,493.93,6.52,2308.63,1568.8,739.83,Cash,Online,Lucas Martin,5,No,Manual review
ORD-104487,2026-06-22 00:00:00,CUST-2111,Anthony Martinez,anthony.martinez487@example.com,United Kingdom,Leeds,Office,Printer,22,320.64,15.54,5957.88,3486.44,2471.44,Mastercard,Phone,Lucas Martin,3,No,Manual review
ORD-104489,2026-01-11 00:00:00,CUST-1931,William Jones,william.jones489@example.com,Australia,Brisbane,Office,Scanner,22,222.7,1.29,4836.2,3629.07,1207.13,Mastercard,Online,Emma Clark,5,No,Manual review
ORD-104490,2026-06-09 00:00:00,CUST-4557,Nancy Thompson,nancy.thompson490@example.com,United Kingdom,Birmingham,Electronics,Laptop,6,1343.4,1.41,7946.75,6224.83,1721.92,Bank Transfer,Phone,Sophia Taylor,3,No,Promo campaign
ORD-104491,2026-07-17 00:00:00,CUST-1480,James Wilson,james.wilson491@example.com,Canada,Toronto,Office,Scanner,7,232.95,6.04,1532.16,881.03,651.13,Visa,Online,Ava Chen,4,No,Manual review
ORD-104494,2024-06-28 00:00:00,CUST-1420,Barbara Davis,barbara.davis494@example.com,Germany,Frankfurt,Electronics,Headphones,16,209.49,0.63,3330.72,2034.33,1296.39,PayPal,Retail,Noah Brown,4,No,Promo campaign
ORD-104496,2024-02-10 00:00:00,CUST-1553,Thomas Rodriguez,thomas.rodriguez496@example.com,United States,Los Angeles,Electronics,Headphones,1,153.86,10.45,137.78,112.38,25.4,Bank Transfer,Online,Emma Clark,2,No,Priority customer
ORD-104498,2024-09-13 00:00:00,CUST-2449,Jessica Martinez,jessica.martinez498@example.com,Australia,Brisbane,Electronics,Headphones,25,201.12,1.5,4952.58,3967.96,984.62,Cash,Online,Sophia Taylor,3,No,Priority customer
ORD-104500,2024-08-27 00:00:00,CUST-6184,Thomas Brown,thomas.brown500@example.com,Canada,Vancouver,Office,Scanner,4,245.7,6.71,916.85,515.97,400.88,PayPal,Online,Liam Smith,5,No,Promo campaign
ORD-104503,2026-01-01 00:00:00,CUST-6068,Daniel Jackson,daniel.jackson503@example.com,Canada,Ottawa,Software,Analytics Suite,17,887.83,10.44,13517.39,7831.99,5685.4,Cash,Partner,Noah Brown,5,No,Repeat order
ORD-104504,2024-09-10 00:00:00,CUST-1926,Thomas Johnson,thomas.johnson504@example.com,United Kingdom,Glasgow,Software,Analytics Suite,12,814.52,16.76,8136.08,4302.38,3833.7,PayPal,Retail,Sophia Taylor,4,No,Promo campaign
ORD-104505,2024-03-18 00:00:00,CUST-4686,Michael Williams,michael.williams505@example.com,United States,Chicago,Office,Desk,10,457.24,16.32,3826.18,3111.09,715.09,PayPal,Retail,Liam Smith,4,No,Promo campaign
ORD-104506,2024-11-04 00:00:00,CUST-2526,Susan Jones,susan.jones506@example.com,Australia,Adelaide,Software,Analytics Suite,4,853.67,25.36,2548.72,1822.53,726.19,PayPal,Phone,Lucas Martin,2,No,Repeat order
ORD-104507,2026-07-17 00:00:00,CUST-2307,Nancy Rodriguez,nancy.rodriguez507@example.com,Canada,Toronto,Electronics,Tablet,1,616.6,0.97,610.62,439.68,170.94,PayPal,Partner,Lucas Martin,3,No,Manual review
ORD-104509,2024-11-12 00:00:00,CUST-6236,Joseph Lee,joseph.lee509@example.com,Canada,Toronto,Office,Scanner,4,201.94,0.18,806.31,603.57,202.74,Mastercard,Phone,Liam Smith,2,No,Priority customer
ORD-104510,2026-02-18 00:00:00,CUST-3878,Richard Thomas,richard.thomas510@example.com,Australia,Perth,Office,Chair,18,281.31,26.24,3734.9,2566.85,1168.05,Cash,Partner,Sophia Taylor,5,No,Promo campaign
ORD-104511,2024-07-03 00:00:00,CUST-4883,Mary Taylor,mary.taylor511@example.com,Germany,Hamburg,Home,Blender,19,122.95,15.36,1977.23,1552.34,424.89,PayPal,Online,Ava Chen,3,No,Promo campaign
ORD-104513,2025-02-19 00:00:00,CUST-2622,Mary Martin,mary.martin513@example.com,United States,Los Angeles,Home,Vacuum,20,273.0,5.13,5179.9,3143.39,2036.51,Cash,Phone,Emma Clark,5,No,Manual review
ORD-104517,2026-01-06 00:00:00,CUST-3648,Matthew Garcia,matthew.garcia517@example.com,Germany,Berlin,Software,CRM License,6,606.03,0.11,3632.18,2864.31,767.87,PayPal,Partner,Ava Chen,4,No,Priority customer
ORD-104518,2026-05-30 00:00:00,CUST-4248,Matthew Martin,matthew.martin518@example.com,Germany,Frankfurt,Electronics,Monitor,18,303.9,0.78,5427.53,3488.97,1938.56,Cash,Retail,Ava Chen,2,No,Repeat order
ORD-104519,2024-09-29 00:00:00,CUST-2491,Mary Davis,mary.davis519@example.com,Germany,Frankfurt,Home,Air Purifier,14,267.79,25.77,2782.93,1514.13,1268.8,Cash,Retail,Mia Wilson,4,No,Manual review
ORD-104520,2024-03-23 00:00:00,CUST-2581,William Davis,william.davis520@example.com,Australia,Brisbane,Software,CRM License,10,589.41,1.45,5808.64,3040.48,2768.16,Cash,Partner,Ethan Davis,3,No,Manual review
ORD-104521,2025-10-19 00:00:00,CUST-1736,Patricia Thomas,patricia.thomas521@example.com,Australia,Sydney,Electronics,Phone,17,794.13,16.84,11226.77,8530.85,2695.92,Cash,Phone,Noah Brown,4,No,Promo campaign
ORD-104523,2024-10-15 00:00:00,CUST-5872,Nancy Martin,nancy.martin523@example.com,United States,New York,Electronics,Phone,9,809.39,10.43,6524.74,5183.97,1340.77,Cash,Retail,Ava Chen,5,No,Promo campaign
ORD-104524,2024-07-02 00:00:00,CUST-2203,Richard Martin,richard.martin524@example.com,Australia,Melbourne,Software,Design Suite,17,571.42,1.79,9540.26,5155.01,4385.25,Bank Transfer,Partner,Liam Smith,2,No,Priority customer
ORD-104527,2025-08-20 00:00:00,CUST-2467,William Lee,william.lee527@example.com,United States,Houston,Electronics,Headphones,19,186.06,10.64,3159.0,2387.02,771.98,Mastercard,Phone,Noah Brown,5,No,Promo campaign
ORD-104529,2026-06-19 00:00:00,CUST-3002,Richard Davis,richard.davis529@example.com,Germany,Hamburg,Electronics,Tablet,1,683.85,26.87,500.1,269.31,230.79,Mastercard,Phone,Mia Wilson,5,No,Manual review
ORD-104530,2024-11-26 00:00:00,CUST-5713,James Perez,james.perez530@example.com,Australia,Adelaide,Office,Chair,3,265.68,6.34,746.51,505.44,241.07,Visa,Partner,Lucas Martin,4,No,Priority customer
ORD-104532,2024-11-16 00:00:00,CUST-3377,Karen Jackson,karen.jackson532@example.com,United States,Chicago,Software,CRM License,15,699.1,0.91,10391.07,7692.63,2698.44,PayPal,Online,Emma Clark,5,No,Priority customer
ORD-104533,2026-04-09 00:00:00,CUST-6161,Thomas Thomas,thomas.thomas533@example.com,Germany,Berlin,Home,Lamp,16,81.07,1.56,1276.88,686.05,590.83,Mastercard,Partner,Emma Clark,5,No,Repeat order
ORD-104534,2025-01-20 00:00:00,CUST-5830,John Davis,john.davis534@example.com,Germany,Munich,Electronics,Laptop,16,1041.79,16.16,13974.99,8497.93,5477.06,Bank Transfer,Online,Ethan Davis,5,No,Priority customer
ORD-104536,2026-04-19 00:00:00,CUST-1699,Barbara Martinez,barbara.martinez536@example.com,United Kingdom,Manchester,Electronics,Monitor,5,399.41,11.44,1768.59,1303.36,465.23,Bank Transfer,Phone,Sophia Taylor,3,No,Repeat order
ORD-104539,2024-05-11 00:00:00,CUST-1411,Michael Smith,michael.smith539@example.com,Germany,Berlin,Software,Analytics Suite,23,883.24,25.86,15061.19,8398.49,6662.7,PayPal,Partner,Liam Smith,5,No,Promo campaign
ORD-104540,2026-05-29 00:00:00,CUST-6156,Robert Johnson,robert.johnson540@example.com,Canada,Vancouver,Software,Design Suite,19,591.05,11.14,9978.93,7025.7,2953.23,Visa,Online,Noah Brown,5,No,Manual review
ORD-104547,2025-07-04 00:00:00,CUST-1868,Thomas Jones,thomas.jones547@example.com,Germany,Frankfurt,Electronics,Tablet,5,549.05,16.94,2280.2,1567.78,712.42,PayPal,Online,Mia Wilson,5,No,Repeat order
ORD-104548,2024-10-02 00:00:00,CUST-2810,Jennifer Martin,jennifer.martin548@example.com,Canada,Toronto,Electronics,Laptop,6,1103.22,26.71,4851.3,3737.32,1113.98,Visa,Retail,Ethan Davis,5,No,Promo campaign
ORD-104549,2024-02-11 00:00:00,CUST-4033,Barbara Williams,barbara.williams549@example.com,australia,Vancouver,Office,Chair,17,273.36,26.36,3422.14,2521.46,900.68,Bank Transfer,Partner,Ethan Davis,3,No,Manual review
ORD-104551,2024-01-30 00:00:00,CUST-2653,Jessica Brown,jessica.brown551@example.com,United Kingdom,Manchester,Home,Vacuum,4,310.43,0.68,1233.28,875.03,358.25,Mastercard,Partner,Lucas Martin,2,No,Manual review
ORD-104552,2024-03-25 00:00:00,CUST-5527,Joseph Johnson,joseph.johnson552@example.com,United Kingdom,Birmingham,Office,Desk,20,416.38,1.46,8206.02,5367.04,2838.98,Bank Transfer,Phone,Mia Wilson,2,No,Priority customer
ORD-104553,2025-04-26 00:00:00,CUST-5913,Susan Garcia,susan.garcia553@example.com,Canada,Toronto,Home,Blender,5,125.82,26.36,463.27,292.42,170.85,PayPal,Phone,Lucas Martin,4,No,Promo campaign
ORD-104557,2024-01-21 00:00:00,CUST-2101,James Jackson,james.jackson557@example.com,United States,New York,Electronics,Tablet,7,701.78,0.17,4904.11,3672.58,1231.53,Bank Transfer,Retail,Sophia Taylor,5,No,Priority customer
ORD-104559,2024-06-23 00:00:00,CUST-2942,Thomas Jones,thomas.jones559@example.com,United States,Seattle,Electronics,Headphones,11,179.61,1.32,1949.63,1137.32,812.31,Cash,Online,Lucas Martin,3,No,Promo campaign
ORD-104560,2025-12-09 00:00:00,CUST-6140,David Smith,david.smith560@example.com,United States,Chicago,Home,Air Purifier,25,217.99,21.03,4303.67,2813.92,1489.75,Visa,Online,Lucas Martin,4,No,Manual review
ORD-104561,2026-05-15 00:00:00,CUST-2409,Jessica Jones,jessica.jones561@example.com,Germany,Cologne,Office,Desk,12,399.29,5.94,4506.87,3505.42,1001.45,Cash,Retail,Liam Smith,4,No,Priority customer
ORD-104562,2025-12-01 00:00:00,CUST-1624,Elizabeth Davis,elizabeth.davis562@example.com,Australia,Perth,Home,Blender,2,95.69,21.04,151.11,81.95,69.16,Bank Transfer,Online,Noah Brown,2,No,Promo campaign
ORD-104563,2024-06-05 00:00:00,CUST-2936,John Garcia,john.garcia563@example.com,United States,New York,Office,Printer,18,364.02,11.57,5794.25,3866.69,1927.56,Cash,Phone,Ethan Davis,4,No,Promo campaign
ORD-104566,2024-03-04 00:00:00,CUST-1648,Nancy Martinez,nancy.martinez566@example.com,United Kingdom,Leeds,Software,CRM License,23,726.94,10.4,14980.78,7848.87,7131.91,Mastercard,Phone,Liam Smith,4,No,Manual review
ORD-104569,2024-11-03 00:00:00,CUST-5254,Barbara Martinez,barbara.martinez569@example.com,Germany,Munich,Home,Air Purifier,12,260.72,15.91,2630.87,1708.62,922.25,PayPal,Partner,Ava Chen,2,No,Promo campaign
ORD-104571,2024-01-18 00:00:00,CUST-1867,Mary Perez,mary.perez571@example.com,United Kingdom,Manchester,Home,Vacuum,1,322.46,6.44,301.69,226.05,75.64,Mastercard,Online,Liam Smith,3,No,Priority customer
ORD-104572,2024-07-24 00:00:00,CUST-3259,Linda Davis,linda.davis572@example.com,Germany,Cologne,Software,Design Suite,10,585.4,20.83,4634.61,2972.5,1662.11,Cash,Online,Sophia Taylor,4,No,Manual review
ORD-104574,2025-09-22 00:00:00,CUST-6000,William Taylor,william.taylor574@example.com,Germany,Hamburg,Home,Coffee Machine,21,165.65,0.03,3477.61,2270.56,1207.05,Visa,Partner,Mia Wilson,2,No,Priority customer
ORD-104576,2024-10-02 00:00:00,CUST-1897,Elizabeth Rodriguez,elizabeth.rodriguez576@example.com,Germany,Frankfurt,Electronics,Monitor,21,354.52,5.65,7024.28,3783.02,3241.26,Bank Transfer,Retail,Liam Smith,4,No,Priority customer
ORD-104577,2024-11-29 00:00:00,CUST-1192,Barbara Johnson,barbara.johnson577@example.com,Australia,Perth,Office,Desk,11,383.28,1.37,4158.32,2180.83,1977.49,Bank Transfer,Phone,Ethan Davis,3,No,Manual review
ORD-104578,2024-08-28 00:00:00,CUST-4953,Joseph Thompson,joseph.thompson578@example.com,Germany,Cologne,Electronics,Phone,22,899.6,1.76,342731.69,48463.77,294267.92,PayPal,Online,Mia Wilson,2,No,Manual review
ORD-104579,2024-09-17 00:00:00,CUST-1934,Robert Williams,robert.williams579@example.com,Canada,Toronto,Home,Air Purifier,19,229.59,25.14,3265.55,1762.14,1503.41,Visa,Retail,Ava Chen,5,No,Priority customer
ORD-104580,2026-06-11 00:00:00,CUST-5823,Charles Brown,charles.brown580@example.com,Germany,Hamburg,Office,Scanner,3,191.14,25.06,429.72,349.7,80.02,Bank Transfer,Phone,Ava Chen,4,No,Repeat order
ORD-104581,2025-12-31 00:00:00,CUST-6270,Karen Brown,karen.brown581@example.com,United States,Houston,Electronics,Tablet,16,558.04,0.8,-8857.21,6344.29,-15201.5,Bank Transfer,Online,Ava Chen,5,No,Repeat order
ORD-104582,2025-03-01 00:00:00,CUST-4753,Charles Martinez,charles.martinez582@example.com,Australia,Perth,Software,Analytics Suite,3,1061.57,15.74,2683.44,1928.74,754.7,Bank Transfer,Phone,Emma Clark,2,No,Promo campaign
ORD-104583,2025-10-15 00:00:00,CUST-3594,Elizabeth Brown,elizabeth.brown583@example.com,Australia,Perth,Software,Design Suite,3,491.97,15.41,1248.47,656.99,591.48,Mastercard,Partner,Noah Brown,5,No,Repeat order
ORD-104594,2026-05-03 00:00:00,CUST-5216,Lisa Miller,lisa.miller594@example.com,Germany,Cologne,Home,Vacuum,12,284.47,11.75,3012.54,2120.49,892.05,Bank Transfer,Online,Noah Brown,3,No,Repeat order
ORD-104596,2024-09-02 00:00:00,CUST-4316,Susan Wilson,susan.wilson596@example.com,Australia,Melbourne,Office,Desk,3,415.37,15.89,1048.1,734.63,313.47,PayPal,Phone,Noah Brown,5,No,Manual review
ORD-104597,2024-09-14 00:00:00,CUST-1836,Barbara Taylor,barbara.taylor597@example.com,Germany,Hamburg,Office,Desk,23,380.8,15.42,7407.85,4566.11,2841.74,PayPal,Retail,Ava Chen,3,No,Manual review
ORD-104600,2026-04-22 00:00:00,CUST-1700,Barbara Perez,barbara.perez600@example.com,United Kingdom,London,Home,Lamp,19,75.54,25.3,1072.14,654.41,417.73,Mastercard,Phone,Liam Smith,4,No,Manual review
ORD-104602,2024-02-04 00:00:00,CUST-1715,Robert Jones,robert.jones602@example.com,Australia,Melbourne,Office,Scanner,20,218.52,25.91,3238.03,2331.13,906.9,Mastercard,Online,Sophia Taylor,5,No,Priority customer
ORD-104606,2024-03-03 00:00:00,CUST-5683,Thomas Taylor,thomas.taylor606@example.com,United Kingdom,Manchester,Electronics,Phone,7,811.17,11.04,5051.32,3029.1,2022.22,PayPal,Online,Ethan Davis,4,No,Priority customer
ORD-104609,2025-01-19 00:00:00,CUST-1597,Nancy Thomas,nancy.thomas609@example.com,United Kingdom,London,home,Air Purifier,14,254.72,25.47,2657.8,1533.33,1124.47,Visa,Phone,Noah Brown,5,No,Promo campaign
ORD-104611,2026-02-27 00:00:00,CUST-1394,David Smith,david.smith611@example.com,United Kingdom,Glasgow,Office,Scanner,23,224.86,0.66,5137.65,2771.77,2365.88,Mastercard,Partner,Sophia Taylor,5,No,Manual review
ORD-104612,2024-07-13 00:00:00,CUST-2461,Robert Taylor,robert.taylor612@example.com,Canada,Montreal,Software,Design Suite,22,644.59,6.92,13199.66,10792.01,2407.65,Mastercard,Retail,Mia Wilson,5,No,Manual review
ORD-104615,2024-12-10 00:00:00,CUST-4011,William Lee,william.lee615@example.com,United Kingdom,Birmingham,Office,Scanner,1908,253.05,1.28,3247.54,2485.9,761.64,Cash,Partner,Ethan Davis,4,No,Priority customer
ORD-104620,2025-11-13 00:00:00,CUST-1096,Jessica Anderson,jessica.anderson620@example.com,United Kingdom,Glasgow,Home,Vacuum,11,285.33,10.54,37750.02,6976.21,30773.81,Mastercard,Retail,Noah Brown,5,No,Repeat order
ORD-104621,2026-04-29 00:00:00,CUST-5276,Lisa Anderson,lisa.anderson621@example.com,Germany,Cologne,Software,Cloud Plan,17,281.01,21.41,3754.38,2348.3,1406.08,Cash,Online,Ethan Davis,2,No,Priority customer
ORD-104622,2025-11-18 00:00:00,CUST-4488,Susan Thompson,susan.thompson622@example.com,Germany,Berlin,Home,Lamp,9,72.31,0.12,650.01,480.43,169.58,Cash,Online,Ava Chen,4,No,Priority customer
ORD-104629,2026-03-28 00:00:00,CUST-2430,Linda Thomas,linda.thomas629@example.com,Germany,Hamburg,Home,Vacuum,15,240.04,6.89,3352.52,2047.46,1305.06,Mastercard,Partner,Sophia Taylor,2,No,Promo campaign
ORD-104631,2024-02-15 00:00:00,CUST-6093,Barbara Martin,barbara.martin631@example.com,Germany,Frankfurt,Electronics,Monitor,20,373.17,0.27,7443.25,4231.24,3212.01,Mastercard,Online,Liam Smith,3,No,Repeat order
ORD-104632,2025-01-20 00:00:00,CUST-1977,David Wilson,david.wilson632@example.com,United States,Houston,Electronics,Tablet,5,612.23,0.98,3031.15,1692.52,1338.63,Mastercard,Partner,Noah Brown,5,No,Priority customer
ORD-104635,2025-10-04 00:00:00,CUST-2775,Matthew Perez,matthew.perez635@example.com,Australia,Sydney,Software,CRM License,4642,701.42,10.78,8761.3,5588.78,3172.52,Mastercard,Phone,Lucas Martin,4,No,Promo campaign
ORD-104639,2025-09-16 00:00:00,CUST-1125,John Garcia,john.garcia639@example.com,United Kingdom,Manchester,Office,Desk,24,403.01,0.06,9666.44,7192.43,2474.01,PayPal,Retail,Lucas Martin,5,No,Promo campaign
ORD-104641,2025-02-18 00:00:00,CUST-3639,Robert Smith,robert.smith641@example.com,Australia,Melbourne,Office,Scanner,24,230.91,15.74,4669.55,3226.24,1443.31,Mastercard,Online,Liam Smith,5,No,Manual review
ORD-104642,2024-08-05 00:00:00,CUST-5952,Lisa Lee,lisa.lee642@example.com,Australia,Sydney,Office,Stationery Pack,4,51.1,16.95,169.75,137.35,32.4,Visa,Retail,Ava Chen,5,No,Promo campaign
ORD-104650,2024-08-20 00:00:00,CUST-6060,Daniel Miller,daniel.miller650@example.com,Australia,Melbourne,Office,Printer,10,315.99,5.87,2974.41,1686.41,1288.0,Bank Transfer,Phone,Liam Smith,4,No,Manual review
ORD-104652,2024-02-20 00:00:00,CUST-5569,Matthew Williams,matthew.williams652@example.com,Germany,Hamburg,Electronics,Tablet,19,605.52,0.33,11466.91,9207.53,2259.38,Cash,Online,Emma Clark,2,No,Repeat order
ORD-104654,2025-05-29 00:00:00,CUST-1494,Jessica Rodriguez,jessica.rodriguez654@example.com,UK,Frankfurt,Electronics,Phone,13,885.68,0.9,11410.22,8641.79,2768.43,Bank Transfer,Retail,Ethan Davis,4,No,Priority customer
ORD-104655,2025-10-14 00:00:00,CUST-5134,Karen Taylor,karen.taylor655@example.com,Germany,Berlin,Electronics,Laptop,6,1105.59,5.89,6242.82,4616.03,1626.79,Visa,Partner,Ethan Davis,5,Yes,Priority customer
ORD-104656,2024-08-03 00:00:00,CUST-6467,Charles Williams,charles.williams656@example.com,Germany,Hamburg,Office,Chair,11,274.13,0.12,3011.81,2004.95,1006.86,Visa,Partner,Emma Clark,2,No,Manual review
ORD-104658,2025-01-16 00:00:00,CUST-5361,David Miller,david.miller658@example.com,United Kingdom,Birmingham,Office,Chair,14,252.76,6.86,3295.89,2187.44,1108.45,PayPal,Online,Noah Brown,4,No,Manual review
ORD-104659,2026-05-01 00:00:00,CUST-4320,Elizabeth Garcia,elizabeth.garcia659@example.com,United Kingdom,Glasgow,Electronics,Monitor,25,357.11,20.23,7121.67,5018.22,2103.45,PayPal,Partner,Ethan Davis,5,No,Manual review
ORD-104662,2026-06-05 00:00:00,CUST-1183,Anthony Jackson,anthony.jackson662@example.com,Australia,Brisbane,Home,Lamp,24,60.34,0.55,19305.68,3537.08,15768.6,Mastercard,Phone,Lucas Martin,5,No,Promo campaign
ORD-104663,2024-09-16 00:00:00,CUST-2385,Charles Brown,charles.brown663@example.com,Germany,Munich,Home,Air Purifier,1,226.22,1.44,222.96,131.0,91.96,Visa,Online,Sophia Taylor,4,No,Repeat order
ORD-104665,2024-05-11 00:00:00,CUST-5956,Jennifer Moore,jennifer.moore665@example.com,United Kingdom,London,Home,Vacuum,23,268.72,0.87,6126.79,4415.15,1711.64,Bank Transfer,Phone,Noah Brown,3,No,Promo campaign
ORD-104666,2025-10-02 00:00:00,CUST-5125,Anthony Thomas,anthony.thomas666@example.com,Germany,Munich,Home,Blender,14,96.67,10.79,1207.35,826.15,381.2,Mastercard,Online,Emma Clark,5,No,Manual review
ORD-104668,2026-03-22 00:00:00,CUST-2194,Jessica Thomas,jessica.thomas668@example.com,United States,New York,Software,Security Suite,17,424.57,20.92,5707.75,3354.66,2353.09,Visa,Retail,Emma Clark,4,No,Manual review
ORD-104671,2026-01-13 00:00:00,CUST-2471,Mary Thompson,mary.thompson671@example.com,Canada,Ottawa,Software,Analytics Suite,5,838.88,16.7,3493.94,2713.3,780.64,Mastercard,Online,Mia Wilson,4,No,Priority customer
ORD-104672,2025-12-26 00:00:00,CUST-2990,Sarah Jackson,sarah.jackson672@example.com,Germany,Frankfurt,Office,Chair,11,269.74,20.1,2370.74,1643.02,727.72,Cash,Partner,Emma Clark,5,No,Repeat order
ORD-104673,2025-09-02 00:00:00,CUST-3098,Thomas Thompson,thomas.thompson673@example.com,United States,Chicago,Home,Coffee Machine,5,207.69,1.54,1022.46,794.99,227.47,Visa,Partner,Sophia Taylor,3,No,Repeat order
ORD-104674,2026-05-09 00:00:00,CUST-4155,James Brown,james.brown674@example.com,Canada,Toronto,Home,Air Purifier,17,250.35,15.11,3612.88,2149.44,1463.44,Mastercard,Retail,Lucas Martin,2,No,Priority customer
ORD-104675,2025-01-08 00:00:00,CUST-2130,Sarah Garcia,sarah.garcia675@example.com,Canada,Vancouver,Software,Security Suite,23,410.97,16.14,7926.71,4717.28,3209.43,Visa,Partner,Emma Clark,4,No,Repeat order
ORD-104677,2024-01-23 00:00:00,CUST-3706,Lisa Anderson,lisa.anderson677@example.com,United States,Los Angeles,Software,CRM License,5,726.03,25.22,2714.63,2128.25,586.38,Mastercard,Online,Lucas Martin,4,No,Promo campaign
ORD-104680,2026-04-14 00:00:00,CUST-6271,Jennifer Jackson,jennifer.jackson680@example.com,Canada,Toronto,Office,Scanner,3,244.94,5.3,695.87,467.43,228.44,Bank Transfer,Partner,Noah Brown,5,No,Manual review
ORD-104681,2025-08-29 00:00:00,CUST-5028,Sarah Jackson,sarah.jackson681@example.com,United Kingdom,Manchester,Software,Security Suite,8,477.32,26.84,2793.66,2109.5,684.16,PayPal,Retail,Sophia Taylor,4,No,Priority customer
ORD-104683,2024-04-25 00:00:00,CUST-1084,Joseph Anderson,joseph.anderson683@example.com,United Kingdom,Glasgow,Electronics,Monitor,20,370.5,1.52,7297.37,5349.99,1947.38,Visa,Online,Emma Clark,4,No,Promo campaign
ORD-104684,2025-01-26 00:00:00,CUST-4486,James Anderson,james.anderson684@example.com,Germany,Hamburg,Software,CRM License,7,658.35,1.74,4528.26,3475.45,1052.81,Cash,Partner,Liam Smith,4,No,Promo campaign
ORD-104687,2024-06-19 00:00:00,CUST-3437,Jessica Lee,jessica.lee687@example.com,Germany,Munich,Home,Air Purifier,13,258.37,156.14,3346.38,2282.82,1063.56,Visa,Retail,Emma Clark,4,No,Manual review
ORD-104688,2024-03-24 00:00:00,CUST-6287,Elizabeth Johnson,elizabeth.johnson688@example.com,Canada,Montreal,Software,CRM License,18,665.33,0.51,11914.86,7235.61,4679.25,Bank Transfer,Online,Emma Clark,4,No,Manual review
ORD-104689,2024-02-01 00:00:00,CUST-1318,Robert Jackson,robert.jackson689@example.com,United Kingdom,Glasgow,Software,Design Suite,9,640.27,1.48,5677.15,3561.79,2115.36,Cash,Partner,Mia Wilson,5,No,Priority customer
ORD-104690,2025-03-23 00:00:00,CUST-1069,Lisa Smith,lisa.smith690@example.com,Canada,Montreal,Home,Air Purifier,9,260.59,0.35,2337.1,1363.92,973.18,Bank Transfer,Partner,Mia Wilson,4,No,Repeat order
ORD-104692,2024-07-27 00:00:00,CUST-2753,Susan Rodriguez,susan.rodriguez692@example.com,Germany,Berlin,Home,Vacuum,23,254.96,10.97,5220.79,3181.65,2039.14,Visa,Retail,Ethan Davis,5,No,Promo campaign
ORD-104695,2025-03-02 00:00:00,CUST-5620,Robert Martin,robert.martin695@example.com,Canada,Ottawa,Home,Coffee Machine,16,205.01,10.62,2931.81,1552.01,1379.8,PayPal,Retail,Sophia Taylor,3,No,Priority customer
ORD-104697,2024-08-11 00:00:00,CUST-2666,Karen Wilson,karen.wilson697@example.com,Germany,Hamburg,Electronics,Headphones,21,194.05,25.51,3035.5,1901.41,1134.09,PayPal,Phone,Emma Clark,2,No,Priority customer
ORD-104698,2026-02-01 00:00:00,CUST-1039,Michael Taylor,michael.taylor698@example.com,United Kingdom,London,Home,Vacuum,6,254.93,15.85,1287.14,1036.75,250.39,Cash,Partner,Ethan Davis,5,No,Promo campaign
ORD-104699,2024-05-08 00:00:00,CUST-1850,Sarah Johnson,not-an-email,United States,Seattle,Office,Chair,19,264.05,10.39,4495.69,2970.87,1524.82,Visa,Retail,Liam Smith,5,No,Promo campaign
ORD-104700,2024-04-10 00:00:00,CUST-5488,Jessica Wilson,jessica.wilson700@example.com,United States,New York,Software,Analytics Suite,22,770.35,21.58,13290.39,10155.07,3135.32,Mastercard,Online,Ethan Davis,3,No,Manual review
ORD-104702,2025-03-05 00:00:00,CUST-4431,Elizabeth Thomas,elizabeth.thomas702@example.com,Germany,Frankfurt,Electronics,Monitor,24,398.24,1.62,9402.92,5914.63,3488.29,Cash,Partner,Sophia Taylor,4,No,Manual review
ORD-104703,2025-07-04 00:00:00,CUST-5912,John Lee,john.lee703@example.com,Australia,Sydney,Office,Printer,13,289.13,0.9,3724.86,2538.86,1186.0,Cash,Online,Emma Clark,2,No,Priority customer
ORD-104704,2025-10-12 00:00:00,CUST-1052,Linda Smith,linda.smith704@example.com,Germany,Cologne,Office,Stationery Pack,6,52.03,0.36,311.06,175.33,135.73,Mastercard,Online,Sophia Taylor,4,No,Promo campaign
ORD-104706,2024-10-24 00:00:00,CUST-5736,Karen Moore,karen.moore706@example.com,Canada,Vancouver,Office,Desk,7,411.76,26.8,64943.16,4044.63,60898.53,Cash,Phone,Ava Chen,4,No,Manual review
ORD-104707,2024-10-16 00:00:00,CUST-1985,Thomas Rodriguez,thomas.rodriguez707@example.com,United Kingdom,Birmingham,Software,Cloud Plan,22,321.23,21.35,5558.24,3088.04,2470.2,Mastercard,Online,Noah Brown,4,No,Promo campaign
ORD-104708,2025-01-19 00:00:00,CUST-6393,Linda Perez,linda.perez708@example.com,United Kingdom,Leeds,Electronics,Laptop,2,1159.56,20.88,1834.89,1152.81,682.08,Bank Transfer,Retail,Lucas Martin,5,No,Repeat order
ORD-104709,2025-01-04 00:00:00,CUST-1087,Nancy Johnson,nancy.johnson709@example.com,Australia,Sydney,Software,Analytics Suite,9,923.66,1.24,8209.86,6677.62,1532.24,PayPal,Phone,Mia Wilson,4,No,Promo campaign
ORD-104710,2024-07-27 00:00:00,CUST-4908,Richard Miller,richard.miller710@example.com,Australia,Brisbane,Software,Analytics Suite,22,870.92,25.3,14312.7,11114.23,3198.47,Visa,Online,Ethan Davis,4,No,Promo campaign
ORD-104711,2026-07-05 00:00:00,CUST-6410,Sarah Martin,sarah.martin711@example.com,United Kingdom,Birmingham,Office,Desk,22,462.72,0.58,10120.8,6440.51,3680.29,Visa,Online,Mia Wilson,4,Yes,Priority customer
ORD-104712,2025-12-22 00:00:00,CUST-2200,Joseph Garcia,joseph.garcia712@example.com,Canada,Vancouver,Office,Stationery Pack,15,43.42,10.72,581.48,441.27,140.21,Cash,Retail,Ethan Davis,5,No,Promo campaign
ORD-104714,2026-04-22 00:00:00,CUST-3296,Joseph Garcia,joseph.garcia714@example.com,Germany,Cologne,Home,Air Purifier,3,277.79,16.31,697.45,410.87,286.58,PayPal,Retail,Ethan Davis,5,No,Manual review
ORD-104715,2024-12-21 00:00:00,CUST-5872,Thomas Anderson,thomas.anderson715@example.com,United States,New York,Home,Lamp,4,61.28,0.12,244.83,180.29,64.54,Bank Transfer,Partner,Noah Brown,4,No,Promo campaign
ORD-104716,2025-09-09 00:00:00,CUST-2739,Linda Rodriguez,linda.rodriguez716@example.com,Australia,Melbourne,Office,Printer,6,305.84,1.02,1816.32,1344.39,471.93,Bank Transfer,Partner,Liam Smith,5,No,Promo campaign
ORD-104718,2025-01-24 00:00:00,CUST-4082,Jessica Moore,jessica.moore718@example.com,Germany,Hamburg,Electronics,Phone,1,736.48,0.74,731.03,492.47,238.56,Mastercard,Phone,Ava Chen,4,No,Manual review
ORD-104720,2024-04-04 00:00:00,CUST-5449,Michael Smith,michael.smith720@example.com,United States,Houston,Electronics,Monitor,3,322.5,5.29,916.32,637.52,278.8,Bank Transfer,Retail,Lucas Martin,4,No,Manual review
ORD-104723,2025-04-27 00:00:00,CUST-3493,James Miller,james.miller723@example.com,Australia,Brisbane,Software,Security Suite,10,515.37,1.59,5071.76,2767.02,2304.74,Bank Transfer,Retail,Mia Wilson,5,No,Repeat order
ORD-104726,2024-12-16 00:00:00,CUST-1283,Daniel Smith,daniel.smith726@example.com,Canada,Ottawa,Office,Desk,23,469.79,1.19,10676.59,8467.88,2208.71,Mastercard,Partner,Liam Smith,4,No,Repeat order
ORD-104728,2024-04-25 00:00:00,CUST-5383,James Martin,james.martin728@example.com,Canada,Ottawa,Electronics,Phone,24,771.51,0.19,18481.06,10218.47,8262.59,Mastercard,Phone,Ethan Davis,2,No,Repeat order
ORD-104730,2024-08-30 00:00:00,CUST-2700,William Wilson,william.wilson730@example.com,United Kingdom,London,Office,Desk,14,466.92,0.97,6473.47,4764.39,1709.08,PayPal,Partner,Emma Clark,5,No,Manual review
ORD-104733,2024-07-14 00:00:00,CUST-2220,Nancy Garcia,nancy.garcia733@example.com,United States,Seattle,Office,Chair,2,278.1,26.65,407.97,232.03,175.94,Cash,Retail,Liam Smith,2,No,Manual review
ORD-104734,2026-07-13 00:00:00,CUST-6429,Sarah Lee,sarah.lee734@example.com,Australia,Perth,Home,Air Purifier,2,236.26,6.76,440.58,247.38,193.2,Mastercard,Phone,Lucas Martin,3,No,Repeat order
ORD-104736,2026-01-30 00:00:00,CUST-3726,John Davis,john.davis736@example.com,United States,New York,Electronics,Monitor,22,305.29,5.06,6376.53,3469.27,2907.26,Cash,Online,Liam Smith,4,No,Manual review
ORD-104738,2024-10-28 00:00:00,CUST-6308,Joseph Wilson,joseph.wilson738@example.com,Canada,Montreal,Software,CRM License,19,568.01,1.56,10623.83,8672.91,1950.92,Cash,Online,Ethan Davis,2,No,Priority customer
ORD-104739,2025-03-31 00:00:00,CUST-3145,Robert Martinez,robert.martinez739@example.com,Australia,Adelaide,Software,Security Suite,1,432.03,25.4,322.29,221.12,101.17,PayPal,Partner,Sophia Taylor,5,No,Priority customer
ORD-104741,2024-12-31 00:00:00,CUST-6008,Susan Martin,susan.martin741@example.com,United States,Houston,Office,Desk,2,397.05,1.61,781.31,588.25,193.06,Visa,Partner,Liam Smith,5,No,Repeat order
ORD-104744,2026-07-20 00:00:00,CUST-3778,Jessica Jones,jessica.jones744@example.com,United States,Los Angeles,Home,Blender,21,129.57,11.77,2400.71,1448.68,952.03,Visa,Retail,Emma Clark,0,No,Repeat order
ORD-104745,2026-02-22 00:00:00,CUST-2256,Joseph Johnson,joseph.johnson745@example.com,United Kingdom,Birmingham,Home,Blender,1,95.15,26.48,69.95,54.55,15.4,Cash,Partner,Ethan Davis,4,Yes,Repeat order
ORD-104747,2025-04-13 00:00:00,CUST-5270,Thomas Thomas,thomas.thomas747@example.com,Australia,Perth,Office,Scanner,21,207.81,20.11,3486.41,2351.05,1135.36,Bank Transfer,Retail,Liam Smith,3,No,Manual review
ORD-104749,2025-04-06 00:00:00,CUST-4616,Richard Davis,richard.davis749@example.com,Australia,Brisbane,Software,Analytics Suite,15,1046.64,6.11,14740.35,10033.65,4706.7,Mastercard,Phone,Ava Chen,4,No,Manual review
